#
# A fatal error has been detected by the Java Runtime Environment:
#
#  SIGSEGV (0xb) at pc=0x00007439e89779d0, pid=97072, tid=97073
#
# JRE version: OpenJDK Runtime Environment Temurin-25.0.3+9 (25.0.3+9) (build 25.0.3+9-LTS)
# Java VM: OpenJDK 64-Bit Server VM Temurin-25.0.3+9 (25.0.3+9-LTS, mixed mode, tiered, compressed oops, compressed class ptrs, g1 gc, linux-amd64)
# Problematic frame:
# C  [libgtk-3.so.0+0x3779d0]  gtk_widget_realize+0x40
#
# Core dump will be written. Default location: Determined by the following: "/usr/share/apport/apport -p%p -s%s -c%c -d%d -P%P -u%u -g%g -F%F -- %E" (alternatively, falling back to /mnt/SSD_SEC/GIT/TCC/core.97072)
#
# If you would like to submit a bug report, please visit:
#   https://github.com/adoptium/adoptium-support/issues
# The crash happened outside the Java Virtual Machine in native code.
# See problematic frame for where to report the bug.
#

---------------  S U M M A R Y ------------

Command Line: -XX:+IgnoreUnrecognizedVMOptions -Dosgi.requiredJavaVersion=21 -Dfile.encoding=UTF-8 --enable-native-access=ALL-UNNAMED --add-modules=ALL-DEFAULT --add-opens=java.base/java.io=ALL-UNNAMED --add-opens=java.base/java.lang=ALL-UNNAMED --add-opens=java.base/java.lang.reflect=ALL-UNNAMED --add-opens=java.base/java.net=ALL-UNNAMED --add-opens=java.base/java.nio=ALL-UNNAMED --add-opens=java.base/java.nio.charset=ALL-UNNAMED --add-opens=java.base/java.text=ALL-UNNAMED --add-opens=java.base/java.time=ALL-UNNAMED --add-opens=java.base/java.util=ALL-UNNAMED --add-opens=java.base/java.util.concurrent=ALL-UNNAMED --add-opens=java.base/java.util.concurrent.atomic=ALL-UNNAMED --add-opens=java.base/jdk.internal.vm=ALL-UNNAMED --add-opens=java.base/jdk.internal.misc=ALL-UNNAMED --add-opens=java.base/sun.nio.ch=ALL-UNNAMED --add-opens=java.base/sun.nio.fs=ALL-UNNAMED --add-opens=java.base/sun.security.ssl=ALL-UNNAMED --add-opens=java.base/sun.security.util=ALL-UNNAMED --add-opens=java.security.jgss/sun.security.jgss=ALL-UNNAMED --add-opens=java.security.jgss/sun.security.krb5=ALL-UNNAMED --add-opens=java.desktop/java.awt=ALL-UNNAMED --add-opens=java.desktop/java.awt.peer=ALL-UNNAMED --add-opens=java.sql/java.sql=ALL-UNNAMED -Xms64m -Xmx1024m -Ddbeaver.distribution.type=deb -Duser.home=/home/gustaa/snap/dbeaver-ce/543 /snap/dbeaver-ce/543/usr/share/dbeaver-ce//plugins/org.jkiss.dbeaver.launcher_1.0.59.202608181400.jar -os linux -ws gtk -arch x86_64 -showsplash -launcher /snap/dbeaver-ce/543/usr/share/dbeaver-ce/dbeaver -name Dbeaver --launcher.library /snap/dbeaver-ce/543/usr/share/dbeaver-ce//plugins/org.eclipse.equinox.launcher.gtk.linux.x86_64_1.2.1500.v20250801-0854/eclipse_11916.so -startup /snap/dbeaver-ce/543/usr/share/dbeaver-ce//plugins/org.jkiss.dbeaver.launcher_1.0.59.202608181400.jar --launcher.overrideVmargs -exitdata 20007 -vm /snap/dbeaver-ce/543/usr/share/dbeaver-ce/jre/bin/java -vmargs -XX:+IgnoreUnrecognizedVMOptions -Dosgi.requiredJavaVersion=21 -Dfile.encoding=UTF-8 --enable-native-access=ALL-UNNAMED --add-modules=ALL-DEFAULT --add-opens=java.base/java.io=ALL-UNNAMED --add-opens=java.base/java.lang=ALL-UNNAMED --add-opens=java.base/java.lang.reflect=ALL-UNNAMED --add-opens=java.base/java.net=ALL-UNNAMED --add-opens=java.base/java.nio=ALL-UNNAMED --add-opens=java.base/java.nio.charset=ALL-UNNAMED --add-opens=java.base/java.text=ALL-UNNAMED --add-opens=java.base/java.time=ALL-UNNAMED --add-opens=java.base/java.util=ALL-UNNAMED --add-opens=java.base/java.util.concurrent=ALL-UNNAMED --add-opens=java.base/java.util.concurrent.atomic=ALL-UNNAMED --add-opens=java.base/jdk.internal.vm=ALL-UNNAMED --add-opens=java.base/jdk.internal.misc=ALL-UNNAMED --add-opens=java.base/sun.nio.ch=ALL-UNNAMED --add-opens=java.base/sun.nio.fs=ALL-UNNAMED --add-opens=java.base/sun.security.ssl=ALL-UNNAMED --add-opens=java.base/sun.security.util=ALL-UNNAMED --add-opens=java.security.jgss/sun.security.jgss=ALL-UNNAMED --add-opens=java.security.jgss/sun.security.krb5=ALL-UNNAMED --add-opens=java.desktop/java.awt=ALL-UNNAMED --add-opens=java.desktop/java.awt.peer=ALL-UNNAMED --add-opens=java.sql/java.sql=ALL-UNNAMED -Xms64m -Xmx1024m -Ddbeaver.distribution.type=deb -jar /snap/dbeaver-ce/543/usr/share/dbeaver-ce//plugins/org.jkiss.dbeaver.launcher_1.0.59.202608181400.jar

Host: AMD Ryzen 5 1600 Six-Core Processor, 12 cores, 15G, Ubuntu 26.04 LTS
Time: Sat Aug 29 20:41:44 2026 -03 elapsed time: 9.068275 seconds (0d 0h 0m 9s)

---------------  T H R E A D  ---------------

Current thread (0x0000743a0c02e530):  JavaThread "main"             [_thread_in_native, id=97073, stack(0x0000743a134ee000,0x0000743a135ee000) (1024K)]

Stack: [0x0000743a134ee000,0x0000743a135ee000],  sp=0x0000743a135eac40,  free space=1011k
Native frames: (J=compiled Java code, j=interpreted, Vv=VM code, C=native code)
C  [libgtk-3.so.0+0x3779d0]  gtk_widget_realize+0x40
C  [libswt-pi3-gtk-4973r12.so+0x49e30]  Java_org_eclipse_swt_internal_gtk_GTK_gtk_1widget_1realize+0xc
j  org.eclipse.swt.widgets.Shell.createHandle(I)V+620
j  org.eclipse.swt.widgets.Widget.createWidget(I)V+2
j  org.eclipse.swt.widgets.Control.createWidget(I)V+22
j  org.eclipse.swt.widgets.Scrollable.createWidget(I)V+2
j  org.eclipse.swt.widgets.Decorations.createWidget(I)V+2
j  org.eclipse.swt.widgets.Shell.<init>(Lorg/eclipse/swt/widgets/Display;Lorg/eclipse/swt/widgets/Shell;IJZ)V+167
j  org.eclipse.swt.widgets.Shell.internal_new(Lorg/eclipse/swt/widgets/Display;J)Lorg/eclipse/swt/widgets/Shell;+10
j  org.eclipse.ui.internal.WorkbenchPlugin.getSplashShell(Lorg/eclipse/swt/widgets/Display;)Lorg/eclipse/swt/widgets/Shell;+64
j  org.jkiss.dbeaver.ui.app.standalone.ApplicationWorkbenchWindowAdvisor.runWithSplashHidden(Ljava/lang/Runnable;)V+3
j  org.jkiss.dbeaver.ui.app.standalone.ApplicationWorkbenchWindowAdvisor.showProductConfigDialog()V+22
j  org.jkiss.dbeaver.ui.app.standalone.ApplicationWorkbenchWindowAdvisor.preWindowOpen()V+9
j  org.eclipse.ui.internal.WorkbenchWindow.fireWindowOpening()V+4
j  org.eclipse.ui.internal.WorkbenchWindow.setup()V+419
j  java.lang.invoke.LambdaForm$DMH+0x000000002a089800.invokeVirtual(Ljava/lang/Object;Ljava/lang/Object;)V+10 java.base@25.0.3
j  java.lang.invoke.LambdaForm$MH+0x000000002a384000.invoke(Ljava/lang/Object;Ljava/lang/Object;)Ljava/lang/Object;+31 java.base@25.0.3
J 1106 c1 jdk.internal.reflect.DirectMethodHandleAccessor.invoke(Ljava/lang/Object;[Ljava/lang/Object;)Ljava/lang/Object; java.base@25.0.3 (92 bytes) @ 0x00007439f8fe53ac [0x00007439f8fe4180+0x000000000000122c]
J 1104 c1 java.lang.reflect.Method.invoke(Ljava/lang/Object;[Ljava/lang/Object;)Ljava/lang/Object; java.base@25.0.3 (108 bytes) @ 0x00007439f8fe3f24 [0x00007439f8fe3980+0x00000000000005a4]
j  org.eclipse.e4.core.internal.di.MethodRequestor.execute()Ljava/lang/Object;+77
j  org.eclipse.e4.core.internal.di.InjectorImpl.processAnnotated(Lorg/eclipse/e4/core/internal/di/AnnotationLookup$AnnotationProxy;Ljava/lang/Object;Ljava/lang/Class;Lorg/eclipse/e4/core/di/suppliers/PrimaryObjectSupplier;Lorg/eclipse/e4/core/di/suppliers/PrimaryObjectSupplier;Ljava/util/List;)V+190
j  org.eclipse.e4.core.internal.di.InjectorImpl.internalInject(Ljava/lang/Object;Lorg/eclipse/e4/core/di/suppliers/PrimaryObjectSupplier;Lorg/eclipse/e4/core/di/suppliers/PrimaryObjectSupplier;)V+175
j  org.eclipse.e4.core.internal.di.InjectorImpl.inject(Ljava/lang/Object;Lorg/eclipse/e4/core/di/suppliers/PrimaryObjectSupplier;)V+4
j  org.eclipse.e4.core.contexts.ContextInjectionFactory.inject(Ljava/lang/Object;Lorg/eclipse/e4/core/contexts/IEclipseContext;)V+13
j  org.eclipse.ui.internal.Workbench.createWorkbenchWindow(Lorg/eclipse/core/runtime/IAdaptable;Lorg/eclipse/ui/IPerspectiveDescriptor;Lorg/eclipse/e4/ui/model/application/ui/basic/MWindow;Z)Lorg/eclipse/ui/IWorkbenchWindow;+180
j  org.eclipse.ui.internal.Workbench.getActiveWorkbenchWindow()Lorg/eclipse/ui/IWorkbenchWindow;+179
j  org.jkiss.dbeaver.ui.app.standalone.ApplicationWorkbenchAdvisor.resetPerspectiveIfNeeded()V+3
j  org.jkiss.dbeaver.ui.app.standalone.ApplicationWorkbenchAdvisor.postStartup()V+17
j  org.eclipse.ui.internal.Workbench.lambda$19()V+4
j  org.eclipse.ui.internal.Workbench$$Lambda+0x000000002a62f5d8.run()V+4
j  org.eclipse.e4.ui.internal.workbench.swt.PartRenderingEngine$5.run()V+432
j  org.eclipse.core.databinding.observable.Realm.runWithDefault(Lorg/eclipse/core/databinding/observable/Realm;Ljava/lang/Runnable;)V+12
j  org.eclipse.e4.ui.internal.workbench.swt.PartRenderingEngine.run(Lorg/eclipse/e4/ui/model/application/MApplicationElement;Lorg/eclipse/e4/core/contexts/IEclipseContext;)Ljava/lang/Object;+57
j  org.eclipse.e4.ui.internal.workbench.E4Workbench.createAndRunUI(Lorg/eclipse/e4/ui/model/application/MApplicationElement;)V+20
j  org.eclipse.ui.internal.Workbench.lambda$3(Lorg/eclipse/swt/widgets/Display;Lorg/eclipse/ui/application/WorkbenchAdvisor;[I)V+352
j  org.eclipse.ui.internal.Workbench$$Lambda+0x000000002a49e458.run()V+12
j  org.eclipse.core.databinding.observable.Realm.runWithDefault(Lorg/eclipse/core/databinding/observable/Realm;Ljava/lang/Runnable;)V+12
j  org.eclipse.ui.internal.Workbench.createAndRunWorkbench(Lorg/eclipse/swt/widgets/Display;Lorg/eclipse/ui/application/WorkbenchAdvisor;)I+16
j  org.eclipse.ui.PlatformUI.createAndRunWorkbench(Lorg/eclipse/swt/widgets/Display;Lorg/eclipse/ui/application/WorkbenchAdvisor;)I+2
j  org.jkiss.dbeaver.ui.app.standalone.DBeaverApplication.start(Lorg/eclipse/equinox/app/IApplicationContext;)Ljava/lang/Object;+772
j  org.eclipse.equinox.internal.app.EclipseAppHandle.run(Ljava/lang/Object;)Ljava/lang/Object;+138
j  org.eclipse.core.runtime.internal.adaptor.EclipseAppLauncher.runApplication(Ljava/lang/Object;)Ljava/lang/Object;+85
j  org.eclipse.core.runtime.internal.adaptor.EclipseAppLauncher.start(Ljava/lang/Object;)Ljava/lang/Object;+79
j  org.eclipse.core.runtime.adaptor.EclipseStarter.run(Ljava/lang/Object;)Ljava/lang/Object;+99
j  org.eclipse.core.runtime.adaptor.EclipseStarter.run([Ljava/lang/String;Ljava/lang/Runnable;)Ljava/lang/Object;+132
J 475 c1 java.lang.invoke.DirectMethodHandle$Holder.invokeStatic(Ljava/lang/Object;Ljava/lang/Object;Ljava/lang/Object;)Ljava/lang/Object; java.base@25.0.3 (15 bytes) @ 0x00007439f8f19294 [0x00007439f8f19000+0x0000000000000294]
j  java.lang.invoke.LambdaForm$MH+0x000000002a146800.invoke(Ljava/lang/Object;Ljava/lang/Object;Ljava/lang/Object;Ljava/lang/Object;)Ljava/lang/Object;+54 java.base@25.0.3
j  java.lang.invoke.LambdaForm$MH+0x000000002a146c00.invokeExact_MT(Ljava/lang/Object;Ljava/lang/Object;Ljava/lang/Object;Ljava/lang/Object;Ljava/lang/Object;)Ljava/lang/Object;+22 java.base@25.0.3
j  jdk.internal.reflect.DirectMethodHandleAccessor.invokeImpl(Ljava/lang/Object;[Ljava/lang/Object;)Ljava/lang/Object;+72 java.base@25.0.3
j  jdk.internal.reflect.DirectMethodHandleAccessor.invoke(Ljava/lang/Object;[Ljava/lang/Object;)Ljava/lang/Object;+23 java.base@25.0.3
j  java.lang.reflect.Method.invoke(Ljava/lang/Object;[Ljava/lang/Object;)Ljava/lang/Object;+102 java.base@25.0.3
j  org.jkiss.dbeaver.launcher.DBeaverLauncher.invokeFramework([Ljava/lang/String;[Ljava/net/URL;)V+205
j  org.jkiss.dbeaver.launcher.DBeaverLauncher.basicRun([Ljava/lang/String;)V+481
j  org.jkiss.dbeaver.launcher.DBeaverLauncher.run([Ljava/lang/String;)I+57
j  org.jkiss.dbeaver.launcher.DBeaverLauncher.main([Ljava/lang/String;)V+10
v  ~StubRoutines::call_stub 0x0000743a003cffa6
V  [libjvm.so+0xa23840]  JavaCalls::call_helper(JavaValue*, methodHandle const&, JavaCallArguments*, JavaThread*)+0x2b0
V  [libjvm.so+0xaedd96]  jni_invoke_static(JNIEnv_*, JavaValue*, _jobject*, JNICallType, _jmethodID*, JNI_ArgumentPusher*, JavaThread*) [clone .constprop.1]+0x396
V  [libjvm.so+0xaf0c51]  jni_CallStaticVoidMethod+0x161
C  [libjli.so+0xa77a]  invokeStaticMainWithArgs+0x4a
C  [libjli.so+0xb800]  JavaMain+0xeb0
C  [libjli.so+0xed89]  ThreadJavaMain+0x9
C  [libc.so.6+0xa407a]
Java frames: (J=compiled Java code, j=interpreted, Vv=VM code)
J 6918  org.eclipse.swt.internal.gtk.GTK.gtk_widget_realize(J)V (0 bytes) @ 0x0000743a00acf6c9 [0x0000743a00acf680+0x0000000000000049]
j  org.eclipse.swt.widgets.Shell.createHandle(I)V+620
j  org.eclipse.swt.widgets.Widget.createWidget(I)V+2
j  org.eclipse.swt.widgets.Control.createWidget(I)V+22
j  org.eclipse.swt.widgets.Scrollable.createWidget(I)V+2
j  org.eclipse.swt.widgets.Decorations.createWidget(I)V+2
j  org.eclipse.swt.widgets.Shell.<init>(Lorg/eclipse/swt/widgets/Display;Lorg/eclipse/swt/widgets/Shell;IJZ)V+167
j  org.eclipse.swt.widgets.Shell.internal_new(Lorg/eclipse/swt/widgets/Display;J)Lorg/eclipse/swt/widgets/Shell;+10
j  org.eclipse.ui.internal.WorkbenchPlugin.getSplashShell(Lorg/eclipse/swt/widgets/Display;)Lorg/eclipse/swt/widgets/Shell;+64
j  org.jkiss.dbeaver.ui.app.standalone.ApplicationWorkbenchWindowAdvisor.runWithSplashHidden(Ljava/lang/Runnable;)V+3
j  org.jkiss.dbeaver.ui.app.standalone.ApplicationWorkbenchWindowAdvisor.showProductConfigDialog()V+22
j  org.jkiss.dbeaver.ui.app.standalone.ApplicationWorkbenchWindowAdvisor.preWindowOpen()V+9
j  org.eclipse.ui.internal.WorkbenchWindow.fireWindowOpening()V+4
j  org.eclipse.ui.internal.WorkbenchWindow.setup()V+419
j  java.lang.invoke.LambdaForm$DMH+0x000000002a089800.invokeVirtual(Ljava/lang/Object;Ljava/lang/Object;)V+10 java.base@25.0.3
j  java.lang.invoke.LambdaForm$MH+0x000000002a384000.invoke(Ljava/lang/Object;Ljava/lang/Object;)Ljava/lang/Object;+31 java.base@25.0.3
J 1106 c1 jdk.internal.reflect.DirectMethodHandleAccessor.invoke(Ljava/lang/Object;[Ljava/lang/Object;)Ljava/lang/Object; java.base@25.0.3 (92 bytes) @ 0x00007439f8fe53ac [0x00007439f8fe4180+0x000000000000122c]
J 1104 c1 java.lang.reflect.Method.invoke(Ljava/lang/Object;[Ljava/lang/Object;)Ljava/lang/Object; java.base@25.0.3 (108 bytes) @ 0x00007439f8fe3f24 [0x00007439f8fe3980+0x00000000000005a4]
j  org.eclipse.e4.core.internal.di.MethodRequestor.execute()Ljava/lang/Object;+77
j  org.eclipse.e4.core.internal.di.InjectorImpl.processAnnotated(Lorg/eclipse/e4/core/internal/di/AnnotationLookup$AnnotationProxy;Ljava/lang/Object;Ljava/lang/Class;Lorg/eclipse/e4/core/di/suppliers/PrimaryObjectSupplier;Lorg/eclipse/e4/core/di/suppliers/PrimaryObjectSupplier;Ljava/util/List;)V+190
j  org.eclipse.e4.core.internal.di.InjectorImpl.internalInject(Ljava/lang/Object;Lorg/eclipse/e4/core/di/suppliers/PrimaryObjectSupplier;Lorg/eclipse/e4/core/di/suppliers/PrimaryObjectSupplier;)V+175
j  org.eclipse.e4.core.internal.di.InjectorImpl.inject(Ljava/lang/Object;Lorg/eclipse/e4/core/di/suppliers/PrimaryObjectSupplier;)V+4
j  org.eclipse.e4.core.contexts.ContextInjectionFactory.inject(Ljava/lang/Object;Lorg/eclipse/e4/core/contexts/IEclipseContext;)V+13
j  org.eclipse.ui.internal.Workbench.createWorkbenchWindow(Lorg/eclipse/core/runtime/IAdaptable;Lorg/eclipse/ui/IPerspectiveDescriptor;Lorg/eclipse/e4/ui/model/application/ui/basic/MWindow;Z)Lorg/eclipse/ui/IWorkbenchWindow;+180
j  org.eclipse.ui.internal.Workbench.getActiveWorkbenchWindow()Lorg/eclipse/ui/IWorkbenchWindow;+179
j  org.jkiss.dbeaver.ui.app.standalone.ApplicationWorkbenchAdvisor.resetPerspectiveIfNeeded()V+3
j  org.jkiss.dbeaver.ui.app.standalone.ApplicationWorkbenchAdvisor.postStartup()V+17
j  org.eclipse.ui.internal.Workbench.lambda$19()V+4
j  org.eclipse.ui.internal.Workbench$$Lambda+0x000000002a62f5d8.run()V+4
j  org.eclipse.e4.ui.internal.workbench.swt.PartRenderingEngine$5.run()V+432
j  org.eclipse.core.databinding.observable.Realm.runWithDefault(Lorg/eclipse/core/databinding/observable/Realm;Ljava/lang/Runnable;)V+12
j  org.eclipse.e4.ui.internal.workbench.swt.PartRenderingEngine.run(Lorg/eclipse/e4/ui/model/application/MApplicationElement;Lorg/eclipse/e4/core/contexts/IEclipseContext;)Ljava/lang/Object;+57
j  org.eclipse.e4.ui.internal.workbench.E4Workbench.createAndRunUI(Lorg/eclipse/e4/ui/model/application/MApplicationElement;)V+20
j  org.eclipse.ui.internal.Workbench.lambda$3(Lorg/eclipse/swt/widgets/Display;Lorg/eclipse/ui/application/WorkbenchAdvisor;[I)V+352
j  org.eclipse.ui.internal.Workbench$$Lambda+0x000000002a49e458.run()V+12
j  org.eclipse.core.databinding.observable.Realm.runWithDefault(Lorg/eclipse/core/databinding/observable/Realm;Ljava/lang/Runnable;)V+12
j  org.eclipse.ui.internal.Workbench.createAndRunWorkbench(Lorg/eclipse/swt/widgets/Display;Lorg/eclipse/ui/application/WorkbenchAdvisor;)I+16
j  org.eclipse.ui.PlatformUI.createAndRunWorkbench(Lorg/eclipse/swt/widgets/Display;Lorg/eclipse/ui/application/WorkbenchAdvisor;)I+2
j  org.jkiss.dbeaver.ui.app.standalone.DBeaverApplication.start(Lorg/eclipse/equinox/app/IApplicationContext;)Ljava/lang/Object;+772
j  org.eclipse.equinox.internal.app.EclipseAppHandle.run(Ljava/lang/Object;)Ljava/lang/Object;+138
j  org.eclipse.core.runtime.internal.adaptor.EclipseAppLauncher.runApplication(Ljava/lang/Object;)Ljava/lang/Object;+85
j  org.eclipse.core.runtime.internal.adaptor.EclipseAppLauncher.start(Ljava/lang/Object;)Ljava/lang/Object;+79
j  org.eclipse.core.runtime.adaptor.EclipseStarter.run(Ljava/lang/Object;)Ljava/lang/Object;+99
j  org.eclipse.core.runtime.adaptor.EclipseStarter.run([Ljava/lang/String;Ljava/lang/Runnable;)Ljava/lang/Object;+132
J 475 c1 java.lang.invoke.DirectMethodHandle$Holder.invokeStatic(Ljava/lang/Object;Ljava/lang/Object;Ljava/lang/Object;)Ljava/lang/Object; java.base@25.0.3 (15 bytes) @ 0x00007439f8f19294 [0x00007439f8f19000+0x0000000000000294]
j  java.lang.invoke.LambdaForm$MH+0x000000002a146800.invoke(Ljava/lang/Object;Ljava/lang/Object;Ljava/lang/Object;Ljava/lang/Object;)Ljava/lang/Object;+54 java.base@25.0.3
j  java.lang.invoke.LambdaForm$MH+0x000000002a146c00.invokeExact_MT(Ljava/lang/Object;Ljava/lang/Object;Ljava/lang/Object;Ljava/lang/Object;Ljava/lang/Object;)Ljava/lang/Object;+22 java.base@25.0.3
j  jdk.internal.reflect.DirectMethodHandleAccessor.invokeImpl(Ljava/lang/Object;[Ljava/lang/Object;)Ljava/lang/Object;+72 java.base@25.0.3
j  jdk.internal.reflect.DirectMethodHandleAccessor.invoke(Ljava/lang/Object;[Ljava/lang/Object;)Ljava/lang/Object;+23 java.base@25.0.3
j  java.lang.reflect.Method.invoke(Ljava/lang/Object;[Ljava/lang/Object;)Ljava/lang/Object;+102 java.base@25.0.3
j  org.jkiss.dbeaver.launcher.DBeaverLauncher.invokeFramework([Ljava/lang/String;[Ljava/net/URL;)V+205
j  org.jkiss.dbeaver.launcher.DBeaverLauncher.basicRun([Ljava/lang/String;)V+481
j  org.jkiss.dbeaver.launcher.DBeaverLauncher.run([Ljava/lang/String;)I+57
j  org.jkiss.dbeaver.launcher.DBeaverLauncher.main([Ljava/lang/String;)V+10
v  ~StubRoutines::call_stub 0x0000743a003cffa6

siginfo: si_signo: 11 (SIGSEGV), si_code: 128 (SI_KERNEL), si_addr: 0x0000000000000000

Registers:
RAX=0x0000743a0c44ed70, RBX=0x0000743a0c5898d0, RCX=0xfffffffffffffff5, RDX=0x0000000000000000
RSP=0x0000743a135eac40, RBP=0x0000743a135eace0, RSI=0x0000743a0c44ed70, RDI=0x0000743a0c5898d0
R8 =0x0000000000000014, R9 =0x0000743a0cb24110, R10=0x0000743a00acf6c9, R11=0x0000743a00acf690
R12=0x000f000e00010400, R13=0x0000743a135ead50, R14=0x0000743a135ead30, R15=0x0000743a0c02e530
RIP=0x00007439e89779d0, EFLAGS=0x0000000000010206, CSGSFS=0x002b000000000033, ERR=0x0000000000000000
  TRAPNO=0x000000000000000d

XMM[0]=0x0000000000000000 0x0000000000000000
XMM[1]=0x0000743a135eab50 0x0000743a135eab58
XMM[2]=0x0000000000000000 0x0000743a135eab50
XMM[3]=0x0000000000000000 0x0000000000000000
XMM[4]=0x0000000000000000 0x0000000000000000
XMM[5]=0x0000000000000000 0x0000000000000000
XMM[6]=0x0000000000000000 0x0000743a0c000038
XMM[7]=0x0000000000000014 0x0000743a0c3fcae0
XMM[8]=0x2f676e616c2f6176 0x616a120001120010
XMM[9]=0x262825ab262825ab 0x262825ab33196936
XMM[10]=0x0000000000000000 0x000000000cf1438b
XMM[11]=0xf73533c5f73533c5 0xf73533c52a4e9cfb
XMM[12]=0x0000000000000000 0x0000000033196936
XMM[13]=0x0000000000000000 0x00000000733e1653
XMM[14]=0x0000000000000000 0xa8c24779fb3e2a5a
XMM[15]=0x0000000000000000 0x0000000000000000
  MXCSR=0x00001fa2


Register to memory mapping:

RAX=0x0000743a0c44ed70 points into unknown readable memory: 0x0000000000000000 | 00 00 00 00 00 00 00 00
RBX=0x0000743a0c5898d0 points into unknown readable memory: 0x000f000e00010400 | 00 04 01 00 0e 00 0f 00
RCX=0xfffffffffffffff5 is an unknown value
RDX=0x0 is null
RSP=0x0000743a135eac40 is pointing into the stack for thread: 0x0000743a0c02e530
RBP=0x0000743a135eace0 is pointing into the stack for thread: 0x0000743a0c02e530
RSI=0x0000743a0c44ed70 points into unknown readable memory: 0x0000000000000000 | 00 00 00 00 00 00 00 00
RDI=0x0000743a0c5898d0 points into unknown readable memory: 0x000f000e00010400 | 00 04 01 00 0e 00 0f 00
R8 =0x0000000000000014 is an unknown value
R9 =0x0000743a0cb24110 points into unknown readable memory: 0x0000743a0c44fda0 | a0 fd 44 0c 3a 74 00 00
R10=0x0000743a00acf6c9 is at entry_point+73 in (nmethod*)0x0000743a00acf588
Compiled method (n/a) 9339 6918     n 0       org.eclipse.swt.internal.gtk.GTK::gtk_widget_realize (native)
 total in heap  [0x0000743a00acf588,0x0000743a00acf7e0] = 600
 main code      [0x0000743a00acf680,0x0000743a00acf7d7] = 343
 stub code      [0x0000743a00acf7d7,0x0000743a00acf7d8] = 1
 oops           [0x0000743a00acf7d8,0x0000743a00acf7e0] = 8
 mutable data [0x0000743a0c4c89c0,0x0000743a0c4c89e0] = 32
 relocation     [0x0000743a0c4c89c0,0x0000743a0c4c89e0] = 32
0x0000743a00acf6af:   48 8b d6 49 be c0 f1 c6 c0 00 00 00 00 4c 89 74
0x0000743a00acf6bf:   24 30 4c 8d 74 24 30 49 8b f6 c5 f8 77 
R11=0x0000743a00acf690 is at entry_point+16 in (nmethod*)0x0000743a00acf588
Compiled method (n/a) 9339 6918     n 0       org.eclipse.swt.internal.gtk.GTK::gtk_widget_realize (native)
 total in heap  [0x0000743a00acf588,0x0000743a00acf7e0] = 600
 main code      [0x0000743a00acf680,0x0000743a00acf7d7] = 343
 stub code      [0x0000743a00acf7d7,0x0000743a00acf7d8] = 1
 oops           [0x0000743a00acf7d8,0x0000743a00acf7e0] = 8
 mutable data [0x0000743a0c4c89c0,0x0000743a0c4c89e0] = 32
 relocation     [0x0000743a0c4c89c0,0x0000743a0c4c89e0] = 32
0x0000743a00acf690:   89 84 24 00 c0 fe ff 55 48 8b ec 48 83 ec 40 90
0x0000743a00acf6a0:   41 81 7f 20 07 00 00 00 74 05 
R12=0x000f000e00010400 is an unknown value
R13=0x0000743a135ead50 is pointing into the stack for thread: 0x0000743a0c02e530
R14=0x0000743a135ead30 is pointing into the stack for thread: 0x0000743a0c02e530
R15=0x0000743a0c02e530 is a thread

Top of Stack: (sp=0x0000743a135eac40)
0x0000743a135eac40:   0000000000000046 0000000000000001   F...............
0x0000743a135eac50:   0000000000000000 0000743a135eac80   ..........^.:t..
0x0000743a135eac60:   0000743a135ead08 0000743a003d7426   ..^.:t..&t=.:t..
0x0000743a135eac70:   00000000c2fdac18 0000743a003d93d7   ..........=.:t..
0x0000743a135eac80:   0000000000000001 0000000000000000   ................
0x0000743a135eac90:   0000000000000001 0000000000000001   ................
0x0000743a135eaca0:   0000743a0c273530 231ae007e451cc00   05'.:t....Q....#
0x0000743a135eacb0:   0000743a0d305a70 00007439d982e6b8   pZ0.:t......9t..
0x0000743a135eacc0:   0000000000000000 0000743a135ead50   ........P.^.:t..
0x0000743a135eacd0:   0000743a135ead30 0000743a0c02e530   0.^.:t..0...:t..
0x0000743a135eace0:   0000743a135ead40 000074397921ce30   @.^.:t..0.!y9t..
0x0000743a135eacf0:   fffffffffffffff7 0000743a00acf702   ............:t..
0x0000743a135ead00:   0000000000000003 00007439d982ffb8   ............9t..
0x0000743a135ead10:   0000000000000000 00000000c0c6f1c0   ................
0x0000743a135ead20:   00007439d982f3d8 0000000000000000   ....9t..........
0x0000743a135ead30:   00000000c0c6f1c0 0000743a135eada8   ..........^.:t..
0x0000743a135ead40:   0000743a135eada8 0000743a003d7426   ..^.:t..&t=.:t..
0x0000743a135ead50:   0000743a0c5898d0 0000000000000000   ..X.:t..........
0x0000743a135ead60:   fffffffffffffff7 00007439d969e134   ........4.i.9t..
0x0000743a135ead70:   0000000000000009 00007439da287800   .........x(.9t..
0x0000743a135ead80:   0000000000000000 00000000c0c74850   ........PH......
0x0000743a135ead90:   00007439d96a4c40 fffffffffffffff5   @Lj.9t..........
0x0000743a135eada0:   0000743a135eade8 0000743a135eae40   ..^.:t..@.^.:t..
0x0000743a135eadb0:   0000743a003d7426 0000000000000000   &t=.:t..........
0x0000743a135eadc0:   0000000000000000 0000000000000000   ................
0x0000743a135eadd0:   0000000000000000 0000000000000000   ................
0x0000743a135eade0:   0000000000000000 0000000000000000   ................
0x0000743a135eadf0:   00000000c5ce9b60 fffffffffffffff7   `...............
0x0000743a135eae00:   00007439d96848c2 0000000000000003   .Hh.9t..........
0x0000743a135eae10:   00007439da27bc60 0000000000000000   `.'.9t..........
0x0000743a135eae20:   00000000c0c74e18 00007439d96848f8   .N.......Hh.9t..
0x0000743a135eae30:   fffffffffffffff5 0000743a135eae50   ........P.^.:t..

Instructions: (pc=0x00007439e89779d0)
  0x00007439e89778d0:   24 18 00 74 65 8b 73 1c 85 f6 75 7f 48 8b 7b 48
  0x00007439e89778e0:   80 63 06 f7 48 85 ff 0f 84 96 00 00 00 48 83 c4
  0x00007439e89778f0:   08 31 f6 5b 41 5c 41 5e 5d e9 e2 69 f5 ff 66 90
  0x00007439e8977900:   49 8b 44 24 20 8b 70 10 85 f6 74 bd 48 8b 78 08
  0x00007439e8977910:   e8 4b 06 d2 ff 49 8b 44 24 20 c7 40 10 00 00 00
  0x00007439e8977920:   00 49 8b 44 24 20 48 c7 40 08 00 00 00 00 4c 8b
  0x00007439e8977930:   63 40 49 83 7c 24 18 00 75 9b 4c 89 e7 e8 5e e6
  0x00007439e8977940:   dc ff 4c 89 e7 48 be 00 00 00 00 08 00 00 00 e8
  0x00007439e8977950:   bc dc dc ff 8b 73 1c 85 f6 74 81 4c 89 f7 e8 fd
  0x00007439e8977960:   05 d2 ff c7 43 1c 00 00 00 00 4c 89 f7 e8 ce 21
  0x00007439e8977970:   d2 ff 48 8b 7b 48 80 63 06 f7 48 85 ff 0f 85 6a
  0x00007439e8977980:   ff ff ff 48 83 c4 08 5b 41 5c 41 5e 5d c3 66 90
  0x00007439e8977990:   f3 0f 1e fa 55 48 89 e5 41 57 41 56 41 55 41 54
  0x00007439e89779a0:   53 48 83 ec 78 64 48 8b 04 25 28 00 00 00 48 89
  0x00007439e89779b0:   45 c8 31 c0 48 85 ff 0f 84 8b 01 00 00 48 89 fb
  0x00007439e89779c0:   e8 ab 82 ff ff 4c 8b 23 48 89 c6 4d 85 e4 74 0a
=>0x00007439e89779d0:   49 39 04 24 0f 84 ae 01 00 00 48 89 df e8 6e 1f
  0x00007439e89779e0:   d2 ff 85 c0 0f 84 5e 01 00 00 4c 8b 6b 18 41 f6
  0x00007439e89779f0:   45 02 02 75 26 e8 06 93 e7 ff 4d 85 e4 74 09 49
  0x00007439e8977a00:   8b 34 24 48 39 c6 74 13 48 89 c6 48 89 df e8 3d
  0x00007439e8977a10:   1f d2 ff 85 c0 0f 84 6d 02 00 00 41 0f b6 45 02
  0x00007439e8977a20:   a8 10 0f 85 28 02 00 00 49 8b bd d0 00 00 00 48
  0x00007439e8977a30:   85 ff 0f 84 c8 02 00 00 48 8b 47 18 f6 40 02 10
  0x00007439e8977a40:   0f 84 32 02 00 00 48 89 df e8 32 2f 07 00 8b 35
  0x00007439e8977a50:   80 e8 39 00 31 d2 31 c0 48 89 df e8 d0 ee d1 ff
  0x00007439e8977a60:   48 89 df e8 78 8c 00 00 ba 01 00 00 00 48 89 df
  0x00007439e8977a70:   89 c6 e8 29 88 00 00 41 f6 45 04 40 0f 85 2e 02
  0x00007439e8977a80:   00 00 48 89 df e8 26 76 00 00 41 f6 45 04 20 0f
  0x00007439e8977a90:   85 4f 02 00 00 8b 35 01 13 3a 00 48 89 df e8 8d
  0x00007439e8977aa0:   d8 d1 ff 48 85 c0 0f 84 04 01 00 00 48 89 c6 48
  0x00007439e8977ab0:   8d 7d a0 e8 68 f7 d1 ff eb 26 66 0f 1f 44 00 00
  0x00007439e8977ac0:   48 89 7d 80 48 8d 4d 80 48 c7 45 88 00 00 00 00


Stack slot to memory mapping:

stack at sp + 0 slots: 0x0000000000000046 is an unknown value
stack at sp + 1 slots: 0x0000000000000001 is an unknown value
stack at sp + 2 slots: 0x0 is null
stack at sp + 3 slots: 0x0000743a135eac80 is pointing into the stack for thread: 0x0000743a0c02e530
stack at sp + 4 slots: 0x0000743a135ead08 is pointing into the stack for thread: 0x0000743a0c02e530
stack at sp + 5 slots: 0x0000743a003d7426 is at code_begin+1254 in an Interpreter codelet
return entry points  [0x0000743a003d6f40, 0x0000743a003d7b88]  3144 bytes
stack at sp + 6 slots: 0x00000000c2fdac18 is an oop: java.lang.Class 
{0x00000000c2fdac18} - klass: 'java/lang/Class' - flags: 

 - ---- fields (total size 15 words):
 - private volatile transient 'classRedefinedCount' 'I' @12  0 (0x00000000)
 - injected 'klass' 'J' @16  707873944 (0x000000002a314c98)
 - injected 'array_klass' 'J' @24  0 (0x0000000000000000)
 - injected 'oop_size' 'I' @32  15 (0x0000000f)
 - injected 'static_oop_field_count' 'I' @36  0 (0x00000000)
 - private final transient 'modifiers' 'C' @40    1 (0x0001)
 - private final transient 'primitive' 'Z' @42  false (0x00)
 - private volatile transient 'cachedConstructor' 'Ljava/lang/reflect/Constructor;' @44  null (0x00000000)
 - private transient 'name' 'Ljava/lang/String;' @48  "org.eclipse.swt.internal.gtk3.GTK3"{0x00000000c2fdac90} (0xc2fdac90)
 - private transient 'module' 'Ljava/lang/Module;' @52  a 'java/lang/Module'{0x00000000c0c6ea30} (0xc0c6ea30)
 - private final 'classLoader' 'Ljava/lang/ClassLoader;' @56  a 'org/eclipse/osgi/internal/loader/EquinoxClassLoader'{0x00000000c0c6e9c0} (0xc0c6e9c0)
 - private transient 'classData' 'Ljava/lang/Object;' @60  null (0x00000000)
 - private transient 'signers' '[Ljava/lang/Object;' @64  null (0x00000000)
 - private transient 'packageName' 'Ljava/lang/String;' @68  "org.eclipse.swt.internal.gtk3"{0x00000000c2f00080} (0xc2f00080)
 - private final transient 'componentType' 'Ljava/lang/Class;' @72  null (0x00000000)
 - private final transient 'protectionDomain' 'Ljava/security/ProtectionDomain;' @76  a 'org/eclipse/osgi/internal/loader/ModuleClassLoader$GenerationProtectionDomain'{0x00000000c0c6f080} (0xc0c6f080)
 - private volatile transient 'reflectionData' 'Ljava/lang/ref/SoftReference;' @80  null (0x00000000)
 - private volatile transient 'genericInfo' 'Lsun/reflect/generics/repository/ClassRepository;' @84  null (0x00000000)
 - private volatile transient 'enumConstants' '[Ljava/lang/Object;' @88  null (0x00000000)
 - private volatile transient 'enumConstantDirectory' 'Ljava/util/Map;' @92  null (0x00000000)
 - private volatile transient 'annotationData' 'Ljava/lang/Class$AnnotationData;' @96  null (0x00000000)
 - private volatile transient 'annotationType' 'Lsun/reflect/annotation/AnnotationType;' @100  null (0x00000000)
 - transient 'classValueMap' 'Ljava/lang/ClassValue$ClassValueMap;' @104  null (0x00000000)
 - injected 'source_file' 'Ljava/lang/Object;' @108  null (0x00000000)
 - injected '<init_lock>' 'Ljava/lang/Object;' @112  null (0x00000000)
 - signature: Lorg/eclipse/swt/internal/gtk3/GTK3;
 - ---- static fields (0):
stack at sp + 7 slots: 0x0000743a003d93d7 is at code_begin+23 in an Interpreter codelet
result handlers for native calls  [0x0000743a003d93c0, 0x0000743a003d93e0]  32 bytes

Lock stack of current Java thread (top to bottom):


Compiled method (c1) 9344 1106   !   3       jdk.internal.reflect.DirectMethodHandleAccessor::invoke (92 bytes)
 total in heap  [0x00007439f8fe4088,0x00007439f8fe5ea8] = 7712
 main code      [0x00007439f8fe4180,0x00007439f8fe5d58] = 7128
 stub code      [0x00007439f8fe5d58,0x00007439f8fe5e90] = 312
 oops           [0x00007439f8fe5e90,0x00007439f8fe5ea8] = 24
 mutable data [0x00007439bc672400,0x00007439bc672700] = 768
 relocation     [0x00007439bc672400,0x00007439bc6726a0] = 672
 metadata       [0x00007439bc6726a0,0x00007439bc672700] = 96
 immutable data [0x00007439bc6714f0,0x00007439bc6723f0] = 3840
 dependencies   [0x00007439bc6714f0,0x00007439bc671510] = 32
 nul chk table  [0x00007439bc671510,0x00007439bc6715a8] = 152
 handler table  [0x00007439bc6715a8,0x00007439bc671c38] = 1680
 scopes pcs     [0x00007439bc671c38,0x00007439bc6720b8] = 1152
 scopes data    [0x00007439bc6720b8,0x00007439bc6723f0] = 824

[Constant Pool (empty)]

[MachCode]
[Instructions begin]
  0x00007439f8fe4180: 660f 1f84 | 0000 0000 | 0066 0f1f | 8400 0000 | 0000 448b | 5608 443b 

  0x00007439f8fe4198: ;   {runtime_call Shared Runtime ic_miss_blob}
  0x00007439f8fe4198: 5008 0f85 | 4092 4307 
[Verified Entry Point]
  0x00007439f8fe41a0: 8984 2400 | c0fe ff55 | 4881 ec20 | 0100 0090 | 4181 7f20 | 0700 0000 

  0x00007439f8fe41b8: ;   {runtime_call Stub::method_entry_barrier}
  0x00007439f8fe41b8: 7405 e861 | 0d42 0748 | 89b4 24a8 | 0000 0048 | 8994 24b8 

  0x00007439f8fe41cc: ;   {metadata(method data for {method} {0x00007439d8466608} 'invoke' '(Ljava/lang/Object;[Ljava/lang/Object;)Ljava/lang/Object;' in 'jdk/internal/reflect/DirectMethodHandleAccessor')}
  0x00007439f8fe41cc: 0000 0048 | bf28 22bd | d839 7400 | 008b 9f90 | 0000 0083 | c302 899f | 9000 0000 | 81e3 fe07 
  0x00007439f8fe41ec: 0000 85db | 0f84 4b17 | 0000 488b 

  0x00007439f8fe41f8: ;   {metadata(method data for {method} {0x00007439d8466608} 'invoke' '(Ljava/lang/Object;[Ljava/lang/Object;)Ljava/lang/Object;' in 'jdk/internal/reflect/DirectMethodHandleAccessor')}
  0x00007439f8fe41f8: fe48 bb28 | 22bd d839 | 7400 0048 | 8383 d800 

  0x00007439f8fe4208: ;   {metadata(method data for {method} {0x00007439d8466b18} 'isStatic' '()Z' in 'jdk/internal/reflect/DirectMethodHandleAccessor')}
  0x00007439f8fe4208: 0000 0148 | bf20 25bd | d839 7400 | 008b 9f90 | 0000 0083 | c302 899f | 9000 0000 | 81e3 feff 
  0x00007439f8fe4228: 1f00 85db | 0f84 3017 | 0000 8b7e | 1081 e700 | 0200 0081 | ff00 0200 

  0x00007439f8fe4240: ;   {metadata(method data for {method} {0x00007439d8466b18} 'isStatic' '()Z' in 'jdk/internal/reflect/DirectMethodHandleAccessor')}
  0x00007439f8fe4240: 0048 bf20 | 25bd d839 | 7400 00bb | d800 0000 | 7505 bbe8 | 0000 0048 | 8b04 1f48 | 8d40 0148 
  0x00007439f8fe4260: 8904 1f0f | 851a 0000 

  0x00007439f8fe4268: ;   {metadata(method data for {method} {0x00007439d8466b18} 'isStatic' '()Z' in 'jdk/internal/reflect/DirectMethodHandleAccessor')}
  0x00007439f8fe4268: 0048 bf20 | 25bd d839 | 7400 00ff | 87f8 0000 | 00bf 0100 | 0000 e905 | 0000 00bf | 0000 0000 
  0x00007439f8fe4288: 83e7 0185 

  0x00007439f8fe428c: ;   {metadata(method data for {method} {0x00007439d8466608} 'invoke' '(Ljava/lang/Object;[Ljava/lang/Object;)Ljava/lang/Object;' in 'jdk/internal/reflect/DirectMethodHandleAccessor')}
  0x00007439f8fe428c: ff48 bf28 | 22bd d839 | 7400 00bb | 0801 0000 | 7505 bb18 | 0100 0048 | 8b04 1f48 | 8d40 0148 
  0x00007439f8fe42ac: 8904 1f48 | 898c 24b0 | 0000 000f | 8537 0000 | 0048 8bfe 

  0x00007439f8fe42c0: ;   {metadata(method data for {method} {0x00007439d8466608} 'invoke' '(Ljava/lang/Object;[Ljava/lang/Object;)Ljava/lang/Object;' in 'jdk/internal/reflect/DirectMethodHandleAccessor')}
  0x00007439f8fe42c0: 48bb 2822 | bdd8 3974 | 0000 4883 | 8328 0100 | 0001 488b | fa48 8bd7 | 488b de48 

  0x00007439f8fe42dc: ;   {optimized virtual_call}
  0x00007439f8fe42dc: 8bf3 90e8 

  0x00007439f8fe42e0: ; ImmutableOopMap {[168]=Oop [176]=Oop [184]=Oop }
                      ;*invokevirtual checkReceiver {reexecute=0 rethrow=0 return_oop=0}
                      ; - jdk.internal.reflect.DirectMethodHandleAccessor::invoke@9
  0x00007439f8fe42e0: bc68 0000 

  0x00007439f8fe42e4: ;   {post_call_nop}
  0x00007439f8fe42e4: 0f1f 8400 | 5c02 0000 | 488b b424 | a800 0000 

  0x00007439f8fe42f4: ;   {metadata(method data for {method} {0x00007439d8466608} 'invoke' '(Ljava/lang/Object;[Ljava/lang/Object;)Ljava/lang/Object;' in 'jdk/internal/reflect/DirectMethodHandleAccessor')}
  0x00007439f8fe42f4: 8b56 0c48 | bf28 22bd | d839 7400 | 0048 8387 | 5801 0000 | 0148 8bf2 | 488b 9424 | b000 0000 
  0x00007439f8fe4314: ;   {static_call}
  0x00007439f8fe4314: 6666 90e8 

  0x00007439f8fe4318: ; ImmutableOopMap {[168]=Oop [176]=Oop [184]=Oop }
                      ;*invokestatic checkArgumentCount {reexecute=0 rethrow=0 return_oop=0}
                      ; - jdk.internal.reflect.DirectMethodHandleAccessor::invoke@17
  0x00007439f8fe4318: 643f 0000 

  0x00007439f8fe431c: ;   {post_call_nop}
  0x00007439f8fe431c: 0f1f 8400 | 9402 0001 | 488b b424 | a800 0000 

  0x00007439f8fe432c: ;   {metadata(method data for {method} {0x00007439d8466608} 'invoke' '(Ljava/lang/Object;[Ljava/lang/Object;)Ljava/lang/Object;' in 'jdk/internal/reflect/DirectMethodHandleAccessor')}
  0x00007439f8fe432c: 488b d648 | b928 22bd | d839 7400 | 0048 8381 | 6801 0000 

  0x00007439f8fe4340: ;   {metadata(method data for {method} {0x00007439d84668e0} 'invokeImpl' '(Ljava/lang/Object;[Ljava/lang/Object;)Ljava/lang/Object;' in 'jdk/internal/reflect/DirectMethodHandleAccessor')}
  0x00007439f8fe4340: 0148 bae0 | 28bd d839 | 7400 008b | 8a90 0000 | 0083 c102 | 898a 9000 | 0000 81e1 | feff 1f00 
  0x00007439f8fe4360: 85c9 0f84 | 1b16 0000 

  0x00007439f8fe4368: ;   {metadata(method data for {method} {0x00007439d84668e0} 'invokeImpl' '(Ljava/lang/Object;[Ljava/lang/Object;)Ljava/lang/Object;' in 'jdk/internal/reflect/DirectMethodHandleAccessor')}
  0x00007439f8fe4368: 8b56 0c48 | b9e0 28bd | d839 7400 | 0041 b8e0 | 0000 0085 | d249 8bf8 | 41b8 f000 | 0000 4c0f 
  0x00007439f8fe4388: 45c7 83fa | 0149 8bf8 | 41b8 0001 | 0000 4c0f | 45c7 83fa | 0249 8bf8 | 41b8 1001 | 0000 4c0f 
  0x00007439f8fe43a8: 45c7 83fa | 0349 8bf8 | 41b8 2001 | 0000 4c0f | 45c7 4a8b | 3c01 41ba | 0100 0000 | 4903 fa4a 
  0x00007439f8fe43c8: 893c 0185 | d20f 847f | 0c00 0083 | fa01 0f84 | 7f0a 0000 | 83fa 020f | 8405 0400 | 0083 fa03 
  0x00007439f8fe43e8: 0f84 db01 | 0000 488b | 8c24 b000 | 0000 488b | 9424 b800 | 0000 8b7e | 180f 1f80 | 0000 0000 
  0x00007439f8fe4408: ;   {other}
  0x00007439f8fe4408: e9a6 1500 | 0090 9090 | 9090 483b 

  0x00007439f8fe4414: ;   {metadata(method data for {method} {0x00007439d84668e0} 'invokeImpl' '(Ljava/lang/Object;[Ljava/lang/Object;)Ljava/lang/Object;' in 'jdk/internal/reflect/DirectMethodHandleAccessor')}
  0x00007439f8fe4414: 0748 bbe0 | 28bd d839 | 7400 0048 | 8d9b 3803 | 0000 4885 | d275 0ef6 | 4308 0175 | 42f0 4883 
  0x00007439f8fe4434: 4b08 01eb | 3a8b 4208 | 4c8b d048 | 3343 0848 | a9fc ffff | ff74 28a8 | 0275 2448 | f743 08fe 
  0x00007439f8fe4454: ffff ff74 | 1649 8bc2 | 4833 4308 | 48a9 fcff | ffff 740b | 4883 4b08 | 02eb 0448 | 8943 0848 
  0x00007439f8fe4474: 85c9 750e | f643 1801 | 7542 f048 | 834b 1801 | eb3a 8b41 | 084c 8bd0 | 4833 4318 | 48a9 fcff 
  0x00007439f8fe4494: ffff 7428 | a802 7524 | 48f7 4318 | feff ffff | 7416 498b | c248 3343 | 1848 a9fc | ffff ff74 
  0x00007439f8fe44b4: 0b48 834b | 1802 eb04 | 4889 4318 

  0x00007439f8fe44c0: ;   {metadata(method data for {method} {0x00007439d84668e0} 'invokeImpl' '(Ljava/lang/Object;[Ljava/lang/Object;)Ljava/lang/Object;' in 'jdk/internal/reflect/DirectMethodHandleAccessor')}
  0x00007439f8fe44c0: 488b df48 | b8e0 28bd | d839 7400 | 008b 5b08 | 483b 9810 | 0300 0075 | 0d48 8380 | 1803 0000 
  0x00007439f8fe44e0: 01e9 6000 | 0000 483b | 9820 0300 | 0075 0d48 | 8380 2803 | 0000 01e9 | 4a00 0000 | 4883 b810 
  0x00007439f8fe4500: 0300 0000 | 7517 4889 | 9810 0300 | 0048 c780 | 1803 0000 | 0100 0000 | e929 0000 | 0048 83b8 
  0x00007439f8fe4520: 2003 0000 | 0075 1748 | 8998 2003 | 0000 48c7 | 8028 0300 | 0001 0000 | 00e9 0800 | 0000 4883 
  0x00007439f8fe4540: 8008 0300 | 0001 488b | f766 0f1f 

  0x00007439f8fe454c: ;   {optimized virtual_call}
  0x00007439f8fe454c: 4400 00e8 

  0x00007439f8fe4550: ; ImmutableOopMap {[168]=Oop }
                      ;*invokevirtual invokeExact {reexecute=0 rethrow=0 return_oop=0}
                      ; - jdk.internal.reflect.DirectMethodHandleAccessor::invokeImpl@104
                      ; - jdk.internal.reflect.DirectMethodHandleAccessor::invoke@23
  0x00007439f8fe4550: 8c91 4307 

  0x00007439f8fe4554: ;   {post_call_nop}
  0x00007439f8fe4554: 0f1f 8400 | cc04 0002 

  0x00007439f8fe455c: ;   {metadata(method data for {method} {0x00007439d84668e0} 'invokeImpl' '(Ljava/lang/Object;[Ljava/lang/Object;)Ljava/lang/Object;' in 'jdk/internal/reflect/DirectMethodHandleAccessor')}
  0x00007439f8fe455c: 48ba e028 | bdd8 3974 | 0000 488d | 9258 0300 | 0048 85c0 | 750c f602 | 0175 3ff0 | 4883 0a01 
  0x00007439f8fe457c: eb38 8b48 | 084c 8bd1 | 4833 0a48 | f7c1 fcff | ffff 7426 | f6c1 0275 | 2148 f702 | feff ffff 
  0x00007439f8fe459c: 7415 498b | ca48 330a | 48f7 c1fc | ffff ff74 | 0948 830a | 02eb 0348 | 890a 4881 | c420 0100 
  0x00007439f8fe45bc: ;   {poll_return}
  0x00007439f8fe45bc: 005d 493b | 6728 0f87 | fa13 0000 | c348 8b8c | 24b0 0000 | 0048 8b94 | 24b8 0000 | 008b 5e18 
  0x00007439f8fe45dc: ; implicit exception: dispatches to 0x00007439f8fe59d8
  0x00007439f8fe45dc: 8379 0c00 | 0f86 fc13 | 0000 448b | 4110 8379 | 0c01 0f86 | 0014 0000 | 448b 4914 | 8379 0c02 
  0x00007439f8fe45fc: 0f86 0414 | 0000 8b79 | 1866 6690 

  0x00007439f8fe4608: ;   {oop(a 'java/lang/invoke/MethodType'{0x00000000c0150530} = (Ljava/lang/Object;Ljava/lang/Object;Ljava/lang/Object;Ljava/lang/Object;)Ljava/lang/Object;)}
  0x00007439f8fe4608: 48b8 3005 | 15c0 0000 | 0000 483b 

  0x00007439f8fe4614: ;   {metadata(method data for {method} {0x00007439d84668e0} 'invokeImpl' '(Ljava/lang/Object;[Ljava/lang/Object;)Ljava/lang/Object;' in 'jdk/internal/reflect/DirectMethodHandleAccessor')}
  0x00007439f8fe4614: 0348 b9e0 | 28bd d839 | 7400 0048 | 8d89 c002 | 0000 4885 | d275 0ef6 | 4108 0175 | 47f0 4883 
  0x00007439f8fe4634: 4908 01eb | 3f44 8b5a | 084d 8bd3 | 4c33 5908 | 49f7 c3fc | ffff ff74 | 2b41 f6c3 | 0275 2548 
  0x00007439f8fe4654: f741 08fe | ffff ff74 | 174d 8bda | 4c33 5908 | 49f7 c3fc | ffff ff74 | 0b48 8349 | 0802 eb04 
  0x00007439f8fe4674: 4c89 5908 | 4d85 c075 | 0ef6 4118 | 0175 47f0 | 4883 4918 | 01eb 3f45 | 8b58 084d | 8bd3 4c33 
  0x00007439f8fe4694: 5918 49f7 | c3fc ffff | ff74 2b41 | f6c3 0275 | 2548 f741 | 18fe ffff | ff74 174d | 8bda 4c33 
  0x00007439f8fe46b4: 5918 49f7 | c3fc ffff | ff74 0b48 | 8349 1802 | eb04 4c89 | 5918 488b 

  0x00007439f8fe46cc: ;   {metadata(method data for {method} {0x00007439d84668e0} 'invokeImpl' '(Ljava/lang/Object;[Ljava/lang/Object;)Ljava/lang/Object;' in 'jdk/internal/reflect/DirectMethodHandleAccessor')}
  0x00007439f8fe46cc: cb49 bbe0 | 28bd d839 | 7400 008b | 4908 493b | 8b98 0200 | 0075 0d49 | 8383 a002 | 0000 01e9 
  0x00007439f8fe46ec: 6000 0000 | 493b 8ba8 | 0200 0075 | 0d49 8383 | b002 0000 | 01e9 4a00 | 0000 4983 | bb98 0200 
  0x00007439f8fe470c: 0000 7517 | 4989 8b98 | 0200 0049 | c783 a002 | 0000 0100 | 0000 e929 | 0000 0049 | 83bb a802 
  0x00007439f8fe472c: 0000 0075 | 1749 898b | a802 0000 | 49c7 83b0 | 0200 0001 | 0000 00e9 | 0800 0000 | 4983 8390 
  0x00007439f8fe474c: 0200 0001 | 498b c84d | 8bc1 4c8b | cf48 8bf8 

  0x00007439f8fe475c: ;   {optimized virtual_call}
  0x00007439f8fe475c: 488b f3e8 

  0x00007439f8fe4760: ; ImmutableOopMap {[168]=Oop }
                      ;*invokevirtual invokeExact {reexecute=0 rethrow=0 return_oop=0}
                      ; - jdk.internal.reflect.DirectMethodHandleAccessor::invokeImpl@92
                      ; - jdk.internal.reflect.DirectMethodHandleAccessor::invoke@23
  0x00007439f8fe4760: 0916 0000 

  0x00007439f8fe4764: ;   {post_call_nop}
  0x00007439f8fe4764: 0f1f 8400 | dc06 0003 

  0x00007439f8fe476c: ;   {metadata(method data for {method} {0x00007439d84668e0} 'invokeImpl' '(Ljava/lang/Object;[Ljava/lang/Object;)Ljava/lang/Object;' in 'jdk/internal/reflect/DirectMethodHandleAccessor')}
  0x00007439f8fe476c: 48be e028 | bdd8 3974 | 0000 488d | b6e0 0200 | 0048 85c0 | 750c f606 | 0175 40f0 | 4883 0e01 
  0x00007439f8fe478c: eb39 8b78 | 084c 8bd7 | 4833 3e48 | f7c7 fcff | ffff 7427 | 40f6 c702 | 7521 48f7 | 06fe ffff 
  0x00007439f8fe47ac: ff74 1549 | 8bfa 4833 | 3e48 f7c7 | fcff ffff | 7409 4883 | 0e02 eb03 

  0x00007439f8fe47c4: ;   {metadata(method data for {method} {0x00007439d84668e0} 'invokeImpl' '(Ljava/lang/Object;[Ljava/lang/Object;)Ljava/lang/Object;' in 'jdk/internal/reflect/DirectMethodHandleAccessor')}
  0x00007439f8fe47c4: 4889 3e48 | bee0 28bd | d839 7400 | 00ff 86f0 | 0200 0048 | 81c4 2001 

  0x00007439f8fe47dc: ;   {poll_return}
  0x00007439f8fe47dc: 0000 5d49 | 3b67 280f | 874d 1200 | 00c3 488b | 8c24 b000 | 0000 488b | 9424 b800 | 0000 8b7e 
  0x00007439f8fe47fc: 1848 89bc | 24c8 0000 | 0083 790c | 000f 8647 | 1200 008b | 5910 4889 | 9c24 c000 | 0000 8379 
  0x00007439f8fe481c: 0c01 0f86 | 4412 0000 | 8b41 1448 | 8984 24d0 

  0x00007439f8fe482c: ;   {metadata(method data for {method} {0x00007439d84668e0} 'invokeImpl' '(Ljava/lang/Object;[Ljava/lang/Object;)Ljava/lang/Object;' in 'jdk/internal/reflect/DirectMethodHandleAccessor')}
  0x00007439f8fe482c: 0000 0048 | b9e0 28bd | d839 7400 | 0048 8d89 | 4802 0000 | 4885 d275 | 0ef6 4108 | 0175 47f0 
  0x00007439f8fe484c: 4883 4908 | 01eb 3f44 | 8b42 084d | 8bd0 4c33 | 4108 49f7 | c0fc ffff | ff74 2b41 | f6c0 0275 
  0x00007439f8fe486c: 2548 f741 | 08fe ffff | ff74 174d | 8bc2 4c33 | 4108 49f7 | c0fc ffff | ff74 0b48 | 8349 0802 
  0x00007439f8fe488c: eb04 4c89 

  0x00007439f8fe4890: ;   {metadata(method data for {method} {0x00007439d8b19ab0} 'invokeExact_MT' '(Ljava/lang/Object;Ljava/lang/Object;Ljava/lang/Object;Ljava/lang/Object;Ljava/lang/Object;)Ljava/lang/Object;' in 'java/lang/invoke/LambdaForm$MH+0x000000002a146c00')}
  0x00007439f8fe4890: 4108 48b9 | 209d b1d8 | 3974 0000 | 488d 8970 | 0200 0048 | 85ff 750c | f601 0175 | 41f0 4883 
  0x00007439f8fe48b0: 0901 eb3a | 448b 4708 | 4d8b d04c | 3301 49f7 | c0fc ffff | ff74 2741 | f6c0 0275 | 2148 f701 
  0x00007439f8fe48d0: feff ffff | 7415 4d8b | c24c 3301 | 49f7 c0fc | ffff ff74 | 0948 8309 | 02eb 034c | 8901 4885 
  0x00007439f8fe48f0: d275 0ef6 | 4110 0175 | 47f0 4883 | 4910 01eb | 3f44 8b42 | 084d 8bd0 | 4c33 4110 | 49f7 c0fc 
  0x00007439f8fe4910: ffff ff74 | 2b41 f6c0 | 0275 2548 | f741 10fe | ffff ff74 | 174d 8bc2 | 4c33 4110 | 49f7 c0fc 
  0x00007439f8fe4930: ffff ff74 | 0b48 8349 | 1002 eb04 | 4c89 4110 

  0x00007439f8fe4940: ;   {metadata(method data for {method} {0x00007439d84668e0} 'invokeImpl' '(Ljava/lang/Object;[Ljava/lang/Object;)Ljava/lang/Object;' in 'jdk/internal/reflect/DirectMethodHandleAccessor')}
  0x00007439f8fe4940: 48b9 e028 | bdd8 3974 | 0000 4883 | 8118 0200 

  0x00007439f8fe4950: ;   {metadata(method data for {method} {0x00007439d8b19ab0} 'invokeExact_MT' '(Ljava/lang/Object;Ljava/lang/Object;Ljava/lang/Object;Ljava/lang/Object;Ljava/lang/Object;)Ljava/lang/Object;' in 'java/lang/invoke/LambdaForm$MH+0x000000002a146c00')}
  0x00007439f8fe4950: 0001 48b9 | 209d b1d8 | 3974 0000 | 448b 8190 | 0000 0041 | 83c0 0244 | 8981 9000 | 0000 4181 
  0x00007439f8fe4970: e0fe ff1f | 0045 85c0 | 0f84 fc10 

  0x00007439f8fe497c: ;   {metadata(method data for {method} {0x00007439d8b19ab0} 'invokeExact_MT' '(Ljava/lang/Object;Ljava/lang/Object;Ljava/lang/Object;Ljava/lang/Object;Ljava/lang/Object;)Ljava/lang/Object;' in 'java/lang/invoke/LambdaForm$MH+0x000000002a146c00')}
  0x00007439f8fe497c: 0000 48b9 | 209d b1d8 | 3974 0000 | 488d 8948 | 0100 0048 | 85ff 750e | f641 0801 | 7547 f048 
  0x00007439f8fe499c: 8349 0801 | eb3f 448b | 4708 4d8b | d04c 3341 | 0849 f7c0 | fcff ffff | 742b 41f6 | c002 7525 
  0x00007439f8fe49bc: 48f7 4108 | feff ffff | 7417 4d8b | c24c 3341 | 0849 f7c0 | fcff ffff | 740b 4883 | 4908 02eb 
  0x00007439f8fe49dc: 044c 8941 

  0x00007439f8fe49e0: ;   {metadata(method data for {method} {0x00007439d8b19ab0} 'invokeExact_MT' '(Ljava/lang/Object;Ljava/lang/Object;Ljava/lang/Object;Ljava/lang/Object;Ljava/lang/Object;)Ljava/lang/Object;' in 'java/lang/invoke/LambdaForm$MH+0x000000002a146c00')}
  0x00007439f8fe49e0: 0848 b920 | 9db1 d839 | 7400 0048 | 8381 3801 

  0x00007439f8fe49f0: ;   {metadata(method data for {method} {0x00007439d836a380} 'checkExactType' '(Ljava/lang/invoke/MethodHandle;Ljava/lang/invoke/MethodType;)V' in 'java/lang/invoke/Invokers')}
  0x00007439f8fe49f0: 0000 0148 | b908 40bc | d839 7400 | 0044 8b81 | 9000 0000 | 4183 c002 | 4489 8190 | 0000 0041 
  0x00007439f8fe4a10: 81e0 feff | 1f00 4585 | c00f 847c | 1000 0048 | 3b07 488b 

  0x00007439f8fe4a24: ;   {metadata(method data for {method} {0x00007439d836a380} 'checkExactType' '(Ljava/lang/invoke/MethodHandle;Ljava/lang/invoke/MethodType;)V' in 'java/lang/invoke/Invokers')}
  0x00007439f8fe4a24: cf49 b808 | 40bc d839 | 7400 008b | 4908 493b | 88e0 0000 | 0075 0d49 | 8380 e800 | 0000 01e9 
  0x00007439f8fe4a44: 6000 0000 | 493b 88f0 | 0000 0075 | 0d49 8380 | f800 0000 | 01e9 4a00 | 0000 4983 | b8e0 0000 
  0x00007439f8fe4a64: 0000 7517 | 4989 88e0 | 0000 0049 | c780 e800 | 0000 0100 | 0000 e929 | 0000 0049 | 83b8 f000 
  0x00007439f8fe4a84: 0000 0075 | 1749 8988 | f000 0000 | 49c7 80f8 | 0000 0001 | 0000 00e9 | 0800 0000 | 4983 80d8 
  0x00007439f8fe4aa4: 0000 0001 

  0x00007439f8fe4aa8: ;   {oop(a 'java/lang/invoke/MethodType'{0x00000000c0150320} = (Ljava/lang/Object;Ljava/lang/Object;Ljava/lang/Object;)Ljava/lang/Object;)}
  0x00007439f8fe4aa8: 8b4f 1049 | b820 0315 | c000 0000 | 0049 3bc8 

  0x00007439f8fe4ab8: ;   {metadata(method data for {method} {0x00007439d836a380} 'checkExactType' '(Ljava/lang/invoke/MethodHandle;Ljava/lang/invoke/MethodType;)V' in 'java/lang/invoke/Invokers')}
  0x00007439f8fe4ab8: 49b8 0840 | bcd8 3974 | 0000 41b9 | 1801 0000 | 7506 41b9 | 0801 0000 | 4f8b 1c08 | 4d8d 5b01 
  0x00007439f8fe4ad8: 4f89 1c08 | 0f85 7d09 

  0x00007439f8fe4ae0: ;   {metadata(method data for {method} {0x00007439d8b19ab0} 'invokeExact_MT' '(Ljava/lang/Object;Ljava/lang/Object;Ljava/lang/Object;Ljava/lang/Object;Ljava/lang/Object;)Ljava/lang/Object;' in 'java/lang/invoke/LambdaForm$MH+0x000000002a146c00')}
  0x00007439f8fe4ae0: 0000 48b9 | 209d b1d8 | 3974 0000 | 488d 8980 | 0100 0044 | 8b47 084d | 8bd0 4c33 | 4108 49f7 
  0x00007439f8fe4b00: c0fc ffff | ff74 2b41 | f6c0 0275 | 2548 f741 | 08fe ffff | ff74 174d | 8bc2 4c33 | 4108 49f7 
  0x00007439f8fe4b20: c0fc ffff | ff74 0b48 | 8349 0802 | eb04 4c89 

  0x00007439f8fe4b30: ;   {metadata(method data for {method} {0x00007439d8b19ab0} 'invokeExact_MT' '(Ljava/lang/Object;Ljava/lang/Object;Ljava/lang/Object;Ljava/lang/Object;Ljava/lang/Object;)Ljava/lang/Object;' in 'java/lang/invoke/LambdaForm$MH+0x000000002a146c00')}
  0x00007439f8fe4b30: 4108 48b9 | 209d b1d8 | 3974 0000 | 4883 8170 | 0100 0001 

  0x00007439f8fe4b44: ;   {metadata(method data for {method} {0x00007439d836a9c8} 'checkCustomized' '(Ljava/lang/invoke/MethodHandle;)V' in 'java/lang/invoke/Invokers')}
  0x00007439f8fe4b44: 48b9 a03d | bcd8 3974 | 0000 448b | 8190 0000 | 0041 83c0 | 0244 8981 | 9000 0000 | 4181 e0fe 
  0x00007439f8fe4b64: ff1f 0045 | 85c0 0f84 | 510f 0000 

  0x00007439f8fe4b70: ;   {metadata(method data for {method} {0x00007439d836a9c8} 'checkCustomized' '(Ljava/lang/invoke/MethodHandle;)V' in 'java/lang/invoke/Invokers')}
  0x00007439f8fe4b70: 48b9 a03d | bcd8 3974 | 0000 4883 | 81d8 0000 

  0x00007439f8fe4b80: ;   {metadata(method data for {method} {0x00007439d808fb80} 'isCompileConstant' '(Ljava/lang/Object;)Z' in 'java/lang/invoke/MethodHandleImpl')}
  0x00007439f8fe4b80: 0001 48b9 | 183f bcd8 | 3974 0000 | 448b 8190 | 0000 0041 | 83c0 0244 | 8981 9000 | 0000 4181 
  0x00007439f8fe4ba0: e0fe ff1f | 0045 85c0 | 0f84 340f 

  0x00007439f8fe4bac: ;   {metadata(method data for {method} {0x00007439d836a9c8} 'checkCustomized' '(Ljava/lang/invoke/MethodHandle;)V' in 'java/lang/invoke/Invokers')}
  0x00007439f8fe4bac: 0000 48b9 | a03d bcd8 | 3974 0000 | ff81 e800 | 0000 8b4f | 148b 491c 

  0x00007439f8fe4bc4: ;   {metadata(method data for {method} {0x00007439d836a9c8} 'checkCustomized' '(Ljava/lang/invoke/MethodHandle;)V' in 'java/lang/invoke/Invokers')}
  0x00007439f8fe4bc4: 4885 c948 | b9a0 3dbc | d839 7400 | 0041 b808 | 0100 0075 | 0641 b818 | 0100 004e | 8b0c 014d 
  0x00007439f8fe4be4: 8d49 014e | 890c 010f | 8523 0000 

  0x00007439f8fe4bf0: ;   {metadata(method data for {method} {0x00007439d836a9c8} 'checkCustomized' '(Ljava/lang/invoke/MethodHandle;)V' in 'java/lang/invoke/Invokers')}
  0x00007439f8fe4bf0: 0048 b9a0 | 3dbc d839 | 7400 0048 | 8381 2801 | 0000 0148 

  0x00007439f8fe4c04: ;   {static_call}
  0x00007439f8fe4c04: 8bf7 90e8 

  0x00007439f8fe4c08: ; ImmutableOopMap {[168]=Oop [184]=Oop [192]=Oop [200]=Oop [208]=Oop }
                      ;*invokestatic maybeCustomize {reexecute=0 rethrow=0 return_oop=0}
                      ; - java.lang.invoke.Invokers::checkCustomized@19
                      ; - java.lang.invoke.LambdaForm$MH/0x000000002a146c00::invokeExact_MT@15
                      ; - jdk.internal.reflect.DirectMethodHandleAccessor::invokeImpl@72
                      ; - jdk.internal.reflect.DirectMethodHandleAccessor::invoke@23
  0x00007439f8fe4c08: f4b3 ffff 

  0x00007439f8fe4c0c: ;   {post_call_nop}
  0x00007439f8fe4c0c: 0f1f 8400 | 840b 0004 | 488b 9c24 | c000 0000 | 488b 9424 | b800 0000 

  0x00007439f8fe4c24: ;   {metadata(method data for {method} {0x00007439d8b19ab0} 'invokeExact_MT' '(Ljava/lang/Object;Ljava/lang/Object;Ljava/lang/Object;Ljava/lang/Object;Ljava/lang/Object;)Ljava/lang/Object;' in 'java/lang/invoke/LambdaForm$MH+0x000000002a146c00')}
  0x00007439f8fe4c24: 48b9 209d | b1d8 3974 | 0000 488d | 89c8 0100 | 0048 85d2 | 750e f641 | 0801 7547 | f048 8349 
  0x00007439f8fe4c44: 0801 eb3f | 448b 4208 | 4d8b d04c | 3341 0849 | f7c0 fcff | ffff 742b | 41f6 c002 | 7525 48f7 
  0x00007439f8fe4c64: 4108 feff | ffff 7417 | 4d8b c24c | 3341 0849 | f7c0 fcff | ffff 740b | 4883 4908 | 02eb 044c 
  0x00007439f8fe4c84: 8941 0848 | 85db 750e | f641 1801 | 7547 f048 | 8349 1801 | eb3f 448b | 4308 4d8b | d04c 3341 
  0x00007439f8fe4ca4: 1849 f7c0 | fcff ffff | 742b 41f6 | c002 7525 | 48f7 4118 | feff ffff | 7417 4d8b | c24c 3341 
  0x00007439f8fe4cc4: 1849 f7c0 | fcff ffff | 740b 4883 | 4918 02eb | 044c 8941 | 1848 8bbc | 24c8 0000 

  0x00007439f8fe4ce0: ;   {metadata(method data for {method} {0x00007439d8b19ab0} 'invokeExact_MT' '(Ljava/lang/Object;Ljava/lang/Object;Ljava/lang/Object;Ljava/lang/Object;Ljava/lang/Object;)Ljava/lang/Object;' in 'java/lang/invoke/LambdaForm$MH+0x000000002a146c00')}
  0x00007439f8fe4ce0: 0048 b920 | 9db1 d839 | 7400 008b | 7f08 483b | b9a0 0100 | 0075 0d48 | 8381 a801 | 0000 01e9 
  0x00007439f8fe4d00: 6000 0000 | 483b b9b0 | 0100 0075 | 0d48 8381 | b801 0000 | 01e9 4a00 | 0000 4883 | b9a0 0100 
  0x00007439f8fe4d20: 0000 7517 | 4889 b9a0 | 0100 0048 | c781 a801 | 0000 0100 | 0000 e929 | 0000 0048 | 83b9 b001 
  0x00007439f8fe4d40: 0000 0075 | 1748 89b9 | b001 0000 | 48c7 81b8 | 0100 0001 | 0000 00e9 | 0800 0000 | 4883 8198 
  0x00007439f8fe4d60: 0100 0001 | 488b cb4c | 8b84 24d0 | 0000 0048 | 8bb4 24c8 

  0x00007439f8fe4d74: ;   {optimized virtual_call}
  0x00007439f8fe4d74: 0000 00e8 

  0x00007439f8fe4d78: ; ImmutableOopMap {[168]=Oop }
                      ;*invokevirtual invokeBasic {reexecute=0 rethrow=0 return_oop=0}
                      ; - java.lang.invoke.LambdaForm$MH/0x000000002a146c00::invokeExact_MT@22
                      ; - jdk.internal.reflect.DirectMethodHandleAccessor::invokeImpl@72
                      ; - jdk.internal.reflect.DirectMethodHandleAccessor::invoke@23
  0x00007439f8fe4d78: 0407 9907 

  0x00007439f8fe4d7c: ;   {post_call_nop}
  0x00007439f8fe4d7c: 0f1f 8400 | f40c 0005 

  0x00007439f8fe4d84: ;   {metadata(method data for {method} {0x00007439d8b19ab0} 'invokeExact_MT' '(Ljava/lang/Object;Ljava/lang/Object;Ljava/lang/Object;Ljava/lang/Object;Ljava/lang/Object;)Ljava/lang/Object;' in 'java/lang/invoke/LambdaForm$MH+0x000000002a146c00')}
  0x00007439f8fe4d84: 48ba 209d | b1d8 3974 | 0000 488d | 92e8 0100 | 0048 85c0 | 750c f602 | 0175 3ff0 | 4883 0a01 
  0x00007439f8fe4da4: eb38 8b48 | 084c 8bd1 | 4833 0a48 | f7c1 fcff | ffff 7426 | f6c1 0275 | 2148 f702 | feff ffff 
  0x00007439f8fe4dc4: 7415 498b | ca48 330a | 48f7 c1fc | ffff ff74 | 0948 830a | 02eb 0348 

  0x00007439f8fe4ddc: ;   {metadata(method data for {method} {0x00007439d84668e0} 'invokeImpl' '(Ljava/lang/Object;[Ljava/lang/Object;)Ljava/lang/Object;' in 'jdk/internal/reflect/DirectMethodHandleAccessor')}
  0x00007439f8fe4ddc: 890a 48ba | e028 bdd8 | 3974 0000 | 488d 9268 | 0200 0048 | 85c0 750c | f602 0175 | 3ff0 4883 
  0x00007439f8fe4dfc: 0a01 eb38 | 8b48 084c | 8bd1 4833 | 0a48 f7c1 | fcff ffff | 7426 f6c1 | 0275 2148 | f702 feff 
  0x00007439f8fe4e1c: ffff 7415 | 498b ca48 | 330a 48f7 | c1fc ffff | ff74 0948 | 830a 02eb | 0348 890a 

  0x00007439f8fe4e38: ;   {metadata(method data for {method} {0x00007439d84668e0} 'invokeImpl' '(Ljava/lang/Object;[Ljava/lang/Object;)Ljava/lang/Object;' in 'jdk/internal/reflect/DirectMethodHandleAccessor')}
  0x00007439f8fe4e38: 48ba e028 | bdd8 3974 | 0000 ff82 | 7802 0000 | 4881 c420 | 0100 005d 

  0x00007439f8fe4e50: ;   {poll_return}
  0x00007439f8fe4e50: 493b 6728 | 0f87 ae0c | 0000 c348 | 8b8c 24b0 | 0000 0048 | 8b94 24b8 | 0000 008b | 7e18 8379 
  0x00007439f8fe4e70: 0c00 0f86 | b00c 0000 | 8b49 100f | 1f44 0000 

  0x00007439f8fe4e80: ;   {oop(a 'java/lang/invoke/MethodType'{0x00000000c01400d8} = (Ljava/lang/Object;Ljava/lang/Object;)Ljava/lang/Object;)}
  0x00007439f8fe4e80: 49b8 d800 | 14c0 0000 | 0000 483b 

  0x00007439f8fe4e8c: ;   {metadata(method data for {method} {0x00007439d84668e0} 'invokeImpl' '(Ljava/lang/Object;[Ljava/lang/Object;)Ljava/lang/Object;' in 'jdk/internal/reflect/DirectMethodHandleAccessor')}
  0x00007439f8fe4e8c: 0748 bbe0 | 28bd d839 | 7400 0048 | 8d9b d001 | 0000 4885 | d275 0ef6 | 4308 0175 | 42f0 4883 
  0x00007439f8fe4eac: 4b08 01eb | 3a8b 4208 | 4c8b d048 | 3343 0848 | a9fc ffff | ff74 28a8 | 0275 2448 | f743 08fe 
  0x00007439f8fe4ecc: ffff ff74 | 1649 8bc2 | 4833 4308 | 48a9 fcff | ffff 740b | 4883 4b08 | 02eb 0448 | 8943 0848 
  0x00007439f8fe4eec: 85c9 750e | f643 1801 | 7542 f048 | 834b 1801 | eb3a 8b41 | 084c 8bd0 | 4833 4318 | 48a9 fcff 
  0x00007439f8fe4f0c: ffff 7428 | a802 7524 | 48f7 4318 | feff ffff | 7416 498b | c248 3343 | 1848 a9fc | ffff ff74 
  0x00007439f8fe4f2c: 0b48 834b | 1802 eb04 | 4889 4318 

  0x00007439f8fe4f38: ;   {metadata(method data for {method} {0x00007439d84668e0} 'invokeImpl' '(Ljava/lang/Object;[Ljava/lang/Object;)Ljava/lang/Object;' in 'jdk/internal/reflect/DirectMethodHandleAccessor')}
  0x00007439f8fe4f38: 488b df48 | b8e0 28bd | d839 7400 | 008b 5b08 | 483b 98a8 | 0100 0075 | 0d48 8380 | b001 0000 
  0x00007439f8fe4f58: 01e9 6000 | 0000 483b | 98b8 0100 | 0075 0d48 | 8380 c001 | 0000 01e9 | 4a00 0000 | 4883 b8a8 
  0x00007439f8fe4f78: 0100 0000 | 7517 4889 | 98a8 0100 | 0048 c780 | b001 0000 | 0100 0000 | e929 0000 | 0048 83b8 
  0x00007439f8fe4f98: b801 0000 | 0075 1748 | 8998 b801 | 0000 48c7 | 80c0 0100 | 0001 0000 | 00e9 0800 | 0000 4883 
  0x00007439f8fe4fb8: 80a0 0100 | 0001 488b | f766 0f1f 

  0x00007439f8fe4fc4: ;   {optimized virtual_call}
  0x00007439f8fe4fc4: 4400 00e8 

  0x00007439f8fe4fc8: ; ImmutableOopMap {[168]=Oop }
                      ;*invokevirtual invokeExact {reexecute=0 rethrow=0 return_oop=0}
                      ; - jdk.internal.reflect.DirectMethodHandleAccessor::invokeImpl@55
                      ; - jdk.internal.reflect.DirectMethodHandleAccessor::invoke@23
  0x00007439f8fe4fc8: b10d 0000 

  0x00007439f8fe4fcc: ;   {post_call_nop}
  0x00007439f8fe4fcc: 0f1f 8400 | 440f 0006 

  0x00007439f8fe4fd4: ;   {metadata(method data for {method} {0x00007439d84668e0} 'invokeImpl' '(Ljava/lang/Object;[Ljava/lang/Object;)Ljava/lang/Object;' in 'jdk/internal/reflect/DirectMethodHandleAccessor')}
  0x00007439f8fe4fd4: 48be e028 | bdd8 3974 | 0000 488d | b6f0 0100 | 0048 85c0 | 750c f606 | 0175 40f0 | 4883 0e01 
  0x00007439f8fe4ff4: eb39 8b78 | 084c 8bd7 | 4833 3e48 | f7c7 fcff | ffff 7427 | 40f6 c702 | 7521 48f7 | 06fe ffff 
  0x00007439f8fe5014: ff74 1549 | 8bfa 4833 | 3e48 f7c7 | fcff ffff | 7409 4883 | 0e02 eb03 

  0x00007439f8fe502c: ;   {metadata(method data for {method} {0x00007439d84668e0} 'invokeImpl' '(Ljava/lang/Object;[Ljava/lang/Object;)Ljava/lang/Object;' in 'jdk/internal/reflect/DirectMethodHandleAccessor')}
  0x00007439f8fe502c: 4889 3e48 | bee0 28bd | d839 7400 | 00ff 8600 | 0200 0048 | 81c4 2001 

  0x00007439f8fe5044: ;   {poll_return}
  0x00007439f8fe5044: 0000 5d49 | 3b67 280f | 8707 0b00 | 00c3 488b | 9424 b800 | 0000 8b7e | 1848 89bc | 24d8 0000 
  0x00007439f8fe5064: ;   {metadata(method data for {method} {0x00007439d84668e0} 'invokeImpl' '(Ljava/lang/Object;[Ljava/lang/Object;)Ljava/lang/Object;' in 'jdk/internal/reflect/DirectMethodHandleAccessor')}
  0x00007439f8fe5064: 0048 bbe0 | 28bd d839 | 7400 0048 | 8d9b 6801 | 0000 4885 | d275 0cf6 | 4308 0175 | 06f0 4883 
  0x00007439f8fe5084: ;   {metadata(method data for {method} {0x00007439d83c1c08} 'invokeExact_MT' '(Ljava/lang/Object;Ljava/lang/Object;Ljava/lang/Object;)Ljava/lang/Object;' in 'java/lang/invoke/Invokers$Holder')}
  0x00007439f8fe5084: 4b08 0148 | bb98 2cbd | d839 7400 | 0048 8d9b | 5002 0000 | 4885 ff75 | 0af6 0301 | 7505 f048 
  0x00007439f8fe50a4: 830b 0148 | 85d2 750c | f643 1001 | 7506 f048 | 834b 1001 

  0x00007439f8fe50b8: ;   {metadata(method data for {method} {0x00007439d84668e0} 'invokeImpl' '(Ljava/lang/Object;[Ljava/lang/Object;)Ljava/lang/Object;' in 'jdk/internal/reflect/DirectMethodHandleAccessor')}
  0x00007439f8fe50b8: 48bb e028 | bdd8 3974 | 0000 4883 | 8338 0100 

  0x00007439f8fe50c8: ;   {metadata(method data for {method} {0x00007439d83c1c08} 'invokeExact_MT' '(Ljava/lang/Object;Ljava/lang/Object;Ljava/lang/Object;)Ljava/lang/Object;' in 'java/lang/invoke/Invokers$Holder')}
  0x00007439f8fe50c8: 0001 48bb | 982c bdd8 | 3974 0000 | 8b83 9000 | 0000 83c0 | 0289 8390 | 0000 0025 | feff 1f00 
  0x00007439f8fe50e8: 85c0 0f84 | 7e0a 0000 

  0x00007439f8fe50f0: ;   {metadata(method data for {method} {0x00007439d83c1c08} 'invokeExact_MT' '(Ljava/lang/Object;Ljava/lang/Object;Ljava/lang/Object;)Ljava/lang/Object;' in 'java/lang/invoke/Invokers$Holder')}
  0x00007439f8fe50f0: 48bb 982c | bdd8 3974 | 0000 488d | 9b48 0100 | 0048 85ff | 750c f643 | 0801 7506 | f048 834b 
  0x00007439f8fe5110: ;   {metadata(method data for {method} {0x00007439d83c1c08} 'invokeExact_MT' '(Ljava/lang/Object;Ljava/lang/Object;Ljava/lang/Object;)Ljava/lang/Object;' in 'java/lang/invoke/Invokers$Holder')}
  0x00007439f8fe5110: 0801 48bb | 982c bdd8 | 3974 0000 | 4883 8338 | 0100 0001 

  0x00007439f8fe5124: ;   {metadata(method data for {method} {0x00007439d836a380} 'checkExactType' '(Ljava/lang/invoke/MethodHandle;Ljava/lang/invoke/MethodType;)V' in 'java/lang/invoke/Invokers')}
  0x00007439f8fe5124: 48bb 0840 | bcd8 3974 | 0000 8b83 | 9000 0000 | 83c0 0289 | 8390 0000 | 0025 feff | 1f00 85c0 
  0x00007439f8fe5144: 0f84 450a | 0000 483b | 0748 8bdf 

  0x00007439f8fe5150: ;   {metadata(method data for {method} {0x00007439d836a380} 'checkExactType' '(Ljava/lang/invoke/MethodHandle;Ljava/lang/invoke/MethodType;)V' in 'java/lang/invoke/Invokers')}
  0x00007439f8fe5150: 48b8 0840 | bcd8 3974 | 0000 8b5b | 0848 3b98 | e000 0000 | 750d 4883 | 80e8 0000 | 0001 e960 
  0x00007439f8fe5170: 0000 0048 | 3b98 f000 | 0000 750d | 4883 80f8 | 0000 0001 | e94a 0000 | 0048 83b8 | e000 0000 
  0x00007439f8fe5190: 0075 1748 | 8998 e000 | 0000 48c7 | 80e8 0000 | 0001 0000 | 00e9 2900 | 0000 4883 | b8f0 0000 
  0x00007439f8fe51b0: 0000 7517 | 4889 98f0 | 0000 0048 | c780 f800 | 0000 0100 | 0000 e908 | 0000 0048 | 8380 d800 
  0x00007439f8fe51d0: 0000 018b 

  0x00007439f8fe51d4: ;   {oop(a 'java/lang/invoke/MethodType'{0x00000000c012e590} = (Ljava/lang/Object;)Ljava/lang/Object;)}
  0x00007439f8fe51d4: 5f10 48b8 | 90e5 12c0 | 0000 0000 

  0x00007439f8fe51e0: ;   {metadata(method data for {method} {0x00007439d836a380} 'checkExactType' '(Ljava/lang/invoke/MethodHandle;Ljava/lang/invoke/MethodType;)V' in 'java/lang/invoke/Invokers')}
  0x00007439f8fe51e0: 483b d848 | b808 40bc | d839 7400 | 00b9 1801 | 0000 7505 | b908 0100 | 004c 8b04 | 084d 8d40 
  0x00007439f8fe5200: 014c 8904 | 080f 850c 

  0x00007439f8fe5208: ;   {metadata(method data for {method} {0x00007439d83c1c08} 'invokeExact_MT' '(Ljava/lang/Object;Ljava/lang/Object;Ljava/lang/Object;)Ljava/lang/Object;' in 'java/lang/invoke/Invokers$Holder')}
  0x00007439f8fe5208: 0200 0048 | bb98 2cbd | d839 7400 | 0048 8383 | 7001 0000 

  0x00007439f8fe521c: ;   {metadata(method data for {method} {0x00007439d836a9c8} 'checkCustomized' '(Ljava/lang/invoke/MethodHandle;)V' in 'java/lang/invoke/Invokers')}
  0x00007439f8fe521c: 0148 bba0 | 3dbc d839 | 7400 008b | 8390 0000 | 0083 c002 | 8983 9000 | 0000 25fe | ff1f 0085 
  0x00007439f8fe523c: c00f 8472 

  0x00007439f8fe5240: ;   {metadata(method data for {method} {0x00007439d836a9c8} 'checkCustomized' '(Ljava/lang/invoke/MethodHandle;)V' in 'java/lang/invoke/Invokers')}
  0x00007439f8fe5240: 0900 0048 | bba0 3dbc | d839 7400 | 0048 8383 | d800 0000 

  0x00007439f8fe5254: ;   {metadata(method data for {method} {0x00007439d808fb80} 'isCompileConstant' '(Ljava/lang/Object;)Z' in 'java/lang/invoke/MethodHandleImpl')}
  0x00007439f8fe5254: 0148 bb18 | 3fbc d839 | 7400 008b | 8390 0000 | 0083 c002 | 8983 9000 | 0000 25fe | ff1f 0085 
  0x00007439f8fe5274: c00f 845b 

  0x00007439f8fe5278: ;   {metadata(method data for {method} {0x00007439d836a9c8} 'checkCustomized' '(Ljava/lang/invoke/MethodHandle;)V' in 'java/lang/invoke/Invokers')}
  0x00007439f8fe5278: 0900 0048 | bba0 3dbc | d839 7400 | 00ff 83e8 | 0000 008b | 5f14 8b5b | 1c48 85db 

  0x00007439f8fe5294: ;   {metadata(method data for {method} {0x00007439d836a9c8} 'checkCustomized' '(Ljava/lang/invoke/MethodHandle;)V' in 'java/lang/invoke/Invokers')}
  0x00007439f8fe5294: 48bb a03d | bcd8 3974 | 0000 b808 | 0100 0075 | 05b8 1801 | 0000 488b | 0c03 488d | 4901 4889 
  0x00007439f8fe52b4: 0c03 0f85 | 2800 0000 

  0x00007439f8fe52bc: ;   {metadata(method data for {method} {0x00007439d836a9c8} 'checkCustomized' '(Ljava/lang/invoke/MethodHandle;)V' in 'java/lang/invoke/Invokers')}
  0x00007439f8fe52bc: 48bb a03d | bcd8 3974 | 0000 4883 | 8328 0100 | 0001 488b | f766 0f1f 

  0x00007439f8fe52d4: ;   {static_call}
  0x00007439f8fe52d4: 4400 00e8 

  0x00007439f8fe52d8: ; ImmutableOopMap {[168]=Oop [184]=Oop [216]=Oop }
                      ;*invokestatic maybeCustomize {reexecute=0 rethrow=0 return_oop=0}
                      ; - java.lang.invoke.Invokers::checkCustomized@19
                      ; - java.lang.invoke.Invokers$Holder::invokeExact_MT@14
                      ; - jdk.internal.reflect.DirectMethodHandleAccessor::invokeImpl@41
                      ; - jdk.internal.reflect.DirectMethodHandleAccessor::invoke@23
  0x00007439f8fe52d8: 24ad ffff 

  0x00007439f8fe52dc: ;   {post_call_nop}
  0x00007439f8fe52dc: 0f1f 8400 | 5412 0007 | 488b 9424 | b800 0000 

  0x00007439f8fe52ec: ;   {metadata(method data for {method} {0x00007439d83c1c08} 'invokeExact_MT' '(Ljava/lang/Object;Ljava/lang/Object;Ljava/lang/Object;)Ljava/lang/Object;' in 'java/lang/invoke/Invokers$Holder')}
  0x00007439f8fe52ec: 48be 982c | bdd8 3974 | 0000 488d | b6c8 0100 | 0048 85d2 | 750c f646 | 0801 7506 | f048 834e 
  0x00007439f8fe530c: 0801 488b | bc24 d800 

  0x00007439f8fe5314: ;   {metadata(method data for {method} {0x00007439d83c1c08} 'invokeExact_MT' '(Ljava/lang/Object;Ljava/lang/Object;Ljava/lang/Object;)Ljava/lang/Object;' in 'java/lang/invoke/Invokers$Holder')}
  0x00007439f8fe5314: 0000 48be | 982c bdd8 | 3974 0000 | 8b7f 0848 | 3bbe a001 | 0000 750d | 4883 86a8 | 0100 0001 
  0x00007439f8fe5334: e960 0000 | 0048 3bbe | b001 0000 | 750d 4883 | 86b8 0100 | 0001 e94a | 0000 0048 | 83be a001 
  0x00007439f8fe5354: 0000 0075 | 1748 89be | a001 0000 | 48c7 86a8 | 0100 0001 | 0000 00e9 | 2900 0000 | 4883 beb0 
  0x00007439f8fe5374: 0100 0000 | 7517 4889 | beb0 0100 | 0048 c786 | b801 0000 | 0100 0000 | e908 0000 | 0048 8386 
  0x00007439f8fe5394: 9801 0000 | 0148 8bb4 | 24d8 0000 | 0066 0f1f 

  0x00007439f8fe53a4: ;   {optimized virtual_call}
  0x00007439f8fe53a4: 4400 00e8 

  0x00007439f8fe53a8: ; ImmutableOopMap {[168]=Oop }
                      ;*invokevirtual invokeBasic {reexecute=0 rethrow=0 return_oop=0}
                      ; - java.lang.invoke.Invokers$Holder::invokeExact_MT@19
                      ; - jdk.internal.reflect.DirectMethodHandleAccessor::invokeImpl@41
                      ; - jdk.internal.reflect.DirectMethodHandleAccessor::invoke@23
  0x00007439f8fe53a8: d4e8 9707 

  0x00007439f8fe53ac: ;   {post_call_nop}
  0x00007439f8fe53ac: 0f1f 8400 | 2413 0008 

  0x00007439f8fe53b4: ;   {metadata(method data for {method} {0x00007439d83c1c08} 'invokeExact_MT' '(Ljava/lang/Object;Ljava/lang/Object;Ljava/lang/Object;)Ljava/lang/Object;' in 'java/lang/invoke/Invokers$Holder')}
  0x00007439f8fe53b4: 48be 982c | bdd8 3974 | 0000 488d | b6d8 0100 | 0048 85c0 | 750a f606 | 0175 05f0 | 4883 0e01 
  0x00007439f8fe53d4: ;   {metadata(method data for {method} {0x00007439d84668e0} 'invokeImpl' '(Ljava/lang/Object;[Ljava/lang/Object;)Ljava/lang/Object;' in 'jdk/internal/reflect/DirectMethodHandleAccessor')}
  0x00007439f8fe53d4: 48be e028 | bdd8 3974 | 0000 488d | b678 0100 | 0048 85c0 | 750a f606 | 0175 05f0 | 4883 0e01 
  0x00007439f8fe53f4: ;   {metadata(method data for {method} {0x00007439d84668e0} 'invokeImpl' '(Ljava/lang/Object;[Ljava/lang/Object;)Ljava/lang/Object;' in 'jdk/internal/reflect/DirectMethodHandleAccessor')}
  0x00007439f8fe53f4: 48be e028 | bdd8 3974 | 0000 ff86 | 8801 0000 | 4881 c420 | 0100 005d 

  0x00007439f8fe540c: ;   {poll_return}
  0x00007439f8fe540c: 493b 6728 | 0f87 e607 

  0x00007439f8fe5414: ;   {metadata(method data for {method} {0x00007439d836a380} 'checkExactType' '(Ljava/lang/invoke/MethodHandle;Ljava/lang/invoke/MethodType;)V' in 'java/lang/invoke/Invokers')}
  0x00007439f8fe5414: 0000 c348 | be08 40bc | d839 7400 | 0048 8386 | 2801 0000 

  0x00007439f8fe5428: ;   {oop(a 'java/lang/invoke/MethodType'{0x00000000c012e590} = (Ljava/lang/Object;)Ljava/lang/Object;)}
  0x00007439f8fe5428: 0148 b890 | e512 c000 | 0000 0048 | 8bf3 488b | d066 0f1f 

  0x00007439f8fe543c: ;   {static_call}
  0x00007439f8fe543c: 4400 00e8 

  0x00007439f8fe5440: ; ImmutableOopMap {[168]=Oop [184]=Oop [216]=Oop }
                      ;*invokestatic newWrongMethodTypeException {reexecute=0 rethrow=0 return_oop=0}
                      ; - java.lang.invoke.Invokers::checkExactType@12
                      ; - java.lang.invoke.Invokers$Holder::invokeExact_MT@10
                      ; - jdk.internal.reflect.DirectMethodHandleAccessor::invokeImpl@41
                      ; - jdk.internal.reflect.DirectMethodHandleAccessor::invoke@23
  0x00007439f8fe5440: 9c88 4307 

  0x00007439f8fe5444: ;   {post_call_nop}
  0x00007439f8fe5444: 0f1f 8400 | bc13 0009 

  0x00007439f8fe544c: ; implicit exception: dispatches to 0x00007439f8fe5c12
                      ; ImmutableOopMap {rax=Oop [168]=Oop [184]=Oop [216]=Oop }
                      ;*athrow {reexecute=1 rethrow=0 return_oop=0}
                      ; - (reexecute) java.lang.invoke.Invokers::checkExactType@15
                      ; - java.lang.invoke.Invokers$Holder::invokeExact_MT@10
                      ; - jdk.internal.reflect.DirectMethodHandleAccessor::invokeImpl@41
                      ; - jdk.internal.reflect.DirectMethodHandleAccessor::invoke@23
                      ;   {section_word}
  0x00007439f8fe544c: 483b 0048 | ba4f 54fe | f839 7400 

  0x00007439f8fe5458: ;   {runtime_call C1 Runtime handle_exception_nofpu_blob}
  0x00007439f8fe5458: 00e8 823f 

  0x00007439f8fe545c: ;   {metadata(method data for {method} {0x00007439d836a380} 'checkExactType' '(Ljava/lang/invoke/MethodHandle;Ljava/lang/invoke/MethodType;)V' in 'java/lang/invoke/Invokers')}
  0x00007439f8fe545c: 5007 9048 | be08 40bc | d839 7400 | 0048 8386 | 2801 0000 

  0x00007439f8fe5470: ;   {oop(a 'java/lang/invoke/MethodType'{0x00000000c0150320} = (Ljava/lang/Object;Ljava/lang/Object;Ljava/lang/Object;)Ljava/lang/Object;)}
  0x00007439f8fe5470: 0149 b820 | 0315 c000 | 0000 0048 | 8bf1 498b | d066 0f1f 

  0x00007439f8fe5484: ;   {static_call}
  0x00007439f8fe5484: 4400 00e8 

  0x00007439f8fe5488: ; ImmutableOopMap {[168]=Oop [184]=Oop [192]=Oop [200]=Oop [208]=Oop }
                      ;*invokestatic newWrongMethodTypeException {reexecute=0 rethrow=0 return_oop=0}
                      ; - java.lang.invoke.Invokers::checkExactType@12
                      ; - java.lang.invoke.LambdaForm$MH/0x000000002a146c00::invokeExact_MT@11
                      ; - jdk.internal.reflect.DirectMethodHandleAccessor::invokeImpl@72
                      ; - jdk.internal.reflect.DirectMethodHandleAccessor::invoke@23
  0x00007439f8fe5488: 5488 4307 

  0x00007439f8fe548c: ;   {post_call_nop}
  0x00007439f8fe548c: 0f1f 8400 | 0414 000b 

  0x00007439f8fe5494: ; implicit exception: dispatches to 0x00007439f8fe5c17
                      ; ImmutableOopMap {rax=Oop [168]=Oop [184]=Oop [192]=Oop [200]=Oop [208]=Oop }
                      ;*athrow {reexecute=1 rethrow=0 return_oop=0}
                      ; - (reexecute) java.lang.invoke.Invokers::checkExactType@15
                      ; - java.lang.invoke.LambdaForm$MH/0x000000002a146c00::invokeExact_MT@11
                      ; - jdk.internal.reflect.DirectMethodHandleAccessor::invokeImpl@72
                      ; - jdk.internal.reflect.DirectMethodHandleAccessor::invoke@23
                      ;   {section_word}
  0x00007439f8fe5494: 483b 0048 | ba97 54fe | f839 7400 

  0x00007439f8fe54a0: ;   {runtime_call C1 Runtime handle_exception_nofpu_blob}
  0x00007439f8fe54a0: 00e8 3a3f | 5007 9049 | 8b87 e005 | 0000 4d33 | d24d 8997 | e005 0000 | 4d33 d24d | 8997 e805 
  0x00007439f8fe54c0: 0000 488b | b424 a800 

  0x00007439f8fe54c8: ;   {metadata(method data for {method} {0x00007439d8466608} 'invoke' '(Ljava/lang/Object;[Ljava/lang/Object;)Ljava/lang/Object;' in 'jdk/internal/reflect/DirectMethodHandleAccessor')}
  0x00007439f8fe54c8: 0000 48ba | 2822 bdd8 | 3974 0000 | 4883 8208 | 0200 0001 

  0x00007439f8fe54dc: ;   {metadata(method data for {method} {0x00007439d8466c78} 'isIllegalArgument' '(Ljava/lang/RuntimeException;)Z' in 'jdk/internal/reflect/DirectMethodHandleAccessor')}
  0x00007439f8fe54dc: 48be 0873 | bdd8 3974 | 0000 8b96 | 9000 0000 | 83c2 0289 | 9690 0000 | 0081 e2fe | ff1f 0085 
  0x00007439f8fe54fc: d20f 8419 

  0x00007439f8fe5500: ;   {oop(a 'java/lang/Class'{0x00000000c02ce1c0} = 'jdk/internal/reflect/DirectMethodHandleAccessor')}
  0x00007439f8fe5500: 0700 0048 | bec0 e12c | c000 0000 | 0048 8bd0 | 4889 8424 | e000 0000 | 0f1f 8000 

  0x00007439f8fe551c: ;   {static_call}
  0x00007439f8fe551c: 0000 00e8 

  0x00007439f8fe5520: ; ImmutableOopMap {[224]=Oop }
                      ;*invokestatic isIllegalArgument {reexecute=0 rethrow=0 return_oop=0}
                      ; - jdk.internal.reflect.DirectMethodHandleAccessor::isIllegalArgument@3
                      ; - jdk.internal.reflect.DirectMethodHandleAccessor::invoke@58
  0x00007439f8fe5520: bc87 4307 

  0x00007439f8fe5524: ;   {post_call_nop}
  0x00007439f8fe5524: 0f1f 8400 | 9c14 000d | 83e0 0185 

  0x00007439f8fe5530: ;   {metadata(method data for {method} {0x00007439d8466608} 'invoke' '(Ljava/lang/Object;[Ljava/lang/Object;)Ljava/lang/Object;' in 'jdk/internal/reflect/DirectMethodHandleAccessor')}
  0x00007439f8fe5530: c048 b828 | 22bd d839 | 7400 00be | 3802 0000 | 7405 be48 | 0200 0048 | 8b14 3048 | 8d52 0148 
  0x00007439f8fe5550: 8914 300f | 8488 0200 | 00e9 eb01 | 0000 488b | b424 a800 | 0000 498b | 87e0 0500 | 004d 33d2 
  0x00007439f8fe5570: 4d89 97e0 | 0500 004d | 33d2 4d89 | 97e8 0500 

  0x00007439f8fe5580: ;   {metadata(method data for {method} {0x00007439d8466608} 'invoke' '(Ljava/lang/Object;[Ljava/lang/Object;)Ljava/lang/Object;' in 'jdk/internal/reflect/DirectMethodHandleAccessor')}
  0x00007439f8fe5580: 0048 ba28 | 22bd d839 | 7400 0048 | 8382 9801 

  0x00007439f8fe5590: ;   {metadata(method data for {method} {0x00007439d8466c78} 'isIllegalArgument' '(Ljava/lang/RuntimeException;)Z' in 'jdk/internal/reflect/DirectMethodHandleAccessor')}
  0x00007439f8fe5590: 0000 0148 | be08 73bd | d839 7400 | 008b 9690 | 0000 0083 | c202 8996 | 9000 0000 | 81e2 feff 
  0x00007439f8fe55b0: 1f00 85d2 | 0f84 8306 

  0x00007439f8fe55b8: ;   {oop(a 'java/lang/Class'{0x00000000c02ce1c0} = 'jdk/internal/reflect/DirectMethodHandleAccessor')}
  0x00007439f8fe55b8: 0000 48be | c0e1 2cc0 | 0000 0000 | 488b d048 | 8984 24e8 

  0x00007439f8fe55cc: ;   {static_call}
  0x00007439f8fe55cc: 0000 00e8 

  0x00007439f8fe55d0: ; ImmutableOopMap {[232]=Oop }
                      ;*invokestatic isIllegalArgument {reexecute=0 rethrow=0 return_oop=0}
                      ; - jdk.internal.reflect.DirectMethodHandleAccessor::isIllegalArgument@3
                      ; - jdk.internal.reflect.DirectMethodHandleAccessor::invoke@30
  0x00007439f8fe55d0: 0c87 4307 

  0x00007439f8fe55d4: ;   {post_call_nop}
  0x00007439f8fe55d4: 0f1f 8400 | 4c15 000e | 83e0 0185 

  0x00007439f8fe55e0: ;   {metadata(method data for {method} {0x00007439d8466608} 'invoke' '(Ljava/lang/Object;[Ljava/lang/Object;)Ljava/lang/Object;' in 'jdk/internal/reflect/DirectMethodHandleAccessor')}
  0x00007439f8fe55e0: c048 ba28 | 22bd d839 | 7400 00be | c801 0000 | 7405 bed8 | 0100 0048 | 8b3c 3248 | 8d7f 0148 
  0x00007439f8fe5600: 893c 320f | 8498 0000 | 000f 1f80 | 0000 0000 

  0x00007439f8fe5610: ;   {other}
  0x00007439f8fe5610: e958 0600 | 0000 0000 | 0000 498b | 87c8 0100 | 0048 8d78 | 2849 3bbf | d801 0000 | 0f87 4506 
  0x00007439f8fe5630: 0000 4989 | bfc8 0100 | 0048 c700 | 0100 0000 | 488b ca89 | 4808 4833 | c989 480c | 4833 c948 
  0x00007439f8fe5650: 8948 1048 | 8948 1848 | 8948 2048 

  0x00007439f8fe565c: ;   {metadata(method data for {method} {0x00007439d8466608} 'invoke' '(Ljava/lang/Object;[Ljava/lang/Object;)Ljava/lang/Object;' in 'jdk/internal/reflect/DirectMethodHandleAccessor')}
  0x00007439f8fe565c: 8bd0 48be | 2822 bdd8 | 3974 0000 | 4883 86e8 | 0100 0001 

  0x00007439f8fe5670: ;   {oop("argument type mismatch"{0x00000000c02ce250})}
  0x00007439f8fe5670: 48ba 50e2 | 2cc0 0000 | 0000 488b | f048 8984 | 24f0 0000 

  0x00007439f8fe5684: ;   {optimized virtual_call}
  0x00007439f8fe5684: 0066 90e8 

  0x00007439f8fe5688: ; ImmutableOopMap {[240]=Oop }
                      ;*invokespecial <init> {reexecute=0 rethrow=0 return_oop=0}
                      ; - jdk.internal.reflect.DirectMethodHandleAccessor::invoke@42
  0x00007439f8fe5688: 5480 4307 

  0x00007439f8fe568c: ;   {post_call_nop}
  0x00007439f8fe568c: 0f1f 8400 | 0416 000f | 488b 8424 | f000 0000 | e9a7 0600 | 0048 8b9c | 24e8 0000 | 000f 1f80 
  0x00007439f8fe56ac: 0000 0000 

  0x00007439f8fe56b0: ;   {other}
  0x00007439f8fe56b0: e9de 0500 | 0000 0000 | 0000 80ba | 3001 0000 | 040f 85db | 0500 0049 | 8b87 c801 | 0000 488d 
  0x00007439f8fe56d0: 7828 493b | bfd8 0100 | 000f 87c3 | 0500 0049 | 89bf c801 | 0000 48c7 | 0001 0000 | 0048 8bca 
  0x00007439f8fe56f0: 8948 0848 | 33c9 8948 | 0c48 33c9 | 4889 4810 | 4889 4818 | 4889 4820 

  0x00007439f8fe5708: ;   {metadata(method data for {method} {0x00007439d8466608} 'invoke' '(Ljava/lang/Object;[Ljava/lang/Object;)Ljava/lang/Object;' in 'jdk/internal/reflect/DirectMethodHandleAccessor')}
  0x00007439f8fe5708: 488b d048 | be28 22bd | d839 7400 | 0048 8386 | f801 0000 | 0148 8bd3 | 488b f048 | 8984 24f8 
  0x00007439f8fe5728: 0000 000f 

  0x00007439f8fe572c: ;   {optimized virtual_call}
  0x00007439f8fe572c: 1f40 00e8 

  0x00007439f8fe5730: ; ImmutableOopMap {[248]=Oop }
                      ;*invokespecial <init> {reexecute=0 rethrow=0 return_oop=0}
                      ; - jdk.internal.reflect.DirectMethodHandleAccessor::invoke@51
  0x00007439f8fe5730: ac7f 4307 

  0x00007439f8fe5734: ;   {post_call_nop}
  0x00007439f8fe5734: 0f1f 8400 | ac16 0010 | 488b 8424 | f800 0000 | e9ff 0500 | 000f 1f80 | 0000 0000 

  0x00007439f8fe5750: ;   {other}
  0x00007439f8fe5750: e969 0500 | 0000 0000 | 0000 498b | 87c8 0100 | 0048 8d78 | 2849 3bbf | d801 0000 | 0f87 5605 
  0x00007439f8fe5770: 0000 4989 | bfc8 0100 | 0048 c700 | 0100 0000 | 488b ca89 | 4808 4833 | c989 480c | 4833 c948 
  0x00007439f8fe5790: 8948 1048 | 8948 1848 | 8948 2048 

  0x00007439f8fe579c: ;   {metadata(method data for {method} {0x00007439d8466608} 'invoke' '(Ljava/lang/Object;[Ljava/lang/Object;)Ljava/lang/Object;' in 'jdk/internal/reflect/DirectMethodHandleAccessor')}
  0x00007439f8fe579c: 8bd0 48be | 2822 bdd8 | 3974 0000 | 4883 8658 | 0200 0001 | 488b 9424 | e000 0000 | 488b f048 
  0x00007439f8fe57bc: 8984 2400 | 0100 000f 

  0x00007439f8fe57c4: ;   {optimized virtual_call}
  0x00007439f8fe57c4: 1f40 00e8 

  0x00007439f8fe57c8: ; ImmutableOopMap {[256]=Oop }
                      ;*invokespecial <init> {reexecute=0 rethrow=0 return_oop=0}
                      ; - jdk.internal.reflect.DirectMethodHandleAccessor::invoke@69
  0x00007439f8fe57c8: 147f 4307 

  0x00007439f8fe57cc: ;   {post_call_nop}
  0x00007439f8fe57cc: 0f1f 8400 | 4417 0011 | 488b 8424 | 0001 0000 | e967 0500 | 0048 8b9c | 24e0 0000 | 000f 1f80 
  0x00007439f8fe57ec: 0000 0000 

  0x00007439f8fe57f0: ;   {other}
  0x00007439f8fe57f0: e9ef 0400 | 0000 0000 | 0000 80ba | 3001 0000 | 040f 85ec | 0400 0049 | 8b87 c801 | 0000 488d 
  0x00007439f8fe5810: 7828 493b | bfd8 0100 | 000f 87d4 | 0400 0049 | 89bf c801 | 0000 48c7 | 0001 0000 | 0048 8bca 
  0x00007439f8fe5830: 8948 0848 | 33c9 8948 | 0c48 33c9 | 4889 4810 | 4889 4818 | 4889 4820 

  0x00007439f8fe5848: ;   {metadata(method data for {method} {0x00007439d8466608} 'invoke' '(Ljava/lang/Object;[Ljava/lang/Object;)Ljava/lang/Object;' in 'jdk/internal/reflect/DirectMethodHandleAccessor')}
  0x00007439f8fe5848: 488b d048 | be28 22bd | d839 7400 | 0048 8386 | 6802 0000 | 0148 8bd3 | 488b f048 | 8984 2408 
  0x00007439f8fe5868: 0100 000f 

  0x00007439f8fe586c: ;   {optimized virtual_call}
  0x00007439f8fe586c: 1f40 00e8 

  0x00007439f8fe5870: ; ImmutableOopMap {[264]=Oop }
                      ;*invokespecial <init> {reexecute=0 rethrow=0 return_oop=0}
                      ; - jdk.internal.reflect.DirectMethodHandleAccessor::invoke@78
  0x00007439f8fe5870: 6c7e 4307 

  0x00007439f8fe5874: ;   {post_call_nop}
  0x00007439f8fe5874: 0f1f 8400 | ec17 0012 | 488b 8424 | 0801 0000 | e9bf 0400 | 0049 8b87 | e005 0000 | 4d33 d24d 
  0x00007439f8fe5894: 8997 e005 | 0000 4d33 | d24d 8997 | e805 0000 | 488b d890 

  0x00007439f8fe58a8: ;   {metadata('java/lang/reflect/InvocationTargetException')}
  0x00007439f8fe58a8: 48ba a85d | 0d2a 0000 | 0000 80ba | 3001 0000 | 040f 855f | 0400 0049 | 8b87 c801 | 0000 488d 
  0x00007439f8fe58c8: 7828 493b | bfd8 0100 | 000f 8747 | 0400 0049 | 89bf c801 | 0000 48c7 | 0001 0000 | 0048 8bca 
  0x00007439f8fe58e8: 8948 0848 | 33c9 8948 | 0c48 33c9 | 4889 4810 | 4889 4818 | 4889 4820 

  0x00007439f8fe5900: ;   {metadata(method data for {method} {0x00007439d8466608} 'invoke' '(Ljava/lang/Object;[Ljava/lang/Object;)Ljava/lang/Object;' in 'jdk/internal/reflect/DirectMethodHandleAccessor')}
  0x00007439f8fe5900: 488b d048 | be28 22bd | d839 7400 | 0048 8386 | 7802 0000 | 0148 8bd3 | 488b f048 | 8984 2410 
  0x00007439f8fe5920: 0100 000f 

  0x00007439f8fe5924: ;   {optimized virtual_call}
  0x00007439f8fe5924: 1f40 00e8 

  0x00007439f8fe5928: ; ImmutableOopMap {[272]=Oop }
                      ;*invokespecial <init> {reexecute=0 rethrow=0 return_oop=0}
                      ; - jdk.internal.reflect.DirectMethodHandleAccessor::invoke@88
  0x00007439f8fe5928: a104 0000 

  0x00007439f8fe592c: ;   {post_call_nop}
  0x00007439f8fe592c: 0f1f 8400 | a418 0013 | 488b 8424 | 1001 0000 | e907 0400 

  0x00007439f8fe5940: ;   {metadata({method} {0x00007439d8466608} 'invoke' '(Ljava/lang/Object;[Ljava/lang/Object;)Ljava/lang/Object;' in 'jdk/internal/reflect/DirectMethodHandleAccessor')}
  0x00007439f8fe5940: 0049 ba08 | 6646 d839 | 7400 004c | 8954 2408 | 48c7 0424 | ffff ffff 

  0x00007439f8fe5958: ;   {runtime_call C1 Runtime counter_overflow_blob}
  0x00007439f8fe5958: e883 7350 

  0x00007439f8fe595c: ; ImmutableOopMap {rsi=Oop rdx=Oop rcx=Oop [168]=Oop [184]=Oop }
                      ;*synchronization entry
                      ; - jdk.internal.reflect.DirectMethodHandleAccessor::invoke@-1
  0x00007439f8fe595c: 07e9 94e8 

  0x00007439f8fe5960: ;   {metadata({method} {0x00007439d8466b18} 'isStatic' '()Z' in 'jdk/internal/reflect/DirectMethodHandleAccessor')}
  0x00007439f8fe5960: ffff 49ba | 186b 46d8 | 3974 0000 | 4c89 5424 | 0848 c704 | 24ff ffff 

  0x00007439f8fe5978: ;   {runtime_call C1 Runtime counter_overflow_blob}
  0x00007439f8fe5978: ffe8 6273 

  0x00007439f8fe597c: ; ImmutableOopMap {rsi=Oop rdx=Oop rcx=Oop [168]=Oop [184]=Oop }
                      ;*synchronization entry
                      ; - jdk.internal.reflect.DirectMethodHandleAccessor::isStatic@-1
                      ; - jdk.internal.reflect.DirectMethodHandleAccessor::invoke@1
  0x00007439f8fe597c: 5007 e9af 

  0x00007439f8fe5980: ;   {metadata({method} {0x00007439d84668e0} 'invokeImpl' '(Ljava/lang/Object;[Ljava/lang/Object;)Ljava/lang/Object;' in 'jdk/internal/reflect/DirectMethodHandleAccessor')}
  0x00007439f8fe5980: e8ff ff49 | bae0 6846 | d839 7400 | 004c 8954 | 2408 48c7 | 0424 ffff 

  0x00007439f8fe5998: ;   {runtime_call C1 Runtime counter_overflow_blob}
  0x00007439f8fe5998: ffff e841 

  0x00007439f8fe599c: ; ImmutableOopMap {rsi=Oop [168]=Oop [176]=Oop [184]=Oop }
                      ;*synchronization entry
                      ; - jdk.internal.reflect.DirectMethodHandleAccessor::invokeImpl@-1
                      ; - jdk.internal.reflect.DirectMethodHandleAccessor::invoke@23
  0x00007439f8fe599c: 7350 07e9 | c4e9 ffff | 49b8 0000 | 0000 0000 | 0000 b800 

  0x00007439f8fe59b0: ;   {runtime_call C1 Runtime load_appendix_patching_blob}
  0x00007439f8fe59b0: 0f05 0ae8 

  0x00007439f8fe59b4: ; ImmutableOopMap {rsi=Oop rdx=Oop rcx=Oop rdi=Oop [168]=Oop [184]=Oop }
                      ;*invokevirtual invokeExact {reexecute=1 rethrow=0 return_oop=0}
                      ; - (reexecute) jdk.internal.reflect.DirectMethodHandleAccessor::invokeImpl@104
                      ; - jdk.internal.reflect.DirectMethodHandleAccessor::invoke@23
  0x00007439f8fe59b4: 2879 5007 | e94b eaff 

  0x00007439f8fe59bc: ;   {runtime_call C1 Runtime throw_null_pointer_exception_blob}
  0x00007439f8fe59bc: ffe8 1e22 

  0x00007439f8fe59c0: ; ImmutableOopMap {rsi=Oop rdx=Oop rcx=Oop rdi=Oop r8=Oop [168]=Oop [184]=Oop }
                      ;*invokevirtual invokeExact {reexecute=0 rethrow=0 return_oop=0}
                      ; - jdk.internal.reflect.DirectMethodHandleAccessor::invokeImpl@104
                      ; - jdk.internal.reflect.DirectMethodHandleAccessor::invoke@23
                      ;   {internal_word}
  0x00007439f8fe59c0: 5007 49ba | be45 fef8 | 3974 0000 | 4d89 9738 

  0x00007439f8fe59d0: ;   {runtime_call SafepointBlob}
  0x00007439f8fe59d0: 0500 00e9 | 889e 4307 

  0x00007439f8fe59d8: ;   {runtime_call C1 Runtime throw_null_pointer_exception_blob}
  0x00007439f8fe59d8: e803 2250 

  0x00007439f8fe59dc: ; ImmutableOopMap {rsi=Oop rdx=Oop rcx=Oop rbx=Oop [168]=Oop [184]=Oop }
                      ;*aaload {reexecute=0 rethrow=0 return_oop=0}
                      ; - jdk.internal.reflect.DirectMethodHandleAccessor::invokeImpl@85
                      ; - jdk.internal.reflect.DirectMethodHandleAccessor::invoke@23
                      ;   {runtime_call C1 Runtime throw_null_pointer_exception_blob}
  0x00007439f8fe59dc: 07e8 fe21 

  0x00007439f8fe59e0: ; ImmutableOopMap {rsi=Oop rdx=Oop rcx=Oop rbx=Oop [168]=Oop [184]=Oop }
                      ;*aaload {reexecute=0 rethrow=0 return_oop=0}
                      ; - jdk.internal.reflect.DirectMethodHandleAccessor::invokeImpl@85
                      ; - jdk.internal.reflect.DirectMethodHandleAccessor::invoke@23
  0x00007439f8fe59e0: 5007 48c7 | 0424 0000 | 0000 4889 

  0x00007439f8fe59ec: ;   {runtime_call C1 Runtime throw_range_check_failed_blob}
  0x00007439f8fe59ec: 4c24 08e8 

  0x00007439f8fe59f0: ; ImmutableOopMap {rsi=Oop rdx=Oop rcx=Oop rbx=Oop [168]=Oop [184]=Oop }
                      ;*aaload {reexecute=0 rethrow=0 return_oop=0}
                      ; - jdk.internal.reflect.DirectMethodHandleAccessor::invokeImpl@85
                      ; - jdk.internal.reflect.DirectMethodHandleAccessor::invoke@23
  0x00007439f8fe59f0: ec18 5007 | 48c7 0424 | 0100 0000 | 4889 4c24 

  0x00007439f8fe5a00: ;   {runtime_call C1 Runtime throw_range_check_failed_blob}
  0x00007439f8fe5a00: 08e8 da18 

  0x00007439f8fe5a04: ; ImmutableOopMap {rsi=Oop rdx=Oop rcx=Oop rbx=Oop r8=Oop [168]=Oop [184]=Oop }
                      ;*aaload {reexecute=0 rethrow=0 return_oop=0}
                      ; - jdk.internal.reflect.DirectMethodHandleAccessor::invokeImpl@88
                      ; - jdk.internal.reflect.DirectMethodHandleAccessor::invoke@23
  0x00007439f8fe5a04: 5007 48c7 | 0424 0200 | 0000 4889 

  0x00007439f8fe5a10: ;   {runtime_call C1 Runtime throw_range_check_failed_blob}
  0x00007439f8fe5a10: 4c24 08e8 

  0x00007439f8fe5a14: ; ImmutableOopMap {rsi=Oop rdx=Oop rcx=Oop rbx=Oop r8=Oop r9=Oop [168]=Oop [184]=Oop }
                      ;*aaload {reexecute=0 rethrow=0 return_oop=0}
                      ; - jdk.internal.reflect.DirectMethodHandleAccessor::invokeImpl@91
                      ; - jdk.internal.reflect.DirectMethodHandleAccessor::invoke@23
  0x00007439f8fe5a14: c818 5007 | 48b8 3005 | 15c0 0000 | 0000 b800 

  0x00007439f8fe5a24: ;   {runtime_call C1 Runtime load_appendix_patching_blob}
  0x00007439f8fe5a24: 0f05 0ae8 

  0x00007439f8fe5a28: ; ImmutableOopMap {rsi=Oop rdx=Oop rbx=Oop r8=Oop r9=Oop rdi=Oop [168]=Oop [184]=Oop }
                      ;*invokevirtual invokeExact {reexecute=1 rethrow=0 return_oop=0}
                      ; - (reexecute) jdk.internal.reflect.DirectMethodHandleAccessor::invokeImpl@92
                      ; - jdk.internal.reflect.DirectMethodHandleAccessor::invoke@23
  0x00007439f8fe5a28: b478 5007 | e9d7 ebff 

  0x00007439f8fe5a30: ;   {runtime_call C1 Runtime throw_null_pointer_exception_blob}
  0x00007439f8fe5a30: ffe8 aa21 

  0x00007439f8fe5a34: ; ImmutableOopMap {rsi=Oop rdx=Oop rbx=Oop r8=Oop r9=Oop rdi=Oop rax=Oop [168]=Oop [184]=Oop }
                      ;*invokevirtual invokeExact {reexecute=0 rethrow=0 return_oop=0}
                      ; - jdk.internal.reflect.DirectMethodHandleAccessor::invokeImpl@92
                      ; - jdk.internal.reflect.DirectMethodHandleAccessor::invoke@23
                      ;   {internal_word}
  0x00007439f8fe5a34: 5007 49ba | df47 fef8 | 3974 0000 | 4d89 9738 

  0x00007439f8fe5a44: ;   {runtime_call SafepointBlob}
  0x00007439f8fe5a44: 0500 00e9 | 149e 4307 

  0x00007439f8fe5a4c: ;   {runtime_call C1 Runtime throw_null_pointer_exception_blob}
  0x00007439f8fe5a4c: e88f 2150 

  0x00007439f8fe5a50: ; ImmutableOopMap {rsi=Oop rcx=Oop rdx=Oop rdi=Oop [168]=Oop [184]=Oop [200]=Oop }
                      ;*aaload {reexecute=0 rethrow=0 return_oop=0}
                      ; - jdk.internal.reflect.DirectMethodHandleAccessor::invokeImpl@68
                      ; - jdk.internal.reflect.DirectMethodHandleAccessor::invoke@23
                      ;   {runtime_call C1 Runtime throw_null_pointer_exception_blob}
  0x00007439f8fe5a50: 07e8 8a21 

  0x00007439f8fe5a54: ; ImmutableOopMap {rsi=Oop rcx=Oop rdx=Oop rdi=Oop [168]=Oop [184]=Oop [200]=Oop }
                      ;*aaload {reexecute=0 rethrow=0 return_oop=0}
                      ; - jdk.internal.reflect.DirectMethodHandleAccessor::invokeImpl@68
                      ; - jdk.internal.reflect.DirectMethodHandleAccessor::invoke@23
  0x00007439f8fe5a54: 5007 48c7 | 0424 0000 | 0000 4889 

  0x00007439f8fe5a60: ;   {runtime_call C1 Runtime throw_range_check_failed_blob}
  0x00007439f8fe5a60: 4c24 08e8 

  0x00007439f8fe5a64: ; ImmutableOopMap {rsi=Oop rcx=Oop rdx=Oop rdi=Oop [168]=Oop [184]=Oop [200]=Oop }
                      ;*aaload {reexecute=0 rethrow=0 return_oop=0}
                      ; - jdk.internal.reflect.DirectMethodHandleAccessor::invokeImpl@68
                      ; - jdk.internal.reflect.DirectMethodHandleAccessor::invoke@23
  0x00007439f8fe5a64: 7818 5007 | 48c7 0424 | 0100 0000 | 4889 4c24 

  0x00007439f8fe5a74: ;   {runtime_call C1 Runtime throw_range_check_failed_blob}
  0x00007439f8fe5a74: 08e8 6618 

  0x00007439f8fe5a78: ; ImmutableOopMap {rsi=Oop rcx=Oop rdx=Oop rdi=Oop rbx=Oop [168]=Oop [184]=Oop [192]=Oop [200]=Oop }
                      ;*aaload {reexecute=0 rethrow=0 return_oop=0}
                      ; - jdk.internal.reflect.DirectMethodHandleAccessor::invokeImpl@71
                      ; - jdk.internal.reflect.DirectMethodHandleAccessor::invoke@23
                      ;   {metadata({method} {0x00007439d8b19ab0} 'invokeExact_MT' '(Ljava/lang/Object;Ljava/lang/Object;Ljava/lang/Object;Ljava/lang/Object;Ljava/lang/Object;)Ljava/lang/Object;' in 'java/lang/invoke/LambdaForm$MH+0x000000002a146c00')}
  0x00007439f8fe5a78: 5007 49ba | b09a b1d8 | 3974 0000 | 4c89 5424 | 0848 c704 | 24ff ffff 

  0x00007439f8fe5a90: ;   {runtime_call C1 Runtime counter_overflow_blob}
  0x00007439f8fe5a90: ffe8 4a72 

  0x00007439f8fe5a94: ; ImmutableOopMap {rsi=Oop rdx=Oop rdi=Oop rbx=Oop rax=Oop [168]=Oop [184]=Oop [192]=Oop [200]=Oop [208]=Oop }
                      ;*synchronization entry
                      ; - java.lang.invoke.LambdaForm$MH/0x000000002a146c00::invokeExact_MT@-1
                      ; - jdk.internal.reflect.DirectMethodHandleAccessor::invokeImpl@72
                      ; - jdk.internal.reflect.DirectMethodHandleAccessor::invoke@23
  0x00007439f8fe5a94: 5007 e9e3 

  0x00007439f8fe5a98: ;   {metadata({method} {0x00007439d836a380} 'checkExactType' '(Ljava/lang/invoke/MethodHandle;Ljava/lang/invoke/MethodType;)V' in 'java/lang/invoke/Invokers')}
  0x00007439f8fe5a98: eeff ff49 | ba80 a336 | d839 7400 | 004c 8954 | 2408 48c7 | 0424 ffff 

  0x00007439f8fe5ab0: ;   {runtime_call C1 Runtime counter_overflow_blob}
  0x00007439f8fe5ab0: ffff e829 

  0x00007439f8fe5ab4: ; ImmutableOopMap {rsi=Oop rdx=Oop rdi=Oop rbx=Oop rax=Oop [168]=Oop [184]=Oop [192]=Oop [200]=Oop [208]=Oop }
                      ;*synchronization entry
                      ; - java.lang.invoke.Invokers::checkExactType@-1
                      ; - java.lang.invoke.LambdaForm$MH/0x000000002a146c00::invokeExact_MT@11
                      ; - jdk.internal.reflect.DirectMethodHandleAccessor::invokeImpl@72
                      ; - jdk.internal.reflect.DirectMethodHandleAccessor::invoke@23
  0x00007439f8fe5ab4: 7250 07e9 | 63ef ffff 

  0x00007439f8fe5abc: ;   {runtime_call C1 Runtime throw_null_pointer_exception_blob}
  0x00007439f8fe5abc: e81f 2150 

  0x00007439f8fe5ac0: ; ImmutableOopMap {rsi=Oop rdx=Oop rdi=Oop rbx=Oop rax=Oop [168]=Oop [184]=Oop [192]=Oop [200]=Oop [208]=Oop }
                      ;*invokevirtual type {reexecute=0 rethrow=0 return_oop=0}
                      ; - java.lang.invoke.Invokers::checkExactType@1
                      ; - java.lang.invoke.LambdaForm$MH/0x000000002a146c00::invokeExact_MT@11
                      ; - jdk.internal.reflect.DirectMethodHandleAccessor::invokeImpl@72
                      ; - jdk.internal.reflect.DirectMethodHandleAccessor::invoke@23
                      ;   {metadata({method} {0x00007439d836a9c8} 'checkCustomized' '(Ljava/lang/invoke/MethodHandle;)V' in 'java/lang/invoke/Invokers')}
  0x00007439f8fe5ac0: 0749 bac8 | a936 d839 | 7400 004c | 8954 2408 | 48c7 0424 | ffff ffff 

  0x00007439f8fe5ad8: ;   {runtime_call C1 Runtime counter_overflow_blob}
  0x00007439f8fe5ad8: e803 7250 

  0x00007439f8fe5adc: ; ImmutableOopMap {rsi=Oop rdx=Oop rdi=Oop rbx=Oop rax=Oop [168]=Oop [184]=Oop [192]=Oop [200]=Oop [208]=Oop }
                      ;*synchronization entry
                      ; - java.lang.invoke.Invokers::checkCustomized@-1
                      ; - java.lang.invoke.LambdaForm$MH/0x000000002a146c00::invokeExact_MT@15
                      ; - jdk.internal.reflect.DirectMethodHandleAccessor::invokeImpl@72
                      ; - jdk.internal.reflect.DirectMethodHandleAccessor::invoke@23
  0x00007439f8fe5adc: 07e9 8ef0 

  0x00007439f8fe5ae0: ;   {metadata({method} {0x00007439d808fb80} 'isCompileConstant' '(Ljava/lang/Object;)Z' in 'java/lang/invoke/MethodHandleImpl')}
  0x00007439f8fe5ae0: ffff 49ba | 80fb 08d8 | 3974 0000 | 4c89 5424 | 0848 c704 | 24ff ffff 

  0x00007439f8fe5af8: ;   {runtime_call C1 Runtime counter_overflow_blob}
  0x00007439f8fe5af8: ffe8 e271 

  0x00007439f8fe5afc: ; ImmutableOopMap {rsi=Oop rdx=Oop rdi=Oop rbx=Oop rax=Oop [168]=Oop [184]=Oop [192]=Oop [200]=Oop [208]=Oop }
                      ;*synchronization entry
                      ; - java.lang.invoke.MethodHandleImpl::isCompileConstant@-1
                      ; - java.lang.invoke.Invokers::checkCustomized@1
                      ; - java.lang.invoke.LambdaForm$MH/0x000000002a146c00::invokeExact_MT@15
                      ; - jdk.internal.reflect.DirectMethodHandleAccessor::invokeImpl@72
                      ; - jdk.internal.reflect.DirectMethodHandleAccessor::invoke@23
  0x00007439f8fe5afc: 5007 e9ab 

  0x00007439f8fe5b00: ;   {runtime_call C1 Runtime throw_null_pointer_exception_blob}
  0x00007439f8fe5b00: f0ff ffe8 

  0x00007439f8fe5b04: ; ImmutableOopMap {rsi=Oop rdx=Oop rdi=Oop rbx=Oop rax=Oop [168]=Oop [184]=Oop [192]=Oop [200]=Oop [208]=Oop }
                      ;*getfield customized {reexecute=1 rethrow=0 return_oop=0}
                      ; - (reexecute) java.lang.invoke.Invokers::checkCustomized@12
                      ; - java.lang.invoke.LambdaForm$MH/0x000000002a146c00::invokeExact_MT@15
                      ; - jdk.internal.reflect.DirectMethodHandleAccessor::invokeImpl@72
                      ; - jdk.internal.reflect.DirectMethodHandleAccessor::invoke@23
  0x00007439f8fe5b04: d820 5007 

  0x00007439f8fe5b08: ;   {internal_word}
  0x00007439f8fe5b08: 49ba 504e | fef8 3974 | 0000 4d89 | 9738 0500 

  0x00007439f8fe5b18: ;   {runtime_call SafepointBlob}
  0x00007439f8fe5b18: 00e9 429d 

  0x00007439f8fe5b1c: ;   {runtime_call C1 Runtime throw_null_pointer_exception_blob}
  0x00007439f8fe5b1c: 4307 e8bd 

  0x00007439f8fe5b20: ; ImmutableOopMap {rsi=Oop rcx=Oop rdx=Oop rdi=Oop [168]=Oop [184]=Oop }
                      ;*aaload {reexecute=0 rethrow=0 return_oop=0}
                      ; - jdk.internal.reflect.DirectMethodHandleAccessor::invokeImpl@54
                      ; - jdk.internal.reflect.DirectMethodHandleAccessor::invoke@23
                      ;   {runtime_call C1 Runtime throw_null_pointer_exception_blob}
  0x00007439f8fe5b20: 2050 07e8 

  0x00007439f8fe5b24: ; ImmutableOopMap {rsi=Oop rcx=Oop rdx=Oop rdi=Oop [168]=Oop [184]=Oop }
                      ;*aaload {reexecute=0 rethrow=0 return_oop=0}
                      ; - jdk.internal.reflect.DirectMethodHandleAccessor::invokeImpl@54
                      ; - jdk.internal.reflect.DirectMethodHandleAccessor::invoke@23
  0x00007439f8fe5b24: b820 5007 | 48c7 0424 | 0000 0000 | 4889 4c24 

  0x00007439f8fe5b34: ;   {runtime_call C1 Runtime throw_range_check_failed_blob}
  0x00007439f8fe5b34: 08e8 a617 

  0x00007439f8fe5b38: ; ImmutableOopMap {rsi=Oop rcx=Oop rdx=Oop rdi=Oop [168]=Oop [184]=Oop }
                      ;*aaload {reexecute=0 rethrow=0 return_oop=0}
                      ; - jdk.internal.reflect.DirectMethodHandleAccessor::invokeImpl@54
                      ; - jdk.internal.reflect.DirectMethodHandleAccessor::invoke@23
  0x00007439f8fe5b38: 5007 49b8 | 18c5 f5c3 | 0000 0000 | b800 0f05 

  0x00007439f8fe5b48: ;   {runtime_call C1 Runtime load_appendix_patching_blob}
  0x00007439f8fe5b48: 0ae8 9277 

  0x00007439f8fe5b4c: ; ImmutableOopMap {rsi=Oop rdx=Oop rdi=Oop rcx=Oop [168]=Oop [184]=Oop }
                      ;*invokevirtual invokeExact {reexecute=1 rethrow=0 return_oop=0}
                      ; - (reexecute) jdk.internal.reflect.DirectMethodHandleAccessor::invokeImpl@55
                      ; - jdk.internal.reflect.DirectMethodHandleAccessor::invoke@23
  0x00007439f8fe5b4c: 5007 e92d 

  0x00007439f8fe5b50: ;   {runtime_call C1 Runtime throw_null_pointer_exception_blob}
  0x00007439f8fe5b50: f3ff ffe8 

  0x00007439f8fe5b54: ; ImmutableOopMap {rsi=Oop rdx=Oop rdi=Oop rcx=Oop r8=Oop [168]=Oop [184]=Oop }
                      ;*invokevirtual invokeExact {reexecute=0 rethrow=0 return_oop=0}
                      ; - jdk.internal.reflect.DirectMethodHandleAccessor::invokeImpl@55
                      ; - jdk.internal.reflect.DirectMethodHandleAccessor::invoke@23
  0x00007439f8fe5b54: 8820 5007 

  0x00007439f8fe5b58: ;   {internal_word}
  0x00007439f8fe5b58: 49ba 4750 | fef8 3974 | 0000 4d89 | 9738 0500 

  0x00007439f8fe5b68: ;   {runtime_call SafepointBlob}
  0x00007439f8fe5b68: 00e9 f29c 

  0x00007439f8fe5b6c: ;   {metadata({method} {0x00007439d83c1c08} 'invokeExact_MT' '(Ljava/lang/Object;Ljava/lang/Object;Ljava/lang/Object;)Ljava/lang/Object;' in 'java/lang/invoke/Invokers$Holder')}
  0x00007439f8fe5b6c: 4307 49ba | 081c 3cd8 | 3974 0000 | 4c89 5424 | 0848 c704 | 24ff ffff 

  0x00007439f8fe5b84: ;   {runtime_call C1 Runtime counter_overflow_blob}
  0x00007439f8fe5b84: ffe8 5671 

  0x00007439f8fe5b88: ; ImmutableOopMap {rsi=Oop rdx=Oop rdi=Oop [168]=Oop [184]=Oop [216]=Oop }
                      ;*synchronization entry
                      ; - java.lang.invoke.Invokers$Holder::invokeExact_MT@-1
                      ; - jdk.internal.reflect.DirectMethodHandleAccessor::invokeImpl@41
                      ; - jdk.internal.reflect.DirectMethodHandleAccessor::invoke@23
  0x00007439f8fe5b88: 5007 e961 

  0x00007439f8fe5b8c: ;   {metadata({method} {0x00007439d836a380} 'checkExactType' '(Ljava/lang/invoke/MethodHandle;Ljava/lang/invoke/MethodType;)V' in 'java/lang/invoke/Invokers')}
  0x00007439f8fe5b8c: f5ff ff49 | ba80 a336 | d839 7400 | 004c 8954 | 2408 48c7 | 0424 ffff 

  0x00007439f8fe5ba4: ;   {runtime_call C1 Runtime counter_overflow_blob}
  0x00007439f8fe5ba4: ffff e835 

  0x00007439f8fe5ba8: ; ImmutableOopMap {rsi=Oop rdx=Oop rdi=Oop [168]=Oop [184]=Oop [216]=Oop }
                      ;*synchronization entry
                      ; - java.lang.invoke.Invokers::checkExactType@-1
                      ; - java.lang.invoke.Invokers$Holder::invokeExact_MT@10
                      ; - jdk.internal.reflect.DirectMethodHandleAccessor::invokeImpl@41
                      ; - jdk.internal.reflect.DirectMethodHandleAccessor::invoke@23
  0x00007439f8fe5ba8: 7150 07e9 | 9af5 ffff 

  0x00007439f8fe5bb0: ;   {runtime_call C1 Runtime throw_null_pointer_exception_blob}
  0x00007439f8fe5bb0: e82b 2050 

  0x00007439f8fe5bb4: ; ImmutableOopMap {rsi=Oop rdx=Oop rdi=Oop [168]=Oop [184]=Oop [216]=Oop }
                      ;*invokevirtual type {reexecute=0 rethrow=0 return_oop=0}
                      ; - java.lang.invoke.Invokers::checkExactType@1
                      ; - java.lang.invoke.Invokers$Holder::invokeExact_MT@10
                      ; - jdk.internal.reflect.DirectMethodHandleAccessor::invokeImpl@41
                      ; - jdk.internal.reflect.DirectMethodHandleAccessor::invoke@23
                      ;   {metadata({method} {0x00007439d836a9c8} 'checkCustomized' '(Ljava/lang/invoke/MethodHandle;)V' in 'java/lang/invoke/Invokers')}
  0x00007439f8fe5bb4: 0749 bac8 | a936 d839 | 7400 004c | 8954 2408 | 48c7 0424 | ffff ffff 

  0x00007439f8fe5bcc: ;   {runtime_call C1 Runtime counter_overflow_blob}
  0x00007439f8fe5bcc: e80f 7150 

  0x00007439f8fe5bd0: ; ImmutableOopMap {rsi=Oop rdx=Oop rdi=Oop [168]=Oop [184]=Oop [216]=Oop }
                      ;*synchronization entry
                      ; - java.lang.invoke.Invokers::checkCustomized@-1
                      ; - java.lang.invoke.Invokers$Holder::invokeExact_MT@14
                      ; - jdk.internal.reflect.DirectMethodHandleAccessor::invokeImpl@41
                      ; - jdk.internal.reflect.DirectMethodHandleAccessor::invoke@23
  0x00007439f8fe5bd0: 07e9 6df6 

  0x00007439f8fe5bd4: ;   {metadata({method} {0x00007439d808fb80} 'isCompileConstant' '(Ljava/lang/Object;)Z' in 'java/lang/invoke/MethodHandleImpl')}
  0x00007439f8fe5bd4: ffff 49ba | 80fb 08d8 | 3974 0000 | 4c89 5424 | 0848 c704 | 24ff ffff 

  0x00007439f8fe5bec: ;   {runtime_call C1 Runtime counter_overflow_blob}
  0x00007439f8fe5bec: ffe8 ee70 

  0x00007439f8fe5bf0: ; ImmutableOopMap {rsi=Oop rdx=Oop rdi=Oop [168]=Oop [184]=Oop [216]=Oop }
                      ;*synchronization entry
                      ; - java.lang.invoke.MethodHandleImpl::isCompileConstant@-1
                      ; - java.lang.invoke.Invokers::checkCustomized@1
                      ; - java.lang.invoke.Invokers$Holder::invokeExact_MT@14
                      ; - jdk.internal.reflect.DirectMethodHandleAccessor::invokeImpl@41
                      ; - jdk.internal.reflect.DirectMethodHandleAccessor::invoke@23
  0x00007439f8fe5bf0: 5007 e984 

  0x00007439f8fe5bf4: ;   {runtime_call C1 Runtime throw_null_pointer_exception_blob}
  0x00007439f8fe5bf4: f6ff ffe8 

  0x00007439f8fe5bf8: ; ImmutableOopMap {rsi=Oop rdx=Oop rdi=Oop [168]=Oop [184]=Oop [216]=Oop }
                      ;*getfield customized {reexecute=1 rethrow=0 return_oop=0}
                      ; - (reexecute) java.lang.invoke.Invokers::checkCustomized@12
                      ; - java.lang.invoke.Invokers$Holder::invokeExact_MT@14
                      ; - jdk.internal.reflect.DirectMethodHandleAccessor::invokeImpl@41
                      ; - jdk.internal.reflect.DirectMethodHandleAccessor::invoke@23
  0x00007439f8fe5bf8: e41f 5007 

  0x00007439f8fe5bfc: ;   {internal_word}
  0x00007439f8fe5bfc: 49ba 0c54 | fef8 3974 | 0000 4d89 | 9738 0500 

  0x00007439f8fe5c0c: ;   {runtime_call SafepointBlob}
  0x00007439f8fe5c0c: 00e9 4e9c 

  0x00007439f8fe5c10: ;   {runtime_call C1 Runtime throw_null_pointer_exception_blob}
  0x00007439f8fe5c10: 4307 e8c9 

  0x00007439f8fe5c14: ; ImmutableOopMap {rax=Oop [168]=Oop [184]=Oop [216]=Oop }
                      ;*athrow {reexecute=1 rethrow=0 return_oop=0}
                      ; - (reexecute) java.lang.invoke.Invokers::checkExactType@15
                      ; - java.lang.invoke.Invokers$Holder::invokeExact_MT@10
                      ; - jdk.internal.reflect.DirectMethodHandleAccessor::invokeImpl@41
                      ; - jdk.internal.reflect.DirectMethodHandleAccessor::invoke@23
                      ;   {runtime_call C1 Runtime throw_null_pointer_exception_blob}
  0x00007439f8fe5c14: 1f50 07e8 

  0x00007439f8fe5c18: ; ImmutableOopMap {rax=Oop [168]=Oop [184]=Oop [192]=Oop [200]=Oop [208]=Oop }
                      ;*athrow {reexecute=1 rethrow=0 return_oop=0}
                      ; - (reexecute) java.lang.invoke.Invokers::checkExactType@15
                      ; - java.lang.invoke.LambdaForm$MH/0x000000002a146c00::invokeExact_MT@11
                      ; - jdk.internal.reflect.DirectMethodHandleAccessor::invokeImpl@72
                      ; - jdk.internal.reflect.DirectMethodHandleAccessor::invoke@23
  0x00007439f8fe5c18: c41f 5007 

  0x00007439f8fe5c1c: ;   {metadata({method} {0x00007439d8466c78} 'isIllegalArgument' '(Ljava/lang/RuntimeException;)Z' in 'jdk/internal/reflect/DirectMethodHandleAccessor')}
  0x00007439f8fe5c1c: 49ba 786c | 46d8 3974 | 0000 4c89 | 5424 0848 | c704 24ff 

  0x00007439f8fe5c30: ;   {runtime_call C1 Runtime counter_overflow_blob}
  0x00007439f8fe5c30: ffff ffe8 

  0x00007439f8fe5c34: ; ImmutableOopMap {rax=Oop }
                      ;*synchronization entry
                      ; - jdk.internal.reflect.DirectMethodHandleAccessor::isIllegalArgument@-1
                      ; - jdk.internal.reflect.DirectMethodHandleAccessor::invoke@58
  0x00007439f8fe5c34: a870 5007 | e9c6 f8ff 

  0x00007439f8fe5c3c: ;   {metadata({method} {0x00007439d8466c78} 'isIllegalArgument' '(Ljava/lang/RuntimeException;)Z' in 'jdk/internal/reflect/DirectMethodHandleAccessor')}
  0x00007439f8fe5c3c: ff49 ba78 | 6c46 d839 | 7400 004c | 8954 2408 | 48c7 0424 | ffff ffff 

  0x00007439f8fe5c54: ;   {runtime_call C1 Runtime counter_overflow_blob}
  0x00007439f8fe5c54: e887 7050 

  0x00007439f8fe5c58: ; ImmutableOopMap {rax=Oop }
                      ;*synchronization entry
                      ; - jdk.internal.reflect.DirectMethodHandleAccessor::isIllegalArgument@-1
                      ; - jdk.internal.reflect.DirectMethodHandleAccessor::invoke@30
  0x00007439f8fe5c58: 07e9 5cf9 

  0x00007439f8fe5c5c: ;   {metadata(nullptr)}
  0x00007439f8fe5c5c: ffff 48ba | 0000 0000 | 0000 0000 | b800 0f05 

  0x00007439f8fe5c6c: ;   {runtime_call C1 Runtime load_klass_patching_blob}
  0x00007439f8fe5c6c: 0ae8 6e62 

  0x00007439f8fe5c70: ; ImmutableOopMap {}
                      ;*new {reexecute=1 rethrow=0 return_oop=0}
                      ; - (reexecute) jdk.internal.reflect.DirectMethodHandleAccessor::invoke@36
  0x00007439f8fe5c70: 5007 e999 | f9ff ff48 

  0x00007439f8fe5c78: ;   {runtime_call C1 Runtime fast_new_instance_blob}
  0x00007439f8fe5c78: 8bd2 e861 

  0x00007439f8fe5c7c: ; ImmutableOopMap {}
                      ;*new {reexecute=0 rethrow=0 return_oop=0}
                      ; - jdk.internal.reflect.DirectMethodHandleAccessor::invoke@36
  0x00007439f8fe5c7c: 2850 07e9 | d7f9 ffff 

  0x00007439f8fe5c84: ;   {metadata(nullptr)}
  0x00007439f8fe5c84: 48ba 0000 | 0000 0000 | 0000 b800 

  0x00007439f8fe5c90: ;   {runtime_call C1 Runtime load_klass_patching_blob}
  0x00007439f8fe5c90: 0f05 0ae8 

  0x00007439f8fe5c94: ; ImmutableOopMap {rbx=Oop }
                      ;*new {reexecute=1 rethrow=0 return_oop=0}
                      ; - (reexecute) jdk.internal.reflect.DirectMethodHandleAccessor::invoke@46
  0x00007439f8fe5c94: 4862 5007 | e913 faff 

  0x00007439f8fe5c9c: ;   {runtime_call C1 Runtime throw_null_pointer_exception_blob}
  0x00007439f8fe5c9c: ffe8 3e1f 

  0x00007439f8fe5ca0: ; ImmutableOopMap {rbx=Oop }
                      ;*new {reexecute=0 rethrow=0 return_oop=0}
                      ; - jdk.internal.reflect.DirectMethodHandleAccessor::invoke@46
  0x00007439f8fe5ca0: 5007 488b 

  0x00007439f8fe5ca4: ;   {runtime_call C1 Runtime fast_new_instance_init_check_blob}
  0x00007439f8fe5ca4: d2e8 362b 

  0x00007439f8fe5ca8: ; ImmutableOopMap {rbx=Oop }
                      ;*new {reexecute=0 rethrow=0 return_oop=0}
                      ; - jdk.internal.reflect.DirectMethodHandleAccessor::invoke@46
  0x00007439f8fe5ca8: 5007 e959 

  0x00007439f8fe5cac: ;   {metadata(nullptr)}
  0x00007439f8fe5cac: faff ff48 | ba00 0000 | 0000 0000 | 00b8 000f 

  0x00007439f8fe5cbc: ;   {runtime_call C1 Runtime load_klass_patching_blob}
  0x00007439f8fe5cbc: 050a e81d 

  0x00007439f8fe5cc0: ; ImmutableOopMap {[224]=Oop }
                      ;*new {reexecute=1 rethrow=0 return_oop=0}
                      ; - (reexecute) jdk.internal.reflect.DirectMethodHandleAccessor::invoke@64
  0x00007439f8fe5cc0: 6250 07e9 | 88fa ffff 

  0x00007439f8fe5cc8: ;   {runtime_call C1 Runtime fast_new_instance_blob}
  0x00007439f8fe5cc8: 488b d2e8 

  0x00007439f8fe5ccc: ; ImmutableOopMap {[224]=Oop }
                      ;*new {reexecute=0 rethrow=0 return_oop=0}
                      ; - jdk.internal.reflect.DirectMethodHandleAccessor::invoke@64
  0x00007439f8fe5ccc: 1028 5007 | e9c6 faff 

  0x00007439f8fe5cd4: ;   {metadata(nullptr)}
  0x00007439f8fe5cd4: ff48 ba00 | 0000 0000 | 0000 00b8 | 000f 050a 

  0x00007439f8fe5ce4: ;   {runtime_call C1 Runtime load_klass_patching_blob}
  0x00007439f8fe5ce4: e8f7 6150 

  0x00007439f8fe5ce8: ; ImmutableOopMap {rbx=Oop }
                      ;*new {reexecute=1 rethrow=0 return_oop=0}
                      ; - (reexecute) jdk.internal.reflect.DirectMethodHandleAccessor::invoke@73
  0x00007439f8fe5ce8: 07e9 02fb 

  0x00007439f8fe5cec: ;   {runtime_call C1 Runtime throw_null_pointer_exception_blob}
  0x00007439f8fe5cec: ffff e8ed 

  0x00007439f8fe5cf0: ; ImmutableOopMap {rbx=Oop }
                      ;*new {reexecute=0 rethrow=0 return_oop=0}
                      ; - jdk.internal.reflect.DirectMethodHandleAccessor::invoke@73
  0x00007439f8fe5cf0: 1e50 0748 

  0x00007439f8fe5cf4: ;   {runtime_call C1 Runtime fast_new_instance_init_check_blob}
  0x00007439f8fe5cf4: 8bd2 e8e5 

  0x00007439f8fe5cf8: ; ImmutableOopMap {rbx=Oop }
                      ;*new {reexecute=0 rethrow=0 return_oop=0}
                      ; - jdk.internal.reflect.DirectMethodHandleAccessor::invoke@73
  0x00007439f8fe5cf8: 2a50 07e9 | 48fb ffff 

  0x00007439f8fe5d00: ;   {metadata('java/lang/reflect/InvocationTargetException')}
  0x00007439f8fe5d00: 48ba a85d | 0d2a 0000 | 0000 b800 

  0x00007439f8fe5d0c: ;   {runtime_call C1 Runtime load_klass_patching_blob}
  0x00007439f8fe5d0c: 0f05 0ae8 

  0x00007439f8fe5d10: ; ImmutableOopMap {rbx=Oop }
                      ;*new {reexecute=1 rethrow=0 return_oop=0}
                      ; - (reexecute) jdk.internal.reflect.DirectMethodHandleAccessor::invoke@83
  0x00007439f8fe5d10: cc61 5007 | e98f fbff 

  0x00007439f8fe5d18: ;   {runtime_call C1 Runtime throw_null_pointer_exception_blob}
  0x00007439f8fe5d18: ffe8 c21e 

  0x00007439f8fe5d1c: ; ImmutableOopMap {rbx=Oop }
                      ;*new {reexecute=0 rethrow=0 return_oop=0}
                      ; - jdk.internal.reflect.DirectMethodHandleAccessor::invoke@83
  0x00007439f8fe5d1c: 5007 488b 

  0x00007439f8fe5d20: ;   {runtime_call C1 Runtime fast_new_instance_init_check_blob}
  0x00007439f8fe5d20: d2e8 ba2a 

  0x00007439f8fe5d24: ; ImmutableOopMap {rbx=Oop }
                      ;*new {reexecute=0 rethrow=0 return_oop=0}
                      ; - jdk.internal.reflect.DirectMethodHandleAccessor::invoke@83
  0x00007439f8fe5d24: 5007 e9d5 | fbff ff49 | 8b87 e005 | 0000 49c7 | 87e0 0500 | 0000 0000 | 0049 c787 | e805 0000 
  0x00007439f8fe5d44: 0000 0000 | 4881 c420 | 0100 005d 

  0x00007439f8fe5d50: ;   {runtime_call C1 Runtime unwind_exception_blob}
  0x00007439f8fe5d50: e98b 0f50 | 07f4 f4f4 
[Stub Code]
  0x00007439f8fe5d58: ;   {other}
  0x00007439f8fe5d58: 0f1f 4400 

  0x00007439f8fe5d5c: ;   {static_stub}
  0x00007439f8fe5d5c: 0048 bb00 | 0000 0000 

  0x00007439f8fe5d64: ;   {runtime_call nmethod}
  0x00007439f8fe5d64: 0000 00e9 | fbff ffff 

  0x00007439f8fe5d6c: ;   {static_stub}
  0x00007439f8fe5d6c: 9048 bbb0 | 4a74 da39 

  0x00007439f8fe5d74: ;   {runtime_call I2C/C2I adapters}
  0x00007439f8fe5d74: 7400 00e9 | 4a5f 4307 

  0x00007439f8fe5d7c: ;   {static_stub}
  0x00007439f8fe5d7c: 9048 bb98 | 1d3c d839 

  0x00007439f8fe5d84: ;   {runtime_call I2C/C2I adapters}
  0x00007439f8fe5d84: 7400 00e9 | 32cf 4207 

  0x00007439f8fe5d8c: ;   {static_stub}
  0x00007439f8fe5d8c: 9048 bb00 | 0000 0000 

  0x00007439f8fe5d94: ;   {runtime_call nmethod}
  0x00007439f8fe5d94: 0000 00e9 | fbff ffff 

  0x00007439f8fe5d9c: ;   {static_stub}
  0x00007439f8fe5d9c: 9048 bb00 | 0000 0000 

  0x00007439f8fe5da4: ;   {runtime_call nmethod}
  0x00007439f8fe5da4: 0000 00e9 | fbff ffff 

  0x00007439f8fe5dac: ;   {static_stub}
  0x00007439f8fe5dac: 9048 bb00 | 0000 0000 

  0x00007439f8fe5db4: ;   {runtime_call nmethod}
  0x00007439f8fe5db4: 0000 00e9 | fbff ffff 

  0x00007439f8fe5dbc: ;   {static_stub}
  0x00007439f8fe5dbc: 9048 bb00 | 0000 0000 

  0x00007439f8fe5dc4: ;   {runtime_call nmethod}
  0x00007439f8fe5dc4: 0000 00e9 | fbff ffff 

  0x00007439f8fe5dcc: ;   {static_stub}
  0x00007439f8fe5dcc: 9048 bb60 | 3452 d839 

  0x00007439f8fe5dd4: ;   {runtime_call I2C/C2I adapters}
  0x00007439f8fe5dd4: 7400 00e9 | 5aec 4307 

  0x00007439f8fe5ddc: ;   {static_stub}
  0x00007439f8fe5ddc: 48bb 0000 | 0000 0000 

  0x00007439f8fe5de4: ;   {runtime_call nmethod}
  0x00007439f8fe5de4: 0000 e9fb 

  0x00007439f8fe5de8: ;   {static_stub}
  0x00007439f8fe5de8: ffff ff48 | bb00 0000 | 0000 0000 

  0x00007439f8fe5df4: ;   {runtime_call nmethod}
  0x00007439f8fe5df4: 00e9 fbff 

  0x00007439f8fe5df8: ;   {static_stub}
  0x00007439f8fe5df8: ffff 48bb | 0000 0000 | 0000 0000 

  0x00007439f8fe5e04: ;   {runtime_call nmethod}
  0x00007439f8fe5e04: e9fb ffff 

  0x00007439f8fe5e08: ;   {static_stub}
  0x00007439f8fe5e08: ff48 bb00 | 0000 0000 

  0x00007439f8fe5e10: ;   {runtime_call nmethod}
  0x00007439f8fe5e10: 0000 00e9 | fbff ffff 

  0x00007439f8fe5e18: ;   {static_stub}
  0x00007439f8fe5e18: 48bb 0000 | 0000 0000 

  0x00007439f8fe5e20: ;   {runtime_call nmethod}
  0x00007439f8fe5e20: 0000 e9fb 

  0x00007439f8fe5e24: ;   {static_stub}
  0x00007439f8fe5e24: ffff ff48 | bb00 0000 | 0000 0000 

  0x00007439f8fe5e30: ;   {runtime_call nmethod}
  0x00007439f8fe5e30: 00e9 fbff 

  0x00007439f8fe5e34: ;   {static_stub}
  0x00007439f8fe5e34: ffff 48bb | 0000 0000 | 0000 0000 

  0x00007439f8fe5e40: ;   {runtime_call nmethod}
  0x00007439f8fe5e40: e9fb ffff 

  0x00007439f8fe5e44: ;   {static_stub}
  0x00007439f8fe5e44: ff48 bb00 | 0000 0000 

  0x00007439f8fe5e4c: ;   {runtime_call nmethod}
  0x00007439f8fe5e4c: 0000 00e9 | fbff ffff 
[Exception Handler]
  0x00007439f8fe5e54: ;   {runtime_call C1 Runtime handle_exception_from_callee_blob}
  0x00007439f8fe5e54: e887 3b50 

  0x00007439f8fe5e58: ;   {external_word}
  0x00007439f8fe5e58: 0748 bf3c | 7796 143a | 7400 0048 

  0x00007439f8fe5e64: ;   {runtime_call MacroAssembler::debug64(char*, long, long*)}
  0x00007439f8fe5e64: 83e4 f0e8 | 5447 351b 

  0x00007439f8fe5e6c: ;   {section_word}
  0x00007439f8fe5e6c: f449 ba6d | 5efe f839 | 7400 0041 

  0x00007439f8fe5e78: ;   {runtime_call DeoptimizationBlob}
  0x00007439f8fe5e78: 52e9 e29c 

  0x00007439f8fe5e7c: ;   {section_word}
  0x00007439f8fe5e7c: 4307 49ba | 7e5e fef8 | 3974 0000 

  0x00007439f8fe5e88: ;   {runtime_call DeoptimizationBlob}
  0x00007439f8fe5e88: 4152 e9d1 | 9c43 07f4 
[/MachCode]


Compiled method (c1) 9383 1104       3       java.lang.reflect.Method::invoke (108 bytes)
 total in heap  [0x00007439f8fe3888,0x00007439f8fe4078] = 2032
 main code      [0x00007439f8fe3980,0x00007439f8fe3fe8] = 1640
 stub code      [0x00007439f8fe3fe8,0x00007439f8fe4078] = 144
 mutable data [0x00007439bc670090,0x00007439bc670168] = 216
 relocation     [0x00007439bc670090,0x00007439bc670150] = 192
 metadata       [0x00007439bc670150,0x00007439bc670168] = 24
 immutable data [0x00007439bc66fed0,0x00007439bc670088] = 440
 dependencies   [0x00007439bc66fed0,0x00007439bc66fed8] = 8
 nul chk table  [0x00007439bc66fed8,0x00007439bc66fef8] = 32
 scopes pcs     [0x00007439bc66fef8,0x00007439bc66ffc8] = 208
 scopes data    [0x00007439bc66ffc8,0x00007439bc670088] = 192

[Constant Pool (empty)]

[MachCode]
[Instructions begin]
  0x00007439f8fe3980: 660f 1f84 | 0000 0000 | 0066 0f1f | 8400 0000 | 0000 448b | 5608 443b 

  0x00007439f8fe3998: ;   {runtime_call Shared Runtime ic_miss_blob}
  0x00007439f8fe3998: 5008 0f85 | 409a 4307 
[Verified Entry Point]
  0x00007439f8fe39a0: 8984 2400 | c0fe ff55 | 4881 ec80 | 0000 0090 | 4181 7f20 | 0700 0000 

  0x00007439f8fe39b8: ;   {runtime_call Stub::method_entry_barrier}
  0x00007439f8fe39b8: 7405 e861 | 1542 0748 | 8974 2448 | 4889 5424 

  0x00007439f8fe39c8: ;   {metadata(method data for {method} {0x00007439d8066808} 'invoke' '(Ljava/lang/Object;[Ljava/lang/Object;)Ljava/lang/Object;' in 'java/lang/reflect/Method')}
  0x00007439f8fe39c8: 5048 bfd0 | 1ebd d839 | 7400 008b | 9f90 0000 | 0083 c302 | 899f 9000 | 0000 81e3 | fe07 0000 
  0x00007439f8fe39e8: 85db 0f84 | 4f05 0000 | 4889 4c24 | 5848 8bfe 

  0x00007439f8fe39f8: ;   {metadata(method data for {method} {0x00007439d8066808} 'invoke' '(Ljava/lang/Object;[Ljava/lang/Object;)Ljava/lang/Object;' in 'java/lang/reflect/Method')}
  0x00007439f8fe39f8: 48bb d01e | bdd8 3974 | 0000 4883 | 83d8 0000 | 0001 488b | fe48 8bf7 | 0f1f 8000 

  0x00007439f8fe3a14: ;   {optimized virtual_call}
  0x00007439f8fe3a14: 0000 00e8 

  0x00007439f8fe3a18: ; ImmutableOopMap {[72]=Oop [80]=Oop [88]=Oop }
                      ;*invokevirtual isCallerSensitive {reexecute=0 rethrow=0 return_oop=0}
                      ; - java.lang.reflect.Method::invoke@1
  0x00007439f8fe3a18: 84f6 ffff 

  0x00007439f8fe3a1c: ;   {post_call_nop}
  0x00007439f8fe3a1c: 0f1f 8400 | 9401 0000 | 488b 7424 | 480f be7e 

  0x00007439f8fe3a2c: ;   {metadata(method data for {method} {0x00007439d8066808} 'invoke' '(Ljava/lang/Object;[Ljava/lang/Object;)Ljava/lang/Object;' in 'java/lang/reflect/Method')}
  0x00007439f8fe3a2c: 0c85 ff48 | bfd0 1ebd | d839 7400 | 00bb 0801 | 0000 7405 | bb18 0100 | 0048 8b14 | 1f48 8d52 
  0x00007439f8fe3a4c: 0148 8914 | 1f0f 843d | 0000 0085 

  0x00007439f8fe3a58: ;   {metadata(method data for {method} {0x00007439d8066808} 'invoke' '(Ljava/lang/Object;[Ljava/lang/Object;)Ljava/lang/Object;' in 'java/lang/reflect/Method')}
  0x00007439f8fe3a58: c048 bfd0 | 1ebd d839 | 7400 00bb | 3801 0000 | 7505 bb28 | 0100 0048 | 8b14 1f48 | 8d52 0148 
  0x00007439f8fe3a78: 8914 1f0f | 8513 0000 

  0x00007439f8fe3a80: ;   {oop(nullptr)}
  0x00007439f8fe3a80: 0048 bf00 | 0000 0000 | 0000 0089 | 4424 60e9 | 3000 0000 | 8944 2460 

  0x00007439f8fe3a98: ;   {metadata(method data for {method} {0x00007439d8066808} 'invoke' '(Ljava/lang/Object;[Ljava/lang/Object;)Ljava/lang/Object;' in 'java/lang/reflect/Method')}
  0x00007439f8fe3a98: 48bf d01e | bdd8 3974 | 0000 4883 | 8748 0100 | 0001 0f1f 

  0x00007439f8fe3aac: ;   {static_call}
  0x00007439f8fe3aac: 4400 00e8 

  0x00007439f8fe3ab0: ; ImmutableOopMap {[72]=Oop [80]=Oop [88]=Oop }
                      ;*invokestatic getCallerClass {reexecute=0 rethrow=0 return_oop=0}
                      ; - java.lang.reflect.Method::invoke@19
  0x00007439f8fe3ab0: 5cb9 9b07 

  0x00007439f8fe3ab4: ;   {post_call_nop}
  0x00007439f8fe3ab4: 0f1f 8400 | 2c02 0001 | 488b f848 | 8b74 2448 | 0fbe 560c 

  0x00007439f8fe3ac8: ;   {metadata(method data for {method} {0x00007439d8066808} 'invoke' '(Ljava/lang/Object;[Ljava/lang/Object;)Ljava/lang/Object;' in 'java/lang/reflect/Method')}
  0x00007439f8fe3ac8: 85d2 48ba | d01e bdd8 | 3974 0000 | b968 0100 | 0074 05b9 | 5801 0000 | 4c8b 040a | 4d8d 4001 
  0x00007439f8fe3ae8: 4c89 040a | 0f84 0a00 | 0000 4889 | 7c24 68e9 | 2502 0000 | 8b4e 1c44 

  0x00007439f8fe3b00: ;   {metadata(method data for {method} {0x00007439d8066808} 'invoke' '(Ljava/lang/Object;[Ljava/lang/Object;)Ljava/lang/Object;' in 'java/lang/reflect/Method')}
  0x00007439f8fe3b00: 8b4e 5048 | bad0 1ebd | d839 7400 | 0048 8382 | 7801 0000 

  0x00007439f8fe3b14: ;   {metadata(method data for {method} {0x00007439d82703b0} 'isStatic' '(I)Z' in 'java/lang/reflect/Modifier')}
  0x00007439f8fe3b14: 0148 ba28 | 0d8b d839 | 7400 0044 | 8b82 9000 | 0000 4183 | c002 4489 | 8290 0000 | 0041 81e0 
  0x00007439f8fe3b34: feff 1f00 | 4585 c00f | 841f 0400 | 0049 8bd1 | 83e2 0885 

  0x00007439f8fe3b48: ;   {metadata(method data for {method} {0x00007439d82703b0} 'isStatic' '(I)Z' in 'java/lang/reflect/Modifier')}
  0x00007439f8fe3b48: d248 ba28 | 0d8b d839 | 7400 0041 | b8d8 0000 | 0074 0641 | b8e8 0000 | 004a 8b1c | 0248 8d5b 
  0x00007439f8fe3b68: 014a 891c | 020f 841a 

  0x00007439f8fe3b70: ;   {metadata(method data for {method} {0x00007439d82703b0} 'isStatic' '(I)Z' in 'java/lang/reflect/Modifier')}
  0x00007439f8fe3b70: 0000 0048 | ba28 0d8b | d839 7400 | 00ff 82f8 | 0000 00ba | 0100 0000 | e905 0000 | 00ba 0000 
  0x00007439f8fe3b90: 0000 83e2 

  0x00007439f8fe3b94: ;   {metadata(method data for {method} {0x00007439d8066808} 'invoke' '(Ljava/lang/Object;[Ljava/lang/Object;)Ljava/lang/Object;' in 'java/lang/reflect/Method')}
  0x00007439f8fe3b94: 0185 d248 | bad0 1ebd | d839 7400 | 0041 b888 | 0100 0074 | 0641 b898 | 0100 004a | 8b1c 0248 
  0x00007439f8fe3bb4: 8d5b 014a | 891c 020f | 841f 0000 

  0x00007439f8fe3bc0: ;   {metadata(method data for {method} {0x00007439d8066808} 'invoke' '(Ljava/lang/Object;[Ljava/lang/Object;)Ljava/lang/Object;' in 'java/lang/reflect/Method')}
  0x00007439f8fe3bc0: 0048 bad0 | 1ebd d839 | 7400 00ff | 82a8 0100 

  0x00007439f8fe3bd0: ;   {oop(nullptr)}
  0x00007439f8fe3bd0: 0049 b800 | 0000 0000 | 0000 00e9 | 9a00 0000 | 488b 5424 | 5048 3b02 

  0x00007439f8fe3be8: ;   {metadata(method data for {method} {0x00007439d8066808} 'invoke' '(Ljava/lang/Object;[Ljava/lang/Object;)Ljava/lang/Object;' in 'java/lang/reflect/Method')}
  0x00007439f8fe3be8: 4c8b c248 | bbd0 1ebd | d839 7400 | 0045 8b40 | 084c 3b83 | c801 0000 | 750d 4883 | 83d0 0100 
  0x00007439f8fe3c08: 0001 e960 | 0000 004c | 3b83 d801 | 0000 750d | 4883 83e0 | 0100 0001 | e94a 0000 | 0048 83bb 
  0x00007439f8fe3c28: c801 0000 | 0075 174c | 8983 c801 | 0000 48c7 | 83d0 0100 | 0001 0000 | 00e9 2900 | 0000 4883 
  0x00007439f8fe3c48: bbd8 0100 | 0000 7517 | 4c89 83d8 | 0100 0048 | c783 e001 | 0000 0100 | 0000 e908 | 0000 0048 
  0x00007439f8fe3c68: 8383 c001 | 0000 0144 | 8b42 084d | 8b40 704d | 8b00 488b 

  0x00007439f8fe3c7c: ;   {metadata(method data for {method} {0x00007439d8066808} 'invoke' '(Ljava/lang/Object;[Ljava/lang/Object;)Ljava/lang/Object;' in 'java/lang/reflect/Method')}
  0x00007439f8fe3c7c: de48 b8d0 | 1ebd d839 | 7400 008b | 5b08 483b | 98f8 0100 | 0075 0d48 | 8380 0002 | 0000 01e9 
  0x00007439f8fe3c9c: 6000 0000 | 483b 9808 | 0200 0075 | 0d48 8380 | 1002 0000 | 01e9 4a00 | 0000 4883 | b8f8 0100 
  0x00007439f8fe3cbc: 0000 7517 | 4889 98f8 | 0100 0048 | c780 0002 | 0000 0100 | 0000 e929 | 0000 0048 | 83b8 0802 
  0x00007439f8fe3cdc: 0000 0075 | 1748 8998 | 0802 0000 | 48c7 8010 | 0200 0001 | 0000 00e9 | 0800 0000 | 4883 80f0 
  0x00007439f8fe3cfc: 0100 0001 | 488b d748 | 8bc6 488b | f048 897c 

  0x00007439f8fe3d0c: ;   {optimized virtual_call}
  0x00007439f8fe3d0c: 2468 90e8 

  0x00007439f8fe3d10: ; ImmutableOopMap {[72]=Oop [80]=Oop [88]=Oop [104]=Oop }
                      ;*invokevirtual checkAccess {reexecute=0 rethrow=0 return_oop=0}
                      ; - java.lang.reflect.Method::invoke@60
  0x00007439f8fe3d10: 0ccc ffff 

  0x00007439f8fe3d14: ;   {post_call_nop}
  0x00007439f8fe3d14: 0f1f 8400 | 8c04 0002 | 488b 7424 | 488b 7e48 

  0x00007439f8fe3d24: ;   {metadata(method data for {method} {0x00007439d8066808} 'invoke' '(Ljava/lang/Object;[Ljava/lang/Object;)Ljava/lang/Object;' in 'java/lang/reflect/Method')}
  0x00007439f8fe3d24: 4885 ff48 | bbd0 1ebd | d839 7400 | 00b8 2002 | 0000 7505 | b830 0200 | 0048 8b14 | 0348 8d52 
  0x00007439f8fe3d44: 0148 8914 | 030f 8528 | 0000 0048 

  0x00007439f8fe3d50: ;   {metadata(method data for {method} {0x00007439d8066808} 'invoke' '(Ljava/lang/Object;[Ljava/lang/Object;)Ljava/lang/Object;' in 'java/lang/reflect/Method')}
  0x00007439f8fe3d50: 8bfe 48bb | d01e bdd8 | 3974 0000 | 4883 8340 | 0200 0001 

  0x00007439f8fe3d64: ;   {optimized virtual_call}
  0x00007439f8fe3d64: 6666 90e8 

  0x00007439f8fe3d68: ; ImmutableOopMap {[80]=Oop [88]=Oop [104]=Oop }
                      ;*invokevirtual acquireMethodAccessor {reexecute=0 rethrow=0 return_oop=0}
                      ; - java.lang.reflect.Method::invoke@75
  0x00007439f8fe3d68: cd02 0000 

  0x00007439f8fe3d6c: ;   {post_call_nop}
  0x00007439f8fe3d6c: 0f1f 8400 | e404 0003 | 488b f88b | 4424 6085 

  0x00007439f8fe3d7c: ;   {metadata(method data for {method} {0x00007439d8066808} 'invoke' '(Ljava/lang/Object;[Ljava/lang/Object;)Ljava/lang/Object;' in 'java/lang/reflect/Method')}
  0x00007439f8fe3d7c: c048 bad0 | 1ebd d839 | 7400 00b9 | 7002 0000 | 7405 b980 | 0200 004c | 8b04 0a4d | 8d40 014c 
  0x00007439f8fe3d9c: 8904 0a0f | 84da 0000 | 004c 8b44 | 2468 483b | 0748 8bd7 

  0x00007439f8fe3db0: ;   {metadata(method data for {method} {0x00007439d8066808} 'invoke' '(Ljava/lang/Object;[Ljava/lang/Object;)Ljava/lang/Object;' in 'java/lang/reflect/Method')}
  0x00007439f8fe3db0: 48b9 d01e | bdd8 3974 | 0000 8b52 | 0848 3b91 | 9802 0000 | 750d 4883 | 81a0 0200 | 0001 e960 
  0x00007439f8fe3dd0: 0000 0048 | 3b91 a802 | 0000 750d | 4883 81b0 | 0200 0001 | e94a 0000 | 0048 83b9 | 9802 0000 
  0x00007439f8fe3df0: 0075 1748 | 8991 9802 | 0000 48c7 | 81a0 0200 | 0001 0000 | 00e9 2900 | 0000 4883 | b9a8 0200 
  0x00007439f8fe3e10: 0000 7517 | 4889 91a8 | 0200 0048 | c781 b002 | 0000 0100 | 0000 e908 | 0000 0048 | 8381 9002 
  0x00007439f8fe3e30: 0000 0148 | 8b54 2450 | 488b 4c24 | 5848 8bf7 | 0f1f 4400 | 0048 b8f0 | 0267 bc39 

  0x00007439f8fe3e4c: ;   {virtual_call}
  0x00007439f8fe3e4c: 7400 00e8 

  0x00007439f8fe3e50: ; ImmutableOopMap {}
                      ;*invokeinterface invoke {reexecute=0 rethrow=0 return_oop=0}
                      ; - java.lang.reflect.Method::invoke@90
  0x00007439f8fe3e50: 8c9b 4307 

  0x00007439f8fe3e54: ;   {post_call_nop}
  0x00007439f8fe3e54: 0f1f 8400 | cc05 0004 

  0x00007439f8fe3e5c: ;   {metadata(method data for {method} {0x00007439d8066808} 'invoke' '(Ljava/lang/Object;[Ljava/lang/Object;)Ljava/lang/Object;' in 'java/lang/reflect/Method')}
  0x00007439f8fe3e5c: 48ba d01e | bdd8 3974 | 0000 ff82 | c002 0000 | 4881 c480 | 0000 005d 

  0x00007439f8fe3e74: ;   {poll_return}
  0x00007439f8fe3e74: 493b 6728 | 0f87 0d01 | 0000 c348 | 8b4c 2458 | 488b 5424 | 5048 3b07 

  0x00007439f8fe3e8c: ;   {metadata(method data for {method} {0x00007439d8066808} 'invoke' '(Ljava/lang/Object;[Ljava/lang/Object;)Ljava/lang/Object;' in 'java/lang/reflect/Method')}
  0x00007439f8fe3e8c: 488b f748 | bbd0 1ebd | d839 7400 | 008b 7608 | 483b b3e0 | 0200 0075 | 0d48 8383 | e802 0000 
  0x00007439f8fe3eac: 01e9 6000 | 0000 483b | b3f0 0200 | 0075 0d48 | 8383 f802 | 0000 01e9 | 4a00 0000 | 4883 bbe0 
  0x00007439f8fe3ecc: 0200 0000 | 7517 4889 | b3e0 0200 | 0048 c783 | e802 0000 | 0100 0000 | e929 0000 | 0048 83bb 
  0x00007439f8fe3eec: f002 0000 | 0075 1748 | 89b3 f002 | 0000 48c7 | 83f8 0200 | 0001 0000 | 00e9 0800 | 0000 4883 
  0x00007439f8fe3f0c: 83d8 0200 | 0001 488b | f748 b818 | 0367 bc39 

  0x00007439f8fe3f1c: ;   {virtual_call}
  0x00007439f8fe3f1c: 7400 00e8 

  0x00007439f8fe3f20: ; ImmutableOopMap {}
                      ;*invokeinterface invoke {reexecute=0 rethrow=0 return_oop=0}
                      ; - java.lang.reflect.Method::invoke@102
  0x00007439f8fe3f20: 6e02 0000 

  0x00007439f8fe3f24: ;   {post_call_nop}
  0x00007439f8fe3f24: 0f1f 8400 | 9c06 0005 | 4881 c480 | 0000 005d 

  0x00007439f8fe3f34: ;   {poll_return}
  0x00007439f8fe3f34: 493b 6728 | 0f87 6800 

  0x00007439f8fe3f3c: ;   {metadata({method} {0x00007439d8066808} 'invoke' '(Ljava/lang/Object;[Ljava/lang/Object;)Ljava/lang/Object;' in 'java/lang/reflect/Method')}
  0x00007439f8fe3f3c: 0000 c349 | ba08 6806 | d839 7400 | 004c 8954 | 2408 48c7 | 0424 ffff 

  0x00007439f8fe3f54: ;   {runtime_call C1 Runtime counter_overflow_blob}
  0x00007439f8fe3f54: ffff e885 

  0x00007439f8fe3f58: ; ImmutableOopMap {rsi=Oop rdx=Oop rcx=Oop [72]=Oop [80]=Oop }
                      ;*synchronization entry
                      ; - java.lang.reflect.Method::invoke@-1
  0x00007439f8fe3f58: 8d50 07e9 | 90fa ffff 

  0x00007439f8fe3f60: ;   {metadata({method} {0x00007439d82703b0} 'isStatic' '(I)Z' in 'java/lang/reflect/Modifier')}
  0x00007439f8fe3f60: 49ba b003 | 27d8 3974 | 0000 4c89 | 5424 0848 | c704 24ff 

  0x00007439f8fe3f74: ;   {runtime_call C1 Runtime counter_overflow_blob}
  0x00007439f8fe3f74: ffff ffe8 

  0x00007439f8fe3f78: ; ImmutableOopMap {rdi=Oop rsi=Oop rcx=Oop [72]=Oop [80]=Oop [88]=Oop }
                      ;*synchronization entry
                      ; - java.lang.reflect.Modifier::isStatic@-1
                      ; - java.lang.reflect.Method::invoke@42
  0x00007439f8fe3f78: 648d 5007 | e9c0 fbff 

  0x00007439f8fe3f80: ;   {runtime_call C1 Runtime throw_null_pointer_exception_blob}
  0x00007439f8fe3f80: ffe8 5a3c 

  0x00007439f8fe3f84: ; ImmutableOopMap {rdi=Oop rsi=Oop rcx=Oop rdx=Oop [72]=Oop [80]=Oop [88]=Oop }
                      ;*invokevirtual getClass {reexecute=0 rethrow=0 return_oop=0}
                      ; - java.lang.reflect.Method::invoke@53
                      ;   {runtime_call C1 Runtime throw_null_pointer_exception_blob}
  0x00007439f8fe3f84: 5007 e855 

  0x00007439f8fe3f88: ; ImmutableOopMap {rdi=Oop r8=Oop [80]=Oop [88]=Oop }
                      ;*invokeinterface invoke {reexecute=0 rethrow=0 return_oop=0}
                      ; - java.lang.reflect.Method::invoke@90
                      ;   {internal_word}
  0x00007439f8fe3f88: 3c50 0749 | ba74 3efe | f839 7400 | 004d 8997 | 3805 0000 

  0x00007439f8fe3f9c: ;   {runtime_call SafepointBlob}
  0x00007439f8fe3f9c: e9bf b843 

  0x00007439f8fe3fa0: ;   {runtime_call C1 Runtime throw_null_pointer_exception_blob}
  0x00007439f8fe3fa0: 07e8 3a3c 

  0x00007439f8fe3fa4: ; ImmutableOopMap {rdx=Oop rcx=Oop rdi=Oop [80]=Oop }
                      ;*invokeinterface invoke {reexecute=0 rethrow=0 return_oop=0}
                      ; - java.lang.reflect.Method::invoke@102
                      ;   {internal_word}
  0x00007439f8fe3fa4: 5007 49ba | 343f fef8 | 3974 0000 | 4d89 9738 

  0x00007439f8fe3fb4: ;   {runtime_call SafepointBlob}
  0x00007439f8fe3fb4: 0500 00e9 | a4b8 4307 | 498b 87e0 | 0500 0049 | c787 e005 | 0000 0000 | 0000 49c7 | 87e8 0500 
  0x00007439f8fe3fd4: 0000 0000 | 0048 81c4 | 8000 0000 

  0x00007439f8fe3fe0: ;   {runtime_call C1 Runtime unwind_exception_blob}
  0x00007439f8fe3fe0: 5de9 fa2c | 5007 f4f4 
[Stub Code]
  0x00007439f8fe3fe8: ;   {other}
  0x00007439f8fe3fe8: 0f1f 4400 

  0x00007439f8fe3fec: ;   {static_stub}
  0x00007439f8fe3fec: 0048 bb00 | 0000 0000 

  0x00007439f8fe3ff4: ;   {runtime_call nmethod}
  0x00007439f8fe3ff4: 0000 00e9 | fbff ffff 

  0x00007439f8fe3ffc: ;   {static_stub}
  0x00007439f8fe3ffc: 9048 bb00 | 0000 0000 

  0x00007439f8fe4004: ;   {runtime_call nmethod}
  0x00007439f8fe4004: 0000 00e9 | fbff ffff 

  0x00007439f8fe400c: ;   {static_stub}
  0x00007439f8fe400c: 48bb 0000 | 0000 0000 

  0x00007439f8fe4014: ;   {runtime_call nmethod}
  0x00007439f8fe4014: 0000 e9fb 

  0x00007439f8fe4018: ;   {static_stub}
  0x00007439f8fe4018: ffff ff48 | bb00 0000 | 0000 0000 

  0x00007439f8fe4024: ;   {runtime_call nmethod}
  0x00007439f8fe4024: 00e9 fbff 

  0x00007439f8fe4028: ;   {static_stub}
  0x00007439f8fe4028: ffff 48bb | 0000 0000 | 0000 0000 

  0x00007439f8fe4034: ;   {runtime_call nmethod}
  0x00007439f8fe4034: e9fb ffff 

  0x00007439f8fe4038: ;   {static_stub}
  0x00007439f8fe4038: ff48 bb20 | 6e06 d839 

  0x00007439f8fe4040: ;   {runtime_call I2C/C2I adapters}
  0x00007439f8fe4040: 7400 00e9 | eaab 4307 
[Exception Handler]
  0x00007439f8fe4048: ;   {runtime_call C1 Runtime handle_exception_from_callee_blob}
  0x00007439f8fe4048: e893 5950 

  0x00007439f8fe404c: ;   {external_word}
  0x00007439f8fe404c: 0748 bf3c | 7796 143a | 7400 0048 

  0x00007439f8fe4058: ;   {runtime_call MacroAssembler::debug64(char*, long, long*)}
  0x00007439f8fe4058: 83e4 f0e8 | 6065 351b 

  0x00007439f8fe4060: ;   {section_word}
  0x00007439f8fe4060: f449 ba61 | 40fe f839 | 7400 0041 

  0x00007439f8fe406c: ;   {runtime_call DeoptimizationBlob}
  0x00007439f8fe406c: 52e9 eeba | 4307 f4f4 | f4f4 f4f4 
[/MachCode]


Compiled method (c1) 9391  475       3       java.lang.invoke.DirectMethodHandle$Holder::invokeStatic (15 bytes)
 total in heap  [0x00007439f8f18f08,0x00007439f8f193c8] = 1216
 main code      [0x00007439f8f19000,0x00007439f8f19378] = 888
 stub code      [0x00007439f8f19378,0x00007439f8f193c8] = 80
 mutable data [0x00007439bc0c42c0,0x00007439bc0c4330] = 112
 relocation     [0x00007439bc0c42c0,0x00007439bc0c4320] = 96
 metadata       [0x00007439bc0c4320,0x00007439bc0c4330] = 16
 immutable data [0x00007439bc0c41e0,0x00007439bc0c42b0] = 208
 dependencies   [0x00007439bc0c41e0,0x00007439bc0c41e8] = 8
 nul chk table  [0x00007439bc0c41e8,0x00007439bc0c41f8] = 16
 scopes pcs     [0x00007439bc0c41f8,0x00007439bc0c4268] = 112
 scopes data    [0x00007439bc0c4268,0x00007439bc0c42b0] = 72

[Constant Pool (empty)]

[MachCode]
[Verified Entry Point]
  # {method} {0x00007439d83573e0} 'invokeStatic' '(Ljava/lang/Object;Ljava/lang/Object;Ljava/lang/Object;)Ljava/lang/Object;' in 'java/lang/invoke/DirectMethodHandle$Holder'
  # parm0:    rsi:rsi   = 'java/lang/Object'
  # parm1:    rdx:rdx   = 'java/lang/Object'
  # parm2:    rcx:rcx   = 'java/lang/Object'
  #           [sp+0x50]  (sp of caller)
  0x00007439f8f19000: 8984 2400 | c0fe ff55 | 4883 ec40 | 4181 7f20 | 0700 0000 

  0x00007439f8f19014: ;   {runtime_call Stub::method_entry_barrier}
  0x00007439f8f19014: 7405 e805 

  0x00007439f8f19018: ;   {metadata(method data for {method} {0x00007439d83573e0} 'invokeStatic' '(Ljava/lang/Object;Ljava/lang/Object;Ljava/lang/Object;)Ljava/lang/Object;' in 'java/lang/invoke/DirectMethodHandle$Holder')}
  0x00007439f8f19018: bf4e 0748 | bfb0 9d8c | d839 7400 | 0048 8dbf | e001 0000 | 4885 f675 | 0cf6 0701 | 7522 f048 
  0x00007439f8f19038: 830f 01eb | 1b8b 5e08 | 4c8b d348 | 331f 48f7 | c3fc ffff | ff74 09f6 | c302 7504 | 4883 0f02 
  0x00007439f8f19058: 4885 d275 | 0ef6 4710 | 0175 25f0 | 4883 4f10 | 01eb 1d8b | 5a08 4c8b | d348 335f | 1048 f7c3 
  0x00007439f8f19078: fcff ffff | 740a f6c3 | 0275 0548 | 834f 1002 

  0x00007439f8f19088: ;   {metadata(method data for {method} {0x00007439d83573e0} 'invokeStatic' '(Ljava/lang/Object;Ljava/lang/Object;Ljava/lang/Object;)Ljava/lang/Object;' in 'java/lang/invoke/DirectMethodHandle$Holder')}
  0x00007439f8f19088: 48bf b09d | 8cd8 3974 | 0000 8b9f | 9000 0000 | 83c3 0289 | 9f90 0000 | 0081 e3fe | 0700 0085 
  0x00007439f8f190a8: db0f 843b 

  0x00007439f8f190ac: ;   {metadata(method data for {method} {0x00007439d83573e0} 'invokeStatic' '(Ljava/lang/Object;Ljava/lang/Object;Ljava/lang/Object;)Ljava/lang/Object;' in 'java/lang/invoke/DirectMethodHandle$Holder')}
  0x00007439f8f190ac: 0200 0048 | bfb0 9d8c | d839 7400 | 0048 8dbf | e800 0000 | 4885 f675 | 0ef6 4708 | 0175 25f0 
  0x00007439f8f190cc: 4883 4f08 | 01eb 1d8b | 5e08 4c8b | d348 335f | 0848 f7c3 | fcff ffff | 740a f6c3 | 0275 0548 
  0x00007439f8f190ec: 834f 0802 

  0x00007439f8f190f0: ;   {metadata(method data for {method} {0x00007439d83573e0} 'invokeStatic' '(Ljava/lang/Object;Ljava/lang/Object;Ljava/lang/Object;)Ljava/lang/Object;' in 'java/lang/invoke/DirectMethodHandle$Holder')}
  0x00007439f8f190f0: 48bf b09d | 8cd8 3974 | 0000 4883 | 87d8 0000 

  0x00007439f8f19100: ;   {metadata(method data for {method} {0x00007439d8079a70} 'internalMemberName' '(Ljava/lang/Object;)Ljava/lang/Object;' in 'java/lang/invoke/DirectMethodHandle')}
  0x00007439f8f19100: 0001 48bf | 70f6 8ad8 | 3974 0000 | 8b9f 9000 | 0000 83c3 | 0289 9f90 | 0000 0081 | e3fe ff1f 
  0x00007439f8f19120: 0085 db0f | 84e2 0100 | 0048 85f6 

  0x00007439f8f1912c: ;   {metadata(method data for {method} {0x00007439d8079a70} 'internalMemberName' '(Ljava/lang/Object;)Ljava/lang/Object;' in 'java/lang/invoke/DirectMethodHandle')}
  0x00007439f8f1912c: 48bb 70f6 | 8ad8 3974 | 0000 750c | 808b d100 | 0000 01e9 | 9500 0000 | 8b46 0848 | 3b83 e000 
  0x00007439f8f1914c: 0000 750d | 4883 83e8 | 0000 0001 | e960 0000 | 0048 3b83 | f000 0000 | 750d 4883 | 83f8 0000 
  0x00007439f8f1916c: 0001 e94a | 0000 0048 | 83bb e000 | 0000 0075 | 1748 8983 | e000 0000 | 48c7 83e8 | 0000 0001 
  0x00007439f8f1918c: 0000 00e9 | 2900 0000 | 4883 bbf0 | 0000 0000 | 7517 4889 | 83f0 0000 | 0048 c783 | f800 0000 
  0x00007439f8f191ac: 0100 0000 | e908 0000 | 0048 8383 | d800 0000 

  0x00007439f8f191bc: ;   {metadata('java/lang/invoke/DirectMethodHandle')}
  0x00007439f8f191bc: 0148 b850 | cb00 2a00 | 0000 008b | 5e08 483b | 4340 0f85 | 5801 0000 | e900 0000 | 008b 7e20 
  0x00007439f8f191dc: ;   {metadata(method data for {method} {0x00007439d83573e0} 'invokeStatic' '(Ljava/lang/Object;Ljava/lang/Object;Ljava/lang/Object;)Ljava/lang/Object;' in 'java/lang/invoke/DirectMethodHandle$Holder')}
  0x00007439f8f191dc: 48be b09d | 8cd8 3974 | 0000 488d | b6f8 0000 | 0048 85ff | 750a f606 | 0175 05f0 | 4883 0e01 
  0x00007439f8f191fc: ;   {metadata(method data for {method} {0x00007439d83573e0} 'invokeStatic' '(Ljava/lang/Object;Ljava/lang/Object;Ljava/lang/Object;)Ljava/lang/Object;' in 'java/lang/invoke/DirectMethodHandle$Holder')}
  0x00007439f8f191fc: 48be b09d | 8cd8 3974 | 0000 488d | b648 0100 | 0048 85d2 | 750e f646 | 0801 7525 | f048 834e 
  0x00007439f8f1921c: 0801 eb1d | 8b5a 084c | 8bd3 4833 | 5e08 48f7 | c3fc ffff | ff74 0af6 | c302 7505 | 4883 4e08 
  0x00007439f8f1923c: 0248 85c9 | 750e f646 | 1801 7525 | f048 834e | 1801 eb1d | 8b59 084c | 8bd3 4833 | 5e18 48f7 
  0x00007439f8f1925c: c3fc ffff | ff74 0af6 | c302 7505 | 4883 4e18 

  0x00007439f8f1926c: ;   {metadata(method data for {method} {0x00007439d83573e0} 'invokeStatic' '(Ljava/lang/Object;Ljava/lang/Object;Ljava/lang/Object;)Ljava/lang/Object;' in 'java/lang/invoke/DirectMethodHandle$Holder')}
  0x00007439f8f1926c: 0248 beb0 | 9d8c d839 | 7400 0048 | 8386 3801 | 0000 0148 | 8bf2 488b | d148 8bcf | 0f1f 8000 
  0x00007439f8f1928c: ;   {static_call}
  0x00007439f8f1928c: 0000 00e8 

  0x00007439f8f19290: ; ImmutableOopMap {}
                      ;*invokestatic linkToStatic {reexecute=0 rethrow=0 return_oop=0}
                      ; - java.lang.invoke.DirectMethodHandle$Holder::invokeStatic@11
  0x00007439f8f19290: ec9a a407 

  0x00007439f8f19294: ;   {post_call_nop}
  0x00007439f8f19294: 0f1f 8400 | 8c03 0000 

  0x00007439f8f1929c: ;   {metadata(method data for {method} {0x00007439d83573e0} 'invokeStatic' '(Ljava/lang/Object;Ljava/lang/Object;Ljava/lang/Object;)Ljava/lang/Object;' in 'java/lang/invoke/DirectMethodHandle$Holder')}
  0x00007439f8f1929c: 48be b09d | 8cd8 3974 | 0000 488d | b668 0100 | 0048 85c0 | 750c f606 | 0175 23f0 | 4883 0e01 
  0x00007439f8f192bc: eb1c 8b78 | 084c 8bd7 | 4833 3e48 | f7c7 fcff | ffff 740a | 40f6 c702 | 7504 4883 | 0e02 4883 
  0x00007439f8f192dc: ;   {poll_return}
  0x00007439f8f192dc: c440 5d49 | 3b67 280f | 8751 0000 

  0x00007439f8f192e8: ;   {metadata({method} {0x00007439d83573e0} 'invokeStatic' '(Ljava/lang/Object;Ljava/lang/Object;Ljava/lang/Object;)Ljava/lang/Object;' in 'java/lang/invoke/DirectMethodHandle$Holder')}
  0x00007439f8f192e8: 00c3 49ba | e073 35d8 | 3974 0000 | 4c89 5424 | 0848 c704 | 24ff ffff 

  0x00007439f8f19300: ;   {runtime_call C1 Runtime counter_overflow_blob}
  0x00007439f8f19300: ffe8 da39 

  0x00007439f8f19304: ; ImmutableOopMap {rsi=Oop rdx=Oop rcx=Oop }
                      ;*synchronization entry
                      ; - java.lang.invoke.DirectMethodHandle$Holder::invokeStatic@-1
  0x00007439f8f19304: 5d07 e9a4 

  0x00007439f8f19308: ;   {metadata({method} {0x00007439d8079a70} 'internalMemberName' '(Ljava/lang/Object;)Ljava/lang/Object;' in 'java/lang/invoke/DirectMethodHandle')}
  0x00007439f8f19308: fdff ff49 | ba70 9a07 | d839 7400 | 004c 8954 | 2408 48c7 | 0424 ffff 

  0x00007439f8f19320: ;   {runtime_call C1 Runtime counter_overflow_blob}
  0x00007439f8f19320: ffff e8b9 

  0x00007439f8f19324: ; ImmutableOopMap {rsi=Oop rdx=Oop rcx=Oop }
                      ;*synchronization entry
                      ; - java.lang.invoke.DirectMethodHandle::internalMemberName@-1
                      ; - java.lang.invoke.DirectMethodHandle$Holder::invokeStatic@1
  0x00007439f8f19324: 395d 07e9 | fdfd ffff | 4889 3424 

  0x00007439f8f19330: ;   {runtime_call C1 Runtime throw_class_cast_exception_blob}
  0x00007439f8f19330: e8ab 0c5d 

  0x00007439f8f19334: ; ImmutableOopMap {rdx=Oop rcx=Oop }
                      ;*checkcast {reexecute=0 rethrow=0 return_oop=0}
                      ; - java.lang.invoke.DirectMethodHandle::internalMemberName@1
                      ; - java.lang.invoke.DirectMethodHandle$Holder::invokeStatic@1
                      ;   {runtime_call C1 Runtime throw_null_pointer_exception_blob}
  0x00007439f8f19334: 07e8 a6e8 

  0x00007439f8f19338: ; ImmutableOopMap {rdx=Oop rcx=Oop }
                      ;*getfield member {reexecute=1 rethrow=0 return_oop=0}
                      ; - (reexecute) java.lang.invoke.DirectMethodHandle::internalMemberName@4
                      ; - java.lang.invoke.DirectMethodHandle$Holder::invokeStatic@1
                      ;   {internal_word}
  0x00007439f8f19338: 5c07 49ba | df92 f1f8 | 3974 0000 | 4d89 9738 

  0x00007439f8f19348: ;   {runtime_call SafepointBlob}
  0x00007439f8f19348: 0500 00e9 | 1065 5007 | 498b 87e0 | 0500 0049 | c787 e005 | 0000 0000 | 0000 49c7 | 87e8 0500 
  0x00007439f8f19368: 0000 0000 | 0048 83c4 

  0x00007439f8f19370: ;   {runtime_call C1 Runtime unwind_exception_blob}
  0x00007439f8f19370: 405d e969 | d95c 07f4 
[Stub Code]
  0x00007439f8f19378: ;   {static_stub}
  0x00007439f8f19378: 48bb 0000 | 0000 0000 

  0x00007439f8f19380: ;   {runtime_call nmethod}
  0x00007439f8f19380: 0000 e9fb 

  0x00007439f8f19384: ;   {runtime_call C1 Runtime handle_exception_from_callee_blob}
  0x00007439f8f19384: ffff ffe8 | 5406 5d07 

  0x00007439f8f1938c: ;   {external_word}
  0x00007439f8f1938c: 48bf 3c77 | 9614 3a74 | 0000 4883 

  0x00007439f8f19398: ;   {runtime_call MacroAssembler::debug64(char*, long, long*)}
  0x00007439f8f19398: e4f0 e821 | 1242 1bf4 
[Deopt Handler Code]
  0x00007439f8f193a0: ;   {section_word}
  0x00007439f8f193a0: 49ba a093 | f1f8 3974 | 0000 4152 

  0x00007439f8f193ac: ;   {runtime_call DeoptimizationBlob}
  0x00007439f8f193ac: e9af 6750 

  0x00007439f8f193b0: ;   {section_word}
  0x00007439f8f193b0: 0749 bab1 | 93f1 f839 | 7400 0041 

  0x00007439f8f193bc: ;   {runtime_call DeoptimizationBlob}
  0x00007439f8f193bc: 52e9 9e67 | 5007 f4f4 | f4f4 f4f4 
[/MachCode]


---------------  P R O C E S S  ---------------

Threads class SMR info:
_java_thread_list=0x00007438b41c8890, length=45, elements={
0x0000743a0c02e530, 0x0000743a0c149180, 0x0000743a0c14a930, 0x0000743a0c14c360,
0x0000743a0c14dbb0, 0x0000743a0c14f360, 0x0000743a0c151090, 0x0000743a0c1529b0,
0x0000743a0c22ea10, 0x0000743a0c230f30, 0x0000743a0c95efe0, 0x000074394c001930,
0x0000743a0c960390, 0x0000743a0c9618f0, 0x0000743a0c962780, 0x0000743a0c9637b0,
0x0000743a0c96de60, 0x0000743a0c9a5800, 0x0000743a0c9a6b80, 0x0000743a0c9b3650,
0x00007439600054b0, 0x000074396c001130, 0x0000743960006800, 0x0000743960007a10,
0x0000743960008ee0, 0x000074396000a3c0, 0x0000743a0cce7100, 0x000074397c025190,
0x000074397c169f80, 0x0000743a0c9c3f40, 0x0000743a0cb9ac10, 0x0000743a0cb5f8f0,
0x0000743a0c9ef320, 0x0000743a0c9f03b0, 0x0000743a0cda7f10, 0x00007438f0001100,
0x00007438f0004910, 0x0000743a0cf9df20, 0x0000743a0cfa1860, 0x00007438cc003b90,
0x0000743a0d21eb40, 0x00007439bc1c4d50, 0x0000743a0d2e9df0, 0x00007438a00067f0,
0x00007438a00099e0
}

Java Threads: ( => current thread )
=>0x0000743a0c02e530 JavaThread "main"                              [_thread_in_native, id=97073, stack(0x0000743a134ee000,0x0000743a135ee000) (1024K)]
  0x0000743a0c149180 JavaThread "Reference Handler"          daemon [_thread_blocked, id=97081, stack(0x0000743a101d3000,0x0000743a102d3000) (1024K)]
  0x0000743a0c14a930 JavaThread "Finalizer"                  daemon [_thread_blocked, id=97082, stack(0x0000743a100d3000,0x0000743a101d3000) (1024K)]
  0x0000743a0c14c360 JavaThread "Signal Dispatcher"          daemon [_thread_blocked, id=97083, stack(0x00007439f8d97000,0x00007439f8e97000) (1024K)]
  0x0000743a0c14dbb0 JavaThread "Service Thread"             daemon [_thread_blocked, id=97084, stack(0x00007439f8900000,0x00007439f8a00000) (1024K)]
  0x0000743a0c14f360 JavaThread "Monitor Deflation Thread"   daemon [_thread_blocked, id=97085, stack(0x00007439f8800000,0x00007439f8900000) (1024K)]
  0x0000743a0c151090 JavaThread "C2 CompilerThread0"         daemon [_thread_blocked, id=97086, stack(0x00007439f8700000,0x00007439f8800000) (1024K)]
  0x0000743a0c1529b0 JavaThread "C1 CompilerThread0"         daemon [_thread_blocked, id=97087, stack(0x00007439f8600000,0x00007439f8700000) (1024K)]
  0x0000743a0c22ea10 JavaThread "Notification Thread"        daemon [_thread_blocked, id=97088, stack(0x00007439f8500000,0x00007439f8600000) (1024K)]
  0x0000743a0c230f30 JavaThread "Common-Cleaner"             daemon [_thread_blocked, id=97089, stack(0x00007439f8400000,0x00007439f8500000) (1024K)]
  0x0000743a0c95efe0 JavaThread "Equinox resolver thread - Equinox Container: ff009c9a-1094-4904-8b71-d5edf76de1d4" daemon [_thread_blocked, id=97126, stack(0x000074397abf6000,0x000074397adf7000) (2052K)]
  0x000074394c001930 JavaThread "Equinox resolver thread - Equinox Container: ff009c9a-1094-4904-8b71-d5edf76de1d4" daemon [_thread_blocked, id=97127, stack(0x000074397b9fd000,0x000074397bbfe000) (2052K)]
  0x0000743a0c960390 JavaThread "Equinox resolver thread - Equinox Container: ff009c9a-1094-4904-8b71-d5edf76de1d4" daemon [_thread_blocked, id=97128, stack(0x000074397b7fc000,0x000074397b9fd000) (2052K)]
  0x0000743a0c9618f0 JavaThread "Equinox resolver thread - Equinox Container: ff009c9a-1094-4904-8b71-d5edf76de1d4" daemon [_thread_blocked, id=97129, stack(0x000074397b5fb000,0x000074397b7fc000) (2052K)]
  0x0000743a0c962780 JavaThread "Equinox resolver thread - Equinox Container: ff009c9a-1094-4904-8b71-d5edf76de1d4" daemon [_thread_blocked, id=97130, stack(0x000074397aff8000,0x000074397b1f9000) (2052K)]
  0x0000743a0c9637b0 JavaThread "Equinox resolver thread - Equinox Container: ff009c9a-1094-4904-8b71-d5edf76de1d4" daemon [_thread_blocked, id=97131, stack(0x000074397adf7000,0x000074397aff8000) (2052K)]
  0x0000743a0c96de60 JavaThread "Active Thread: Equinox Container: ff009c9a-1094-4904-8b71-d5edf76de1d4"        [_thread_blocked, id=97132, stack(0x000074397a9f5000,0x000074397abf6000) (2052K)]
  0x0000743a0c9a5800 JavaThread "Framework Event Dispatcher: Equinox Container: ff009c9a-1094-4904-8b71-d5edf76de1d4" daemon [_thread_blocked, id=97135, stack(0x00007439ac3fc000,0x00007439ac5fd000) (2052K)]
  0x0000743a0c9a6b80 JavaThread "Start Level: Equinox Container: ff009c9a-1094-4904-8b71-d5edf76de1d4" daemon [_thread_blocked, id=97136, stack(0x00007439ac5fd000,0x00007439ac7fe000) (2052K)]
  0x0000743a0c9b3650 JavaThread "Refresh Thread: Equinox Container: ff009c9a-1094-4904-8b71-d5edf76de1d4" daemon [_thread_blocked, id=97137, stack(0x000074397b1f9000,0x000074397b3fa000) (2052K)]
  0x00007439600054b0 JavaThread "Equinox resolver thread - Equinox Container: ff009c9a-1094-4904-8b71-d5edf76de1d4" daemon [_thread_blocked, id=97138, stack(0x000074397bbfe000,0x000074397bdff000) (2052K)]
  0x000074396c001130 JavaThread "Equinox resolver thread - Equinox Container: ff009c9a-1094-4904-8b71-d5edf76de1d4" daemon [_thread_blocked, id=97139, stack(0x000074397bdff000,0x000074397c000000) (2052K)]
  0x0000743960006800 JavaThread "Equinox resolver thread - Equinox Container: ff009c9a-1094-4904-8b71-d5edf76de1d4" daemon [_thread_blocked, id=97140, stack(0x000074397b3fa000,0x000074397b5fb000) (2052K)]
  0x0000743960007a10 JavaThread "Equinox resolver thread - Equinox Container: ff009c9a-1094-4904-8b71-d5edf76de1d4" daemon [_thread_blocked, id=97141, stack(0x000074397a5ec000,0x000074397a6ec000) (1024K)]
  0x0000743960008ee0 JavaThread "Equinox resolver thread - Equinox Container: ff009c9a-1094-4904-8b71-d5edf76de1d4" daemon [_thread_blocked, id=97142, stack(0x000074397a4ec000,0x000074397a5ec000) (1024K)]
  0x000074396000a3c0 JavaThread "Equinox resolver thread - Equinox Container: ff009c9a-1094-4904-8b71-d5edf76de1d4" daemon [_thread_blocked, id=97143, stack(0x000074397a3ec000,0x000074397a4ec000) (1024K)]
  0x0000743a0cce7100 JavaThread "Bundle File Closer"         daemon [_thread_blocked, id=97171, stack(0x00007439799e3000,0x0000743979ae3000) (1024K)]
  0x000074397c025190 JavaThread "SCR Component Actor"        daemon [_thread_blocked, id=97175, stack(0x00007439796e1000,0x00007439797e1000) (1024K)]
  0x000074397c169f80 JavaThread "EMF Reference Cleaner"      daemon [_thread_blocked, id=97177, stack(0x00007439795e1000,0x00007439796e1000) (1024K)]
  0x0000743a0c9c3f40 JavaThread "Gogo shell"                        [_thread_blocked, id=97178, stack(0x00007439794e1000,0x00007439795e1000) (1024K)]
  0x0000743a0cb9ac10 JavaThread "Worker-JM"                         [_thread_blocked, id=97181, stack(0x00007439792e1000,0x00007439793e1000) (1024K)]
  0x0000743a0cb5f8f0 JavaThread "Database navigator events processor"        [_thread_blocked, id=97182, stack(0x00007439793e1000,0x00007439794e1000) (1024K)]
  0x0000743a0c9ef320 JavaThread "Java2D Disposer"            daemon [_thread_blocked, id=97183, stack(0x0000743978d60000,0x0000743978e60000) (1024K)]
  0x0000743a0c9f03b0 JavaThread "AWT-XAWT"                   daemon [_thread_in_native, id=97184, stack(0x0000743978c60000,0x0000743978d60000) (1024K)]
  0x0000743a0cda7f10 JavaThread "Worker-1"                          [_thread_blocked, id=97188, stack(0x0000743978b60000,0x0000743978c60000) (1024K)]
  0x00007438f0001100 JavaThread "Worker-2"                          [_thread_blocked, id=97189, stack(0x0000743978a60000,0x0000743978b60000) (1024K)]
  0x00007438f0004910 JavaThread "Worker-3"                          [_thread_blocked, id=97318, stack(0x00007438e2df7000,0x00007438e2ff8000) (2052K)]
  0x0000743a0cf9df20 JavaThread "idle-timeout-task"          daemon [_thread_blocked, id=97319, stack(0x00007439f8300000,0x00007439f8400000) (1024K)]
  0x0000743a0cfa1860 JavaThread "HTTP-Dispatcher"                   [_thread_in_native, id=97320, stack(0x00007438e2bf6000,0x00007438e2df7000) (2052K)]
  0x00007438cc003b90 JavaThread "Worker-4"                          [_thread_blocked, id=97321, stack(0x00007438e35fb000,0x00007438e37fc000) (2052K)]
  0x0000743a0d21eb40 JavaThread "SWTResourceTracker"         daemon [_thread_blocked, id=97324, stack(0x000074397a7f4000,0x000074397a9f5000) (2052K)]
  0x00007439bc1c4d50 JavaThread "C2 CompilerThread1"         daemon [_thread_blocked, id=97339, stack(0x00007438e33fa000,0x00007438e35fb000) (2052K)]
  0x0000743a0d2e9df0 JavaThread "EventAdmin Async Event Dispatcher Thread" daemon [_thread_blocked, id=97371, stack(0x00007438e26ec000,0x00007438e28ed000) (2052K)]
  0x00007438a00067f0 JavaThread "pool-2-thread-1"                   [_thread_blocked, id=97372, stack(0x00007438e24eb000,0x00007438e26ec000) (2052K)]
  0x00007438a00099e0 JavaThread "pool-3-thread-1"                   [_thread_blocked, id=97373, stack(0x00007438e1ee8000,0x00007438e20e9000) (2052K)]
Total: 45

Other Threads:
  0x0000743a0c113540 VMThread "VM Thread"                           [id=97080, stack(0x0000743a102d4000,0x0000743a103d4000) (1024K)]
  0x0000743a0c0d7920 WatcherThread "VM Periodic Task Thread"        [id=97079, stack(0x0000743a103d5000,0x0000743a104d5000) (1024K)]
  0x0000743a0c071b60 WorkerThread "GC Thread#0"                     [id=97074, stack(0x0000743a1280e000,0x0000743a1290e000) (1024K)]
  0x00007439d0008540 WorkerThread "GC Thread#1"                     [id=97144, stack(0x000074397a2ec000,0x000074397a3ec000) (1024K)]
  0x00007439d00096f0 WorkerThread "GC Thread#2"                     [id=97145, stack(0x000074397a1eb000,0x000074397a2eb000) (1024K)]
  0x00007439d000a8a0 WorkerThread "GC Thread#3"                     [id=97146, stack(0x000074397a0ea000,0x000074397a1ea000) (1024K)]
  0x00007439d0010b90 WorkerThread "GC Thread#4"                     [id=97147, stack(0x0000743979fe9000,0x000074397a0e9000) (1024K)]
  0x00007439d00117b0 WorkerThread "GC Thread#5"                     [id=97148, stack(0x0000743979ee8000,0x0000743979fe8000) (1024K)]
  0x00007439d0012560 WorkerThread "GC Thread#6"                     [id=97149, stack(0x0000743979de7000,0x0000743979ee7000) (1024K)]
  0x00007439d0013310 WorkerThread "GC Thread#7"                     [id=97150, stack(0x0000743979ce6000,0x0000743979de6000) (1024K)]
  0x00007439d00140e0 WorkerThread "GC Thread#8"                     [id=97151, stack(0x0000743979be5000,0x0000743979ce5000) (1024K)]
  0x00007439d00152d0 WorkerThread "GC Thread#9"                     [id=97152, stack(0x0000743979ae4000,0x0000743979be4000) (1024K)]
  0x0000743a0c07f410 ConcurrentGCThread "G1 Main Marker"            [id=97075, stack(0x0000743a11300000,0x0000743a11400000) (1024K)]
  0x0000743a0c0805e0 WorkerThread "G1 Conc#0"                       [id=97076, stack(0x0000743a111ff000,0x0000743a112ff000) (1024K)]
  0x00007439ec000ce0 WorkerThread "G1 Conc#1"                       [id=97173, stack(0x00007439798e3000,0x00007439799e3000) (1024K)]
  0x00007439ec001a70 WorkerThread "G1 Conc#2"                       [id=97174, stack(0x00007439797e2000,0x00007439798e2000) (1024K)]
  0x0000743a0c0ca620 ConcurrentGCThread "G1 Refine#0"               [id=97077, stack(0x0000743a106f4000,0x0000743a107f4000) (1024K)]
  0x0000743a0c0cb810 ConcurrentGCThread "G1 Service"                [id=97078, stack(0x0000743a105f3000,0x0000743a106f3000) (1024K)]
Total: 18

Threads with active compile tasks:
Total: 0

VM state: not at safepoint (normal execution)

VM Mutex/Monitor currently owned by a thread: None

Heap address: 0x00000000c0000000, size: 1024 MB, Compressed Oops mode: 32-bit

CDS archive(s) not mapped
Compressed class space mapped at: 0x000000002a000000-0x000000006a000000, reserved size: 1073741824
UseCompressedClassPointers 1, UseCompactObjectHeaders 0
Narrow klass pointer bits 32, Max shift 3
Narrow klass base: 0x0000000000000000, Narrow klass shift: 0
Encoding Range: [0x0000000000000000 - 0x0000000100000000), (4294967296 bytes)
Klass Range:    [0x000000002a000000 - 0x000000006a000000), (1073741824 bytes)
Klass ID Range:  [704643072 - 1778384889) (1073741817)
No protection zone.

GC Precious Log:
 CardTable entry size: 512
 Card Set container configuration: InlinePtr #cards 5 size 8 Array Of Cards #cards 10 size 36 Howl #buckets 4 coarsen threshold 1843 Howl Bitmap #cards 512 size 80 coarsen threshold 460 Card regions per heap region 1 cards per card region 2048
 CPUs: 12 total, 12 available
 Memory: 15415M
 Large Page Support: Disabled
 NUMA Support: Disabled
 Compressed Oops: Enabled (32-bit)
 Heap Region Size: 1M
 Heap Min Capacity: 64M
 Heap Initial Capacity: 64M
 Heap Max Capacity: 1G
 Pre-touch: Disabled
 Parallel Workers: 10
 Concurrent Workers: 3
 Concurrent Refinement Workers: 10
 Periodic GC: Disabled

Heap:
 garbage-first heap   total reserved 1048576K, committed 130048K, used 77210K [0x00000000c0000000, 0x0000000100000000)
  region size 1024K, 44 young (45056K), 9 survivors (9216K)

Heap Regions: E=young(eden), S=young(survivor), O=old, HS=humongous(starts), HC=humongous(continues), CS=collection set, F=free, TAMS=top-at-mark-start, PB=parsable bottom
|   0|0x00000000c0000000, 0x00000000c0100000, 0x00000000c0100000|100%| O|  |TAMS 0x00000000c0000000| PB 0x00000000c0000000| Untracked |  0
|   1|0x00000000c0100000, 0x00000000c0200000, 0x00000000c0200000|100%| O|  |TAMS 0x00000000c0100000| PB 0x00000000c0100000| Untracked |  0
|   2|0x00000000c0200000, 0x00000000c0300000, 0x00000000c0300000|100%| O|  |TAMS 0x00000000c0200000| PB 0x00000000c0200000| Untracked |  0
|   3|0x00000000c0300000, 0x00000000c0400000, 0x00000000c0400000|100%| O|  |TAMS 0x00000000c0300000| PB 0x00000000c0300000| Untracked |  0
|   4|0x00000000c0400000, 0x00000000c0500000, 0x00000000c0500000|100%| O|  |TAMS 0x00000000c0400000| PB 0x00000000c0400000| Untracked |  0
|   5|0x00000000c0500000, 0x00000000c0600000, 0x00000000c0600000|100%| O|  |TAMS 0x00000000c0500000| PB 0x00000000c0500000| Untracked |  0
|   6|0x00000000c0600000, 0x00000000c0700000, 0x00000000c0700000|100%| O|  |TAMS 0x00000000c0600000| PB 0x00000000c0600000| Untracked |  0
|   7|0x00000000c0700000, 0x00000000c0800000, 0x00000000c0800000|100%| O|  |TAMS 0x00000000c0700000| PB 0x00000000c0700000| Untracked |  0
|   8|0x00000000c0800000, 0x00000000c0900000, 0x00000000c0900000|100%| O|  |TAMS 0x00000000c0800000| PB 0x00000000c0800000| Untracked |  0
|   9|0x00000000c0900000, 0x00000000c0a00000, 0x00000000c0a00000|100%| O|  |TAMS 0x00000000c0900000| PB 0x00000000c0900000| Untracked |  0
|  10|0x00000000c0a00000, 0x00000000c0b00000, 0x00000000c0b00000|100%|HS|  |TAMS 0x00000000c0a00000| PB 0x00000000c0a00000| Complete |  0
|  11|0x00000000c0b00000, 0x00000000c0c00000, 0x00000000c0c00000|100%|HS|  |TAMS 0x00000000c0b00000| PB 0x00000000c0b00000| Complete |  0
|  12|0x00000000c0c00000, 0x00000000c0d00000, 0x00000000c0d00000|100%| O|  |TAMS 0x00000000c0c00000| PB 0x00000000c0c00000| Untracked |  0
|  13|0x00000000c0d00000, 0x00000000c0e00000, 0x00000000c0e00000|100%| O|  |TAMS 0x00000000c0d00000| PB 0x00000000c0d00000| Untracked |  0
|  14|0x00000000c0e00000, 0x00000000c0f00000, 0x00000000c0f00000|100%| O|  |TAMS 0x00000000c0e00000| PB 0x00000000c0e00000| Untracked |  0
|  15|0x00000000c0f00000, 0x00000000c1000000, 0x00000000c1000000|100%| O|  |TAMS 0x00000000c0f00000| PB 0x00000000c0f00000| Untracked |  0
|  16|0x00000000c1000000, 0x00000000c1100000, 0x00000000c1100000|100%| O|  |TAMS 0x00000000c1000000| PB 0x00000000c1000000| Untracked |  0
|  17|0x00000000c1100000, 0x00000000c1200000, 0x00000000c1200000|100%|HS|  |TAMS 0x00000000c1100000| PB 0x00000000c1100000| Complete |  0
|  18|0x00000000c1200000, 0x00000000c1300000, 0x00000000c1300000|100%| O|  |TAMS 0x00000000c1200000| PB 0x00000000c1200000| Untracked |  0
|  19|0x00000000c1300000, 0x00000000c1400000, 0x00000000c1400000|100%|HS|  |TAMS 0x00000000c1300000| PB 0x00000000c1300000| Complete |  0
|  20|0x00000000c1400000, 0x00000000c1500000, 0x00000000c1500000|100%|HS|  |TAMS 0x00000000c1400000| PB 0x00000000c1400000| Complete |  0
|  21|0x00000000c1500000, 0x00000000c1500000, 0x00000000c1600000|  0%| F|  |TAMS 0x00000000c1500000| PB 0x00000000c1500000| Untracked |  0
|  22|0x00000000c1600000, 0x00000000c1600000, 0x00000000c1700000|  0%| F|  |TAMS 0x00000000c1600000| PB 0x00000000c1600000| Untracked |  0
|  23|0x00000000c1700000, 0x00000000c1719dd8, 0x00000000c1800000| 10%| O|  |TAMS 0x00000000c1700000| PB 0x00000000c1700000| Untracked |  0
|  24|0x00000000c1800000, 0x00000000c1800000, 0x00000000c1900000|  0%| F|  |TAMS 0x00000000c1800000| PB 0x00000000c1800000| Untracked |  0
|  25|0x00000000c1900000, 0x00000000c1900000, 0x00000000c1a00000|  0%| F|  |TAMS 0x00000000c1900000| PB 0x00000000c1900000| Untracked |  0
|  26|0x00000000c1a00000, 0x00000000c1a00000, 0x00000000c1b00000|  0%| F|  |TAMS 0x00000000c1a00000| PB 0x00000000c1a00000| Untracked |  0
|  27|0x00000000c1b00000, 0x00000000c1b00000, 0x00000000c1c00000|  0%| F|  |TAMS 0x00000000c1b00000| PB 0x00000000c1b00000| Untracked |  0
|  28|0x00000000c1c00000, 0x00000000c1c00000, 0x00000000c1d00000|  0%| F|  |TAMS 0x00000000c1c00000| PB 0x00000000c1c00000| Untracked |  0
|  29|0x00000000c1d00000, 0x00000000c1d00000, 0x00000000c1e00000|  0%| F|  |TAMS 0x00000000c1d00000| PB 0x00000000c1d00000| Untracked |  0
|  30|0x00000000c1e00000, 0x00000000c1e00000, 0x00000000c1f00000|  0%| F|  |TAMS 0x00000000c1e00000| PB 0x00000000c1e00000| Untracked |  0
|  31|0x00000000c1f00000, 0x00000000c1f00000, 0x00000000c2000000|  0%| F|  |TAMS 0x00000000c1f00000| PB 0x00000000c1f00000| Untracked |  0
|  32|0x00000000c2000000, 0x00000000c2000000, 0x00000000c2100000|  0%| F|  |TAMS 0x00000000c2000000| PB 0x00000000c2000000| Untracked |  0
|  33|0x00000000c2100000, 0x00000000c2100000, 0x00000000c2200000|  0%| F|  |TAMS 0x00000000c2100000| PB 0x00000000c2100000| Untracked |  0
|  34|0x00000000c2200000, 0x00000000c2200000, 0x00000000c2300000|  0%| F|  |TAMS 0x00000000c2200000| PB 0x00000000c2200000| Untracked |  0
|  35|0x00000000c2300000, 0x00000000c2300000, 0x00000000c2400000|  0%| F|  |TAMS 0x00000000c2300000| PB 0x00000000c2300000| Untracked |  0
|  36|0x00000000c2400000, 0x00000000c2400000, 0x00000000c2500000|  0%| F|  |TAMS 0x00000000c2400000| PB 0x00000000c2400000| Untracked |  0
|  37|0x00000000c2500000, 0x00000000c2500000, 0x00000000c2600000|  0%| F|  |TAMS 0x00000000c2500000| PB 0x00000000c2500000| Untracked |  0
|  38|0x00000000c2600000, 0x00000000c2600000, 0x00000000c2700000|  0%| F|  |TAMS 0x00000000c2600000| PB 0x00000000c2600000| Untracked |  0
|  39|0x00000000c2700000, 0x00000000c2700000, 0x00000000c2800000|  0%| F|  |TAMS 0x00000000c2700000| PB 0x00000000c2700000| Untracked |  0
|  40|0x00000000c2800000, 0x00000000c2800000, 0x00000000c2900000|  0%| F|  |TAMS 0x00000000c2800000| PB 0x00000000c2800000| Untracked |  0
|  41|0x00000000c2900000, 0x00000000c2a00000, 0x00000000c2a00000|100%| S|CS|TAMS 0x00000000c2900000| PB 0x00000000c2900000| Complete |  0
|  42|0x00000000c2a00000, 0x00000000c2b00000, 0x00000000c2b00000|100%| S|CS|TAMS 0x00000000c2a00000| PB 0x00000000c2a00000| Complete |  0
|  43|0x00000000c2b00000, 0x00000000c2c00000, 0x00000000c2c00000|100%| S|CS|TAMS 0x00000000c2b00000| PB 0x00000000c2b00000| Complete |  0
|  44|0x00000000c2c00000, 0x00000000c2d00000, 0x00000000c2d00000|100%| S|CS|TAMS 0x00000000c2c00000| PB 0x00000000c2c00000| Complete |  0
|  45|0x00000000c2d00000, 0x00000000c2e00000, 0x00000000c2e00000|100%| S|CS|TAMS 0x00000000c2d00000| PB 0x00000000c2d00000| Complete |  0
|  46|0x00000000c2e00000, 0x00000000c2f00000, 0x00000000c2f00000|100%| S|CS|TAMS 0x00000000c2e00000| PB 0x00000000c2e00000| Complete |  0
|  47|0x00000000c2f00000, 0x00000000c3000000, 0x00000000c3000000|100%| S|CS|TAMS 0x00000000c2f00000| PB 0x00000000c2f00000| Complete |  0
|  48|0x00000000c3000000, 0x00000000c3100000, 0x00000000c3100000|100%| S|CS|TAMS 0x00000000c3000000| PB 0x00000000c3000000| Complete |  0
|  49|0x00000000c3100000, 0x00000000c3200000, 0x00000000c3200000|100%| O|Cm|TAMS 0x00000000c3100000| PB 0x00000000c3100000| Complete |  0
|  50|0x00000000c3200000, 0x00000000c3300000, 0x00000000c3300000|100%| S|CS|TAMS 0x00000000c3200000| PB 0x00000000c3200000| Complete |  0
|  51|0x00000000c3300000, 0x00000000c3300000, 0x00000000c3400000|  0%| F|  |TAMS 0x00000000c3300000| PB 0x00000000c3300000| Untracked |  0
|  52|0x00000000c3400000, 0x00000000c3400000, 0x00000000c3500000|  0%| F|  |TAMS 0x00000000c3400000| PB 0x00000000c3400000| Untracked |  0
|  53|0x00000000c3500000, 0x00000000c3500000, 0x00000000c3600000|  0%| F|  |TAMS 0x00000000c3500000| PB 0x00000000c3500000| Untracked |  0
|  54|0x00000000c3600000, 0x00000000c3700000, 0x00000000c3700000|100%| O|Cm|TAMS 0x00000000c3600000| PB 0x00000000c3600000| Complete |  0
|  55|0x00000000c3700000, 0x00000000c3800000, 0x00000000c3800000|100%| O|  |TAMS 0x00000000c3700000| PB 0x00000000c3700000| Untracked |  0
|  56|0x00000000c3800000, 0x00000000c3900000, 0x00000000c3900000|100%| O|  |TAMS 0x00000000c3800000| PB 0x00000000c3800000| Untracked |  0
|  57|0x00000000c3900000, 0x00000000c3a00000, 0x00000000c3a00000|100%| O|  |TAMS 0x00000000c3900000| PB 0x00000000c3900000| Untracked |  0
|  58|0x00000000c3a00000, 0x00000000c3b00000, 0x00000000c3b00000|100%| O|  |TAMS 0x00000000c3a00000| PB 0x00000000c3a00000| Untracked |  0
|  59|0x00000000c3b00000, 0x00000000c3c00000, 0x00000000c3c00000|100%| O|  |TAMS 0x00000000c3b00000| PB 0x00000000c3b00000| Untracked |  0
|  60|0x00000000c3c00000, 0x00000000c3d00000, 0x00000000c3d00000|100%| O|  |TAMS 0x00000000c3c00000| PB 0x00000000c3c00000| Untracked |  0
|  61|0x00000000c3d00000, 0x00000000c3e00000, 0x00000000c3e00000|100%| O|  |TAMS 0x00000000c3d00000| PB 0x00000000c3d00000| Untracked |  0
|  62|0x00000000c3e00000, 0x00000000c3f00000, 0x00000000c3f00000|100%| O|  |TAMS 0x00000000c3e00000| PB 0x00000000c3e00000| Untracked |  0
|  63|0x00000000c3f00000, 0x00000000c4000000, 0x00000000c4000000|100%| O|  |TAMS 0x00000000c3f00000| PB 0x00000000c3f00000| Untracked |  0
|  64|0x00000000c4000000, 0x00000000c404cb18, 0x00000000c4100000| 29%| O|Cm|TAMS 0x00000000c4000000| PB 0x00000000c4000000| Complete |  0
|  65|0x00000000c4100000, 0x00000000c4100000, 0x00000000c4200000|  0%| F|  |TAMS 0x00000000c4100000| PB 0x00000000c4100000| Untracked |  0
|  66|0x00000000c4200000, 0x00000000c4200000, 0x00000000c4300000|  0%| F|  |TAMS 0x00000000c4200000| PB 0x00000000c4200000| Untracked |  0
|  67|0x00000000c4300000, 0x00000000c4300000, 0x00000000c4400000|  0%| F|  |TAMS 0x00000000c4300000| PB 0x00000000c4300000| Untracked |  0
|  68|0x00000000c4400000, 0x00000000c4400000, 0x00000000c4500000|  0%| F|  |TAMS 0x00000000c4400000| PB 0x00000000c4400000| Untracked |  0
|  69|0x00000000c4500000, 0x00000000c4500000, 0x00000000c4600000|  0%| F|  |TAMS 0x00000000c4500000| PB 0x00000000c4500000| Untracked |  0
|  70|0x00000000c4600000, 0x00000000c4600000, 0x00000000c4700000|  0%| F|  |TAMS 0x00000000c4600000| PB 0x00000000c4600000| Untracked |  0
|  71|0x00000000c4700000, 0x00000000c4700000, 0x00000000c4800000|  0%| F|  |TAMS 0x00000000c4700000| PB 0x00000000c4700000| Untracked |  0
|  72|0x00000000c4800000, 0x00000000c4800000, 0x00000000c4900000|  0%| F|  |TAMS 0x00000000c4800000| PB 0x00000000c4800000| Untracked |  0
|  73|0x00000000c4900000, 0x00000000c4900000, 0x00000000c4a00000|  0%| F|  |TAMS 0x00000000c4900000| PB 0x00000000c4900000| Untracked |  0
|  74|0x00000000c4a00000, 0x00000000c4a00000, 0x00000000c4b00000|  0%| F|  |TAMS 0x00000000c4a00000| PB 0x00000000c4a00000| Untracked |  0
|  75|0x00000000c4b00000, 0x00000000c4b00000, 0x00000000c4c00000|  0%| F|  |TAMS 0x00000000c4b00000| PB 0x00000000c4b00000| Untracked |  0
|  76|0x00000000c4c00000, 0x00000000c4c00000, 0x00000000c4d00000|  0%| F|  |TAMS 0x00000000c4c00000| PB 0x00000000c4c00000| Untracked |  0
|  77|0x00000000c4d00000, 0x00000000c4d00000, 0x00000000c4e00000|  0%| F|  |TAMS 0x00000000c4d00000| PB 0x00000000c4d00000| Untracked |  0
|  78|0x00000000c4e00000, 0x00000000c4e00000, 0x00000000c4f00000|  0%| F|  |TAMS 0x00000000c4e00000| PB 0x00000000c4e00000| Untracked |  0
|  79|0x00000000c4f00000, 0x00000000c4f00000, 0x00000000c5000000|  0%| F|  |TAMS 0x00000000c4f00000| PB 0x00000000c4f00000| Untracked |  0
|  80|0x00000000c5000000, 0x00000000c5000000, 0x00000000c5100000|  0%| F|  |TAMS 0x00000000c5000000| PB 0x00000000c5000000| Untracked |  0
|  81|0x00000000c5100000, 0x00000000c5100000, 0x00000000c5200000|  0%| F|  |TAMS 0x00000000c5100000| PB 0x00000000c5100000| Untracked |  0
|  82|0x00000000c5200000, 0x00000000c5200000, 0x00000000c5300000|  0%| F|  |TAMS 0x00000000c5200000| PB 0x00000000c5200000| Untracked |  0
|  83|0x00000000c5300000, 0x00000000c5300000, 0x00000000c5400000|  0%| F|  |TAMS 0x00000000c5300000| PB 0x00000000c5300000| Untracked |  0
|  84|0x00000000c5400000, 0x00000000c5400000, 0x00000000c5500000|  0%| F|  |TAMS 0x00000000c5400000| PB 0x00000000c5400000| Untracked |  0
|  85|0x00000000c5500000, 0x00000000c5500000, 0x00000000c5600000|  0%| F|  |TAMS 0x00000000c5500000| PB 0x00000000c5500000| Untracked |  0
|  86|0x00000000c5600000, 0x00000000c5600000, 0x00000000c5700000|  0%| F|  |TAMS 0x00000000c5600000| PB 0x00000000c5600000| Untracked |  0
|  87|0x00000000c5700000, 0x00000000c5700000, 0x00000000c5800000|  0%| F|  |TAMS 0x00000000c5700000| PB 0x00000000c5700000| Untracked |  0
|  88|0x00000000c5800000, 0x00000000c5800000, 0x00000000c5900000|  0%| F|  |TAMS 0x00000000c5800000| PB 0x00000000c5800000| Untracked |  0
|  89|0x00000000c5900000, 0x00000000c5900000, 0x00000000c5a00000|  0%| F|  |TAMS 0x00000000c5900000| PB 0x00000000c5900000| Untracked |  0
|  90|0x00000000c5a00000, 0x00000000c5a00000, 0x00000000c5b00000|  0%| F|  |TAMS 0x00000000c5a00000| PB 0x00000000c5a00000| Untracked |  0
|  91|0x00000000c5b00000, 0x00000000c5b00000, 0x00000000c5c00000|  0%| F|  |TAMS 0x00000000c5b00000| PB 0x00000000c5b00000| Untracked |  0
|  92|0x00000000c5c00000, 0x00000000c5d00000, 0x00000000c5d00000|100%| E|  |TAMS 0x00000000c5c00000| PB 0x00000000c5c00000| Complete |  0
|  93|0x00000000c5d00000, 0x00000000c5e00000, 0x00000000c5e00000|100%| E|CS|TAMS 0x00000000c5d00000| PB 0x00000000c5d00000| Complete |  0
|  94|0x00000000c5e00000, 0x00000000c5f00000, 0x00000000c5f00000|100%| E|CS|TAMS 0x00000000c5e00000| PB 0x00000000c5e00000| Complete |  0
|  95|0x00000000c5f00000, 0x00000000c6000000, 0x00000000c6000000|100%| E|CS|TAMS 0x00000000c5f00000| PB 0x00000000c5f00000| Complete |  0
|  96|0x00000000c6000000, 0x00000000c6100000, 0x00000000c6100000|100%| E|CS|TAMS 0x00000000c6000000| PB 0x00000000c6000000| Complete |  0
|  97|0x00000000c6100000, 0x00000000c6200000, 0x00000000c6200000|100%| E|CS|TAMS 0x00000000c6100000| PB 0x00000000c6100000| Complete |  0
|  98|0x00000000c6200000, 0x00000000c6300000, 0x00000000c6300000|100%| E|CS|TAMS 0x00000000c6200000| PB 0x00000000c6200000| Complete |  0
|  99|0x00000000c6300000, 0x00000000c6400000, 0x00000000c6400000|100%| E|CS|TAMS 0x00000000c6300000| PB 0x00000000c6300000| Complete |  0
| 100|0x00000000c6400000, 0x00000000c6500000, 0x00000000c6500000|100%| E|CS|TAMS 0x00000000c6400000| PB 0x00000000c6400000| Complete |  0
| 101|0x00000000c6500000, 0x00000000c6600000, 0x00000000c6600000|100%| E|CS|TAMS 0x00000000c6500000| PB 0x00000000c6500000| Complete |  0
| 102|0x00000000c6600000, 0x00000000c6700000, 0x00000000c6700000|100%| E|CS|TAMS 0x00000000c6600000| PB 0x00000000c6600000| Complete |  0
| 103|0x00000000c6700000, 0x00000000c6800000, 0x00000000c6800000|100%| E|CS|TAMS 0x00000000c6700000| PB 0x00000000c6700000| Complete |  0
| 104|0x00000000c6800000, 0x00000000c6900000, 0x00000000c6900000|100%| E|CS|TAMS 0x00000000c6800000| PB 0x00000000c6800000| Complete |  0
| 105|0x00000000c6900000, 0x00000000c6a00000, 0x00000000c6a00000|100%| E|CS|TAMS 0x00000000c6900000| PB 0x00000000c6900000| Complete |  0
| 106|0x00000000c6a00000, 0x00000000c6b00000, 0x00000000c6b00000|100%| E|CS|TAMS 0x00000000c6a00000| PB 0x00000000c6a00000| Complete |  0
| 107|0x00000000c6b00000, 0x00000000c6c00000, 0x00000000c6c00000|100%| E|CS|TAMS 0x00000000c6b00000| PB 0x00000000c6b00000| Complete |  0
| 108|0x00000000c6c00000, 0x00000000c6d00000, 0x00000000c6d00000|100%| E|CS|TAMS 0x00000000c6c00000| PB 0x00000000c6c00000| Complete |  0
| 109|0x00000000c6d00000, 0x00000000c6e00000, 0x00000000c6e00000|100%| E|CS|TAMS 0x00000000c6d00000| PB 0x00000000c6d00000| Complete |  0
| 110|0x00000000c6e00000, 0x00000000c6f00000, 0x00000000c6f00000|100%| E|CS|TAMS 0x00000000c6e00000| PB 0x00000000c6e00000| Complete |  0
| 111|0x00000000c6f00000, 0x00000000c7000000, 0x00000000c7000000|100%| E|CS|TAMS 0x00000000c6f00000| PB 0x00000000c6f00000| Complete |  0
| 112|0x00000000c7000000, 0x00000000c7100000, 0x00000000c7100000|100%| E|CS|TAMS 0x00000000c7000000| PB 0x00000000c7000000| Complete |  0
| 113|0x00000000c7100000, 0x00000000c7200000, 0x00000000c7200000|100%| E|CS|TAMS 0x00000000c7100000| PB 0x00000000c7100000| Complete |  0
| 114|0x00000000c7200000, 0x00000000c7300000, 0x00000000c7300000|100%| E|CS|TAMS 0x00000000c7200000| PB 0x00000000c7200000| Complete |  0
| 115|0x00000000c7300000, 0x00000000c7400000, 0x00000000c7400000|100%| E|CS|TAMS 0x00000000c7300000| PB 0x00000000c7300000| Complete |  0
| 116|0x00000000c7400000, 0x00000000c7500000, 0x00000000c7500000|100%| E|CS|TAMS 0x00000000c7400000| PB 0x00000000c7400000| Complete |  0
| 117|0x00000000c7500000, 0x00000000c7600000, 0x00000000c7600000|100%| E|CS|TAMS 0x00000000c7500000| PB 0x00000000c7500000| Complete |  0
| 118|0x00000000c7600000, 0x00000000c7700000, 0x00000000c7700000|100%| E|CS|TAMS 0x00000000c7600000| PB 0x00000000c7600000| Complete |  0
| 119|0x00000000c7700000, 0x00000000c7800000, 0x00000000c7800000|100%| E|CS|TAMS 0x00000000c7700000| PB 0x00000000c7700000| Complete |  0
| 120|0x00000000c7800000, 0x00000000c7900000, 0x00000000c7900000|100%| E|CS|TAMS 0x00000000c7800000| PB 0x00000000c7800000| Complete |  0
| 121|0x00000000c7900000, 0x00000000c7a00000, 0x00000000c7a00000|100%| E|CS|TAMS 0x00000000c7900000| PB 0x00000000c7900000| Complete |  0
| 122|0x00000000c7a00000, 0x00000000c7b00000, 0x00000000c7b00000|100%| E|CS|TAMS 0x00000000c7a00000| PB 0x00000000c7a00000| Complete |  0
| 123|0x00000000c7b00000, 0x00000000c7c00000, 0x00000000c7c00000|100%| E|CS|TAMS 0x00000000c7b00000| PB 0x00000000c7b00000| Complete |  0
| 124|0x00000000c7c00000, 0x00000000c7d00000, 0x00000000c7d00000|100%| E|CS|TAMS 0x00000000c7c00000| PB 0x00000000c7c00000| Complete |  0
| 125|0x00000000c7d00000, 0x00000000c7e00000, 0x00000000c7e00000|100%| E|CS|TAMS 0x00000000c7d00000| PB 0x00000000c7d00000| Complete |  0
| 127|0x00000000c7f00000, 0x00000000c8000000, 0x00000000c8000000|100%| E|CS|TAMS 0x00000000c7f00000| PB 0x00000000c7f00000| Complete |  0

Card table byte_map: [0x0000743a12400000,0x0000743a12600000] _byte_map_base: 0x0000743a11e00000

Marking Bits: (CMBitMap*) 0x0000743a0c0728b0
 Bits: [0x0000743a11400000, 0x0000743a12400000)

Polling page: 0x0000743a15222000

Metaspace:
Metaspace        used 54706K, committed 56064K, reserved 1114112K
 class space     used 6434K, committed 6976K, reserved 1048576K

Usage:
  Non-class:     47,14 MB used.
      Class:      6,28 MB used.
       Both:     53,42 MB used.

Virtual space:
  Non-class space:       64,00 MB reserved,      47,94 MB ( 75%) committed,  1 nodes.
      Class space:        1,00 GB reserved,       6,81 MB ( <1%) committed,  1 nodes.
             Both:        1,06 GB reserved,      54,75 MB (  5%) committed. 

Chunk freelists:
   Non-Class:  32,00 KB
       Class:  9,17 MB
        Both:  9,20 MB

MaxMetaspaceSize: unlimited
CompressedClassSpaceSize: 1,00 GB
Initial GC threshold: 21,00 MB
Current GC threshold: 80,94 MB
CDS: off
 - commit_granule_bytes: 65536.
 - commit_granule_words: 8192.
 - virtual_space_node_default_size: 8388608.
 - enlarge_chunks_in_place: 1.
UseCompressedClassPointers 1, UseCompactObjectHeaders 0
Narrow klass pointer bits 32, Max shift 3
Narrow klass base: 0x0000000000000000, Narrow klass shift: 0
Encoding Range: [0x0000000000000000 - 0x0000000100000000), (4294967296 bytes)
Klass Range:    [0x000000002a000000 - 0x000000006a000000), (1073741824 bytes)
Klass ID Range:  [704643072 - 1778384889) (1073741817)
No protection zone.


Internal statistics:

num_allocs_failed_limit: 6.
num_arena_births: 638.
num_arena_deaths: 0.
num_vsnodes_births: 2.
num_vsnodes_deaths: 0.
num_space_committed: 876.
num_space_uncommitted: 0.
num_chunks_returned_to_freelist: 6.
num_chunks_taken_from_freelist: 2660.
num_chunk_merges: 3.
num_chunk_splits: 1691.
num_chunks_enlarged: 1045.
num_inconsistent_stats: 0.

CodeHeap 'non-profiled nmethods': size=120032Kb used=2974Kb max_used=2974Kb free=117057Kb
 bounds [0x0000743a00961000, 0x0000743a00c51000, 0x0000743a07e99000]
CodeHeap 'profiled nmethods': size=120032Kb used=8941Kb max_used=8941Kb free=111091Kb
 bounds [0x00007439f8e97000, 0x00007439f9757000, 0x0000743a003cf000]
CodeHeap 'non-nmethods': size=5704Kb used=1888Kb max_used=2047Kb free=3816Kb
 bounds [0x0000743a003cf000, 0x0000743a0063f000, 0x0000743a00961000]
CodeCache: size=245768Kb, used=13803Kb, max_used=13962Kb, free=231964Kb
 total_blobs=7071, nmethods=6176, adapters=798, full_count=0
Compilation: enabled, stopped_count=0, restarted_count=0

Compilation events (20 events):
Event: 9,021 Thread 0x0000743a0c1529b0 nmethod 6986 0x00007439f974e688 code [0x00007439f974e780, 0x00007439f974ed00]
Event: 9,021 Thread 0x0000743a0c1529b0 6985       3       org.eclipse.jface.bindings.BindingManager::localeMatches (62 bytes)
Event: 9,021 Thread 0x00007439bcc5bc90 6988       4       jdk.internal.classfile.impl.AbstractPoolEntry$ClassEntryImpl::hashCode (37 bytes)
Event: 9,021 Thread 0x0000743a0c1529b0 nmethod 6985 0x00007439f974ed88 code [0x00007439f974ee80, 0x00007439f974f2f0]
Event: 9,021 Thread 0x0000743a0c1529b0 6989   !   3       java.lang.invoke.InnerClassLambdaMetafactory::buildCallSite (144 bytes)
Event: 9,023 Thread 0x0000743a0c1529b0 nmethod 6989 0x00007439f974f308 code [0x00007439f974f400, 0x00007439f97505f8]
Event: 9,023 Thread 0x0000743a0c1529b0 6987       3       java.lang.invoke.InnerClassLambdaMetafactory::invocationOpcode (102 bytes)
Event: 9,024 Thread 0x00007439bcc5bc90 nmethod 6988 0x0000743a00c2fa88 code [0x0000743a00c2fb80, 0x0000743a00c2fd70]
Event: 9,024 Thread 0x00007439bcc5bc90 6990       4       java.lang.invoke.MethodHandle::asTypeCached (52 bytes)
Event: 9,024 Thread 0x0000743a0c1529b0 nmethod 6987 0x00007439f9750608 code [0x00007439f9750700, 0x00007439f9751058]
Event: 9,024 Thread 0x0000743a0c1529b0 6991       3       java.lang.invoke.BoundMethodHandle$Species_LLL::make (14 bytes)
Event: 9,024 Thread 0x0000743a0c1529b0 nmethod 6991 0x00007439f9751088 code [0x00007439f9751180, 0x00007439f97514a8]
Event: 9,025 Thread 0x00007439bcc5bc90 nmethod 6990 0x0000743a00c2fd88 code [0x0000743a00c2fe80, 0x0000743a00c2ff40]
Event: 9,026 Thread 0x0000743a0c1529b0 6992       3       org.eclipse.emf.ecore.impl.EClassImpl::getEStructuralFeature (23 bytes)
Event: 9,027 Thread 0x0000743a0c1529b0 nmethod 6992 0x00007439f9751508 code [0x00007439f9751600, 0x00007439f9751898]
Event: 9,027 Thread 0x0000743a0c1529b0 6993       3       org.eclipse.swt.widgets.EventTable::hooks (47 bytes)
Event: 9,027 Thread 0x0000743a0c1529b0 nmethod 6993 0x00007439f9751908 code [0x00007439f9751a00, 0x00007439f9751c80]
Event: 9,027 Thread 0x0000743a0c1529b0 6994       3       org.eclipse.e4.core.contexts.ContextFunction::<init> (5 bytes)
Event: 9,027 Thread 0x00007439bcc5bc90 6995       4       org.eclipse.e4.core.internal.contexts.EclipseContext::internalGet (187 bytes)
Event: 9,027 Thread 0x0000743a0c1529b0 nmethod 6994 0x00007439f929cc08 code [0x00007439f929cd00, 0x00007439f929ce58]

GC Heap Usage History (20 events):
Event: 2,061 {heap Before GC invocations=3 (full 0):
 garbage-first heap   total reserved 1048576K, committed 65536K, used 42613K [0x00000000c0000000, 0x0000000100000000)
  region size 1024K, 36 young (36864K), 5 survivors (5120K)
}
Event: 2,073 {heap After GC invocations=4 (full 0):
 garbage-first heap   total reserved 1048576K, committed 65536K, used 24576K [0x00000000c0000000, 0x0000000100000000)
  region size 1024K, 5 young (5120K), 5 survivors (5120K)
}
Event: 2,100 {heap Before GC invocations=4 (full 0):
 garbage-first heap   total reserved 1048576K, committed 65536K, used 44032K [0x00000000c0000000, 0x0000000100000000)
  region size 1024K, 24 young (24576K), 5 survivors (5120K)
}
Event: 2,111 {heap After GC invocations=5 (full 0):
 garbage-first heap   total reserved 1048576K, committed 65536K, used 39936K [0x00000000c0000000, 0x0000000100000000)
  region size 1024K, 3 young (3072K), 3 survivors (3072K)
}
Event: 2,140 {heap Before GC invocations=5 (full 0):
 garbage-first heap   total reserved 1048576K, committed 65536K, used 50176K [0x00000000c0000000, 0x0000000100000000)
  region size 1024K, 13 young (13312K), 3 survivors (3072K)
}
Event: 2,146 {heap After GC invocations=6 (full 0):
 garbage-first heap   total reserved 1048576K, committed 131072K, used 46080K [0x00000000c0000000, 0x0000000100000000)
  region size 1024K, 2 young (2048K), 2 survivors (2048K)
}
Event: 2,253 {heap Before GC invocations=7 (full 0):
 garbage-first heap   total reserved 1048576K, committed 131072K, used 80896K [0x00000000c0000000, 0x0000000100000000)
  region size 1024K, 36 young (36864K), 2 survivors (2048K)
}
Event: 2,260 {heap After GC invocations=8 (full 0):
 garbage-first heap   total reserved 1048576K, committed 131072K, used 54693K [0x00000000c0000000, 0x0000000100000000)
  region size 1024K, 5 young (5120K), 5 survivors (5120K)
}
Event: 2,960 {heap Before GC invocations=8 (full 0):
 garbage-first heap   total reserved 1048576K, committed 131072K, used 88485K [0x00000000c0000000, 0x0000000100000000)
  region size 1024K, 38 young (38912K), 5 survivors (5120K)
}
Event: 2,970 {heap After GC invocations=9 (full 0):
 garbage-first heap   total reserved 1048576K, committed 131072K, used 60175K [0x00000000c0000000, 0x0000000100000000)
  region size 1024K, 5 young (5120K), 5 survivors (5120K)
}
Event: 3,382 {heap Before GC invocations=9 (full 0):
 garbage-first heap   total reserved 1048576K, committed 131072K, used 93967K [0x00000000c0000000, 0x0000000100000000)
  region size 1024K, 38 young (38912K), 5 survivors (5120K)
}
Event: 3,393 {heap After GC invocations=10 (full 0):
 garbage-first heap   total reserved 1048576K, committed 131072K, used 66048K [0x00000000c0000000, 0x0000000100000000)
  region size 1024K, 5 young (5120K), 5 survivors (5120K)
}
Event: 4,148 {heap Before GC invocations=10 (full 0):
 garbage-first heap   total reserved 1048576K, committed 131072K, used 84480K [0x00000000c0000000, 0x0000000100000000)
  region size 1024K, 25 young (25600K), 5 survivors (5120K)
}
Event: 4,153 {heap After GC invocations=11 (full 0):
 garbage-first heap   total reserved 1048576K, committed 131072K, used 70037K [0x00000000c0000000, 0x0000000100000000)
  region size 1024K, 5 young (5120K), 5 survivors (5120K)
}
Event: 5,391 {heap Before GC invocations=12 (full 0):
 garbage-first heap   total reserved 1048576K, committed 130048K, used 71061K [0x00000000c0000000, 0x0000000100000000)
  region size 1024K, 37 young (37888K), 5 survivors (5120K)
}
Event: 5,396 {heap After GC invocations=13 (full 0):
 garbage-first heap   total reserved 1048576K, committed 130048K, used 40812K [0x00000000c0000000, 0x0000000100000000)
  region size 1024K, 3 young (3072K), 3 survivors (3072K)
}
Event: 5,452 {heap Before GC invocations=13 (full 0):
 garbage-first heap   total reserved 1048576K, committed 130048K, used 93036K [0x00000000c0000000, 0x0000000100000000)
  region size 1024K, 54 young (55296K), 3 survivors (3072K)
}
Event: 5,454 {heap After GC invocations=14 (full 0):
 garbage-first heap   total reserved 1048576K, committed 130048K, used 30902K [0x00000000c0000000, 0x0000000100000000)
  region size 1024K, 3 young (3072K), 3 survivors (3072K)
}
Event: 7,988 {heap Before GC invocations=14 (full 0):
 garbage-first heap   total reserved 1048576K, committed 130048K, used 99510K [0x00000000c0000000, 0x0000000100000000)
  region size 1024K, 65 young (66560K), 3 survivors (3072K)
}
Event: 7,996 {heap After GC invocations=15 (full 0):
 garbage-first heap   total reserved 1048576K, committed 130048K, used 39322K [0x00000000c0000000, 0x0000000100000000)
  region size 1024K, 9 young (9216K), 9 survivors (9216K)
}

Metaspace Usage History (20 events):
Event: 2,061 {metaspace Before GC invocations=3 (full 0):
 Metaspace       used 17559K, committed 17792K, reserved 1114112K
  class space    used 1733K, committed 1856K, reserved 1048576K
}
Event: 2,073 {metaspace After GC invocations=4 (full 0):
 Metaspace       used 17559K, committed 17792K, reserved 1114112K
  class space    used 1733K, committed 1856K, reserved 1048576K
}
Event: 2,100 {metaspace Before GC invocations=4 (full 0):
 Metaspace       used 17570K, committed 17792K, reserved 1114112K
  class space    used 1733K, committed 1856K, reserved 1048576K
}
Event: 2,111 {metaspace After GC invocations=5 (full 0):
 Metaspace       used 17570K, committed 17792K, reserved 1114112K
  class space    used 1733K, committed 1856K, reserved 1048576K
}
Event: 2,140 {metaspace Before GC invocations=5 (full 0):
 Metaspace       used 17592K, committed 17792K, reserved 1114112K
  class space    used 1733K, committed 1856K, reserved 1048576K
}
Event: 2,146 {metaspace After GC invocations=6 (full 0):
 Metaspace       used 17592K, committed 17792K, reserved 1114112K
  class space    used 1733K, committed 1856K, reserved 1048576K
}
Event: 2,253 {metaspace Before GC invocations=7 (full 0):
 Metaspace       used 17595K, committed 17792K, reserved 1114112K
  class space    used 1733K, committed 1856K, reserved 1048576K
}
Event: 2,260 {metaspace After GC invocations=8 (full 0):
 Metaspace       used 17595K, committed 17792K, reserved 1114112K
  class space    used 1733K, committed 1856K, reserved 1048576K
}
Event: 2,960 {metaspace Before GC invocations=8 (full 0):
 Metaspace       used 20593K, committed 20864K, reserved 1114112K
  class space    used 2065K, committed 2176K, reserved 1048576K
}
Event: 2,970 {metaspace After GC invocations=9 (full 0):
 Metaspace       used 20593K, committed 20864K, reserved 1114112K
  class space    used 2065K, committed 2176K, reserved 1048576K
}
Event: 3,382 {metaspace Before GC invocations=9 (full 0):
 Metaspace       used 22163K, committed 22528K, reserved 1114112K
  class space    used 2223K, committed 2368K, reserved 1048576K
}
Event: 3,393 {metaspace After GC invocations=10 (full 0):
 Metaspace       used 22163K, committed 22528K, reserved 1114112K
  class space    used 2223K, committed 2368K, reserved 1048576K
}
Event: 4,148 {metaspace Before GC invocations=10 (full 0):
 Metaspace       used 28961K, committed 29696K, reserved 1114112K
  class space    used 3001K, committed 3264K, reserved 1048576K
}
Event: 4,153 {metaspace After GC invocations=11 (full 0):
 Metaspace       used 28961K, committed 29696K, reserved 1114112K
  class space    used 3001K, committed 3264K, reserved 1048576K
}
Event: 5,391 {metaspace Before GC invocations=12 (full 0):
 Metaspace       used 33185K, committed 33984K, reserved 1114112K
  class space    used 3564K, committed 3904K, reserved 1048576K
}
Event: 5,396 {metaspace After GC invocations=13 (full 0):
 Metaspace       used 33185K, committed 33984K, reserved 1114112K
  class space    used 3564K, committed 3904K, reserved 1048576K
}
Event: 5,452 {metaspace Before GC invocations=13 (full 0):
 Metaspace       used 33365K, committed 34176K, reserved 1114112K
  class space    used 3585K, committed 3904K, reserved 1048576K
}
Event: 5,454 {metaspace After GC invocations=14 (full 0):
 Metaspace       used 33365K, committed 34176K, reserved 1114112K
  class space    used 3585K, committed 3904K, reserved 1048576K
}
Event: 7,988 {metaspace Before GC invocations=14 (full 0):
 Metaspace       used 48505K, committed 49600K, reserved 1114112K
  class space    used 5630K, committed 6080K, reserved 1048576K
}
Event: 7,996 {metaspace After GC invocations=15 (full 0):
 Metaspace       used 48505K, committed 49600K, reserved 1114112K
  class space    used 5630K, committed 6080K, reserved 1048576K
}

Dll operation events (18 events):
Event: 0,005 Loaded shared library /snap/dbeaver-ce/543/usr/share/dbeaver-ce/jre/lib/libjava.so
Event: 0,276 Loaded shared library /snap/dbeaver-ce/543/usr/share/dbeaver-ce/jre/lib/libsimdsort.so
Event: 0,351 Loaded shared library /snap/dbeaver-ce/543/usr/share/dbeaver-ce/jre/lib/libnio.so
Event: 0,356 Loaded shared library /snap/dbeaver-ce/543/usr/share/dbeaver-ce/jre/lib/libzip.so
Event: 0,398 Loaded shared library /snap/dbeaver-ce/543/usr/share/dbeaver-ce/jre/lib/libnet.so
Event: 0,439 Loaded shared library /snap/dbeaver-ce/543/usr/share/dbeaver-ce/jre/lib/libjimage.so
Event: 0,528 Loaded shared library /snap/dbeaver-ce/543/usr/share/dbeaver-ce/plugins/org.eclipse.equinox.launcher.gtk.linux.x86_64_1.2.1500.v20250801-0854/eclipse_11916.so
Event: 3,845 Loaded shared library /snap/dbeaver-ce/543/usr/share/dbeaver-ce/jre/lib/libverify.so
Event: 3,921 Loaded shared library /home/gustaa/snap/dbeaver-ce/543/.local/share/DBeaverData/install-data/org.jkiss.dbeaver.product/26.1.5-202608181400/org.eclipse.osgi/152/0/.cp/libswt-gtk-4973r12.so
Event: 3,922 Loaded shared library /home/gustaa/snap/dbeaver-ce/543/.local/share/DBeaverData/install-data/org.jkiss.dbeaver.product/26.1.5-202608181400/org.eclipse.osgi/152/0/.cp/libswt-pi3-gtk-4973r12.so
Event: 4,091 Loaded shared library /snap/dbeaver-ce/543/usr/share/dbeaver-ce/jre/lib/libawt.so
Event: 4,091 Loaded shared library /snap/dbeaver-ce/543/usr/share/dbeaver-ce/jre/lib/libawt_xawt.so
Event: 4,105 Loaded shared library /snap/dbeaver-ce/543/usr/share/dbeaver-ce/jre/lib/libfontmanager.so
Event: 6,065 Loaded shared library /snap/dbeaver-ce/543/usr/share/dbeaver-ce/jre/lib/libjaas.so
Event: 6,115 Loaded shared library /home/gustaa/snap/dbeaver-ce/543/.local/share/DBeaverData/install-data/org.jkiss.dbeaver.product/26.1.5-202608181400/org.eclipse.osgi/49/0/.cp/os/linux/x86_64/libunixfile_1_0_0.so
Event: 6,382 Loaded shared library /home/gustaa/snap/dbeaver-ce/543/.local/share/DBeaverData/install-data/org.jkiss.dbeaver.product/26.1.5-202608181400/org.eclipse.osgi/152/0/.cp/libswt-cairo-gtk-4973r12.so
Event: 6,614 Loaded shared library /snap/dbeaver-ce/543/usr/share/dbeaver-ce/jre/lib/libextnet.so
Event: 7,415 Loaded shared library /home/gustaa/snap/dbeaver-ce/543/.local/share/DBeaverData/install-data/org.jkiss.dbeaver.product/26.1.5-202608181400/org.eclipse.osgi/152/0/.cp/libswt-atk-gtk-4973r12.so

Deoptimization events (20 events):
Event: 8,774 Thread 0x0000743a0c02e530 DEOPT PACKING pc=0x0000743a00a1380c sp=0x0000743a135e98e0
Event: 8,774 Thread 0x0000743a0c02e530 DEOPT UNPACKING pc=0x0000743a004ed079 sp=0x0000743a135e98a0 mode 2
Event: 8,781 Thread 0x0000743a0c02e530 Uncommon trap: trap_request=0xffffffde fr.pc=0x0000743a00bd3484 relative=0x0000000000000084
Event: 8,781 Thread 0x0000743a0c02e530 Uncommon trap: reason=class_check action=maybe_recompile pc=0x0000743a00bd3484 method=org.eclipse.emf.common.notify.impl.BasicNotifierImpl.eNotificationRequired()Z @ 8 c2
Event: 8,781 Thread 0x0000743a0c02e530 DEOPT PACKING pc=0x0000743a00bd3484 sp=0x0000743a135eb890
Event: 8,781 Thread 0x0000743a0c02e530 DEOPT UNPACKING pc=0x0000743a004ed079 sp=0x0000743a135eb840 mode 2
Event: 8,788 Thread 0x0000743a0c02e530 Uncommon trap: trap_request=0xffffff45 fr.pc=0x0000743a00bbd414 relative=0x0000000000000394
Event: 8,788 Thread 0x0000743a0c02e530 Uncommon trap: reason=unstable_if action=reinterpret pc=0x0000743a00bbd414 method=java.lang.invoke.MethodType.methodType(Ljava/lang/Class;[Ljava/lang/Class;Z)Ljava/lang/invoke/MethodType; @ 53 c2
Event: 8,788 Thread 0x0000743a0c02e530 DEOPT PACKING pc=0x0000743a00bbd414 sp=0x0000743a135e7c70
Event: 8,788 Thread 0x0000743a0c02e530 DEOPT UNPACKING pc=0x0000743a004ed079 sp=0x0000743a135e7c10 mode 2
Event: 8,801 Thread 0x0000743a0c02e530 Uncommon trap: trap_request=0xffffffde fr.pc=0x0000743a00bd3484 relative=0x0000000000000084
Event: 8,801 Thread 0x0000743a0c02e530 Uncommon trap: reason=class_check action=maybe_recompile pc=0x0000743a00bd3484 method=org.eclipse.emf.common.notify.impl.BasicNotifierImpl.eNotificationRequired()Z @ 8 c2
Event: 8,801 Thread 0x0000743a0c02e530 DEOPT PACKING pc=0x0000743a00bd3484 sp=0x0000743a135eb810
Event: 8,801 Thread 0x0000743a0c02e530 DEOPT UNPACKING pc=0x0000743a004ed079 sp=0x0000743a135eb7c0 mode 2
Event: 8,820 Thread 0x0000743a0c02e530 DEOPT PACKING pc=0x00007439f914373d sp=0x0000743a135eac20
Event: 8,820 Thread 0x0000743a0c02e530 DEOPT UNPACKING pc=0x0000743a0041ffef sp=0x0000743a135ea170 mode 0
Event: 8,824 Thread 0x0000743a0c02e530 Uncommon trap: trap_request=0xffffffde fr.pc=0x0000743a00bd3484 relative=0x0000000000000084
Event: 8,824 Thread 0x0000743a0c02e530 Uncommon trap: reason=class_check action=maybe_recompile pc=0x0000743a00bd3484 method=org.eclipse.emf.common.notify.impl.BasicNotifierImpl.eNotificationRequired()Z @ 8 c2
Event: 8,824 Thread 0x0000743a0c02e530 DEOPT PACKING pc=0x0000743a00bd3484 sp=0x0000743a135eb3a0
Event: 8,824 Thread 0x0000743a0c02e530 DEOPT UNPACKING pc=0x0000743a004ed079 sp=0x0000743a135eb350 mode 2

Classes loaded (20 events):
Event: 8,877 Loading class java/util/concurrent/CompletableFuture$AsyncSupply
Event: 8,877 Loading class java/util/concurrent/CompletableFuture$AsyncSupply done
Event: 8,878 Loading class java/util/concurrent/ForkJoinTask$Aux
Event: 8,878 Loading class java/util/concurrent/ForkJoinTask$Aux done
Event: 8,878 Loading class java/util/concurrent/CompletableFuture$UniAccept
Event: 8,878 Loading class java/util/concurrent/CompletableFuture$UniCompletion
Event: 8,878 Loading class java/util/concurrent/CompletableFuture$UniCompletion done
Event: 8,878 Loading class java/util/concurrent/CompletableFuture$UniAccept done
Event: 8,904 Loading class java/text/CollationElementIterator
Event: 8,904 Loading class java/text/CollationElementIterator done
Event: 8,904 Loading class sun/text/CollatorUtilities
Event: 8,905 Loading class sun/text/CollatorUtilities done
Event: 8,905 Loading class jdk/internal/icu/text/UCharacterIterator
Event: 8,905 Loading class jdk/internal/icu/text/UCharacterIterator done
Event: 8,905 Loading class jdk/internal/icu/impl/ReplaceableUCharacterIterator
Event: 8,905 Loading class jdk/internal/icu/impl/ReplaceableUCharacterIterator done
Event: 8,905 Loading class jdk/internal/icu/text/ReplaceableString
Event: 8,905 Loading class jdk/internal/icu/text/Replaceable
Event: 8,905 Loading class jdk/internal/icu/text/Replaceable done
Event: 8,905 Loading class jdk/internal/icu/text/ReplaceableString done

Classes unloaded (0 events):
No events

Classes redefined (0 events):
No events

Internal exceptions (20 events):
Event: 8,636 Thread 0x0000743a0c02e530 Exception <a 'java/lang/NoSuchMethodError'{0x00000000c693b100}: 'void java.lang.invoke.DirectMethodHandle$Holder.invokeStatic(java.lang.Object, int)'> (0x00000000c693b100) 
thrown [src/hotspot/share/interpreter/linkResolver.cpp, line 803]
Event: 8,666 Thread 0x0000743a0c02e530 Exception <a 'java/io/FileNotFoundException'{0x00000000c6838a70}> (0x00000000c6838a70) 
thrown [src/hotspot/share/prims/jni.cpp, line 516]
Event: 8,666 Thread 0x0000743a0c02e530 Exception <a 'java/io/FileNotFoundException'{0x00000000c6839d80}> (0x00000000c6839d80) 
thrown [src/hotspot/share/prims/jni.cpp, line 516]
Event: 8,666 Thread 0x0000743a0c02e530 Exception <a 'java/io/FileNotFoundException'{0x00000000c683b028}> (0x00000000c683b028) 
thrown [src/hotspot/share/prims/jni.cpp, line 516]
Event: 8,666 Thread 0x0000743a0c02e530 Exception <a 'java/io/FileNotFoundException'{0x00000000c683c338}> (0x00000000c683c338) 
thrown [src/hotspot/share/prims/jni.cpp, line 516]
Event: 8,666 Thread 0x0000743a0c02e530 Exception <a 'java/io/FileNotFoundException'{0x00000000c683d688}> (0x00000000c683d688) 
thrown [src/hotspot/share/prims/jni.cpp, line 516]
Event: 8,666 Thread 0x0000743a0c02e530 Exception <a 'java/io/FileNotFoundException'{0x00000000c683e9e0}> (0x00000000c683e9e0) 
thrown [src/hotspot/share/prims/jni.cpp, line 516]
Event: 8,666 Thread 0x0000743a0c02e530 Exception <a 'java/io/FileNotFoundException'{0x00000000c683fca8}> (0x00000000c683fca8) 
thrown [src/hotspot/share/prims/jni.cpp, line 516]
Event: 8,666 Thread 0x0000743a0c02e530 Exception <a 'java/io/FileNotFoundException'{0x00000000c6840fb0}> (0x00000000c6840fb0) 
thrown [src/hotspot/share/prims/jni.cpp, line 516]
Event: 8,666 Thread 0x0000743a0c02e530 Exception <a 'java/io/FileNotFoundException'{0x00000000c6842268}> (0x00000000c6842268) 
thrown [src/hotspot/share/prims/jni.cpp, line 516]
Event: 8,666 Thread 0x0000743a0c02e530 Exception <a 'java/io/FileNotFoundException'{0x00000000c6843510}> (0x00000000c6843510) 
thrown [src/hotspot/share/prims/jni.cpp, line 516]
Event: 8,666 Thread 0x0000743a0c02e530 Exception <a 'java/io/FileNotFoundException'{0x00000000c68448f0}> (0x00000000c68448f0) 
thrown [src/hotspot/share/prims/jni.cpp, line 516]
Event: 8,666 Thread 0x0000743a0c02e530 Exception <a 'java/io/FileNotFoundException'{0x00000000c6845f28}> (0x00000000c6845f28) 
thrown [src/hotspot/share/prims/jni.cpp, line 516]
Event: 8,666 Thread 0x0000743a0c02e530 Exception <a 'java/io/FileNotFoundException'{0x00000000c6847280}> (0x00000000c6847280) 
thrown [src/hotspot/share/prims/jni.cpp, line 516]
Event: 8,705 Thread 0x0000743a0c02e530 Implicit null exception at 0x0000743a00c035a1 to 0x0000743a00c036e0
Event: 8,767 Thread 0x0000743a0c02e530 Exception <a 'java/lang/NoSuchMethodError'{0x00000000c6227658}: 'void java.lang.invoke.DirectMethodHandle$Holder.invokeVirtual(java.lang.Object, java.lang.Object, java.lang.Object, int)'> (0x00000000c6227658) 
thrown [src/hotspot/share/interpreter/linkResolver.cpp, line 803]
Event: 8,768 Thread 0x0000743a0c02e530 Exception <a 'java/lang/NoSuchMethodError'{0x00000000c6237d90}: 'java.lang.Object java.lang.invoke.DirectMethodHandle$Holder.invokeVirtual(java.lang.Object, java.lang.Object, java.lang.Object)'> (0x00000000c6237d90) 
thrown [src/hotspot/share/interpreter/linkResolver.cpp, line 803]
Event: 8,770 Thread 0x0000743a0c02e530 Exception <a 'java/lang/NoSuchMethodError'{0x00000000c6250830}: 'java.lang.Object java.lang.invoke.DirectMethodHandle$Holder.newInvokeSpecial(java.lang.Object, java.lang.Object, int)'> (0x00000000c6250830) 
thrown [src/hotspot/share/interpreter/linkResolver.cpp, line 803]
Event: 8,770 Thread 0x0000743a0c02e530 Exception <a 'java/lang/NoSuchMethodError'{0x00000000c6259238}: 'java.lang.Object java.lang.invoke.Invokers$Holder.invoke_MT(java.lang.Object, java.lang.Object, java.lang.Object, java.lang.Object, java.lang.Object)'> (0x00000000c6259238) 
thrown [src/hotspot/share/interpreter/linkResolver.cpp, line 803]
Event: 8,836 Thread 0x0000743a0c02e530 Exception <a 'java/io/FileNotFoundException'{0x00000000c5f06c40}> (0x00000000c5f06c40) 
thrown [src/hotspot/share/prims/jni.cpp, line 516]

VM Operations (20 events):
Event: 7,882 Executing non-safepoint VM operation: HandshakeAllThreads (Deoptimize)
Event: 7,882 Executing non-safepoint VM operation: HandshakeAllThreads (Deoptimize) done
Event: 7,988 Executing safepoint VM operation: CollectForMetadataAllocation (Metadata GC Threshold)
Event: 7,996 Executing safepoint VM operation: CollectForMetadataAllocation (Metadata GC Threshold) done
Event: 8,019 Executing safepoint VM operation: G1PauseRemark
Event: 8,025 Executing safepoint VM operation: G1PauseRemark done
Event: 8,033 Executing safepoint VM operation: G1PauseCleanup
Event: 8,034 Executing safepoint VM operation: G1PauseCleanup done
Event: 8,090 Executing non-safepoint VM operation: HandshakeAllThreads (Deoptimize)
Event: 8,090 Executing non-safepoint VM operation: HandshakeAllThreads (Deoptimize) done
Event: 8,150 Executing non-safepoint VM operation: HandshakeAllThreads (Deoptimize)
Event: 8,150 Executing non-safepoint VM operation: HandshakeAllThreads (Deoptimize) done
Event: 8,758 Executing non-safepoint VM operation: HandshakeAllThreads (Deoptimize)
Event: 8,758 Executing non-safepoint VM operation: HandshakeAllThreads (Deoptimize) done
Event: 8,769 Executing non-safepoint VM operation: HandshakeAllThreads (Deoptimize)
Event: 8,769 Executing non-safepoint VM operation: HandshakeAllThreads (Deoptimize) done
Event: 8,774 Executing non-safepoint VM operation: HandshakeAllThreads (Deoptimize)
Event: 8,774 Executing non-safepoint VM operation: HandshakeAllThreads (Deoptimize) done
Event: 8,792 Executing non-safepoint VM operation: HandshakeAllThreads (Deoptimize)
Event: 8,792 Executing non-safepoint VM operation: HandshakeAllThreads (Deoptimize) done

Memory protections (20 events):
Event: 3,929 Protecting memory [0x00007439793e1000,0x00007439793e5000] with protection modes 0
Event: 4,133 Protecting memory [0x0000743978d60000,0x0000743978d64000] with protection modes 0
Event: 4,135 Protecting memory [0x0000743978c60000,0x0000743978c64000] with protection modes 0
Event: 4,615 Protecting memory [0x00007439f8300000,0x00007439f8304000] with protection modes 0
Event: 5,388 Protecting memory [0x000074397a7f4000,0x000074397a7f8000] with protection modes 0
Event: 5,989 Protecting memory [0x0000743978b60000,0x0000743978b64000] with protection modes 0
Event: 6,239 Protecting memory [0x0000743978a60000,0x0000743978a64000] with protection modes 0
Event: 6,492 Protecting memory [0x00007438e2df7000,0x00007438e2dfb000] with protection modes 0
Event: 6,620 Protecting memory [0x00007439f8300000,0x00007439f8304000] with protection modes 0
Event: 6,627 Protecting memory [0x00007438e2bf6000,0x00007438e2bfa000] with protection modes 0
Event: 6,722 Protecting memory [0x00007438e35fb000,0x00007438e35ff000] with protection modes 0
Event: 6,989 Protecting memory [0x00007438e33fa000,0x00007438e33fe000] with protection modes 0
Event: 7,192 Protecting memory [0x00007439785ff000,0x0000743978603000] with protection modes 0
Event: 7,345 Protecting memory [0x000074397a7f4000,0x000074397a7f8000] with protection modes 0
Event: 7,972 Protecting memory [0x00007438e33fa000,0x00007438e33fe000] with protection modes 0
Event: 8,032 Protecting memory [0x00007438e3bfe000,0x00007438e3c02000] with protection modes 0
Event: 8,444 Protecting memory [0x00007438e20e9000,0x00007438e20ed000] with protection modes 0
Event: 8,836 Protecting memory [0x00007438e26ec000,0x00007438e26f0000] with protection modes 0
Event: 8,878 Protecting memory [0x00007438e24eb000,0x00007438e24ef000] with protection modes 0
Event: 8,879 Protecting memory [0x00007438e1ee8000,0x00007438e1eec000] with protection modes 0

Nmethod flushes (20 events):
Event: 8,023 Thread 0x0000743a0c113540 flushing  nmethod 0x00007439f9288c08
Event: 8,023 Thread 0x0000743a0c113540 flushing  nmethod 0x00007439f9289108
Event: 8,023 Thread 0x0000743a0c113540 flushing  nmethod 0x00007439f9289b88
Event: 8,023 Thread 0x0000743a0c113540 flushing  nmethod 0x00007439f928a288
Event: 8,023 Thread 0x0000743a0c113540 flushing  nmethod 0x00007439f928ea88
Event: 8,023 Thread 0x0000743a0c113540 flushing  nmethod 0x00007439f92bda08
Event: 8,023 Thread 0x0000743a0c113540 flushing  nmethod 0x00007439f92bf908
Event: 8,023 Thread 0x0000743a0c113540 flushing  nmethod 0x00007439f934a388
Event: 8,023 Thread 0x0000743a0c113540 flushing  nmethod 0x00007439f934ab08
Event: 8,023 Thread 0x0000743a0c113540 flushing  nmethod 0x00007439f934b488
Event: 8,023 Thread 0x0000743a0c113540 flushing  nmethod 0x00007439f934c008
Event: 8,023 Thread 0x0000743a0c113540 flushing  nmethod 0x00007439f9350f88
Event: 8,023 Thread 0x0000743a0c113540 flushing  nmethod 0x00007439f9351508
Event: 8,023 Thread 0x0000743a0c113540 flushing  nmethod 0x00007439f9351e08
Event: 8,023 Thread 0x0000743a0c113540 flushing  nmethod 0x00007439f9352288
Event: 8,023 Thread 0x0000743a0c113540 flushing  nmethod 0x00007439f935b888
Event: 8,023 Thread 0x0000743a0c113540 flushing osr nmethod 0x00007439f93e5208
Event: 8,023 Thread 0x0000743a0c113540 flushing  nmethod 0x00007439f93e6288
Event: 8,023 Thread 0x0000743a0c113540 flushing  nmethod 0x00007439f93ea808
Event: 8,023 Thread 0x0000743a0c113540 flushing  nmethod 0x00007439f9424488

Events (20 events):
Event: 5,988 Thread 0x0000743a0c02e530 Thread added: 0x0000743a0cda7f10
Event: 6,239 Thread 0x0000743a0cda7f10 Thread added: 0x00007438f0001100
Event: 6,240 Thread 0x00007439bc02a420 Thread exited: 0x00007439bc02a420
Event: 6,492 Thread 0x0000743a0cda7f10 Thread added: 0x00007438f0004910
Event: 6,524 Thread 0x00007439bc239bf0 Thread exited: 0x00007439bc239bf0
Event: 6,620 Thread 0x0000743a0c02e530 Thread added: 0x0000743a0cf9df20
Event: 6,627 Thread 0x0000743a0c02e530 Thread added: 0x0000743a0cfa1860
Event: 6,722 Thread 0x00007438f0004910 Thread added: 0x00007438cc003b90
Event: 6,989 Thread 0x0000743a0c1529b0 Thread added: 0x00007439bc5aab30
Event: 7,192 Thread 0x0000743a0c1529b0 Thread added: 0x00007439bc8b9700
Event: 7,345 Thread 0x0000743a0c02e530 Thread added: 0x0000743a0d21eb40
Event: 7,795 Thread 0x00007439bc8b9700 Thread exited: 0x00007439bc8b9700
Event: 7,880 Thread 0x00007439bc5aab30 Thread exited: 0x00007439bc5aab30
Event: 7,972 Thread 0x0000743a0c1529b0 Thread added: 0x00007439bc1c4d50
Event: 8,032 Thread 0x0000743a0c1529b0 Thread added: 0x00007439bcc5bc90
Event: 8,444 Thread 0x0000743a0c02e530 Thread added: 0x0000743a0d497f70
Event: 8,450 Thread 0x0000743a0d497f70 Thread exited: 0x0000743a0d497f70
Event: 8,836 Thread 0x0000743a0c02e530 Thread added: 0x0000743a0d2e9df0
Event: 8,878 Thread 0x0000743a0d2e9df0 Thread added: 0x00007438a00067f0
Event: 8,879 Thread 0x0000743a0d2e9df0 Thread added: 0x00007438a00099e0


Dynamic libraries:
2a000000-2a080000 rw-p 00000000 00:00 0 
2a080000-2a0a0000 rw-p 00000000 00:00 0 
2a0a0000-2a0c0000 rw-p 00000000 00:00 0 
2a0c0000-2a140000 rw-p 00000000 00:00 0 
2a140000-2a1c0000 rw-p 00000000 00:00 0 
2a1c0000-2a200000 rw-p 00000000 00:00 0 
2a200000-2a2c0000 rw-p 00000000 00:00 0 
2a2c0000-2a300000 rw-p 00000000 00:00 0 
2a300000-2a440000 rw-p 00000000 00:00 0 
2a440000-2a470000 rw-p 00000000 00:00 0 
2a470000-2a480000 ---p 00000000 00:00 0 
2a480000-2a6e0000 rw-p 00000000 00:00 0 
2a6e0000-6a000000 ---p 00000000 00:00 0 
c0000000-c7e00000 rw-p 00000000 00:00 0 
c7e00000-c7f00000 ---p 00000000 00:00 0 
c7f00000-c8000000 rw-p 00000000 00:00 0 
c8000000-100000000 ---p 00000000 00:00 0 
5b3a65084000-5b3a65085000 r--p 00000000 07:23 1615                       /snap/dbeaver-ce/543/usr/share/dbeaver-ce/jre/bin/java
5b3a65085000-5b3a65086000 r-xp 00001000 07:23 1615                       /snap/dbeaver-ce/543/usr/share/dbeaver-ce/jre/bin/java
5b3a65086000-5b3a65087000 r--p 00002000 07:23 1615                       /snap/dbeaver-ce/543/usr/share/dbeaver-ce/jre/bin/java
5b3a65087000-5b3a65088000 r--p 00002000 07:23 1615                       /snap/dbeaver-ce/543/usr/share/dbeaver-ce/jre/bin/java
5b3a65088000-5b3a65089000 rw-p 00003000 07:23 1615                       /snap/dbeaver-ce/543/usr/share/dbeaver-ce/jre/bin/java
5b3a9c204000-5b3a9c24f000 rw-p 00000000 00:00 0                          [heap]
743888000000-743888021000 rw-p 00000000 00:00 0 
743888021000-74388c000000 ---p 00000000 00:00 0 
74388c000000-74388c021000 rw-p 00000000 00:00 0 
74388c021000-743890000000 ---p 00000000 00:00 0 
743890000000-743890034000 rw-p 00000000 00:00 0 
743890034000-743894000000 ---p 00000000 00:00 0 
743894000000-743894021000 rw-p 00000000 00:00 0 
743894021000-743898000000 ---p 00000000 00:00 0 
743898000000-743898034000 rw-p 00000000 00:00 0 
743898034000-74389c000000 ---p 00000000 00:00 0 
74389c000000-74389c034000 rw-p 00000000 00:00 0 
74389c034000-7438a0000000 ---p 00000000 00:00 0 
7438a0000000-7438a0034000 rw-p 00000000 00:00 0 
7438a0034000-7438a4000000 ---p 00000000 00:00 0 
7438a8000000-7438a8036000 rw-p 00000000 00:00 0 
7438a8036000-7438ac000000 ---p 00000000 00:00 0 
7438ac000000-7438ac034000 rw-p 00000000 00:00 0 
7438ac034000-7438b0000000 ---p 00000000 00:00 0 
7438b0000000-7438b0036000 rw-p 00000000 00:00 0 
7438b0036000-7438b4000000 ---p 00000000 00:00 0 
7438b4000000-7438b47ad000 rw-p 00000000 00:00 0 
7438b47ad000-7438b8000000 ---p 00000000 00:00 0 
7438b8000000-7438b8036000 rw-p 00000000 00:00 0 
7438b8036000-7438bc000000 ---p 00000000 00:00 0 
7438bc000000-7438bc036000 rw-p 00000000 00:00 0 
7438bc036000-7438c0000000 ---p 00000000 00:00 0 
7438c0000000-7438c0036000 rw-p 00000000 00:00 0 
7438c0036000-7438c4000000 ---p 00000000 00:00 0 
7438c4000000-7438c4036000 rw-p 00000000 00:00 0 
7438c4036000-7438c8000000 ---p 00000000 00:00 0 
7438c8000000-7438c8ddb000 rw-p 00000000 00:00 0 
7438c8ddb000-7438cc000000 ---p 00000000 00:00 0 
7438cc000000-7438cc021000 rw-p 00000000 00:00 0 
7438cc021000-7438d0000000 ---p 00000000 00:00 0 
7438d0000000-7438d0036000 rw-p 00000000 00:00 0 
7438d0036000-7438d4000000 ---p 00000000 00:00 0 
7438d4000000-7438d4021000 rw-p 00000000 00:00 0 
7438d4021000-7438d8000000 ---p 00000000 00:00 0 
7438d8000000-7438d8021000 rw-p 00000000 00:00 0 
7438d8021000-7438dc000000 ---p 00000000 00:00 0 
7438dc000000-7438dc021000 rw-p 00000000 00:00 0 
7438dc021000-7438e0000000 ---p 00000000 00:00 0 
7438e17ea000-7438e1ded000 rw-p 00000000 00:00 0 
7438e1ded000-7438e1df3000 r--p 00000000 08:05 919043                     /usr/lib/x86_64-linux-gnu/libmvec.so.1
7438e1df3000-7438e1e16000 r-xp 00006000 08:05 919043                     /usr/lib/x86_64-linux-gnu/libmvec.so.1
7438e1e16000-7438e1ee6000 r--p 00029000 08:05 919043                     /usr/lib/x86_64-linux-gnu/libmvec.so.1
7438e1ee6000-7438e1ee7000 r--p 000f8000 08:05 919043                     /usr/lib/x86_64-linux-gnu/libmvec.so.1
7438e1ee7000-7438e1ee8000 rw-p 000f9000 08:05 919043                     /usr/lib/x86_64-linux-gnu/libmvec.so.1
7438e1ee8000-7438e1eec000 ---p 00000000 00:00 0 
7438e1eec000-7438e20e9000 rw-p 00000000 00:00 0 
7438e20e9000-7438e20ed000 ---p 00000000 00:00 0 
7438e20ed000-7438e24eb000 rw-p 00000000 00:00 0 
7438e24eb000-7438e24ef000 ---p 00000000 00:00 0 
7438e24ef000-7438e26ec000 rw-p 00000000 00:00 0 
7438e26ec000-7438e26f0000 ---p 00000000 00:00 0 
7438e26f0000-7438e28ed000 rw-p 00000000 00:00 0 
7438e28ed000-7438e29f5000 r--p 00000000 08:05 1195712                    /usr/share/fonts/truetype/ubuntu/UbuntuSans[wdth,wght].ttf
7438e29f5000-7438e2bf6000 rw-p 00000000 00:00 0 
7438e2bf6000-7438e2bfa000 ---p 00000000 00:00 0 
7438e2bfa000-7438e2df7000 rw-p 00000000 00:00 0 
7438e2df7000-7438e2dfb000 ---p 00000000 00:00 0 
7438e2dfb000-7438e33fa000 rw-p 00000000 00:00 0 
7438e33fa000-7438e33fe000 ---p 00000000 00:00 0 
7438e33fe000-7438e35fb000 rw-p 00000000 00:00 0 
7438e35fb000-7438e35ff000 ---p 00000000 00:00 0 
7438e35ff000-7438e3bfe000 rw-p 00000000 00:00 0 
7438e3bfe000-7438e3c02000 ---p 00000000 00:00 0 
7438e3c02000-7438e4000000 rw-p 00000000 00:00 0 
7438e4000000-7438e4025000 rw-p 00000000 00:00 0 
7438e4025000-7438e8000000 ---p 00000000 00:00 0 
7438e8000000-7438e95fe000 rw-p 00000000 00:00 0 
7438e95fe000-7438ec000000 ---p 00000000 00:00 0 
7438ec000000-7438ec021000 rw-p 00000000 00:00 0 
7438ec021000-7438f0000000 ---p 00000000 00:00 0 
7438f0000000-7438f0021000 rw-p 00000000 00:00 0 
7438f0021000-7438f4000000 ---p 00000000 00:00 0 
7438f4000000-7438f4021000 rw-p 00000000 00:00 0 
7438f4021000-7438f8000000 ---p 00000000 00:00 0 
7438f8000000-7438f8021000 rw-p 00000000 00:00 0 
7438f8021000-7438fc000000 ---p 00000000 00:00 0 
7438fc000000-7438fc021000 rw-p 00000000 00:00 0 
7438fc021000-743900000000 ---p 00000000 00:00 0 
743900000000-74390006d000 rw-p 00000000 00:00 0 
74390006d000-743904000000 ---p 00000000 00:00 0 
743904000000-743904021000 rw-p 00000000 00:00 0 
743904021000-743908000000 ---p 00000000 00:00 0 
743908000000-743908021000 rw-p 00000000 00:00 0 
743908021000-74390c000000 ---p 00000000 00:00 0 
74390c000000-74390c021000 rw-p 00000000 00:00 0 
74390c021000-743910000000 ---p 00000000 00:00 0 
743910000000-743910021000 rw-p 00000000 00:00 0 
743910021000-743914000000 ---p 00000000 00:00 0 
743914000000-743914021000 rw-p 00000000 00:00 0 
743914021000-743918000000 ---p 00000000 00:00 0 
743918000000-743918021000 rw-p 00000000 00:00 0 
743918021000-74391c000000 ---p 00000000 00:00 0 
74391c000000-74391c021000 rw-p 00000000 00:00 0 
74391c021000-743920000000 ---p 00000000 00:00 0 
743920000000-743920021000 rw-p 00000000 00:00 0 
743920021000-743924000000 ---p 00000000 00:00 0 
743924000000-743924021000 rw-p 00000000 00:00 0 
743924021000-743928000000 ---p 00000000 00:00 0 
743928000000-743928021000 rw-p 00000000 00:00 0 
743928021000-74392c000000 ---p 00000000 00:00 0 
74392c000000-74392c021000 rw-p 00000000 00:00 0 
74392c021000-743930000000 ---p 00000000 00:00 0 
743930000000-743930021000 rw-p 00000000 00:00 0 
743930021000-743934000000 ---p 00000000 00:00 0 
743934000000-743934021000 rw-p 00000000 00:00 0 
743934021000-743938000000 ---p 00000000 00:00 0 
743938000000-743938021000 rw-p 00000000 00:00 0 
743938021000-74393c000000 ---p 00000000 00:00 0 
74393c000000-74393c021000 rw-p 00000000 00:00 0 
74393c021000-743940000000 ---p 00000000 00:00 0 
743940000000-743940021000 rw-p 00000000 00:00 0 
743940021000-743944000000 ---p 00000000 00:00 0 
743944000000-74394503f000 rw-p 00000000 00:00 0 
74394503f000-743948000000 ---p 00000000 00:00 0 
743948000000-743948021000 rw-p 00000000 00:00 0 
743948021000-74394c000000 ---p 00000000 00:00 0 
74394c000000-74394c034000 rw-p 00000000 00:00 0 
74394c034000-743950000000 ---p 00000000 00:00 0 
743950000000-743950034000 rw-p 00000000 00:00 0 
743950034000-743954000000 ---p 00000000 00:00 0 
743954000000-743954034000 rw-p 00000000 00:00 0 
743954034000-743958000000 ---p 00000000 00:00 0 
743958000000-743958034000 rw-p 00000000 00:00 0 
743958034000-74395c000000 ---p 00000000 00:00 0 
74395c000000-74395c034000 rw-p 00000000 00:00 0 
74395c034000-743960000000 ---p 00000000 00:00 0 
743960000000-743960040000 rw-p 00000000 00:00 0 
743960040000-743964000000 ---p 00000000 00:00 0 
743964000000-743964034000 rw-p 00000000 00:00 0 
743964034000-743968000000 ---p 00000000 00:00 0 
743968000000-743968034000 rw-p 00000000 00:00 0 
743968034000-74396c000000 ---p 00000000 00:00 0 
74396c000000-74396c034000 rw-p 00000000 00:00 0 
74396c034000-743970000000 ---p 00000000 00:00 0 
743970000000-743970034000 rw-p 00000000 00:00 0 
743970034000-743974000000 ---p 00000000 00:00 0 
743974000000-743974034000 rw-p 00000000 00:00 0 
743974034000-743978000000 ---p 00000000 00:00 0 
743978045000-7439780f5000 rw-s 00000000 00:01 23159                      /memfd:gdk-wayland (deleted)
7439780f5000-7439781fd000 r--p 00000000 08:05 1195712                    /usr/share/fonts/truetype/ubuntu/UbuntuSans[wdth,wght].ttf
7439781fd000-7439785ff000 rw-p 00000000 00:00 0 
7439785ff000-743978603000 ---p 00000000 00:00 0 
743978603000-743978800000 rw-p 00000000 00:00 0 
743978800000-743978802000 r-xp 00000000 08:05 660844                     /home/gustaa/snap/dbeaver-ce/543/.local/share/DBeaverData/install-data/org.jkiss.dbeaver.product/26.1.5-202608181400/org.eclipse.osgi/49/0/.cp/os/linux/x86_64/libunixfile_1_0_0.so
743978802000-743978a01000 ---p 00002000 08:05 660844                     /home/gustaa/snap/dbeaver-ce/543/.local/share/DBeaverData/install-data/org.jkiss.dbeaver.product/26.1.5-202608181400/org.eclipse.osgi/49/0/.cp/os/linux/x86_64/libunixfile_1_0_0.so
743978a01000-743978a02000 r--p 00001000 08:05 660844                     /home/gustaa/snap/dbeaver-ce/543/.local/share/DBeaverData/install-data/org.jkiss.dbeaver.product/26.1.5-202608181400/org.eclipse.osgi/49/0/.cp/os/linux/x86_64/libunixfile_1_0_0.so
743978a02000-743978a03000 rw-p 00002000 08:05 660844                     /home/gustaa/snap/dbeaver-ce/543/.local/share/DBeaverData/install-data/org.jkiss.dbeaver.product/26.1.5-202608181400/org.eclipse.osgi/49/0/.cp/os/linux/x86_64/libunixfile_1_0_0.so
743978a0c000-743978a60000 r--p 00000000 08:05 1195365                    /usr/share/fonts/truetype/dejavu/DejaVuSansMono.ttf
743978a60000-743978a64000 ---p 00000000 00:00 0 
743978a64000-743978b60000 rw-p 00000000 00:00 0 
743978b60000-743978b64000 ---p 00000000 00:00 0 
743978b64000-743978c60000 rw-p 00000000 00:00 0 
743978c60000-743978c64000 ---p 00000000 00:00 0 
743978c64000-743978d60000 rw-p 00000000 00:00 0 
743978d60000-743978d64000 ---p 00000000 00:00 0 
743978d64000-743978e60000 rw-p 00000000 00:00 0 
743978e60000-743978e6b000 r--p 00000000 07:23 1833                       /snap/dbeaver-ce/543/usr/share/dbeaver-ce/jre/lib/libfreetype.so
743978e6b000-743978ee3000 r-xp 0000b000 07:23 1833                       /snap/dbeaver-ce/543/usr/share/dbeaver-ce/jre/lib/libfreetype.so
743978ee3000-743978f07000 r--p 00083000 07:23 1833                       /snap/dbeaver-ce/543/usr/share/dbeaver-ce/jre/lib/libfreetype.so
743978f07000-743978f0d000 r--p 000a7000 07:23 1833                       /snap/dbeaver-ce/543/usr/share/dbeaver-ce/jre/lib/libfreetype.so
743978f0d000-743978f0e000 rw-p 000ad000 07:23 1833                       /snap/dbeaver-ce/543/usr/share/dbeaver-ce/jre/lib/libfreetype.so
743978f0e000-743978f15000 r--p 00000000 07:23 1832                       /snap/dbeaver-ce/543/usr/share/dbeaver-ce/jre/lib/libfontmanager.so
743978f15000-743979098000 r-xp 00007000 07:23 1832                       /snap/dbeaver-ce/543/usr/share/dbeaver-ce/jre/lib/libfontmanager.so
743979098000-7439790d4000 r--p 0018a000 07:23 1832                       /snap/dbeaver-ce/543/usr/share/dbeaver-ce/jre/lib/libfontmanager.so
7439790d4000-7439790d6000 r--p 001c6000 07:23 1832                       /snap/dbeaver-ce/543/usr/share/dbeaver-ce/jre/lib/libfontmanager.so
7439790d6000-7439790d7000 rw-p 001c8000 07:23 1832                       /snap/dbeaver-ce/543/usr/share/dbeaver-ce/jre/lib/libfontmanager.so
7439790d7000-7439790d8000 rw-p 00000000 00:00 0 
7439790d8000-7439790f7000 r--p 00000000 07:23 1828                       /snap/dbeaver-ce/543/usr/share/dbeaver-ce/jre/lib/libawt.so
7439790f7000-743979195000 r-xp 0001f000 07:23 1828                       /snap/dbeaver-ce/543/usr/share/dbeaver-ce/jre/lib/libawt.so
743979195000-7439791a2000 r--p 000bd000 07:23 1828                       /snap/dbeaver-ce/543/usr/share/dbeaver-ce/jre/lib/libawt.so
7439791a2000-7439791a3000 r--p 000c9000 07:23 1828                       /snap/dbeaver-ce/543/usr/share/dbeaver-ce/jre/lib/libawt.so
7439791a3000-7439791ae000 rw-p 000ca000 07:23 1828                       /snap/dbeaver-ce/543/usr/share/dbeaver-ce/jre/lib/libawt.so
7439791ae000-7439791d3000 rw-p 00000000 00:00 0 
7439791d3000-74397920e000 r--p 00000000 08:05 660806                     /home/gustaa/snap/dbeaver-ce/543/.local/share/DBeaverData/install-data/org.jkiss.dbeaver.product/26.1.5-202608181400/org.eclipse.osgi/152/0/.cp/libswt-pi3-gtk-4973r12.so
74397920e000-74397922f000 r-xp 0003b000 08:05 660806                     /home/gustaa/snap/dbeaver-ce/543/.local/share/DBeaverData/install-data/org.jkiss.dbeaver.product/26.1.5-202608181400/org.eclipse.osgi/152/0/.cp/libswt-pi3-gtk-4973r12.so
74397922f000-743979242000 r--p 0005c000 08:05 660806                     /home/gustaa/snap/dbeaver-ce/543/.local/share/DBeaverData/install-data/org.jkiss.dbeaver.product/26.1.5-202608181400/org.eclipse.osgi/152/0/.cp/libswt-pi3-gtk-4973r12.so
743979242000-743979243000 r--p 0006e000 08:05 660806                     /home/gustaa/snap/dbeaver-ce/543/.local/share/DBeaverData/install-data/org.jkiss.dbeaver.product/26.1.5-202608181400/org.eclipse.osgi/152/0/.cp/libswt-pi3-gtk-4973r12.so
743979243000-743979246000 rw-p 0006f000 08:05 660806                     /home/gustaa/snap/dbeaver-ce/543/.local/share/DBeaverData/install-data/org.jkiss.dbeaver.product/26.1.5-202608181400/org.eclipse.osgi/152/0/.cp/libswt-pi3-gtk-4973r12.so
743979246000-743979247000 rw-p 00000000 00:00 0 
743979247000-743979286000 r--p 00000000 08:05 660805                     /home/gustaa/snap/dbeaver-ce/543/.local/share/DBeaverData/install-data/org.jkiss.dbeaver.product/26.1.5-202608181400/org.eclipse.osgi/152/0/.cp/libswt-gtk-4973r12.so
743979286000-7439792af000 r-xp 0003f000 08:05 660805                     /home/gustaa/snap/dbeaver-ce/543/.local/share/DBeaverData/install-data/org.jkiss.dbeaver.product/26.1.5-202608181400/org.eclipse.osgi/152/0/.cp/libswt-gtk-4973r12.so
7439792af000-7439792d4000 r--p 00068000 08:05 660805                     /home/gustaa/snap/dbeaver-ce/543/.local/share/DBeaverData/install-data/org.jkiss.dbeaver.product/26.1.5-202608181400/org.eclipse.osgi/152/0/.cp/libswt-gtk-4973r12.so
7439792d4000-7439792d5000 r--p 0008c000 08:05 660805                     /home/gustaa/snap/dbeaver-ce/543/.local/share/DBeaverData/install-data/org.jkiss.dbeaver.product/26.1.5-202608181400/org.eclipse.osgi/152/0/.cp/libswt-gtk-4973r12.so
7439792d5000-7439792dd000 rw-p 0008d000 08:05 660805                     /home/gustaa/snap/dbeaver-ce/543/.local/share/DBeaverData/install-data/org.jkiss.dbeaver.product/26.1.5-202608181400/org.eclipse.osgi/152/0/.cp/libswt-gtk-4973r12.so
7439792dd000-7439792e1000 rw-p 00000000 00:00 0 
7439792e1000-7439792e5000 ---p 00000000 00:00 0 
7439792e5000-7439793e1000 rw-p 00000000 00:00 0 
7439793e1000-7439793e5000 ---p 00000000 00:00 0 
7439793e5000-7439794e1000 rw-p 00000000 00:00 0 
7439794e1000-7439794e5000 ---p 00000000 00:00 0 
7439794e5000-7439795e1000 rw-p 00000000 00:00 0 
7439795e1000-7439795e5000 ---p 00000000 00:00 0 
7439795e5000-7439796e1000 rw-p 00000000 00:00 0 
7439796e1000-7439796e5000 ---p 00000000 00:00 0 
7439796e5000-7439799e3000 rw-p 00000000 00:00 0 
7439799e3000-7439799e7000 ---p 00000000 00:00 0 
7439799e7000-74397a3ec000 rw-p 00000000 00:00 0 
74397a3ec000-74397a3f0000 ---p 00000000 00:00 0 
74397a3f0000-74397a4ec000 rw-p 00000000 00:00 0 
74397a4ec000-74397a4f0000 ---p 00000000 00:00 0 
74397a4f0000-74397a5ec000 rw-p 00000000 00:00 0 
74397a5ec000-74397a5f0000 ---p 00000000 00:00 0 
74397a5f0000-74397a6ec000 rw-p 00000000 00:00 0 
74397a6ec000-74397a7f4000 r--p 00000000 08:05 1195712                    /usr/share/fonts/truetype/ubuntu/UbuntuSans[wdth,wght].ttf
74397a7f4000-74397a7f8000 ---p 00000000 00:00 0 
74397a7f8000-74397a9f5000 rw-p 00000000 00:00 0 
74397a9f5000-74397a9f9000 ---p 00000000 00:00 0 
74397a9f9000-74397abf6000 rw-p 00000000 00:00 0 
74397abf6000-74397abfa000 ---p 00000000 00:00 0 
74397abfa000-74397adf7000 rw-p 00000000 00:00 0 
74397adf7000-74397adfb000 ---p 00000000 00:00 0 
74397adfb000-74397aff8000 rw-p 00000000 00:00 0 
74397aff8000-74397affc000 ---p 00000000 00:00 0 
74397affc000-74397b1f9000 rw-p 00000000 00:00 0 
74397b1f9000-74397b1fd000 ---p 00000000 00:00 0 
74397b1fd000-74397b3fa000 rw-p 00000000 00:00 0 
74397b3fa000-74397b3fe000 ---p 00000000 00:00 0 
74397b3fe000-74397b5fb000 rw-p 00000000 00:00 0 
74397b5fb000-74397b5ff000 ---p 00000000 00:00 0 
74397b5ff000-74397b7fc000 rw-p 00000000 00:00 0 
74397b7fc000-74397b800000 ---p 00000000 00:00 0 
74397b800000-74397b9fd000 rw-p 00000000 00:00 0 
74397b9fd000-74397ba01000 ---p 00000000 00:00 0 
74397ba01000-74397bbfe000 rw-p 00000000 00:00 0 
74397bbfe000-74397bc02000 ---p 00000000 00:00 0 
74397bc02000-74397bdff000 rw-p 00000000 00:00 0 
74397bdff000-74397be03000 ---p 00000000 00:00 0 
74397be03000-74397c000000 rw-p 00000000 00:00 0 
74397c000000-74397c7aa000 rw-p 00000000 00:00 0 
74397c7aa000-743980000000 ---p 00000000 00:00 0 
743980000000-743980021000 rw-p 00000000 00:00 0 
743980021000-743984000000 ---p 00000000 00:00 0 
743984000000-743984021000 rw-p 00000000 00:00 0 
743984021000-743988000000 ---p 00000000 00:00 0 
743988000000-743988059000 rw-p 00000000 00:00 0 
743988059000-74398c000000 ---p 00000000 00:00 0 
74398c000000-74398c021000 rw-p 00000000 00:00 0 
74398c021000-743990000000 ---p 00000000 00:00 0 
743990000000-743990021000 rw-p 00000000 00:00 0 
743990021000-743994000000 ---p 00000000 00:00 0 
743994000000-743994021000 rw-p 00000000 00:00 0 
743994021000-743998000000 ---p 00000000 00:00 0 
743998000000-743998021000 rw-p 00000000 00:00 0 
743998021000-74399c000000 ---p 00000000 00:00 0 
74399c000000-74399c021000 rw-p 00000000 00:00 0 
74399c021000-7439a0000000 ---p 00000000 00:00 0 
7439a0000000-7439a0021000 rw-p 00000000 00:00 0 
7439a0021000-7439a4000000 ---p 00000000 00:00 0 
7439a4000000-7439a4080000 rw-p 00000000 00:00 0 
7439a4080000-7439a8000000 ---p 00000000 00:00 0 
7439a8000000-7439a994d000 rw-p 00000000 00:00 0 
7439a994d000-7439ac000000 ---p 00000000 00:00 0 
7439ac001000-7439ac012000 r--p 00000000 07:23 1830                       /snap/dbeaver-ce/543/usr/share/dbeaver-ce/jre/lib/libawt_xawt.so
7439ac012000-7439ac055000 r-xp 00011000 07:23 1830                       /snap/dbeaver-ce/543/usr/share/dbeaver-ce/jre/lib/libawt_xawt.so
7439ac055000-7439ac069000 r--p 00054000 07:23 1830                       /snap/dbeaver-ce/543/usr/share/dbeaver-ce/jre/lib/libawt_xawt.so
7439ac069000-7439ac06b000 r--p 00067000 07:23 1830                       /snap/dbeaver-ce/543/usr/share/dbeaver-ce/jre/lib/libawt_xawt.so
7439ac06b000-7439ac06d000 rw-p 00069000 07:23 1830                       /snap/dbeaver-ce/543/usr/share/dbeaver-ce/jre/lib/libawt_xawt.so
7439ac06d000-7439ac06f000 rw-p 00000000 00:00 0 
7439ac06f000-7439ac177000 r--p 00000000 08:05 1195712                    /usr/share/fonts/truetype/ubuntu/UbuntuSans[wdth,wght].ttf
7439ac181000-7439ac183000 r--p 00000000 08:05 936469                     /usr/lib/x86_64-linux-gnu/libogg.so.0.8.6
7439ac183000-7439ac186000 r-xp 00002000 08:05 936469                     /usr/lib/x86_64-linux-gnu/libogg.so.0.8.6
7439ac186000-7439ac189000 r--p 00005000 08:05 936469                     /usr/lib/x86_64-linux-gnu/libogg.so.0.8.6
7439ac189000-7439ac18a000 r--p 00008000 08:05 936469                     /usr/lib/x86_64-linux-gnu/libogg.so.0.8.6
7439ac18a000-7439ac18b000 rw-p 00009000 08:05 936469                     /usr/lib/x86_64-linux-gnu/libogg.so.0.8.6
7439ac18b000-7439ac18e000 r--p 00000000 08:05 936687                     /usr/lib/x86_64-linux-gnu/libvorbis.so.0.4.9
7439ac18e000-7439ac1a7000 r-xp 00003000 08:05 936687                     /usr/lib/x86_64-linux-gnu/libvorbis.so.0.4.9
7439ac1a7000-7439ac1b8000 r--p 0001c000 08:05 936687                     /usr/lib/x86_64-linux-gnu/libvorbis.so.0.4.9
7439ac1b8000-7439ac1b9000 r--p 0002c000 08:05 936687                     /usr/lib/x86_64-linux-gnu/libvorbis.so.0.4.9
7439ac1b9000-7439ac1ba000 rw-p 0002d000 08:05 936687                     /usr/lib/x86_64-linux-gnu/libvorbis.so.0.4.9
7439ac1ba000-7439ac1bc000 r--p 00000000 08:05 936371                     /usr/lib/x86_64-linux-gnu/libltdl.so.7.3.3
7439ac1bc000-7439ac1c1000 r-xp 00002000 08:05 936371                     /usr/lib/x86_64-linux-gnu/libltdl.so.7.3.3
7439ac1c1000-7439ac1c3000 r--p 00007000 08:05 936371                     /usr/lib/x86_64-linux-gnu/libltdl.so.7.3.3
7439ac1c3000-7439ac1c4000 r--p 00009000 08:05 936371                     /usr/lib/x86_64-linux-gnu/libltdl.so.7.3.3
7439ac1c4000-7439ac1c5000 rw-p 0000a000 08:05 936371                     /usr/lib/x86_64-linux-gnu/libltdl.so.7.3.3
7439ac1c5000-7439ac1c9000 r--p 00000000 08:05 920417                     /usr/lib/x86_64-linux-gnu/libtdb.so.1.4.14
7439ac1c9000-7439ac1d7000 r-xp 00004000 08:05 920417                     /usr/lib/x86_64-linux-gnu/libtdb.so.1.4.14
7439ac1d7000-7439ac1dc000 r--p 00012000 08:05 920417                     /usr/lib/x86_64-linux-gnu/libtdb.so.1.4.14
7439ac1dc000-7439ac1dd000 r--p 00016000 08:05 920417                     /usr/lib/x86_64-linux-gnu/libtdb.so.1.4.14
7439ac1dd000-7439ac1de000 rw-p 00017000 08:05 920417                     /usr/lib/x86_64-linux-gnu/libtdb.so.1.4.14
7439ac1de000-7439ac1e0000 r--p 00000000 08:05 936689                     /usr/lib/x86_64-linux-gnu/libvorbisfile.so.3.3.8
7439ac1e0000-7439ac1e6000 r-xp 00002000 08:05 936689                     /usr/lib/x86_64-linux-gnu/libvorbisfile.so.3.3.8
7439ac1e6000-7439ac1e7000 r--p 00008000 08:05 936689                     /usr/lib/x86_64-linux-gnu/libvorbisfile.so.3.3.8
7439ac1e7000-7439ac1e8000 r--p 00008000 08:05 936689                     /usr/lib/x86_64-linux-gnu/libvorbisfile.so.3.3.8
7439ac1e8000-7439ac1e9000 rw-p 00009000 08:05 936689                     /usr/lib/x86_64-linux-gnu/libvorbisfile.so.3.3.8
7439ac1e9000-7439ac1ec000 r--p 00000000 08:05 936070                     /usr/lib/x86_64-linux-gnu/libcanberra.so.0.2.5
7439ac1ec000-7439ac1f6000 r-xp 00003000 08:05 936070                     /usr/lib/x86_64-linux-gnu/libcanberra.so.0.2.5
7439ac1f6000-7439ac1f9000 r--p 0000d000 08:05 936070                     /usr/lib/x86_64-linux-gnu/libcanberra.so.0.2.5
7439ac1f9000-7439ac1fa000 r--p 0000f000 08:05 936070                     /usr/lib/x86_64-linux-gnu/libcanberra.so.0.2.5
7439ac1fa000-7439ac1fb000 rw-p 00010000 08:05 936070                     /usr/lib/x86_64-linux-gnu/libcanberra.so.0.2.5
7439ac1fb000-7439ac3fc000 rw-p 00000000 00:00 0 
7439ac3fc000-7439ac400000 ---p 00000000 00:00 0 
7439ac400000-7439ac5fd000 rw-p 00000000 00:00 0 
7439ac5fd000-7439ac601000 ---p 00000000 00:00 0 
7439ac601000-7439acc00000 rw-p 00000000 00:00 0 
7439acc00000-7439acf4a000 r--s 00000000 08:05 6037217                    /var/cache/fontconfig/0bd3dc0958fa2205aaaa8ebb13e2872b-le64.cache-9
7439acf4b000-7439acf4d000 r--p 00000000 08:05 936069                     /usr/lib/x86_64-linux-gnu/libcanberra-gtk3.so.0.1.9
7439acf4d000-7439acf4f000 r-xp 00002000 08:05 936069                     /usr/lib/x86_64-linux-gnu/libcanberra-gtk3.so.0.1.9
7439acf4f000-7439acf50000 r--p 00004000 08:05 936069                     /usr/lib/x86_64-linux-gnu/libcanberra-gtk3.so.0.1.9
7439acf50000-7439acf51000 r--p 00004000 08:05 936069                     /usr/lib/x86_64-linux-gnu/libcanberra-gtk3.so.0.1.9
7439acf51000-7439acf52000 rw-p 00005000 08:05 936069                     /usr/lib/x86_64-linux-gnu/libcanberra-gtk3.so.0.1.9
7439acf69000-7439acf6b000 r--p 00000000 08:05 1062018                    /usr/lib/x86_64-linux-gnu/gtk-3.0/modules/libcanberra-gtk3-module.so
7439acf6b000-7439acf6e000 r-xp 00002000 08:05 1062018                    /usr/lib/x86_64-linux-gnu/gtk-3.0/modules/libcanberra-gtk3-module.so
7439acf6e000-7439acf6f000 r--p 00005000 08:05 1062018                    /usr/lib/x86_64-linux-gnu/gtk-3.0/modules/libcanberra-gtk3-module.so
7439acf6f000-7439acf70000 r--p 00005000 08:05 1062018                    /usr/lib/x86_64-linux-gnu/gtk-3.0/modules/libcanberra-gtk3-module.so
7439acf70000-7439acf71000 rw-p 00006000 08:05 1062018                    /usr/lib/x86_64-linux-gnu/gtk-3.0/modules/libcanberra-gtk3-module.so
7439acf71000-7439acf74000 r--p 00000000 08:05 660886                     /home/gustaa/snap/dbeaver-ce/543/.local/share/DBeaverData/install-data/org.jkiss.dbeaver.product/26.1.5-202608181400/org.eclipse.osgi/152/0/.cp/libswt-atk-gtk-4973r12.so
7439acf74000-7439acf78000 r-xp 00003000 08:05 660886                     /home/gustaa/snap/dbeaver-ce/543/.local/share/DBeaverData/install-data/org.jkiss.dbeaver.product/26.1.5-202608181400/org.eclipse.osgi/152/0/.cp/libswt-atk-gtk-4973r12.so
7439acf78000-7439acf7a000 r--p 00007000 08:05 660886                     /home/gustaa/snap/dbeaver-ce/543/.local/share/DBeaverData/install-data/org.jkiss.dbeaver.product/26.1.5-202608181400/org.eclipse.osgi/152/0/.cp/libswt-atk-gtk-4973r12.so
7439acf7a000-7439acf7b000 r--p 00008000 08:05 660886                     /home/gustaa/snap/dbeaver-ce/543/.local/share/DBeaverData/install-data/org.jkiss.dbeaver.product/26.1.5-202608181400/org.eclipse.osgi/152/0/.cp/libswt-atk-gtk-4973r12.so
7439acf7b000-7439acf7c000 rw-p 00009000 08:05 660886                     /home/gustaa/snap/dbeaver-ce/543/.local/share/DBeaverData/install-data/org.jkiss.dbeaver.product/26.1.5-202608181400/org.eclipse.osgi/152/0/.cp/libswt-atk-gtk-4973r12.so
7439acf7c000-7439acf7d000 r--p 00000000 07:23 1831                       /snap/dbeaver-ce/543/usr/share/dbeaver-ce/jre/lib/libextnet.so
7439acf7d000-7439acf7e000 r-xp 00001000 07:23 1831                       /snap/dbeaver-ce/543/usr/share/dbeaver-ce/jre/lib/libextnet.so
7439acf7e000-7439acf7f000 r--p 00002000 07:23 1831                       /snap/dbeaver-ce/543/usr/share/dbeaver-ce/jre/lib/libextnet.so
7439acf7f000-7439acf80000 r--p 00002000 07:23 1831                       /snap/dbeaver-ce/543/usr/share/dbeaver-ce/jre/lib/libextnet.so
7439acf80000-7439acf81000 rw-p 00003000 07:23 1831                       /snap/dbeaver-ce/543/usr/share/dbeaver-ce/jre/lib/libextnet.so
7439acf81000-7439acf87000 r--p 00000000 08:05 660867                     /home/gustaa/snap/dbeaver-ce/543/.local/share/DBeaverData/install-data/org.jkiss.dbeaver.product/26.1.5-202608181400/org.eclipse.osgi/152/0/.cp/libswt-cairo-gtk-4973r12.so
7439acf87000-7439acf8a000 r-xp 00006000 08:05 660867                     /home/gustaa/snap/dbeaver-ce/543/.local/share/DBeaverData/install-data/org.jkiss.dbeaver.product/26.1.5-202608181400/org.eclipse.osgi/152/0/.cp/libswt-cairo-gtk-4973r12.so
7439acf8a000-7439acf8c000 r--p 00009000 08:05 660867                     /home/gustaa/snap/dbeaver-ce/543/.local/share/DBeaverData/install-data/org.jkiss.dbeaver.product/26.1.5-202608181400/org.eclipse.osgi/152/0/.cp/libswt-cairo-gtk-4973r12.so
7439acf8c000-7439acf8d000 r--p 0000a000 08:05 660867                     /home/gustaa/snap/dbeaver-ce/543/.local/share/DBeaverData/install-data/org.jkiss.dbeaver.product/26.1.5-202608181400/org.eclipse.osgi/152/0/.cp/libswt-cairo-gtk-4973r12.so
7439acf8d000-7439acf8e000 rw-p 0000b000 08:05 660867                     /home/gustaa/snap/dbeaver-ce/543/.local/share/DBeaverData/install-data/org.jkiss.dbeaver.product/26.1.5-202608181400/org.eclipse.osgi/152/0/.cp/libswt-cairo-gtk-4973r12.so
7439acf8e000-7439acf98000 r--p 00000000 08:05 918825                     /usr/lib/x86_64-linux-gnu/libnss_systemd.so.2
7439acf98000-7439acfe0000 r-xp 0000a000 08:05 918825                     /usr/lib/x86_64-linux-gnu/libnss_systemd.so.2
7439acfe0000-7439acff3000 r--p 00052000 08:05 918825                     /usr/lib/x86_64-linux-gnu/libnss_systemd.so.2
7439acff3000-7439acff9000 r--p 00065000 08:05 918825                     /usr/lib/x86_64-linux-gnu/libnss_systemd.so.2
7439acff9000-7439acffa000 rw-p 0006b000 08:05 918825                     /usr/lib/x86_64-linux-gnu/libnss_systemd.so.2
7439acffa000-7439b0000000 rw-p 00000000 00:00 0 
7439b0000000-7439b0021000 rw-p 00000000 00:00 0 
7439b0021000-7439b4000000 ---p 00000000 00:00 0 
7439b4000000-7439b4021000 rw-p 00000000 00:00 0 
7439b4021000-7439b8000000 ---p 00000000 00:00 0 
7439b8000000-7439ba524000 rw-p 00000000 00:00 0 
7439ba524000-7439bc000000 ---p 00000000 00:00 0 
7439bc000000-7439bcdb0000 rw-p 00000000 00:00 0 
7439bcdb0000-7439c0000000 ---p 00000000 00:00 0 
7439c0000000-7439c0021000 rw-p 00000000 00:00 0 
7439c0021000-7439c4000000 ---p 00000000 00:00 0 
7439c4000000-7439c4021000 rw-p 00000000 00:00 0 
7439c4021000-7439c8000000 ---p 00000000 00:00 0 
7439c8000000-7439c8021000 rw-p 00000000 00:00 0 
7439c8021000-7439cc000000 ---p 00000000 00:00 0 
7439cc000000-7439cc021000 rw-p 00000000 00:00 0 
7439cc021000-7439d0000000 ---p 00000000 00:00 0 
7439d0000000-7439d0027000 rw-p 00000000 00:00 0 
7439d0027000-7439d4000000 ---p 00000000 00:00 0 
7439d4000000-7439d4021000 rw-p 00000000 00:00 0 
7439d4021000-7439d8000000 ---p 00000000 00:00 0 
7439d8000000-7439d8500000 rw-p 00000000 00:00 0 
7439d8500000-7439d8540000 rw-p 00000000 00:00 0 
7439d8540000-7439d8580000 rw-p 00000000 00:00 0 
7439d8580000-7439d8700000 rw-p 00000000 00:00 0 
7439d8700000-7439d8720000 rw-p 00000000 00:00 0 
7439d8720000-7439d8740000 rw-p 00000000 00:00 0 
7439d8740000-7439d8780000 rw-p 00000000 00:00 0 
7439d8780000-7439d8900000 rw-p 00000000 00:00 0 
7439d8900000-7439d8920000 rw-p 00000000 00:00 0 
7439d8920000-7439d8940000 rw-p 00000000 00:00 0 
7439d8940000-7439d8980000 rw-p 00000000 00:00 0 
7439d8980000-7439d8b00000 rw-p 00000000 00:00 0 
7439d8b00000-7439d8b80000 rw-p 00000000 00:00 0 
7439d8b80000-7439d8c00000 rw-p 00000000 00:00 0 
7439d8c00000-7439d8d80000 rw-p 00000000 00:00 0 
7439d8d80000-7439d8e00000 rw-p 00000000 00:00 0 
7439d8e00000-7439d8f00000 rw-p 00000000 00:00 0 
7439d8f00000-7439d9000000 rw-p 00000000 00:00 0 
7439d9000000-7439d9100000 rw-p 00000000 00:00 0 
7439d9100000-7439d9200000 rw-p 00000000 00:00 0 
7439d9200000-7439d9400000 rw-p 00000000 00:00 0 
7439d9400000-7439d9500000 rw-p 00000000 00:00 0 
7439d9500000-7439d9600000 rw-p 00000000 00:00 0 
7439d9600000-7439d9900000 rw-p 00000000 00:00 0 
7439d9900000-7439d9a00000 rw-p 00000000 00:00 0 
7439d9a00000-7439d9b00000 rw-p 00000000 00:00 0 
7439d9b00000-7439d9c00000 rw-p 00000000 00:00 0 
7439d9c00000-7439da300000 rw-p 00000000 00:00 0 
7439da300000-7439da400000 rw-p 00000000 00:00 0 
7439da400000-7439dadf0000 rw-p 00000000 00:00 0 
7439dadf0000-7439dae00000 ---p 00000000 00:00 0 
7439dae00000-7439db000000 rw-p 00000000 00:00 0 
7439db000000-7439dc000000 ---p 00000000 00:00 0 
7439dc000000-7439dc021000 rw-p 00000000 00:00 0 
7439dc021000-7439e0000000 ---p 00000000 00:00 0 
7439e0000000-7439e0021000 rw-p 00000000 00:00 0 
7439e0021000-7439e4000000 ---p 00000000 00:00 0 
7439e4000000-7439e4021000 rw-p 00000000 00:00 0 
7439e4021000-7439e8000000 ---p 00000000 00:00 0 
7439e8004000-7439e800c000 r--s 00000000 08:05 5023500                    /home/gustaa/.local/share/gvfs-metadata/root-ae3b7e15.log
7439e800c000-7439e8016000 r--p 00000000 08:05 1210027                    /usr/share/icons/Adwaita/icon-theme.cache
7439e8016000-7439e8048000 r--p 00000000 08:05 1215071                    /usr/share/icons/Yaru/icon-theme.cache
7439e8048000-7439e804c000 r--p 00000000 07:23 1855                       /snap/dbeaver-ce/543/usr/share/dbeaver-ce/jre/lib/libverify.so
7439e804c000-7439e8055000 r-xp 00004000 07:23 1855                       /snap/dbeaver-ce/543/usr/share/dbeaver-ce/jre/lib/libverify.so
7439e8055000-7439e8057000 r--p 0000d000 07:23 1855                       /snap/dbeaver-ce/543/usr/share/dbeaver-ce/jre/lib/libverify.so
7439e8057000-7439e8059000 r--p 0000e000 07:23 1855                       /snap/dbeaver-ce/543/usr/share/dbeaver-ce/jre/lib/libverify.so
7439e8059000-7439e805a000 rw-p 00010000 07:23 1855                       /snap/dbeaver-ce/543/usr/share/dbeaver-ce/jre/lib/libverify.so
7439e805a000-7439e805c000 r--p 00000000 08:05 920458                     /usr/lib/x86_64-linux-gnu/libnss_sss.so.2
7439e805c000-7439e8064000 r-xp 00002000 08:05 920458                     /usr/lib/x86_64-linux-gnu/libnss_sss.so.2
7439e8064000-7439e8066000 r--p 0000a000 08:05 920458                     /usr/lib/x86_64-linux-gnu/libnss_sss.so.2
7439e8066000-7439e8067000 r--p 0000b000 08:05 920458                     /usr/lib/x86_64-linux-gnu/libnss_sss.so.2
7439e8067000-7439e8068000 rw-p 0000c000 08:05 920458                     /usr/lib/x86_64-linux-gnu/libnss_sss.so.2
7439e8068000-7439e807b000 r--p 00000000 08:05 1062021                    /usr/lib/x86_64-linux-gnu/gvfs/libgvfscommon.so
7439e807b000-7439e8097000 r-xp 00013000 08:05 1062021                    /usr/lib/x86_64-linux-gnu/gvfs/libgvfscommon.so
7439e8097000-7439e80a3000 r--p 0002f000 08:05 1062021                    /usr/lib/x86_64-linux-gnu/gvfs/libgvfscommon.so
7439e80a3000-7439e80a9000 r--p 0003a000 08:05 1062021                    /usr/lib/x86_64-linux-gnu/gvfs/libgvfscommon.so
7439e80a9000-7439e80aa000 rw-p 00040000 08:05 1062021                    /usr/lib/x86_64-linux-gnu/gvfs/libgvfscommon.so
7439e80aa000-7439e82ea000 rw-s 00000000 00:01 18339                      /memfd:wayland-cursor (deleted)
7439e82ea000-7439e8348000 r--s 00000000 08:05 6029767                    /var/cache/fontconfig/2300eef321c393bfd76478a5c0e95b23-le64.cache-9
7439e8348000-7439e834a000 r--p 00000000 08:05 1062014                    /usr/lib/x86_64-linux-gnu/gtk-3.0/3.0.0/immodules/im-wayland.so
7439e834a000-7439e834c000 r-xp 00002000 08:05 1062014                    /usr/lib/x86_64-linux-gnu/gtk-3.0/3.0.0/immodules/im-wayland.so
7439e834c000-7439e834d000 r--p 00004000 08:05 1062014                    /usr/lib/x86_64-linux-gnu/gtk-3.0/3.0.0/immodules/im-wayland.so
7439e834d000-7439e834e000 r--p 00005000 08:05 1062014                    /usr/lib/x86_64-linux-gnu/gtk-3.0/3.0.0/immodules/im-wayland.so
7439e834e000-7439e834f000 rw-p 00006000 08:05 1062014                    /usr/lib/x86_64-linux-gnu/gtk-3.0/3.0.0/immodules/im-wayland.so
7439e834f000-7439e8355000 r--p 00000000 08:05 1192314                    /usr/share/icons/hicolor/icon-theme.cache
7439e8355000-7439e837f000 r--s 00000000 08:05 1048779                    /usr/share/mime/mime.cache
7439e837f000-7439e838a000 r--p 00000000 08:05 1061792                    /usr/lib/x86_64-linux-gnu/gio/modules/libgvfsdbus.so
7439e838a000-7439e83a8000 r-xp 0000b000 08:05 1061792                    /usr/lib/x86_64-linux-gnu/gio/modules/libgvfsdbus.so
7439e83a8000-7439e83b0000 r--p 00029000 08:05 1061792                    /usr/lib/x86_64-linux-gnu/gio/modules/libgvfsdbus.so
7439e83b0000-7439e83b2000 r--p 00031000 08:05 1061792                    /usr/lib/x86_64-linux-gnu/gio/modules/libgvfsdbus.so
7439e83b2000-7439e83b3000 rw-p 00033000 08:05 1061792                    /usr/lib/x86_64-linux-gnu/gio/modules/libgvfsdbus.so
7439e83b3000-7439e8468000 r--p 00000000 08:05 1445922                    /usr/share/themes/Yaru-dark/gtk-3.0/gtk.gresource
7439e8468000-7439e8470000 r--s 00000000 08:05 6029768                    /var/cache/fontconfig/3047814df9a2f067bd2d96a2b9c36e5a-le64.cache-9
7439e8470000-7439e8487000 r--s 00000000 08:05 6035893                    /var/cache/fontconfig/d52a8644073d54c13679302ca1180695-le64.cache-9
7439e8487000-7439e8494000 r--s 00000000 08:05 6037213                    /var/cache/fontconfig/d589a48862398ed80a3d6066f4f56f4c-le64.cache-9
7439e8494000-7439e84a4000 r--s 00000000 08:05 6029776                    /var/cache/fontconfig/6cc790b63b123a6a96ee260fcdad32a9-le64.cache-9
7439e84a5000-7439e84a6000 r--s 00000000 08:05 5001102                    /home/gustaa/.local/share/gvfs-metadata/root
7439e84a6000-7439e84a8000 r--p 00000000 08:05 1215036                    /usr/share/icons/Yaru-dark/icon-theme.cache
7439e84a8000-7439e84a9000 r--p 00000000 07:23 1836                       /snap/dbeaver-ce/543/usr/share/dbeaver-ce/jre/lib/libjaas.so
7439e84a9000-7439e84aa000 r-xp 00001000 07:23 1836                       /snap/dbeaver-ce/543/usr/share/dbeaver-ce/jre/lib/libjaas.so
7439e84aa000-7439e84ab000 r--p 00002000 07:23 1836                       /snap/dbeaver-ce/543/usr/share/dbeaver-ce/jre/lib/libjaas.so
7439e84ab000-7439e84ac000 r--p 00002000 07:23 1836                       /snap/dbeaver-ce/543/usr/share/dbeaver-ce/jre/lib/libjaas.so
7439e84ac000-7439e84ad000 rw-p 00003000 07:23 1836                       /snap/dbeaver-ce/543/usr/share/dbeaver-ce/jre/lib/libjaas.so
7439e84ad000-7439e84af000 r--p 00000000 08:05 935900                     /usr/lib/x86_64-linux-gnu/libXtst.so.6.1.0
7439e84af000-7439e84b2000 r-xp 00002000 08:05 935900                     /usr/lib/x86_64-linux-gnu/libXtst.so.6.1.0
7439e84b2000-7439e84b3000 r--p 00005000 08:05 935900                     /usr/lib/x86_64-linux-gnu/libXtst.so.6.1.0
7439e84b3000-7439e84b4000 r--p 00005000 08:05 935900                     /usr/lib/x86_64-linux-gnu/libXtst.so.6.1.0
7439e84b4000-7439e84b5000 rw-p 00006000 08:05 935900                     /usr/lib/x86_64-linux-gnu/libXtst.so.6.1.0
7439e84b5000-7439e84bb000 r--p 00000000 08:05 1334487                    /usr/share/locale-langpack/pt_BR/LC_MESSAGES/gdk-pixbuf.mo
7439e84bb000-7439e84de000 r--p 00000000 08:05 1334503                    /usr/share/locale-langpack/pt_BR/LC_MESSAGES/glib20.mo
7439e84de000-7439e84ec000 r--s 00000000 08:05 6029782                    /var/cache/fontconfig/a4e60e8d1e10d2fdff3fe3037a1845fb-le64.cache-9
7439e84ec000-7439e8505000 r--p 00000000 08:05 919150                     /usr/lib/x86_64-linux-gnu/libsystemd.so.0.42.0
7439e8505000-7439e85bc000 r-xp 00019000 08:05 919150                     /usr/lib/x86_64-linux-gnu/libsystemd.so.0.42.0
7439e85bc000-7439e85f6000 r--p 000d0000 08:05 919150                     /usr/lib/x86_64-linux-gnu/libsystemd.so.0.42.0
7439e85f6000-7439e85fe000 r--p 0010a000 08:05 919150                     /usr/lib/x86_64-linux-gnu/libsystemd.so.0.42.0
7439e85fe000-7439e85ff000 rw-p 00112000 08:05 919150                     /usr/lib/x86_64-linux-gnu/libsystemd.so.0.42.0
7439e85ff000-7439e8600000 rw-p 00000000 00:00 0 
7439e8600000-7439e868b000 r--p 00000000 08:05 936275                     /usr/lib/x86_64-linux-gnu/libgtk-3.so.0.2420.32
7439e868b000-7439e8a3f000 r-xp 0008b000 08:05 936275                     /usr/lib/x86_64-linux-gnu/libgtk-3.so.0.2420.32
7439e8a3f000-7439e8d01000 r--p 0043f000 08:05 936275                     /usr/lib/x86_64-linux-gnu/libgtk-3.so.0.2420.32
7439e8d01000-7439e8d13000 r--p 00701000 08:05 936275                     /usr/lib/x86_64-linux-gnu/libgtk-3.so.0.2420.32
7439e8d13000-7439e8d15000 rw-p 00713000 08:05 936275                     /usr/lib/x86_64-linux-gnu/libgtk-3.so.0.2420.32
7439e8d15000-7439e8d1a000 rw-p 00000000 00:00 0 
7439e8d1a000-7439e8d1b000 r--p 00000000 08:05 270311                     /var/lib/flatpak/exports/share/icons/hicolor/icon-theme.cache
7439e8d1b000-7439e8d2c000 r--s 00000000 08:05 6029780                    /var/cache/fontconfig/9b89f8e3dae116d678bbf48e5f21f69b-le64.cache-9
7439e8d2c000-7439e8d34000 r--s 00000000 08:05 6037212                    /var/cache/fontconfig/53d14c92082a93e67d5078324eb314ca-le64.cache-9
7439e8d34000-7439e8d42000 r--s 00000000 08:05 6029788                    /var/cache/fontconfig/e13b20fdb08344e0e664864cc2ede53d-le64.cache-9
7439e8d42000-7439e8d49000 r--p 00000000 08:05 5023584                    /home/gustaa/.config/dconf/user
7439e8d49000-7439e8d75000 r--p 00000000 08:05 1192319                    /usr/share/glib-2.0/schemas/gschemas.compiled
7439e8d75000-7439e8da8000 r--p 00000000 08:05 1334545                    /usr/share/locale-langpack/pt_BR/LC_MESSAGES/gtk30-properties.mo
7439e8da8000-7439e8dc4000 r--p 00000000 08:05 1334546                    /usr/share/locale-langpack/pt_BR/LC_MESSAGES/gtk30.mo
7439e8dc4000-7439e8dc5000 r--p 00000000 08:05 935881                     /usr/lib/x86_64-linux-gnu/libXRes.so.1.0.0
7439e8dc5000-7439e8dc7000 r-xp 00001000 08:05 935881                     /usr/lib/x86_64-linux-gnu/libXRes.so.1.0.0
7439e8dc7000-7439e8dc8000 r--p 00003000 08:05 935881                     /usr/lib/x86_64-linux-gnu/libXRes.so.1.0.0
7439e8dc8000-7439e8dc9000 r--p 00003000 08:05 935881                     /usr/lib/x86_64-linux-gnu/libXRes.so.1.0.0
7439e8dc9000-7439e8dca000 rw-p 00004000 08:05 935881                     /usr/lib/x86_64-linux-gnu/libXRes.so.1.0.0
7439e8dca000-7439e8dd6000 r--p 00000000 08:05 936104                     /usr/lib/x86_64-linux-gnu/libdbus-1.so.3.38.3
7439e8dd6000-7439e8e07000 r-xp 0000c000 08:05 936104                     /usr/lib/x86_64-linux-gnu/libdbus-1.so.3.38.3
7439e8e07000-7439e8e18000 r--p 0003d000 08:05 936104                     /usr/lib/x86_64-linux-gnu/libdbus-1.so.3.38.3
7439e8e18000-7439e8e19000 r--p 0004d000 08:05 936104                     /usr/lib/x86_64-linux-gnu/libdbus-1.so.3.38.3
7439e8e19000-7439e8e1a000 rw-p 0004e000 08:05 936104                     /usr/lib/x86_64-linux-gnu/libdbus-1.so.3.38.3
7439e8e1a000-7439e8e2b000 r--p 00000000 08:05 920134                     /usr/lib/x86_64-linux-gnu/libatspi.so.0.0.1
7439e8e2b000-7439e8e47000 r-xp 00011000 08:05 920134                     /usr/lib/x86_64-linux-gnu/libatspi.so.0.0.1
7439e8e47000-7439e8e55000 r--p 0002d000 08:05 920134                     /usr/lib/x86_64-linux-gnu/libatspi.so.0.0.1
7439e8e55000-7439e8e59000 r--p 0003a000 08:05 920134                     /usr/lib/x86_64-linux-gnu/libatspi.so.0.0.1
7439e8e59000-7439e8e5a000 rw-p 0003e000 08:05 920134                     /usr/lib/x86_64-linux-gnu/libatspi.so.0.0.1
7439e8e5a000-7439e8e66000 r--p 00000000 08:05 917788                     /usr/lib/x86_64-linux-gnu/libatk-bridge-2.0.so.0.0.0
7439e8e66000-7439e8e81000 r-xp 0000c000 08:05 917788                     /usr/lib/x86_64-linux-gnu/libatk-bridge-2.0.so.0.0.0
7439e8e81000-7439e8e95000 r--p 00027000 08:05 917788                     /usr/lib/x86_64-linux-gnu/libatk-bridge-2.0.so.0.0.0
7439e8e95000-7439e8e96000 r--p 0003b000 08:05 917788                     /usr/lib/x86_64-linux-gnu/libatk-bridge-2.0.so.0.0.0
7439e8e96000-7439e8e98000 rw-p 0003c000 08:05 917788                     /usr/lib/x86_64-linux-gnu/libatk-bridge-2.0.so.0.0.0
7439e8e98000-7439e8ea3000 r--p 00000000 08:05 917913                     /usr/lib/x86_64-linux-gnu/libatk-1.0.so.0.26013.1
7439e8ea3000-7439e8eb3000 r-xp 0000b000 08:05 917913                     /usr/lib/x86_64-linux-gnu/libatk-1.0.so.0.26013.1
7439e8eb3000-7439e8ebe000 r--p 0001b000 08:05 917913                     /usr/lib/x86_64-linux-gnu/libatk-1.0.so.0.26013.1
7439e8ebe000-7439e8ec1000 r--p 00026000 08:05 917913                     /usr/lib/x86_64-linux-gnu/libatk-1.0.so.0.26013.1
7439e8ec1000-7439e8ec2000 rw-p 00029000 08:05 917913                     /usr/lib/x86_64-linux-gnu/libatk-1.0.so.0.26013.1
7439e8ec2000-7439e8ec3000 r--p 00000000 08:05 936052                     /usr/lib/x86_64-linux-gnu/libbrotlicommon.so.1.2.0
7439e8ec3000-7439e8ec4000 r-xp 00001000 08:05 936052                     /usr/lib/x86_64-linux-gnu/libbrotlicommon.so.1.2.0
7439e8ec4000-7439e8ee3000 r--p 00002000 08:05 936052                     /usr/lib/x86_64-linux-gnu/libbrotlicommon.so.1.2.0
7439e8ee3000-7439e8ee4000 r--p 00021000 08:05 936052                     /usr/lib/x86_64-linux-gnu/libbrotlicommon.so.1.2.0
7439e8ee4000-7439e8ee5000 rw-p 00022000 08:05 936052                     /usr/lib/x86_64-linux-gnu/libbrotlicommon.so.1.2.0
7439e8ee5000-7439e8eec000 r--p 00000000 08:05 936047                     /usr/lib/x86_64-linux-gnu/libblkid.so.1.1.0
7439e8eec000-7439e8f11000 r-xp 00007000 08:05 936047                     /usr/lib/x86_64-linux-gnu/libblkid.so.1.1.0
7439e8f11000-7439e8f1a000 r--p 0002c000 08:05 936047                     /usr/lib/x86_64-linux-gnu/libblkid.so.1.1.0
7439e8f1a000-7439e8f20000 r--p 00034000 08:05 936047                     /usr/lib/x86_64-linux-gnu/libblkid.so.1.1.0
7439e8f20000-7439e8f21000 rw-p 0003a000 08:05 936047                     /usr/lib/x86_64-linux-gnu/libblkid.so.1.1.0
7439e8f21000-7439e8f24000 r--p 00000000 08:05 920390                     /usr/lib/x86_64-linux-gnu/libgraphite2.so.3.2.1
7439e8f24000-7439e8f41000 r-xp 00003000 08:05 920390                     /usr/lib/x86_64-linux-gnu/libgraphite2.so.3.2.1
7439e8f41000-7439e8f44000 r--p 00020000 08:05 920390                     /usr/lib/x86_64-linux-gnu/libgraphite2.so.3.2.1
7439e8f44000-7439e8f46000 r--p 00022000 08:05 920390                     /usr/lib/x86_64-linux-gnu/libgraphite2.so.3.2.1
7439e8f46000-7439e8f47000 rw-p 00024000 08:05 920390                     /usr/lib/x86_64-linux-gnu/libgraphite2.so.3.2.1
7439e8f47000-7439e8f49000 r--p 00000000 08:05 936102                     /usr/lib/x86_64-linux-gnu/libdatrie.so.1.4.1
7439e8f49000-7439e8f4d000 r-xp 00002000 08:05 936102                     /usr/lib/x86_64-linux-gnu/libdatrie.so.1.4.1
7439e8f4d000-7439e8f4e000 r--p 00006000 08:05 936102                     /usr/lib/x86_64-linux-gnu/libdatrie.so.1.4.1
7439e8f4e000-7439e8f4f000 r--p 00006000 08:05 936102                     /usr/lib/x86_64-linux-gnu/libdatrie.so.1.4.1
7439e8f4f000-7439e8f50000 rw-p 00007000 08:05 936102                     /usr/lib/x86_64-linux-gnu/libdatrie.so.1.4.1
7439e8f50000-7439e8f52000 r--p 00000000 08:05 935887                     /usr/lib/x86_64-linux-gnu/libXdmcp.so.6.0.0
7439e8f52000-7439e8f54000 r-xp 00002000 08:05 935887                     /usr/lib/x86_64-linux-gnu/libXdmcp.so.6.0.0
7439e8f54000-7439e8f56000 r--p 00004000 08:05 935887                     /usr/lib/x86_64-linux-gnu/libXdmcp.so.6.0.0
7439e8f56000-7439e8f57000 r--p 00005000 08:05 935887                     /usr/lib/x86_64-linux-gnu/libXdmcp.so.6.0.0
7439e8f57000-7439e8f58000 rw-p 00006000 08:05 935887                     /usr/lib/x86_64-linux-gnu/libXdmcp.so.6.0.0
7439e8f58000-7439e8f59000 r--p 00000000 08:05 936053                     /usr/lib/x86_64-linux-gnu/libbrotlidec.so.1.2.0
7439e8f59000-7439e8f62000 r-xp 00001000 08:05 936053                     /usr/lib/x86_64-linux-gnu/libbrotlidec.so.1.2.0
7439e8f62000-7439e8f65000 r--p 0000a000 08:05 936053                     /usr/lib/x86_64-linux-gnu/libbrotlidec.so.1.2.0
7439e8f65000-7439e8f66000 r--p 0000c000 08:05 936053                     /usr/lib/x86_64-linux-gnu/libbrotlidec.so.1.2.0
7439e8f66000-7439e8f67000 rw-p 0000d000 08:05 936053                     /usr/lib/x86_64-linux-gnu/libbrotlidec.so.1.2.0
7439e8f67000-7439e8f69000 r--p 00000000 08:05 936057                     /usr/lib/x86_64-linux-gnu/libbz2.so.1.0.4
7439e8f69000-7439e8f78000 r-xp 00002000 08:05 936057                     /usr/lib/x86_64-linux-gnu/libbz2.so.1.0.4
7439e8f78000-7439e8f7a000 r--p 00011000 08:05 936057                     /usr/lib/x86_64-linux-gnu/libbz2.so.1.0.4
7439e8f7a000-7439e8f7b000 r--p 00012000 08:05 936057                     /usr/lib/x86_64-linux-gnu/libbz2.so.1.0.4
7439e8f7b000-7439e8f7c000 rw-p 00013000 08:05 936057                     /usr/lib/x86_64-linux-gnu/libbz2.so.1.0.4
7439e8f7c000-7439e8f80000 r--p 00000000 08:05 936196                     /usr/lib/x86_64-linux-gnu/libgcc_s.so.1
7439e8f80000-7439e8fa4000 r-xp 00004000 08:05 936196                     /usr/lib/x86_64-linux-gnu/libgcc_s.so.1
7439e8fa4000-7439e8fa8000 r--p 00028000 08:05 936196                     /usr/lib/x86_64-linux-gnu/libgcc_s.so.1
7439e8fa8000-7439e8fa9000 r--p 0002c000 08:05 936196                     /usr/lib/x86_64-linux-gnu/libgcc_s.so.1
7439e8fa9000-7439e8faa000 rw-p 0002d000 08:05 936196                     /usr/lib/x86_64-linux-gnu/libgcc_s.so.1
7439e8faa000-7439e8fad000 r--p 00000000 08:05 936573                     /usr/lib/x86_64-linux-gnu/libseccomp.so.2.6.0
7439e8fad000-7439e8fbd000 r-xp 00003000 08:05 936573                     /usr/lib/x86_64-linux-gnu/libseccomp.so.2.6.0
7439e8fbd000-7439e8fd6000 r--p 00013000 08:05 936573                     /usr/lib/x86_64-linux-gnu/libseccomp.so.2.6.0
7439e8fd6000-7439e8fd7000 r--p 0002c000 08:05 936573                     /usr/lib/x86_64-linux-gnu/libseccomp.so.2.6.0
7439e8fd7000-7439e8fd8000 rw-p 0002d000 08:05 936573                     /usr/lib/x86_64-linux-gnu/libseccomp.so.2.6.0
7439e8fd8000-7439e8fe2000 r--p 00000000 08:05 920118                     /usr/lib/x86_64-linux-gnu/liblcms2.so.2.0.17
7439e8fe2000-7439e9026000 r-xp 0000a000 08:05 920118                     /usr/lib/x86_64-linux-gnu/liblcms2.so.2.0.17
7439e9026000-7439e9039000 r--p 0004e000 08:05 920118                     /usr/lib/x86_64-linux-gnu/liblcms2.so.2.0.17
7439e9039000-7439e903b000 r--p 00061000 08:05 920118                     /usr/lib/x86_64-linux-gnu/liblcms2.so.2.0.17
7439e903b000-7439e903e000 rw-p 00063000 08:05 920118                     /usr/lib/x86_64-linux-gnu/liblcms2.so.2.0.17
7439e903e000-7439e903f000 rw-p 00000000 00:00 0 
7439e903f000-7439e9047000 r--p 00000000 08:05 936488                     /usr/lib/x86_64-linux-gnu/libpangoft2-1.0.so.0.5700.0
7439e9047000-7439e9058000 r-xp 00008000 08:05 936488                     /usr/lib/x86_64-linux-gnu/libpangoft2-1.0.so.0.5700.0
7439e9058000-7439e905d000 r--p 00019000 08:05 936488                     /usr/lib/x86_64-linux-gnu/libpangoft2-1.0.so.0.5700.0
7439e905d000-7439e905e000 r--p 0001e000 08:05 936488                     /usr/lib/x86_64-linux-gnu/libpangoft2-1.0.so.0.5700.0
7439e905e000-7439e905f000 rw-p 0001f000 08:05 936488                     /usr/lib/x86_64-linux-gnu/libpangoft2-1.0.so.0.5700.0
7439e905f000-7439e9066000 r--p 00000000 08:05 936575                     /usr/lib/x86_64-linux-gnu/libselinux.so.1
7439e9066000-7439e9087000 r-xp 00007000 08:05 936575                     /usr/lib/x86_64-linux-gnu/libselinux.so.1
7439e9087000-7439e908e000 r--p 00028000 08:05 936575                     /usr/lib/x86_64-linux-gnu/libselinux.so.1
7439e908e000-7439e908f000 r--p 0002f000 08:05 936575                     /usr/lib/x86_64-linux-gnu/libselinux.so.1
7439e908f000-7439e9090000 rw-p 00030000 08:05 936575                     /usr/lib/x86_64-linux-gnu/libselinux.so.1
7439e9090000-7439e9092000 rw-p 00000000 00:00 0 
7439e9092000-7439e909c000 r--p 00000000 08:05 936401                     /usr/lib/x86_64-linux-gnu/libmount.so.1.1.0
7439e909c000-7439e90d4000 r-xp 0000a000 08:05 936401                     /usr/lib/x86_64-linux-gnu/libmount.so.1.1.0
7439e90d4000-7439e90e2000 r--p 00042000 08:05 936401                     /usr/lib/x86_64-linux-gnu/libmount.so.1.1.0
7439e90e2000-7439e90e4000 r--p 00050000 08:05 936401                     /usr/lib/x86_64-linux-gnu/libmount.so.1.1.0
7439e90e4000-7439e90e5000 rw-p 00052000 08:05 936401                     /usr/lib/x86_64-linux-gnu/libmount.so.1.1.0
7439e90e5000-7439e90e9000 r--p 00000000 08:05 936160                     /usr/lib/x86_64-linux-gnu/libexpat.so.1.11.2
7439e90e9000-7439e9107000 r-xp 00004000 08:05 936160                     /usr/lib/x86_64-linux-gnu/libexpat.so.1.11.2
7439e9107000-7439e910f000 r--p 00022000 08:05 936160                     /usr/lib/x86_64-linux-gnu/libexpat.so.1.11.2
7439e910f000-7439e9111000 r--p 0002a000 08:05 936160                     /usr/lib/x86_64-linux-gnu/libexpat.so.1.11.2
7439e9111000-7439e9112000 rw-p 0002c000 08:05 936160                     /usr/lib/x86_64-linux-gnu/libexpat.so.1.11.2
7439e9112000-7439e911e000 r--p 00000000 08:05 936291                     /usr/lib/x86_64-linux-gnu/libharfbuzz.so.0.61232.0
7439e911e000-7439e920a000 r-xp 0000c000 08:05 936291                     /usr/lib/x86_64-linux-gnu/libharfbuzz.so.0.61232.0
7439e920a000-7439e923b000 r--p 000f8000 08:05 936291                     /usr/lib/x86_64-linux-gnu/libharfbuzz.so.0.61232.0
7439e923b000-7439e923c000 r--p 00128000 08:05 936291                     /usr/lib/x86_64-linux-gnu/libharfbuzz.so.0.61232.0
7439e923c000-7439e923d000 rw-p 00129000 08:05 936291                     /usr/lib/x86_64-linux-gnu/libharfbuzz.so.0.61232.0
7439e923d000-7439e923f000 r--p 00000000 08:05 936628                     /usr/lib/x86_64-linux-gnu/libthai.so.0.3.2
7439e923f000-7439e9244000 r-xp 00002000 08:05 936628                     /usr/lib/x86_64-linux-gnu/libthai.so.0.3.2
7439e9244000-7439e9247000 r--p 00007000 08:05 936628                     /usr/lib/x86_64-linux-gnu/libthai.so.0.3.2
7439e9247000-7439e9248000 r--p 00009000 08:05 936628                     /usr/lib/x86_64-linux-gnu/libthai.so.0.3.2
7439e9248000-7439e9249000 rw-p 0000a000 08:05 936628                     /usr/lib/x86_64-linux-gnu/libthai.so.0.3.2
7439e9249000-7439e9255000 r--p 00000000 08:05 936507                     /usr/lib/x86_64-linux-gnu/libpixman-1.so.0.46.4
7439e9255000-7439e92e7000 r-xp 0000c000 08:05 936507                     /usr/lib/x86_64-linux-gnu/libpixman-1.so.0.46.4
7439e92e7000-7439e92f7000 r--p 0009e000 08:05 936507                     /usr/lib/x86_64-linux-gnu/libpixman-1.so.0.46.4
7439e92f7000-7439e92ff000 r--p 000ae000 08:05 936507                     /usr/lib/x86_64-linux-gnu/libpixman-1.so.0.46.4
7439e92ff000-7439e9300000 rw-p 000b6000 08:05 936507                     /usr/lib/x86_64-linux-gnu/libpixman-1.so.0.46.4
7439e9300000-7439e930c000 r--p 00000000 08:05 936734                     /usr/lib/x86_64-linux-gnu/libxcb.so.1.1.0
7439e930c000-7439e9320000 r-xp 0000c000 08:05 936734                     /usr/lib/x86_64-linux-gnu/libxcb.so.1.1.0
7439e9320000-7439e9329000 r--p 00020000 08:05 936734                     /usr/lib/x86_64-linux-gnu/libxcb.so.1.1.0
7439e9329000-7439e932a000 r--p 00028000 08:05 936734                     /usr/lib/x86_64-linux-gnu/libxcb.so.1.1.0
7439e932a000-7439e932b000 rw-p 00029000 08:05 936734                     /usr/lib/x86_64-linux-gnu/libxcb.so.1.1.0
7439e932b000-7439e9338000 r--p 00000000 08:05 917962                     /usr/lib/x86_64-linux-gnu/libfreetype.so.6.20.5
7439e9338000-7439e93cf000 r-xp 0000d000 08:05 917962                     /usr/lib/x86_64-linux-gnu/libfreetype.so.6.20.5
7439e93cf000-7439e93f7000 r--p 000a4000 08:05 917962                     /usr/lib/x86_64-linux-gnu/libfreetype.so.6.20.5
7439e93f7000-7439e93ff000 r--p 000cc000 08:05 917962                     /usr/lib/x86_64-linux-gnu/libfreetype.so.6.20.5
7439e93ff000-7439e9400000 rw-p 000d4000 08:05 917962                     /usr/lib/x86_64-linux-gnu/libfreetype.so.6.20.5
7439e9400000-7439e9427000 r--p 00000000 08:05 936219                     /usr/lib/x86_64-linux-gnu/libglycin-2.so.0
7439e9427000-7439e973d000 r-xp 00027000 08:05 936219                     /usr/lib/x86_64-linux-gnu/libglycin-2.so.0
7439e973d000-7439e97d8000 r--p 0033d000 08:05 936219                     /usr/lib/x86_64-linux-gnu/libglycin-2.so.0
7439e97d8000-7439e97f1000 r--p 003d7000 08:05 936219                     /usr/lib/x86_64-linux-gnu/libglycin-2.so.0
7439e97f1000-7439e97f4000 rw-p 003f0000 08:05 936219                     /usr/lib/x86_64-linux-gnu/libglycin-2.so.0
7439e97f4000-7439e97f5000 r--p 00000000 08:05 1333906                    /usr/share/locale-langpack/pt/LC_MESSAGES/at-spi2-core.mo
7439e97f5000-7439e97f9000 r--s 00000000 08:05 6037215                    /var/cache/fontconfig/e49e89034d371f0f9de17aab02136486-le64.cache-9
7439e97f9000-7439e97fa000 r--p 00000000 08:05 935882                     /usr/lib/x86_64-linux-gnu/libXau.so.6.0.0
7439e97fa000-7439e97fc000 r-xp 00001000 08:05 935882                     /usr/lib/x86_64-linux-gnu/libXau.so.6.0.0
7439e97fc000-7439e97fd000 r--p 00003000 08:05 935882                     /usr/lib/x86_64-linux-gnu/libXau.so.6.0.0
7439e97fd000-7439e97fe000 r--p 00003000 08:05 935882                     /usr/lib/x86_64-linux-gnu/libXau.so.6.0.0
7439e97fe000-7439e97ff000 rw-p 00004000 08:05 935882                     /usr/lib/x86_64-linux-gnu/libXau.so.6.0.0
7439e97ff000-7439e9804000 r--p 00000000 08:05 936727                     /usr/lib/x86_64-linux-gnu/libxcb-render.so.0.0.0
7439e9804000-7439e9809000 r-xp 00005000 08:05 936727                     /usr/lib/x86_64-linux-gnu/libxcb-render.so.0.0.0
7439e9809000-7439e980c000 r--p 0000a000 08:05 936727                     /usr/lib/x86_64-linux-gnu/libxcb-render.so.0.0.0
7439e980c000-7439e980d000 r--p 0000c000 08:05 936727                     /usr/lib/x86_64-linux-gnu/libxcb-render.so.0.0.0
7439e980d000-7439e980e000 rw-p 0000d000 08:05 936727                     /usr/lib/x86_64-linux-gnu/libxcb-render.so.0.0.0
7439e980e000-7439e9810000 r--p 00000000 08:05 935898                     /usr/lib/x86_64-linux-gnu/libXrender.so.1.3.0
7439e9810000-7439e9817000 r-xp 00002000 08:05 935898                     /usr/lib/x86_64-linux-gnu/libXrender.so.1.3.0
7439e9817000-7439e9818000 r--p 00009000 08:05 935898                     /usr/lib/x86_64-linux-gnu/libXrender.so.1.3.0
7439e9818000-7439e9819000 r--p 00009000 08:05 935898                     /usr/lib/x86_64-linux-gnu/libXrender.so.1.3.0
7439e9819000-7439e981a000 rw-p 0000a000 08:05 935898                     /usr/lib/x86_64-linux-gnu/libXrender.so.1.3.0
7439e981a000-7439e981f000 r--p 00000000 08:05 936516                     /usr/lib/x86_64-linux-gnu/libpng16.so.16.57.0
7439e981f000-7439e9849000 r-xp 00005000 08:05 936516                     /usr/lib/x86_64-linux-gnu/libpng16.so.16.57.0
7439e9849000-7439e9852000 r--p 0002f000 08:05 936516                     /usr/lib/x86_64-linux-gnu/libpng16.so.16.57.0
7439e9852000-7439e9853000 r--p 00037000 08:05 936516                     /usr/lib/x86_64-linux-gnu/libpng16.so.16.57.0
7439e9853000-7439e9854000 rw-p 00038000 08:05 936516                     /usr/lib/x86_64-linux-gnu/libpng16.so.16.57.0
7439e9854000-7439e9857000 r--p 00000000 08:05 936747                     /usr/lib/x86_64-linux-gnu/libz.so.1.3.1
7439e9857000-7439e986a000 r-xp 00003000 08:05 936747                     /usr/lib/x86_64-linux-gnu/libz.so.1.3.1
7439e986a000-7439e9870000 r--p 00016000 08:05 936747                     /usr/lib/x86_64-linux-gnu/libz.so.1.3.1
7439e9870000-7439e9871000 r--p 0001c000 08:05 936747                     /usr/lib/x86_64-linux-gnu/libz.so.1.3.1
7439e9871000-7439e9872000 rw-p 0001d000 08:05 936747                     /usr/lib/x86_64-linux-gnu/libz.so.1.3.1
7439e9872000-7439e9875000 r--p 00000000 08:05 936499                     /usr/lib/x86_64-linux-gnu/libpcre2-8.so.0.14.0
7439e9875000-7439e98f1000 r-xp 00003000 08:05 936499                     /usr/lib/x86_64-linux-gnu/libpcre2-8.so.0.14.0
7439e98f1000-7439e991c000 r--p 0007f000 08:05 936499                     /usr/lib/x86_64-linux-gnu/libpcre2-8.so.0.14.0
7439e991c000-7439e991d000 r--p 000a9000 08:05 936499                     /usr/lib/x86_64-linux-gnu/libpcre2-8.so.0.14.0
7439e991d000-7439e991e000 rw-p 000aa000 08:05 936499                     /usr/lib/x86_64-linux-gnu/libpcre2-8.so.0.14.0
7439e991e000-7439e9920000 r--p 00000000 08:05 936015                     /usr/lib/x86_64-linux-gnu/libatomic.so.1.2.0
7439e9920000-7439e9924000 r-xp 00002000 08:05 936015                     /usr/lib/x86_64-linux-gnu/libatomic.so.1.2.0
7439e9924000-7439e9926000 r--p 00006000 08:05 936015                     /usr/lib/x86_64-linux-gnu/libatomic.so.1.2.0
7439e9926000-7439e9927000 r--p 00007000 08:05 936015                     /usr/lib/x86_64-linux-gnu/libatomic.so.1.2.0
7439e9927000-7439e9928000 rw-p 00008000 08:05 936015                     /usr/lib/x86_64-linux-gnu/libatomic.so.1.2.0
7439e9928000-7439e9929000 rw-p 00000000 00:00 0 
7439e9929000-7439e992b000 r--p 00000000 08:05 936166                     /usr/lib/x86_64-linux-gnu/libffi.so.8.2.0
7439e992b000-7439e9936000 r-xp 00002000 08:05 936166                     /usr/lib/x86_64-linux-gnu/libffi.so.8.2.0
7439e9936000-7439e9938000 r--p 0000d000 08:05 936166                     /usr/lib/x86_64-linux-gnu/libffi.so.8.2.0
7439e9938000-7439e9939000 r--p 0000e000 08:05 936166                     /usr/lib/x86_64-linux-gnu/libffi.so.8.2.0
7439e9939000-7439e993a000 rw-p 0000f000 08:05 936166                     /usr/lib/x86_64-linux-gnu/libffi.so.8.2.0
7439e993a000-7439e993c000 r--p 00000000 08:05 936221                     /usr/lib/x86_64-linux-gnu/libgmodule-2.0.so.0.8800.0
7439e993c000-7439e993e000 r-xp 00002000 08:05 936221                     /usr/lib/x86_64-linux-gnu/libgmodule-2.0.so.0.8800.0
7439e993e000-7439e993f000 r--p 00004000 08:05 936221                     /usr/lib/x86_64-linux-gnu/libgmodule-2.0.so.0.8800.0
7439e993f000-7439e9940000 r--p 00004000 08:05 936221                     /usr/lib/x86_64-linux-gnu/libgmodule-2.0.so.0.8800.0
7439e9940000-7439e9941000 rw-p 00005000 08:05 936221                     /usr/lib/x86_64-linux-gnu/libgmodule-2.0.so.0.8800.0
7439e9941000-7439e9943000 r--p 00000000 08:05 935897                     /usr/lib/x86_64-linux-gnu/libXrandr.so.2.2.0
7439e9943000-7439e994a000 r-xp 00002000 08:05 935897                     /usr/lib/x86_64-linux-gnu/libXrandr.so.2.2.0
7439e994a000-7439e994c000 r--p 00009000 08:05 935897                     /usr/lib/x86_64-linux-gnu/libXrandr.so.2.2.0
7439e994c000-7439e994d000 r--p 0000a000 08:05 935897                     /usr/lib/x86_64-linux-gnu/libXrandr.so.2.2.0
7439e994d000-7439e994e000 rw-p 0000b000 08:05 935897                     /usr/lib/x86_64-linux-gnu/libXrandr.so.2.2.0
7439e994e000-7439e9967000 r--p 00000000 08:05 935880                     /usr/lib/x86_64-linux-gnu/libX11.so.6.4.0
7439e9967000-7439e99fc000 r-xp 00019000 08:05 935880                     /usr/lib/x86_64-linux-gnu/libX11.so.6.4.0
7439e99fc000-7439e9a8b000 r--p 000ae000 08:05 935880                     /usr/lib/x86_64-linux-gnu/libX11.so.6.4.0
7439e9a8b000-7439e9a8c000 r--p 0013d000 08:05 935880                     /usr/lib/x86_64-linux-gnu/libX11.so.6.4.0
7439e9a8c000-7439e9a90000 rw-p 0013e000 08:05 935880                     /usr/lib/x86_64-linux-gnu/libX11.so.6.4.0
7439e9a90000-7439e9a96000 r--p 00000000 08:05 936736                     /usr/lib/x86_64-linux-gnu/libxkbcommon.so.0.13.1
7439e9a96000-7439e9ac4000 r-xp 00006000 08:05 936736                     /usr/lib/x86_64-linux-gnu/libxkbcommon.so.0.13.1
7439e9ac4000-7439e9aec000 r--p 00034000 08:05 936736                     /usr/lib/x86_64-linux-gnu/libxkbcommon.so.0.13.1
7439e9aec000-7439e9aee000 r--p 0005b000 08:05 936736                     /usr/lib/x86_64-linux-gnu/libxkbcommon.so.0.13.1
7439e9aee000-7439e9aef000 rw-p 0005d000 08:05 936736                     /usr/lib/x86_64-linux-gnu/libxkbcommon.so.0.13.1
7439e9aef000-7439e9b2c000 r--p 00000000 08:05 936214                     /usr/lib/x86_64-linux-gnu/libgio-2.0.so.0.8800.0
7439e9b2c000-7439e9c4a000 r-xp 0003d000 08:05 936214                     /usr/lib/x86_64-linux-gnu/libgio-2.0.so.0.8800.0
7439e9c4a000-7439e9cc0000 r--p 0015b000 08:05 936214                     /usr/lib/x86_64-linux-gnu/libgio-2.0.so.0.8800.0
7439e9cc0000-7439e9cc9000 r--p 001d0000 08:05 936214                     /usr/lib/x86_64-linux-gnu/libgio-2.0.so.0.8800.0
7439e9cc9000-7439e9cca000 rw-p 001d9000 08:05 936214                     /usr/lib/x86_64-linux-gnu/libgio-2.0.so.0.8800.0
7439e9cca000-7439e9ccc000 rw-p 00000000 00:00 0 
7439e9ccc000-7439e9cd4000 r--p 00000000 08:05 936172                     /usr/lib/x86_64-linux-gnu/libfontconfig.so.1.16.1
7439e9cd4000-7439e9d05000 r-xp 00008000 08:05 936172                     /usr/lib/x86_64-linux-gnu/libfontconfig.so.1.16.1
7439e9d05000-7439e9d1c000 r--p 00039000 08:05 936172                     /usr/lib/x86_64-linux-gnu/libfontconfig.so.1.16.1
7439e9d1c000-7439e9d1e000 r--p 00050000 08:05 936172                     /usr/lib/x86_64-linux-gnu/libfontconfig.so.1.16.1
7439e9d1e000-7439e9d1f000 rw-p 00052000 08:05 936172                     /usr/lib/x86_64-linux-gnu/libfontconfig.so.1.16.1
7439e9d1f000-7439e9d7f000 r--p 00000000 08:05 936153                     /usr/lib/x86_64-linux-gnu/libepoxy.so.0.0.0
7439e9d7f000-7439e9dec000 r-xp 00060000 08:05 936153                     /usr/lib/x86_64-linux-gnu/libepoxy.so.0.0.0
7439e9dec000-7439e9e31000 r--p 000cd000 08:05 936153                     /usr/lib/x86_64-linux-gnu/libepoxy.so.0.0.0
7439e9e31000-7439e9e39000 r--p 00112000 08:05 936153                     /usr/lib/x86_64-linux-gnu/libepoxy.so.0.0.0
7439e9e39000-7439e9e40000 rw-p 0011a000 08:05 936153                     /usr/lib/x86_64-linux-gnu/libepoxy.so.0.0.0
7439e9e40000-7439e9e53000 r--p 00000000 08:05 936486                     /usr/lib/x86_64-linux-gnu/libpango-1.0.so.0.5700.0
7439e9e53000-7439e9e92000 r-xp 00013000 08:05 936486                     /usr/lib/x86_64-linux-gnu/libpango-1.0.so.0.5700.0
7439e9e92000-7439e9eac000 r--p 00052000 08:05 936486                     /usr/lib/x86_64-linux-gnu/libpango-1.0.so.0.5700.0
7439e9eac000-7439e9eb0000 r--p 0006b000 08:05 936486                     /usr/lib/x86_64-linux-gnu/libpango-1.0.so.0.5700.0
7439e9eb0000-7439e9eb1000 rw-p 0006f000 08:05 936486                     /usr/lib/x86_64-linux-gnu/libpango-1.0.so.0.5700.0
7439e9eb1000-7439e9ec5000 r--p 00000000 08:05 936067                     /usr/lib/x86_64-linux-gnu/libcairo.so.2.11804.4
7439e9ec5000-7439e9fbc000 r-xp 00014000 08:05 936067                     /usr/lib/x86_64-linux-gnu/libcairo.so.2.11804.4
7439e9fbc000-7439e9ff9000 r--p 0010b000 08:05 936067                     /usr/lib/x86_64-linux-gnu/libcairo.so.2.11804.4
7439e9ff9000-7439e9ffd000 r--p 00148000 08:05 936067                     /usr/lib/x86_64-linux-gnu/libcairo.so.2.11804.4
7439e9ffd000-7439e9fff000 rw-p 0014c000 08:05 936067                     /usr/lib/x86_64-linux-gnu/libcairo.so.2.11804.4
7439e9fff000-7439ec021000 rw-p 00000000 00:00 0 
7439ec021000-7439f0000000 ---p 00000000 00:00 0 
7439f0000000-7439f0021000 rw-p 00000000 00:00 0 
7439f0021000-7439f4000000 ---p 00000000 00:00 0 
7439f4000000-7439f4021000 rw-p 00000000 00:00 0 
7439f4021000-7439f8000000 ---p 00000000 00:00 0 
7439f8000000-7439f8001000 r--p 00000000 08:05 1334425                    /usr/share/locale-langpack/pt_BR/LC_MESSAGES/at-spi2-core.mo
7439f8001000-7439f8002000 r--p 00000000 08:05 936730                     /usr/lib/x86_64-linux-gnu/libxcb-shm.so.0.0.0
7439f8002000-7439f8003000 r-xp 00001000 08:05 936730                     /usr/lib/x86_64-linux-gnu/libxcb-shm.so.0.0.0
7439f8003000-7439f8004000 r--p 00002000 08:05 936730                     /usr/lib/x86_64-linux-gnu/libxcb-shm.so.0.0.0
7439f8004000-7439f8005000 r--p 00002000 08:05 936730                     /usr/lib/x86_64-linux-gnu/libxcb-shm.so.0.0.0
7439f8005000-7439f8006000 rw-p 00003000 08:05 936730                     /usr/lib/x86_64-linux-gnu/libxcb-shm.so.0.0.0
7439f8006000-7439f8007000 r--p 00000000 08:05 935893                     /usr/lib/x86_64-linux-gnu/libXinerama.so.1.0.0
7439f8007000-7439f8008000 r-xp 00001000 08:05 935893                     /usr/lib/x86_64-linux-gnu/libXinerama.so.1.0.0
7439f8008000-7439f8009000 r--p 00002000 08:05 935893                     /usr/lib/x86_64-linux-gnu/libXinerama.so.1.0.0
7439f8009000-7439f800a000 r--p 00002000 08:05 935893                     /usr/lib/x86_64-linux-gnu/libXinerama.so.1.0.0
7439f800a000-7439f800b000 rw-p 00003000 08:05 935893                     /usr/lib/x86_64-linux-gnu/libXinerama.so.1.0.0
7439f800b000-7439f800c000 r--p 00000000 08:05 935884                     /usr/lib/x86_64-linux-gnu/libXcomposite.so.1.0.0
7439f800c000-7439f800d000 r-xp 00001000 08:05 935884                     /usr/lib/x86_64-linux-gnu/libXcomposite.so.1.0.0
7439f800d000-7439f800e000 r--p 00002000 08:05 935884                     /usr/lib/x86_64-linux-gnu/libXcomposite.so.1.0.0
7439f800e000-7439f800f000 r--p 00002000 08:05 935884                     /usr/lib/x86_64-linux-gnu/libXcomposite.so.1.0.0
7439f800f000-7439f8010000 rw-p 00003000 08:05 935884                     /usr/lib/x86_64-linux-gnu/libXcomposite.so.1.0.0
7439f8010000-7439f8014000 r--p 00000000 08:05 935888                     /usr/lib/x86_64-linux-gnu/libXext.so.6.4.0
7439f8014000-7439f801f000 r-xp 00004000 08:05 935888                     /usr/lib/x86_64-linux-gnu/libXext.so.6.4.0
7439f801f000-7439f8022000 r--p 0000f000 08:05 935888                     /usr/lib/x86_64-linux-gnu/libXext.so.6.4.0
7439f8022000-7439f8023000 r--p 00011000 08:05 935888                     /usr/lib/x86_64-linux-gnu/libXext.so.6.4.0
7439f8023000-7439f8024000 rw-p 00012000 08:05 935888                     /usr/lib/x86_64-linux-gnu/libXext.so.6.4.0
7439f8024000-7439f8027000 r--p 00000000 08:05 935892                     /usr/lib/x86_64-linux-gnu/libXi.so.6.1.0
7439f8027000-7439f8034000 r-xp 00003000 08:05 935892                     /usr/lib/x86_64-linux-gnu/libXi.so.6.1.0
7439f8034000-7439f8036000 r--p 00010000 08:05 935892                     /usr/lib/x86_64-linux-gnu/libXi.so.6.1.0
7439f8036000-7439f8037000 r--p 00012000 08:05 935892                     /usr/lib/x86_64-linux-gnu/libXi.so.6.1.0
7439f8037000-7439f8038000 rw-p 00013000 08:05 935892                     /usr/lib/x86_64-linux-gnu/libXi.so.6.1.0
7439f8038000-7439f8057000 r--p 00000000 08:05 936218                     /usr/lib/x86_64-linux-gnu/libglib-2.0.so.0.8800.0
7439f8057000-7439f80fd000 r-xp 0001f000 08:05 936218                     /usr/lib/x86_64-linux-gnu/libglib-2.0.so.0.8800.0
7439f80fd000-7439f818d000 r--p 000c5000 08:05 936218                     /usr/lib/x86_64-linux-gnu/libglib-2.0.so.0.8800.0
7439f818d000-7439f818e000 r--p 00155000 08:05 936218                     /usr/lib/x86_64-linux-gnu/libglib-2.0.so.0.8800.0
7439f818e000-7439f818f000 rw-p 00156000 08:05 936218                     /usr/lib/x86_64-linux-gnu/libglib-2.0.so.0.8800.0
7439f818f000-7439f8190000 rw-p 00000000 00:00 0 
7439f8190000-7439f81a0000 r--p 00000000 08:05 936235                     /usr/lib/x86_64-linux-gnu/libgobject-2.0.so.0.8800.0
7439f81a0000-7439f81d7000 r-xp 00010000 08:05 936235                     /usr/lib/x86_64-linux-gnu/libgobject-2.0.so.0.8800.0
7439f81d7000-7439f81f0000 r--p 00047000 08:05 936235                     /usr/lib/x86_64-linux-gnu/libgobject-2.0.so.0.8800.0
7439f81f0000-7439f81f3000 r--p 0005f000 08:05 936235                     /usr/lib/x86_64-linux-gnu/libgobject-2.0.so.0.8800.0
7439f81f3000-7439f81f4000 rw-p 00062000 08:05 936235                     /usr/lib/x86_64-linux-gnu/libgobject-2.0.so.0.8800.0
7439f81f4000-7439f8222000 r--p 00000000 08:05 936206                     /usr/lib/x86_64-linux-gnu/libgdk-3.so.0.2420.32
7439f8222000-7439f82af000 r-xp 0002e000 08:05 936206                     /usr/lib/x86_64-linux-gnu/libgdk-3.so.0.2420.32
7439f82af000-7439f82f4000 r--p 000bb000 08:05 936206                     /usr/lib/x86_64-linux-gnu/libgdk-3.so.0.2420.32
7439f82f4000-7439f82fe000 r--p 000ff000 08:05 936206                     /usr/lib/x86_64-linux-gnu/libgdk-3.so.0.2420.32
7439f82fe000-7439f8300000 rw-p 00109000 08:05 936206                     /usr/lib/x86_64-linux-gnu/libgdk-3.so.0.2420.32
7439f8300000-7439f8304000 ---p 00000000 00:00 0 
7439f8304000-7439f8400000 rw-p 00000000 00:00 0 
7439f8400000-7439f8404000 ---p 00000000 00:00 0 
7439f8404000-7439f8500000 rw-p 00000000 00:00 0 
7439f8500000-7439f8504000 ---p 00000000 00:00 0 
7439f8504000-7439f8600000 rw-p 00000000 00:00 0 
7439f8600000-7439f8604000 ---p 00000000 00:00 0 
7439f8604000-7439f8700000 rw-p 00000000 00:00 0 
7439f8700000-7439f8704000 ---p 00000000 00:00 0 
7439f8704000-7439f8800000 rw-p 00000000 00:00 0 
7439f8800000-7439f8804000 ---p 00000000 00:00 0 
7439f8804000-7439f8900000 rw-p 00000000 00:00 0 
7439f8900000-7439f8904000 ---p 00000000 00:00 0 
7439f8904000-7439f8a00000 rw-p 00000000 00:00 0 
7439f8a00000-7439f8cee000 r--p 00000000 08:05 917753                     /usr/lib/locale/locale-archive
7439f8cee000-7439f8cf0000 r--s 00000000 08:05 6037214                    /var/cache/fontconfig/4b14b093aebc79c320de5e86ae1d3314-le64.cache-9
7439f8cf0000-7439f8cf3000 r--p 00000000 08:05 935885                     /usr/lib/x86_64-linux-gnu/libXcursor.so.1.0.2
7439f8cf3000-7439f8cf9000 r-xp 00003000 08:05 935885                     /usr/lib/x86_64-linux-gnu/libXcursor.so.1.0.2
7439f8cf9000-7439f8cfb000 r--p 00009000 08:05 935885                     /usr/lib/x86_64-linux-gnu/libXcursor.so.1.0.2
7439f8cfb000-7439f8cfc000 r--p 0000a000 08:05 935885                     /usr/lib/x86_64-linux-gnu/libXcursor.so.1.0.2
7439f8cfc000-7439f8cfd000 rw-p 0000b000 08:05 935885                     /usr/lib/x86_64-linux-gnu/libXcursor.so.1.0.2
7439f8cfd000-7439f8cff000 r--p 00000000 08:05 936705                     /usr/lib/x86_64-linux-gnu/libwayland-cursor.so.0.24.0
7439f8cff000-7439f8d01000 r-xp 00002000 08:05 936705                     /usr/lib/x86_64-linux-gnu/libwayland-cursor.so.0.24.0
7439f8d01000-7439f8d02000 r--p 00004000 08:05 936705                     /usr/lib/x86_64-linux-gnu/libwayland-cursor.so.0.24.0
7439f8d02000-7439f8d03000 r--p 00004000 08:05 936705                     /usr/lib/x86_64-linux-gnu/libwayland-cursor.so.0.24.0
7439f8d03000-7439f8d07000 rw-p 00005000 08:05 936705                     /usr/lib/x86_64-linux-gnu/libwayland-cursor.so.0.24.0
7439f8d07000-7439f8d0d000 r--p 00000000 08:05 936704                     /usr/lib/x86_64-linux-gnu/libwayland-client.so.0.24.0
7439f8d0d000-7439f8d14000 r-xp 00006000 08:05 936704                     /usr/lib/x86_64-linux-gnu/libwayland-client.so.0.24.0
7439f8d14000-7439f8d17000 r--p 0000d000 08:05 936704                     /usr/lib/x86_64-linux-gnu/libwayland-client.so.0.24.0
7439f8d17000-7439f8d19000 r--p 0000f000 08:05 936704                     /usr/lib/x86_64-linux-gnu/libwayland-client.so.0.24.0
7439f8d19000-7439f8d1a000 rw-p 00011000 08:05 936704                     /usr/lib/x86_64-linux-gnu/libwayland-client.so.0.24.0
7439f8d1a000-7439f8d1f000 r--p 00000000 08:05 936487                     /usr/lib/x86_64-linux-gnu/libpangocairo-1.0.so.0.5700.0
7439f8d1f000-7439f8d27000 r-xp 00005000 08:05 936487                     /usr/lib/x86_64-linux-gnu/libpangocairo-1.0.so.0.5700.0
7439f8d27000-7439f8d29000 r--p 0000d000 08:05 936487                     /usr/lib/x86_64-linux-gnu/libpangocairo-1.0.so.0.5700.0
7439f8d29000-7439f8d2a000 r--p 0000f000 08:05 936487                     /usr/lib/x86_64-linux-gnu/libpangocairo-1.0.so.0.5700.0
7439f8d2a000-7439f8d2b000 rw-p 00010000 08:05 936487                     /usr/lib/x86_64-linux-gnu/libpangocairo-1.0.so.0.5700.0
7439f8d2b000-7439f8d2d000 r--p 00000000 08:05 936186                     /usr/lib/x86_64-linux-gnu/libfribidi.so.0.4.0
7439f8d2d000-7439f8d31000 r-xp 00002000 08:05 936186                     /usr/lib/x86_64-linux-gnu/libfribidi.so.0.4.0
7439f8d31000-7439f8d48000 r--p 00006000 08:05 936186                     /usr/lib/x86_64-linux-gnu/libfribidi.so.0.4.0
7439f8d48000-7439f8d49000 r--p 0001c000 08:05 936186                     /usr/lib/x86_64-linux-gnu/libfribidi.so.0.4.0
7439f8d49000-7439f8d4a000 rw-p 0001d000 08:05 936186                     /usr/lib/x86_64-linux-gnu/libfribidi.so.0.4.0
7439f8d4a000-7439f8d53000 r--p 00000000 08:05 936207                     /usr/lib/x86_64-linux-gnu/libgdk_pixbuf-2.0.so.0.4400.5
7439f8d53000-7439f8d71000 r-xp 00009000 08:05 936207                     /usr/lib/x86_64-linux-gnu/libgdk_pixbuf-2.0.so.0.4400.5
7439f8d71000-7439f8d7d000 r--p 00027000 08:05 936207                     /usr/lib/x86_64-linux-gnu/libgdk_pixbuf-2.0.so.0.4400.5
7439f8d7d000-7439f8d7f000 r--p 00032000 08:05 936207                     /usr/lib/x86_64-linux-gnu/libgdk_pixbuf-2.0.so.0.4400.5
7439f8d7f000-7439f8d80000 rw-p 00034000 08:05 936207                     /usr/lib/x86_64-linux-gnu/libgdk_pixbuf-2.0.so.0.4400.5
7439f8d80000-7439f8d81000 r--s 00000000 08:05 6037216                    /var/cache/fontconfig/da43223dd54fb3bb4243ae19d4b583b2-le64.cache-9
7439f8d81000-7439f8d82000 r--s 00000000 08:05 6029771                    /var/cache/fontconfig/3f7329c5293ffd510edef78f73874cfd-le64.cache-9
7439f8d82000-7439f8d86000 r--s 00000000 08:05 6037209                    /var/cache/fontconfig/246184dc75a16901ca37d96895904249-le64.cache-9
7439f8d86000-7439f8d87000 r--s 00000000 00:63 926                        /run/user/1000/dconf/user
7439f8d87000-7439f8d8b000 r--p 00000000 08:05 1061787                    /usr/lib/x86_64-linux-gnu/gio/modules/libdconfsettings.so
7439f8d8b000-7439f8d92000 r-xp 00004000 08:05 1061787                    /usr/lib/x86_64-linux-gnu/gio/modules/libdconfsettings.so
7439f8d92000-7439f8d94000 r--p 0000b000 08:05 1061787                    /usr/lib/x86_64-linux-gnu/gio/modules/libdconfsettings.so
7439f8d94000-7439f8d95000 r--p 0000d000 08:05 1061787                    /usr/lib/x86_64-linux-gnu/gio/modules/libdconfsettings.so
7439f8d95000-7439f8d96000 rw-p 0000e000 08:05 1061787                    /usr/lib/x86_64-linux-gnu/gio/modules/libdconfsettings.so
7439f8d96000-7439f8d97000 rw-p 00000000 00:00 0 
7439f8d97000-7439f8d9b000 ---p 00000000 00:00 0 
7439f8d9b000-7439f8e97000 rw-p 00000000 00:00 0 
7439f8e97000-7439f9757000 rwxp 00000000 00:00 0 
7439f9757000-743a003cf000 ---p 00000000 00:00 0 
743a003cf000-743a0063f000 rwxp 00000000 00:00 0 
743a0063f000-743a00961000 ---p 00000000 00:00 0 
743a00961000-743a00c51000 rwxp 00000000 00:00 0 
743a00c51000-743a07e99000 ---p 00000000 00:00 0 
743a07e99000-743a0c000000 r--s 00000000 07:23 1857                       /snap/dbeaver-ce/543/usr/share/dbeaver-ce/jre/lib/modules
743a0c000000-743a0dd5b000 rw-p 00000000 00:00 0 
743a0dd5b000-743a10000000 ---p 00000000 00:00 0 
743a10000000-743a10002000 r--p 00000000 08:05 935889                     /usr/lib/x86_64-linux-gnu/libXfixes.so.3.1.0
743a10002000-743a10005000 r-xp 00002000 08:05 935889                     /usr/lib/x86_64-linux-gnu/libXfixes.so.3.1.0
743a10005000-743a10006000 r--p 00005000 08:05 935889                     /usr/lib/x86_64-linux-gnu/libXfixes.so.3.1.0
743a10006000-743a10007000 r--p 00005000 08:05 935889                     /usr/lib/x86_64-linux-gnu/libXfixes.so.3.1.0
743a10007000-743a10008000 rw-p 00006000 08:05 935889                     /usr/lib/x86_64-linux-gnu/libXfixes.so.3.1.0
743a10008000-743a1000c000 r--p 00000000 08:05 936065                     /usr/lib/x86_64-linux-gnu/libcairo-gobject.so.2.11804.4
743a1000c000-743a1000e000 r-xp 00004000 08:05 936065                     /usr/lib/x86_64-linux-gnu/libcairo-gobject.so.2.11804.4
743a1000e000-743a10011000 r--p 00006000 08:05 936065                     /usr/lib/x86_64-linux-gnu/libcairo-gobject.so.2.11804.4
743a10011000-743a10013000 r--p 00008000 08:05 936065                     /usr/lib/x86_64-linux-gnu/libcairo-gobject.so.2.11804.4
743a10013000-743a10014000 rw-p 0000a000 08:05 936065                     /usr/lib/x86_64-linux-gnu/libcairo-gobject.so.2.11804.4
743a10014000-743a10018000 r--p 00000000 07:23 2154                       /snap/dbeaver-ce/543/usr/share/dbeaver-ce/plugins/org.eclipse.equinox.launcher.gtk.linux.x86_64_1.2.1500.v20250801-0854/eclipse_11916.so
743a10018000-743a10022000 r-xp 00004000 07:23 2154                       /snap/dbeaver-ce/543/usr/share/dbeaver-ce/plugins/org.eclipse.equinox.launcher.gtk.linux.x86_64_1.2.1500.v20250801-0854/eclipse_11916.so
743a10022000-743a10025000 r--p 0000e000 07:23 2154                       /snap/dbeaver-ce/543/usr/share/dbeaver-ce/plugins/org.eclipse.equinox.launcher.gtk.linux.x86_64_1.2.1500.v20250801-0854/eclipse_11916.so
743a10025000-743a10026000 r--p 00010000 07:23 2154                       /snap/dbeaver-ce/543/usr/share/dbeaver-ce/plugins/org.eclipse.equinox.launcher.gtk.linux.x86_64_1.2.1500.v20250801-0854/eclipse_11916.so
743a10026000-743a10027000 rw-p 00011000 07:23 2154                       /snap/dbeaver-ce/543/usr/share/dbeaver-ce/plugins/org.eclipse.equinox.launcher.gtk.linux.x86_64_1.2.1500.v20250801-0854/eclipse_11916.so
743a10027000-743a10028000 rw-p 00000000 00:00 0 
743a10028000-743a1002a000 r--p 00000000 07:23 1856                       /snap/dbeaver-ce/543/usr/share/dbeaver-ce/jre/lib/libzip.so
743a1002a000-743a1003d000 r-xp 00002000 07:23 1856                       /snap/dbeaver-ce/543/usr/share/dbeaver-ce/jre/lib/libzip.so
743a1003d000-743a10044000 r--p 00015000 07:23 1856                       /snap/dbeaver-ce/543/usr/share/dbeaver-ce/jre/lib/libzip.so
743a10044000-743a10045000 r--p 0001c000 07:23 1856                       /snap/dbeaver-ce/543/usr/share/dbeaver-ce/jre/lib/libzip.so
743a10045000-743a10046000 rw-p 0001d000 07:23 1856                       /snap/dbeaver-ce/543/usr/share/dbeaver-ce/jre/lib/libzip.so
743a10046000-743a10049000 r--p 00000000 07:23 1848                       /snap/dbeaver-ce/543/usr/share/dbeaver-ce/jre/lib/libnet.so
743a10049000-743a10051000 r-xp 00003000 07:23 1848                       /snap/dbeaver-ce/543/usr/share/dbeaver-ce/jre/lib/libnet.so
743a10051000-743a10053000 r--p 0000b000 07:23 1848                       /snap/dbeaver-ce/543/usr/share/dbeaver-ce/jre/lib/libnet.so
743a10053000-743a10054000 r--p 0000c000 07:23 1848                       /snap/dbeaver-ce/543/usr/share/dbeaver-ce/jre/lib/libnet.so
743a10054000-743a10055000 rw-p 0000d000 07:23 1848                       /snap/dbeaver-ce/543/usr/share/dbeaver-ce/jre/lib/libnet.so
743a10055000-743a1005d000 r--p 00000000 07:23 1849                       /snap/dbeaver-ce/543/usr/share/dbeaver-ce/jre/lib/libnio.so
743a1005d000-743a10066000 r-xp 00008000 07:23 1849                       /snap/dbeaver-ce/543/usr/share/dbeaver-ce/jre/lib/libnio.so
743a10066000-743a1006a000 r--p 00011000 07:23 1849                       /snap/dbeaver-ce/543/usr/share/dbeaver-ce/jre/lib/libnio.so
743a1006a000-743a1006b000 r--p 00015000 07:23 1849                       /snap/dbeaver-ce/543/usr/share/dbeaver-ce/jre/lib/libnio.so
743a1006b000-743a1006c000 rw-p 00016000 07:23 1849                       /snap/dbeaver-ce/543/usr/share/dbeaver-ce/jre/lib/libnio.so
743a1006c000-743a10091000 r--p 00000000 08:05 1334085                    /usr/share/locale-langpack/pt/LC_MESSAGES/libc.mo
743a10091000-743a10092000 r--p 00000000 07:23 1852                       /snap/dbeaver-ce/543/usr/share/dbeaver-ce/jre/lib/libsimdsort.so
743a10092000-743a100cb000 r-xp 00001000 07:23 1852                       /snap/dbeaver-ce/543/usr/share/dbeaver-ce/jre/lib/libsimdsort.so
743a100cb000-743a100d1000 r--p 0003a000 07:23 1852                       /snap/dbeaver-ce/543/usr/share/dbeaver-ce/jre/lib/libsimdsort.so
743a100d1000-743a100d2000 r--p 0003f000 07:23 1852                       /snap/dbeaver-ce/543/usr/share/dbeaver-ce/jre/lib/libsimdsort.so
743a100d2000-743a100d3000 rw-p 00040000 07:23 1852                       /snap/dbeaver-ce/543/usr/share/dbeaver-ce/jre/lib/libsimdsort.so
743a100d3000-743a100d7000 ---p 00000000 00:00 0 
743a100d7000-743a101d3000 rw-p 00000000 00:00 0 
743a101d3000-743a101d7000 ---p 00000000 00:00 0 
743a101d7000-743a104d5000 rw-p 00000000 00:00 0 
743a104d5000-743a105f2000 rw-p 00000000 00:00 0 
743a105f2000-743a107f4000 rw-p 00000000 00:00 0 
743a107f4000-743a111fe000 rw-p 00000000 00:00 0 
743a111fe000-743a11400000 rw-p 00000000 00:00 0 
743a11400000-743a115f8000 rw-p 00000000 00:00 0 
743a115f8000-743a115fc000 ---p 00000000 00:00 0 
743a115fc000-743a11600000 rw-p 00000000 00:00 0 
743a11600000-743a12400000 ---p 00000000 00:00 0 
743a12400000-743a12440000 rw-p 00000000 00:00 0 
743a12440000-743a12600000 ---p 00000000 00:00 0 
743a12600000-743a12640000 rw-p 00000000 00:00 0 
743a12640000-743a12800000 ---p 00000000 00:00 0 
743a12800000-743a12801000 rw-p 00000000 00:00 0 
743a12801000-743a12802000 r--p 00000000 08:05 935886                     /usr/lib/x86_64-linux-gnu/libXdamage.so.1.1.0
743a12802000-743a12803000 r-xp 00001000 08:05 935886                     /usr/lib/x86_64-linux-gnu/libXdamage.so.1.1.0
743a12803000-743a12804000 r--p 00002000 08:05 935886                     /usr/lib/x86_64-linux-gnu/libXdamage.so.1.1.0
743a12804000-743a12805000 r--p 00002000 08:05 935886                     /usr/lib/x86_64-linux-gnu/libXdamage.so.1.1.0
743a12805000-743a12806000 rw-p 00003000 08:05 935886                     /usr/lib/x86_64-linux-gnu/libXdamage.so.1.1.0
743a12806000-743a1280d000 r--s 00000000 08:05 1061534                    /usr/lib/x86_64-linux-gnu/gconv/gconv-modules.cache
743a1280d000-743a1290e000 rw-p 00000000 00:00 0 
743a1290e000-743a1331e000 rw-p 00000000 00:00 0 
743a1331e000-743a13403000 ---p 00000000 00:00 0 
743a13403000-743a13415000 rw-p 00000000 00:00 0 
743a13415000-743a134ee000 ---p 00000000 00:00 0 
743a134ee000-743a134f2000 ---p 00000000 00:00 0 
743a134f2000-743a135ee000 rw-p 00000000 00:00 0 
743a135ee000-743a138d1000 r--p 00000000 07:23 1866                       /snap/dbeaver-ce/543/usr/share/dbeaver-ce/jre/lib/server/libjvm.so
743a138d1000-743a1495d000 r-xp 002e3000 07:23 1866                       /snap/dbeaver-ce/543/usr/share/dbeaver-ce/jre/lib/server/libjvm.so
743a1495d000-743a14c6e000 r--p 0136f000 07:23 1866                       /snap/dbeaver-ce/543/usr/share/dbeaver-ce/jre/lib/server/libjvm.so
743a14c6e000-743a14d59000 r--p 01680000 07:23 1866                       /snap/dbeaver-ce/543/usr/share/dbeaver-ce/jre/lib/server/libjvm.so
743a14d59000-743a14d84000 rw-p 0176b000 07:23 1866                       /snap/dbeaver-ce/543/usr/share/dbeaver-ce/jre/lib/server/libjvm.so
743a14d84000-743a14e00000 rw-p 00000000 00:00 0 
743a14e00000-743a14e28000 r--p 00000000 08:05 919036                     /usr/lib/x86_64-linux-gnu/libc.so.6
743a14e28000-743a14fc0000 r-xp 00028000 08:05 919036                     /usr/lib/x86_64-linux-gnu/libc.so.6
743a14fc0000-743a1500e000 r--p 001c0000 08:05 919036                     /usr/lib/x86_64-linux-gnu/libc.so.6
743a1500e000-743a15012000 r--p 0020d000 08:05 919036                     /usr/lib/x86_64-linux-gnu/libc.so.6
743a15012000-743a15014000 rw-p 00211000 08:05 919036                     /usr/lib/x86_64-linux-gnu/libc.so.6
743a15014000-743a15021000 rw-p 00000000 00:00 0 
743a15021000-743a15022000 r--p 00000000 08:05 936706                     /usr/lib/x86_64-linux-gnu/libwayland-egl.so.1.24.0
743a15022000-743a15023000 r-xp 00001000 08:05 936706                     /usr/lib/x86_64-linux-gnu/libwayland-egl.so.1.24.0
743a15023000-743a15024000 r--p 00002000 08:05 936706                     /usr/lib/x86_64-linux-gnu/libwayland-egl.so.1.24.0
743a15024000-743a15025000 r--p 00002000 08:05 936706                     /usr/lib/x86_64-linux-gnu/libwayland-egl.so.1.24.0
743a15025000-743a15026000 rw-p 00003000 08:05 936706                     /usr/lib/x86_64-linux-gnu/libwayland-egl.so.1.24.0
743a15026000-743a1504b000 r--p 00000000 08:05 1334595                    /usr/share/locale-langpack/pt_BR/LC_MESSAGES/libc.mo
743a1504b000-743a1508e000 rw-p 00000000 00:00 0 
743a1508e000-743a1509c000 r--p 00000000 07:23 1837                       /snap/dbeaver-ce/543/usr/share/dbeaver-ce/jre/lib/libjava.so
743a1509c000-743a150aa000 r-xp 0000e000 07:23 1837                       /snap/dbeaver-ce/543/usr/share/dbeaver-ce/jre/lib/libjava.so
743a150aa000-743a150af000 r--p 0001c000 07:23 1837                       /snap/dbeaver-ce/543/usr/share/dbeaver-ce/jre/lib/libjava.so
743a150af000-743a150b0000 r--p 00021000 07:23 1837                       /snap/dbeaver-ce/543/usr/share/dbeaver-ce/jre/lib/libjava.so
743a150b0000-743a150b1000 rw-p 00022000 07:23 1837                       /snap/dbeaver-ce/543/usr/share/dbeaver-ce/jre/lib/libjava.so
743a150b1000-743a150b2000 rw-p 00000000 00:00 0 
743a150b2000-743a150b6000 r--p 00000000 07:23 1840                       /snap/dbeaver-ce/543/usr/share/dbeaver-ce/jre/lib/libjimage.so
743a150b6000-743a150ce000 r-xp 00004000 07:23 1840                       /snap/dbeaver-ce/543/usr/share/dbeaver-ce/jre/lib/libjimage.so
743a150ce000-743a150d4000 r--p 0001c000 07:23 1840                       /snap/dbeaver-ce/543/usr/share/dbeaver-ce/jre/lib/libjimage.so
743a150d4000-743a150d6000 r--p 00021000 07:23 1840                       /snap/dbeaver-ce/543/usr/share/dbeaver-ce/jre/lib/libjimage.so
743a150d6000-743a150d7000 rw-p 00023000 07:23 1840                       /snap/dbeaver-ce/543/usr/share/dbeaver-ce/jre/lib/libjimage.so
743a150d7000-743a150e9000 r--p 00000000 08:05 919039                     /usr/lib/x86_64-linux-gnu/libm.so.6
743a150e9000-743a15189000 r-xp 00012000 08:05 919039                     /usr/lib/x86_64-linux-gnu/libm.so.6
743a15189000-743a151fb000 r--p 000b2000 08:05 919039                     /usr/lib/x86_64-linux-gnu/libm.so.6
743a151fb000-743a151fc000 r--p 00123000 08:05 919039                     /usr/lib/x86_64-linux-gnu/libm.so.6
743a151fc000-743a151fd000 rw-p 00124000 08:05 919039                     /usr/lib/x86_64-linux-gnu/libm.so.6
743a151fd000-743a151fe000 r--p 00000000 08:05 919052                     /usr/lib/x86_64-linux-gnu/librt.so.1
743a151fe000-743a151ff000 r-xp 00001000 08:05 919052                     /usr/lib/x86_64-linux-gnu/librt.so.1
743a151ff000-743a15200000 r--p 00002000 08:05 919052                     /usr/lib/x86_64-linux-gnu/librt.so.1
743a15200000-743a15201000 r--p 00002000 08:05 919052                     /usr/lib/x86_64-linux-gnu/librt.so.1
743a15201000-743a15202000 rw-p 00003000 08:05 919052                     /usr/lib/x86_64-linux-gnu/librt.so.1
743a15202000-743a15204000 rw-p 00000000 00:00 0 
743a15204000-743a15205000 r--p 00000000 08:05 919050                     /usr/lib/x86_64-linux-gnu/libpthread.so.0
743a15205000-743a15206000 r-xp 00001000 08:05 919050                     /usr/lib/x86_64-linux-gnu/libpthread.so.0
743a15206000-743a15207000 r--p 00002000 08:05 919050                     /usr/lib/x86_64-linux-gnu/libpthread.so.0
743a15207000-743a15208000 r--p 00002000 08:05 919050                     /usr/lib/x86_64-linux-gnu/libpthread.so.0
743a15208000-743a15209000 rw-p 00003000 08:05 919050                     /usr/lib/x86_64-linux-gnu/libpthread.so.0
743a15209000-743a1520a000 r--p 00000000 08:05 919038                     /usr/lib/x86_64-linux-gnu/libdl.so.2
743a1520a000-743a1520b000 r-xp 00001000 08:05 919038                     /usr/lib/x86_64-linux-gnu/libdl.so.2
743a1520b000-743a1520c000 r--p 00002000 08:05 919038                     /usr/lib/x86_64-linux-gnu/libdl.so.2
743a1520c000-743a1520d000 r--p 00002000 08:05 919038                     /usr/lib/x86_64-linux-gnu/libdl.so.2
743a1520d000-743a1520e000 rw-p 00003000 08:05 919038                     /usr/lib/x86_64-linux-gnu/libdl.so.2
743a1520e000-743a15213000 rw-p 00000000 00:00 0 
743a15213000-743a1521a000 ---p 00000000 00:00 0 
743a1521a000-743a15222000 rw-s 00000000 00:2f 7114                       /tmp/hsperfdata_gustaa/97072
743a15222000-743a15223000 ---p 00000000 00:00 0 
743a15223000-743a15224000 r--p 00000000 00:00 0 
743a15224000-743a15225000 ---p 00000000 00:00 0 
743a15225000-743a15228000 r--p 00000000 07:23 1841                       /snap/dbeaver-ce/543/usr/share/dbeaver-ce/jre/lib/libjli.so
743a15228000-743a15239000 r-xp 00003000 07:23 1841                       /snap/dbeaver-ce/543/usr/share/dbeaver-ce/jre/lib/libjli.so
743a15239000-743a15240000 r--p 00014000 07:23 1841                       /snap/dbeaver-ce/543/usr/share/dbeaver-ce/jre/lib/libjli.so
743a15240000-743a15241000 r--p 0001a000 07:23 1841                       /snap/dbeaver-ce/543/usr/share/dbeaver-ce/jre/lib/libjli.so
743a15241000-743a15242000 rw-p 0001b000 07:23 1841                       /snap/dbeaver-ce/543/usr/share/dbeaver-ce/jre/lib/libjli.so
743a15242000-743a15244000 rw-p 00000000 00:00 0 
743a15244000-743a15248000 r--p 00000000 00:00 0                          [vvar]
743a15248000-743a1524a000 r--p 00000000 00:00 0                          [vvar_vclock]
743a1524a000-743a1524c000 r-xp 00000000 00:00 0                          [vdso]
743a1524c000-743a1524d000 r--p 00000000 08:05 919033                     /usr/lib/x86_64-linux-gnu/ld-linux-x86-64.so.2
743a1524d000-743a1527c000 r-xp 00001000 08:05 919033                     /usr/lib/x86_64-linux-gnu/ld-linux-x86-64.so.2
743a1527c000-743a15287000 r--p 00030000 08:05 919033                     /usr/lib/x86_64-linux-gnu/ld-linux-x86-64.so.2
743a15287000-743a15289000 r--p 0003b000 08:05 919033                     /usr/lib/x86_64-linux-gnu/ld-linux-x86-64.so.2
743a15289000-743a1528a000 rw-p 0003d000 08:05 919033                     /usr/lib/x86_64-linux-gnu/ld-linux-x86-64.so.2
743a1528a000-743a1528b000 rw-p 00000000 00:00 0 
7ffc1f187000-7ffc1f1a9000 rw-p 00000000 00:00 0                          [stack]
ffffffffff600000-ffffffffff601000 --xp 00000000 00:00 0                  [vsyscall]
Total number of mappings: 956

JVMTI agents: none


VM Arguments:
jvm_args: -XX:+IgnoreUnrecognizedVMOptions -Dosgi.requiredJavaVersion=21 -Dfile.encoding=UTF-8 --enable-native-access=ALL-UNNAMED --add-modules=ALL-DEFAULT --add-opens=java.base/java.io=ALL-UNNAMED --add-opens=java.base/java.lang=ALL-UNNAMED --add-opens=java.base/java.lang.reflect=ALL-UNNAMED --add-opens=java.base/java.net=ALL-UNNAMED --add-opens=java.base/java.nio=ALL-UNNAMED --add-opens=java.base/java.nio.charset=ALL-UNNAMED --add-opens=java.base/java.text=ALL-UNNAMED --add-opens=java.base/java.time=ALL-UNNAMED --add-opens=java.base/java.util=ALL-UNNAMED --add-opens=java.base/java.util.concurrent=ALL-UNNAMED --add-opens=java.base/java.util.concurrent.atomic=ALL-UNNAMED --add-opens=java.base/jdk.internal.vm=ALL-UNNAMED --add-opens=java.base/jdk.internal.misc=ALL-UNNAMED --add-opens=java.base/sun.nio.ch=ALL-UNNAMED --add-opens=java.base/sun.nio.fs=ALL-UNNAMED --add-opens=java.base/sun.security.ssl=ALL-UNNAMED --add-opens=java.base/sun.security.util=ALL-UNNAMED --add-opens=java.security.jgss/sun.security.jgss=ALL-UNNAMED --add-opens=java.security.jgss/sun.security.krb5=ALL-UNNAMED --add-opens=java.desktop/java.awt=ALL-UNNAMED --add-opens=java.desktop/java.awt.peer=ALL-UNNAMED --add-opens=java.sql/java.sql=ALL-UNNAMED -Xms64m -Xmx1024m -Ddbeaver.distribution.type=deb -Duser.home=/home/gustaa/snap/dbeaver-ce/543 
java_command: /snap/dbeaver-ce/543/usr/share/dbeaver-ce//plugins/org.jkiss.dbeaver.launcher_1.0.59.202608181400.jar -os linux -ws gtk -arch x86_64 -showsplash -launcher /snap/dbeaver-ce/543/usr/share/dbeaver-ce/dbeaver -name Dbeaver --launcher.library /snap/dbeaver-ce/543/usr/share/dbeaver-ce//plugins/org.eclipse.equinox.launcher.gtk.linux.x86_64_1.2.1500.v20250801-0854/eclipse_11916.so -startup /snap/dbeaver-ce/543/usr/share/dbeaver-ce//plugins/org.jkiss.dbeaver.launcher_1.0.59.202608181400.jar --launcher.overrideVmargs -exitdata 20007 -vm /snap/dbeaver-ce/543/usr/share/dbeaver-ce/jre/bin/java -vmargs -XX:+IgnoreUnrecognizedVMOptions -Dosgi.requiredJavaVersion=21 -Dfile.encoding=UTF-8 --enable-native-access=ALL-UNNAMED --add-modules=ALL-DEFAULT --add-opens=java.base/java.io=ALL-UNNAMED --add-opens=java.base/java.lang=ALL-UNNAMED --add-opens=java.base/java.lang.reflect=ALL-UNNAMED --add-opens=java.base/java.net=ALL-UNNAMED --add-opens=java.base/java.nio=ALL-UNNAMED --add-opens=java.base/java.nio.charset=ALL-UNNAMED --add-opens=java.base/java.text=ALL-UNNAMED --add-opens=java.base/java.time=ALL-UNNAMED --add-opens=java.base/java.util=ALL-UNNAMED --add-opens=java.base/java.util.concurrent=ALL-UNNAMED --add-opens=java.base/java.util.concurrent.atomic=ALL-UNNAMED --add-opens=java.base/jdk.internal.vm=ALL-UNNAMED --add-opens=java.base/jdk.internal.misc=ALL-UNNAMED --add-opens=java.base/sun.nio.ch=ALL-UNNAMED --add-opens=java.base/sun.nio.fs=ALL-UNNAMED --add-opens=java.base/sun.security.ssl=ALL-UNNAMED --add-opens=java.base/sun.security.util=ALL-UNNAMED --add-opens=java.security.jgss/sun.security.jgss=ALL-UNNAMED --add-opens=java.security.jgss/sun.security.krb5=ALL-UNNAMED --add-opens=java.desktop/java.awt=ALL-UNNAMED --add-opens=java.desktop/java.awt.peer=ALL-UNNAMED --add-opens=java.sql/java.sql=ALL-UNNAMED -Xms64m -Xmx1024m -Ddbeaver.distribution.type=deb -jar /snap/dbeaver-ce/543/usr/share/dbeaver-ce//plugins/org.jkiss.dbeaver.launcher_1.0.59.202608181400.jar
java_class_path (initial): /snap/dbeaver-ce/543/usr/share/dbeaver-ce//plugins/org.jkiss.dbeaver.launcher_1.0.59.202608181400.jar
Launcher Type: SUN_STANDARD

[Global flags]
     intx CICompilerCount                          = 4                                         {product} {ergonomic}
     uint ConcGCThreads                            = 3                                         {product} {ergonomic}
     uint G1ConcRefinementThreads                  = 10                                        {product} {ergonomic}
   size_t G1HeapRegionSize                         = 1048576                                   {product} {ergonomic}
     bool IgnoreUnrecognizedVMOptions              = true                                      {product} {command line}
   size_t InitialHeapSize                          = 67108864                                  {product} {command line}
   size_t MarkStackSize                            = 4194304                                   {product} {ergonomic}
   size_t MarkStackSizeMax                         = 536870912                                 {product} {ergonomic}
   size_t MaxHeapSize                              = 1073741824                                {product} {command line}
   size_t MaxNewSize                               = 643825664                                 {product} {ergonomic}
   size_t MinHeapDeltaBytes                        = 1048576                                   {product} {ergonomic}
   size_t MinHeapSize                              = 67108864                                  {product} {command line}
    uintx NonNMethodCodeHeapSize                   = 5840896                                {pd product} {ergonomic}
    uintx NonProfiledCodeHeapSize                  = 122912768                              {pd product} {ergonomic}
    uintx ProfiledCodeHeapSize                     = 122912768                              {pd product} {ergonomic}
    uintx ReservedCodeCacheSize                    = 251666432                              {pd product} {ergonomic}
     bool SegmentedCodeCache                       = true                                      {product} {ergonomic}
   size_t SoftMaxHeapSize                          = 1073741824                             {manageable} {ergonomic}
     bool UseCompressedOops                        = true                           {product lp64_product} {ergonomic}
     bool UseG1GC                                  = true                                      {product} {ergonomic}

Logging:
Log output configuration:
 #0: stdout all=warning uptime,level,tags foldmultilines=false
 #1: stderr all=off uptime,level,tags foldmultilines=false

Release file:
JAVA_VERSION="25.0.3"
MODULES="java.base java.compiler java.datatransfer java.xml java.prefs java.desktop java.logging java.management java.security.sasl java.naming java.rmi java.management.rmi java.net.http java.scripting java.security.jgss java.transaction.xa java.sql java.sql.rowset jdk.accessibility jdk.internal.jvmstat jdk.attach jdk.charsets jdk.crypto.cryptoki jdk.crypto.ec jdk.dynalink jdk.httpserver jdk.jcmd jdk.localedata jdk.management jdk.naming.dns jdk.naming.rmi jdk.net jdk.security.auth jdk.security.jgss jdk.unsupported jdk.xml.dom"

Environment Variables:
_JAVA_OPTIONS=-Duser.home=/home/gustaa/snap/dbeaver-ce/543
PATH=/usr/local/sbin:/usr/local/bin:/usr/sbin:/usr/bin:/sbin:/bin:/usr/games:/usr/local/games:/snap/bin:/snap/bin
USERNAME=gustaa
SHELL=/bin/bash
DISPLAY=:0
WAYLAND_DISPLAY=wayland-0
LANG=pt_BR.UTF-8
TERM=xterm-256color

Active Locale:
LC_ALL=pt_BR.UTF-8
LC_COLLATE=pt_BR.UTF-8
LC_CTYPE=pt_BR.UTF-8
LC_MESSAGES=pt_BR.UTF-8
LC_MONETARY=pt_BR.UTF-8
LC_NUMERIC=pt_BR.UTF-8
LC_TIME=pt_BR.UTF-8

Signal Handlers:
   SIGSEGV: crash_handler in libjvm.so, mask=11100100010111111101111111111110, flags=SA_RESTART|SA_SIGINFO, unblocked
    SIGBUS: crash_handler in libjvm.so, mask=11100100010111111101111111111110, flags=SA_RESTART|SA_SIGINFO, unblocked
    SIGFPE: crash_handler in libjvm.so, mask=11100100010111111101111111111110, flags=SA_RESTART|SA_SIGINFO, unblocked
   SIGPIPE: SIG_IGN, mask=00000000000010000000000000000000, flags=SA_RESTART, blocked
  *** Handler was modified!
  *** Expected: javaSignalHandler in libjvm.so, mask=11100100110111111111111111111110, flags=SA_RESTART|SA_SIGINFO
   SIGXFSZ: javaSignalHandler in libjvm.so, mask=11100100010111111101111111111110, flags=SA_RESTART|SA_SIGINFO, blocked
    SIGILL: crash_handler in libjvm.so, mask=11100100010111111101111111111110, flags=SA_RESTART|SA_SIGINFO, unblocked
   SIGUSR2: SR_handler in libjvm.so, mask=00000000000000000000000000000000, flags=SA_RESTART|SA_SIGINFO, blocked
    SIGHUP: UserHandler in libjvm.so, mask=11100100010111111101111111111110, flags=SA_RESTART|SA_SIGINFO, blocked
    SIGINT: UserHandler in libjvm.so, mask=11100100010111111101111111111110, flags=SA_RESTART|SA_SIGINFO, blocked
   SIGTERM: UserHandler in libjvm.so, mask=11100100010111111101111111111110, flags=SA_RESTART|SA_SIGINFO, blocked
   SIGQUIT: UserHandler in libjvm.so, mask=11100100010111111101111111111110, flags=SA_RESTART|SA_SIGINFO, blocked
   SIGTRAP: crash_handler in libjvm.so, mask=11100100010111111101111111111110, flags=SA_RESTART|SA_SIGINFO, unblocked


Compilation memory statistics disabled.

Periodic native trim disabled

---------------  S Y S T E M  ---------------

OS:
DISTRIB_ID=Ubuntu
DISTRIB_RELEASE=26.04
DISTRIB_CODENAME=resolute
DISTRIB_DESCRIPTION="Ubuntu 26.04 LTS"
uname: Linux 7.0.0-30-generic #30-Ubuntu SMP PREEMPT_DYNAMIC Fri Jul 31 18:22:54 UTC 2026 x86_64
OS uptime: 0 days 6:43 hours
libc: glibc 2.43 NPTL 2.43 
rlimit (soft/hard): STACK 8192k/infinity , CORE 0k/infinity , NPROC 51002/51002 , NOFILE 524288/524288 , AS infinity/infinity , CPU infinity/infinity , DATA infinity/infinity , FSIZE infinity/infinity , MEMLOCK 8192k/8192k
load average: 1,21 1,13 0,91

/proc/meminfo:
MemTotal:       15785408 kB
MemFree:         1082828 kB
MemAvailable:    4273660 kB
Buffers:          261284 kB
Cached:          2599164 kB
SwapCached:        91820 kB
Active:          7569384 kB
Inactive:        5371776 kB
Active(anon):    6528408 kB
Inactive(anon):  3543732 kB
Active(file):    1040976 kB
Inactive(file):  1828044 kB
Unevictable:          72 kB
Mlocked:              72 kB
SwapTotal:       4194300 kB
SwapFree:        2502076 kB
Zswap:                 0 kB
Zswapped:              0 kB
Dirty:              3552 kB
Writeback:             0 kB
AnonPages:      10055516 kB
Mapped:           942532 kB
Shmem:            257912 kB
KReclaimable:     659468 kB
Slab:            1035584 kB
SReclaimable:     659468 kB
SUnreclaim:       376116 kB
KernelStack:       29740 kB
PageTables:       105704 kB
SecPageTables:      2568 kB
NFS_Unstable:          0 kB
Bounce:                0 kB
WritebackTmp:          0 kB
CommitLimit:    12087004 kB
Committed_AS:   46973540 kB
VmallocTotal:   34359738367 kB
VmallocUsed:       94288 kB
VmallocChunk:          0 kB
Percpu:            12192 kB
HardwareCorrupted:     0 kB
AnonHugePages:    825344 kB
ShmemHugePages:        0 kB
ShmemPmdMapped:        0 kB
FileHugePages:     40960 kB
FilePmdMapped:      8192 kB
CmaTotal:              0 kB
CmaFree:           34172 kB
Unaccepted:            0 kB
Balloon:               0 kB
HugePages_Total:       0
HugePages_Free:        0
HugePages_Rsvd:        0
HugePages_Surp:        0
Hugepagesize:       2048 kB
Hugetlb:               0 kB
DirectMap4k:      977316 kB
DirectMap2M:    14694400 kB
DirectMap1G:     1048576 kB

/sys/kernel/mm/transparent_hugepage/enabled: always [madvise] never
/sys/kernel/mm/transparent_hugepage/hpage_pmd_size: 2097152
/sys/kernel/mm/transparent_hugepage/shmem_enabled: always within_size advise [never] deny force
/sys/kernel/mm/transparent_hugepage/defrag (defrag/compaction efforts parameter): always defer defer+madvise [madvise] never

Process Memory:
Virtual Size: 8514164K (peak: 8533876K)
Resident Set Size: 412812K (peak: 412812K) (anon: 352232K, file: 59592K, shmem: 988K)
Swapped out: 0K
C-Heap outstanding allocations: 93337K, retained: 118826K
glibc malloc tunables: (default)

/proc/sys/kernel/threads-max (system-wide limit on the number of threads): 102005
/proc/sys/vm/max_map_count (maximum number of memory map areas a process may have): 1048576
/proc/sys/vm/swappiness (control to define how aggressively the kernel swaps out anonymous memory): 60
/proc/sys/kernel/pid_max (system-wide limit on number of process identifiers): 4194304

container information not found.
Steal ticks since vm start: 0
Steal ticks percentage since vm start:  0,000

CPU: total 12 (initial active 12) (12 cores per cpu, 2 threads per core) family 23 model 8 stepping 2 microcode 0x800820e, cx8, cmov, fxsr, ht, mmx, 3dnowpref, sse, sse2, sse3, ssse3, sse4a, sse4.1, sse4.2, popcnt, lzcnt, tsc, tscinvbit, avx, avx2, aes, clmul, bmi1, bmi2, adx, sha, fma, vzeroupper, clflush, clflushopt, rdtscp, f16c
CPU Model and flags from /proc/cpuinfo:
model name	: AMD Ryzen 5 1600 Six-Core Processor
flags		: fpu vme de pse tsc msr pae mce cx8 apic sep mtrr pge mca cmov pat pse36 clflush mmx fxsr sse sse2 ht syscall nx mmxext fxsr_opt pdpe1gb rdtscp lm constant_tsc rep_good nopl nonstop_tsc cpuid extd_apicid aperfmperf rapl pni pclmulqdq monitor ssse3 fma cx16 sse4_1 sse4_2 movbe popcnt aes xsave avx f16c rdrand lahf_lm cmp_legacy svm extapic cr8_legacy abm sse4a misalignsse 3dnowprefetch osvw skinit wdt tce topoext perfctr_core perfctr_nb bpext perfctr_llc mwaitx cpb hw_pstate ssbd ibpb vmmcall fsgsbase bmi1 avx2 smep bmi2 rdseed adx smap clflushopt sha_ni xsaveopt xsavec xgetbv1 clzero xsaveerptr arat npt lbrv svm_lock nrip_save tsc_scale vmcb_clean flushbyasid decodeassists pausefilter pfthreshold avic v_vmsave_vmload vgif overflow_recov succor smca sev sev_es

Online cpus: 0-11
Offline cpus: 
BIOS frequency limitation: 3200000
Frequency switch latency (ns): 0
Available cpu frequencies: 3200000 2800000 1550000 
Current governor: schedutil
Core performance/turbo boost: 1

Memory: 4k page, physical 15785408k(4273660k free), swap 4194300k(2502076k free)
Page Sizes: 4k

vm_info: OpenJDK 64-Bit Server VM (25.0.3+9-LTS) for linux-amd64 JRE (25.0.3+9-LTS), built on 2026-04-21T00:00:00Z with gcc 14.2.0

END.
