#
# A fatal error has been detected by the Java Runtime Environment:
#
#  SIGSEGV (0xb) at pc=0x00007117c39779d0, pid=97858, tid=97859
#
# JRE version: OpenJDK Runtime Environment Temurin-25.0.3+9 (25.0.3+9) (build 25.0.3+9-LTS)
# Java VM: OpenJDK 64-Bit Server VM Temurin-25.0.3+9 (25.0.3+9-LTS, mixed mode, tiered, compressed oops, compressed class ptrs, g1 gc, linux-amd64)
# Problematic frame:
# C  [libgtk-3.so.0+0x3779d0]  gtk_widget_realize+0x40
#
# Core dump will be written. Default location: Determined by the following: "/usr/share/apport/apport -p%p -s%s -c%c -d%d -P%P -u%u -g%g -F%F -- %E" (alternatively, falling back to /mnt/SSD_SEC/GIT/TCC/core.97858)
#
# If you would like to submit a bug report, please visit:
#   https://github.com/adoptium/adoptium-support/issues
# The crash happened outside the Java Virtual Machine in native code.
# See problematic frame for where to report the bug.
#

---------------  S U M M A R Y ------------

Command Line: -XX:+IgnoreUnrecognizedVMOptions -Dosgi.requiredJavaVersion=21 -Dfile.encoding=UTF-8 --enable-native-access=ALL-UNNAMED --add-modules=ALL-DEFAULT --add-opens=java.base/java.io=ALL-UNNAMED --add-opens=java.base/java.lang=ALL-UNNAMED --add-opens=java.base/java.lang.reflect=ALL-UNNAMED --add-opens=java.base/java.net=ALL-UNNAMED --add-opens=java.base/java.nio=ALL-UNNAMED --add-opens=java.base/java.nio.charset=ALL-UNNAMED --add-opens=java.base/java.text=ALL-UNNAMED --add-opens=java.base/java.time=ALL-UNNAMED --add-opens=java.base/java.util=ALL-UNNAMED --add-opens=java.base/java.util.concurrent=ALL-UNNAMED --add-opens=java.base/java.util.concurrent.atomic=ALL-UNNAMED --add-opens=java.base/jdk.internal.vm=ALL-UNNAMED --add-opens=java.base/jdk.internal.misc=ALL-UNNAMED --add-opens=java.base/sun.nio.ch=ALL-UNNAMED --add-opens=java.base/sun.nio.fs=ALL-UNNAMED --add-opens=java.base/sun.security.ssl=ALL-UNNAMED --add-opens=java.base/sun.security.util=ALL-UNNAMED --add-opens=java.security.jgss/sun.security.jgss=ALL-UNNAMED --add-opens=java.security.jgss/sun.security.krb5=ALL-UNNAMED --add-opens=java.desktop/java.awt=ALL-UNNAMED --add-opens=java.desktop/java.awt.peer=ALL-UNNAMED --add-opens=java.sql/java.sql=ALL-UNNAMED -Xms64m -Xmx1024m -Ddbeaver.distribution.type=deb -Duser.home=/home/gustaa/snap/dbeaver-ce/543 /snap/dbeaver-ce/543/usr/share/dbeaver-ce//plugins/org.jkiss.dbeaver.launcher_1.0.59.202608181400.jar -os linux -ws gtk -arch x86_64 -showsplash -launcher /snap/dbeaver-ce/543/usr/share/dbeaver-ce/dbeaver -name Dbeaver --launcher.library /snap/dbeaver-ce/543/usr/share/dbeaver-ce//plugins/org.eclipse.equinox.launcher.gtk.linux.x86_64_1.2.1500.v20250801-0854/eclipse_11916.so -startup /snap/dbeaver-ce/543/usr/share/dbeaver-ce//plugins/org.jkiss.dbeaver.launcher_1.0.59.202608181400.jar --launcher.overrideVmargs -exitdata 20010 -vm /snap/dbeaver-ce/543/usr/share/dbeaver-ce/jre/bin/java -vmargs -XX:+IgnoreUnrecognizedVMOptions -Dosgi.requiredJavaVersion=21 -Dfile.encoding=UTF-8 --enable-native-access=ALL-UNNAMED --add-modules=ALL-DEFAULT --add-opens=java.base/java.io=ALL-UNNAMED --add-opens=java.base/java.lang=ALL-UNNAMED --add-opens=java.base/java.lang.reflect=ALL-UNNAMED --add-opens=java.base/java.net=ALL-UNNAMED --add-opens=java.base/java.nio=ALL-UNNAMED --add-opens=java.base/java.nio.charset=ALL-UNNAMED --add-opens=java.base/java.text=ALL-UNNAMED --add-opens=java.base/java.time=ALL-UNNAMED --add-opens=java.base/java.util=ALL-UNNAMED --add-opens=java.base/java.util.concurrent=ALL-UNNAMED --add-opens=java.base/java.util.concurrent.atomic=ALL-UNNAMED --add-opens=java.base/jdk.internal.vm=ALL-UNNAMED --add-opens=java.base/jdk.internal.misc=ALL-UNNAMED --add-opens=java.base/sun.nio.ch=ALL-UNNAMED --add-opens=java.base/sun.nio.fs=ALL-UNNAMED --add-opens=java.base/sun.security.ssl=ALL-UNNAMED --add-opens=java.base/sun.security.util=ALL-UNNAMED --add-opens=java.security.jgss/sun.security.jgss=ALL-UNNAMED --add-opens=java.security.jgss/sun.security.krb5=ALL-UNNAMED --add-opens=java.desktop/java.awt=ALL-UNNAMED --add-opens=java.desktop/java.awt.peer=ALL-UNNAMED --add-opens=java.sql/java.sql=ALL-UNNAMED -Xms64m -Xmx1024m -Ddbeaver.distribution.type=deb -jar /snap/dbeaver-ce/543/usr/share/dbeaver-ce//plugins/org.jkiss.dbeaver.launcher_1.0.59.202608181400.jar

Host: AMD Ryzen 5 1600 Six-Core Processor, 12 cores, 15G, Ubuntu 26.04 LTS
Time: Sat Aug 29 20:43:16 2026 -03 elapsed time: 4.521644 seconds (0d 0h 0m 4s)

---------------  T H R E A D  ---------------

Current thread (0x000071182002e560):  JavaThread "main"             [_thread_in_native, id=97859, stack(0x00007118264ee000,0x00007118265ee000) (1024K)]

Stack: [0x00007118264ee000,0x00007118265ee000],  sp=0x00007118265eac40,  free space=1011k
Native frames: (J=compiled Java code, j=interpreted, Vv=VM code, C=native code)
C  [libgtk-3.so.0+0x3779d0]  gtk_widget_realize+0x40
C  [libswt-pi3-gtk-4973r12.so+0x49e30]  Java_org_eclipse_swt_internal_gtk_GTK_gtk_1widget_1realize+0xc
j  org.eclipse.swt.widgets.Shell.createHandle(I)V+620
j  org.eclipse.swt.widgets.Widget.createWidget(I)V+2
j  org.eclipse.swt.widgets.Control.createWidget(I)V+22
j  org.eclipse.swt.widgets.Scrollable.createWidget(I)V+2
j  org.eclipse.swt.widgets.Decorations.createWidget(I)V+2
j  org.eclipse.swt.widgets.Shell.<init>(Lorg/eclipse/swt/widgets/Display;Lorg/eclipse/swt/widgets/Shell;IJZ)V+167
j  org.eclipse.swt.widgets.Shell.internal_new(Lorg/eclipse/swt/widgets/Display;J)Lorg/eclipse/swt/widgets/Shell;+10
j  org.eclipse.ui.internal.WorkbenchPlugin.getSplashShell(Lorg/eclipse/swt/widgets/Display;)Lorg/eclipse/swt/widgets/Shell;+64
j  org.jkiss.dbeaver.ui.app.standalone.ApplicationWorkbenchWindowAdvisor.runWithSplashHidden(Ljava/lang/Runnable;)V+3
j  org.jkiss.dbeaver.ui.app.standalone.ApplicationWorkbenchWindowAdvisor.showProductConfigDialog()V+22
j  org.jkiss.dbeaver.ui.app.standalone.ApplicationWorkbenchWindowAdvisor.preWindowOpen()V+9
j  org.eclipse.ui.internal.WorkbenchWindow.fireWindowOpening()V+4
j  org.eclipse.ui.internal.WorkbenchWindow.setup()V+419
j  java.lang.invoke.LambdaForm$DMH+0x0000000034089800.invokeVirtual(Ljava/lang/Object;Ljava/lang/Object;)V+10 java.base@25.0.3
j  java.lang.invoke.LambdaForm$MH+0x0000000034379c00.invoke(Ljava/lang/Object;Ljava/lang/Object;)Ljava/lang/Object;+31 java.base@25.0.3
J 1106 c1 jdk.internal.reflect.DirectMethodHandleAccessor.invoke(Ljava/lang/Object;[Ljava/lang/Object;)Ljava/lang/Object; java.base@25.0.3 (92 bytes) @ 0x000071180cfe3f2c [0x000071180cfe2d00+0x000000000000122c]
J 1105 c1 java.lang.reflect.Method.invoke(Ljava/lang/Object;[Ljava/lang/Object;)Ljava/lang/Object; java.base@25.0.3 (108 bytes) @ 0x000071180cfe25a4 [0x000071180cfe2000+0x00000000000005a4]
j  org.eclipse.e4.core.internal.di.MethodRequestor.execute()Ljava/lang/Object;+77
j  org.eclipse.e4.core.internal.di.InjectorImpl.processAnnotated(Lorg/eclipse/e4/core/internal/di/AnnotationLookup$AnnotationProxy;Ljava/lang/Object;Ljava/lang/Class;Lorg/eclipse/e4/core/di/suppliers/PrimaryObjectSupplier;Lorg/eclipse/e4/core/di/suppliers/PrimaryObjectSupplier;Ljava/util/List;)V+190
j  org.eclipse.e4.core.internal.di.InjectorImpl.internalInject(Ljava/lang/Object;Lorg/eclipse/e4/core/di/suppliers/PrimaryObjectSupplier;Lorg/eclipse/e4/core/di/suppliers/PrimaryObjectSupplier;)V+175
j  org.eclipse.e4.core.internal.di.InjectorImpl.inject(Ljava/lang/Object;Lorg/eclipse/e4/core/di/suppliers/PrimaryObjectSupplier;)V+4
j  org.eclipse.e4.core.contexts.ContextInjectionFactory.inject(Ljava/lang/Object;Lorg/eclipse/e4/core/contexts/IEclipseContext;)V+13
j  org.eclipse.ui.internal.Workbench.createWorkbenchWindow(Lorg/eclipse/core/runtime/IAdaptable;Lorg/eclipse/ui/IPerspectiveDescriptor;Lorg/eclipse/e4/ui/model/application/ui/basic/MWindow;Z)Lorg/eclipse/ui/IWorkbenchWindow;+180
j  org.eclipse.ui.internal.Workbench.getActiveWorkbenchWindow()Lorg/eclipse/ui/IWorkbenchWindow;+179
j  org.jkiss.dbeaver.ui.app.standalone.ApplicationWorkbenchAdvisor.resetPerspectiveIfNeeded()V+3
j  org.jkiss.dbeaver.ui.app.standalone.ApplicationWorkbenchAdvisor.postStartup()V+17
j  org.eclipse.ui.internal.Workbench.lambda$19()V+4
j  org.eclipse.ui.internal.Workbench$$Lambda+0x000000003463a0f8.run()V+4
j  org.eclipse.e4.ui.internal.workbench.swt.PartRenderingEngine$5.run()V+432
j  org.eclipse.core.databinding.observable.Realm.runWithDefault(Lorg/eclipse/core/databinding/observable/Realm;Ljava/lang/Runnable;)V+12
j  org.eclipse.e4.ui.internal.workbench.swt.PartRenderingEngine.run(Lorg/eclipse/e4/ui/model/application/MApplicationElement;Lorg/eclipse/e4/core/contexts/IEclipseContext;)Ljava/lang/Object;+57
j  org.eclipse.e4.ui.internal.workbench.E4Workbench.createAndRunUI(Lorg/eclipse/e4/ui/model/application/MApplicationElement;)V+20
j  org.eclipse.ui.internal.Workbench.lambda$3(Lorg/eclipse/swt/widgets/Display;Lorg/eclipse/ui/application/WorkbenchAdvisor;[I)V+352
j  org.eclipse.ui.internal.Workbench$$Lambda+0x00000000344bf780.run()V+12
j  org.eclipse.core.databinding.observable.Realm.runWithDefault(Lorg/eclipse/core/databinding/observable/Realm;Ljava/lang/Runnable;)V+12
j  org.eclipse.ui.internal.Workbench.createAndRunWorkbench(Lorg/eclipse/swt/widgets/Display;Lorg/eclipse/ui/application/WorkbenchAdvisor;)I+16
j  org.eclipse.ui.PlatformUI.createAndRunWorkbench(Lorg/eclipse/swt/widgets/Display;Lorg/eclipse/ui/application/WorkbenchAdvisor;)I+2
j  org.jkiss.dbeaver.ui.app.standalone.DBeaverApplication.start(Lorg/eclipse/equinox/app/IApplicationContext;)Ljava/lang/Object;+772
j  org.eclipse.equinox.internal.app.EclipseAppHandle.run(Ljava/lang/Object;)Ljava/lang/Object;+138
j  org.eclipse.core.runtime.internal.adaptor.EclipseAppLauncher.runApplication(Ljava/lang/Object;)Ljava/lang/Object;+85
j  org.eclipse.core.runtime.internal.adaptor.EclipseAppLauncher.start(Ljava/lang/Object;)Ljava/lang/Object;+79
j  org.eclipse.core.runtime.adaptor.EclipseStarter.run(Ljava/lang/Object;)Ljava/lang/Object;+99
j  org.eclipse.core.runtime.adaptor.EclipseStarter.run([Ljava/lang/String;Ljava/lang/Runnable;)Ljava/lang/Object;+132
J 482 c1 java.lang.invoke.DirectMethodHandle$Holder.invokeStatic(Ljava/lang/Object;Ljava/lang/Object;Ljava/lang/Object;)Ljava/lang/Object; java.base@25.0.3 (15 bytes) @ 0x000071180cf1fa94 [0x000071180cf1f800+0x0000000000000294]
j  java.lang.invoke.LambdaForm$MH+0x0000000034146800.invoke(Ljava/lang/Object;Ljava/lang/Object;Ljava/lang/Object;Ljava/lang/Object;)Ljava/lang/Object;+54 java.base@25.0.3
j  java.lang.invoke.LambdaForm$MH+0x0000000034146c00.invokeExact_MT(Ljava/lang/Object;Ljava/lang/Object;Ljava/lang/Object;Ljava/lang/Object;Ljava/lang/Object;)Ljava/lang/Object;+22 java.base@25.0.3
j  jdk.internal.reflect.DirectMethodHandleAccessor.invokeImpl(Ljava/lang/Object;[Ljava/lang/Object;)Ljava/lang/Object;+72 java.base@25.0.3
j  jdk.internal.reflect.DirectMethodHandleAccessor.invoke(Ljava/lang/Object;[Ljava/lang/Object;)Ljava/lang/Object;+23 java.base@25.0.3
j  java.lang.reflect.Method.invoke(Ljava/lang/Object;[Ljava/lang/Object;)Ljava/lang/Object;+102 java.base@25.0.3
j  org.jkiss.dbeaver.launcher.DBeaverLauncher.invokeFramework([Ljava/lang/String;[Ljava/net/URL;)V+205
j  org.jkiss.dbeaver.launcher.DBeaverLauncher.basicRun([Ljava/lang/String;)V+481
j  org.jkiss.dbeaver.launcher.DBeaverLauncher.run([Ljava/lang/String;)I+57
j  org.jkiss.dbeaver.launcher.DBeaverLauncher.main([Ljava/lang/String;)V+10
v  ~StubRoutines::call_stub 0x00007118143cffa6
V  [libjvm.so+0xa23840]  JavaCalls::call_helper(JavaValue*, methodHandle const&, JavaCallArguments*, JavaThread*)+0x2b0
V  [libjvm.so+0xaedd96]  jni_invoke_static(JNIEnv_*, JavaValue*, _jobject*, JNICallType, _jmethodID*, JNI_ArgumentPusher*, JavaThread*) [clone .constprop.1]+0x396
V  [libjvm.so+0xaf0c51]  jni_CallStaticVoidMethod+0x161
C  [libjli.so+0xa77a]  invokeStaticMainWithArgs+0x4a
C  [libjli.so+0xb800]  JavaMain+0xeb0
C  [libjli.so+0xed89]  ThreadJavaMain+0x9
C  [libc.so.6+0xa407a]
Java frames: (J=compiled Java code, j=interpreted, Vv=VM code)
J 7028  org.eclipse.swt.internal.gtk.GTK.gtk_widget_realize(J)V (0 bytes) @ 0x0000711814b090c9 [0x0000711814b09080+0x0000000000000049]
j  org.eclipse.swt.widgets.Shell.createHandle(I)V+620
j  org.eclipse.swt.widgets.Widget.createWidget(I)V+2
j  org.eclipse.swt.widgets.Control.createWidget(I)V+22
j  org.eclipse.swt.widgets.Scrollable.createWidget(I)V+2
j  org.eclipse.swt.widgets.Decorations.createWidget(I)V+2
j  org.eclipse.swt.widgets.Shell.<init>(Lorg/eclipse/swt/widgets/Display;Lorg/eclipse/swt/widgets/Shell;IJZ)V+167
j  org.eclipse.swt.widgets.Shell.internal_new(Lorg/eclipse/swt/widgets/Display;J)Lorg/eclipse/swt/widgets/Shell;+10
j  org.eclipse.ui.internal.WorkbenchPlugin.getSplashShell(Lorg/eclipse/swt/widgets/Display;)Lorg/eclipse/swt/widgets/Shell;+64
j  org.jkiss.dbeaver.ui.app.standalone.ApplicationWorkbenchWindowAdvisor.runWithSplashHidden(Ljava/lang/Runnable;)V+3
j  org.jkiss.dbeaver.ui.app.standalone.ApplicationWorkbenchWindowAdvisor.showProductConfigDialog()V+22
j  org.jkiss.dbeaver.ui.app.standalone.ApplicationWorkbenchWindowAdvisor.preWindowOpen()V+9
j  org.eclipse.ui.internal.WorkbenchWindow.fireWindowOpening()V+4
j  org.eclipse.ui.internal.WorkbenchWindow.setup()V+419
j  java.lang.invoke.LambdaForm$DMH+0x0000000034089800.invokeVirtual(Ljava/lang/Object;Ljava/lang/Object;)V+10 java.base@25.0.3
j  java.lang.invoke.LambdaForm$MH+0x0000000034379c00.invoke(Ljava/lang/Object;Ljava/lang/Object;)Ljava/lang/Object;+31 java.base@25.0.3
J 1106 c1 jdk.internal.reflect.DirectMethodHandleAccessor.invoke(Ljava/lang/Object;[Ljava/lang/Object;)Ljava/lang/Object; java.base@25.0.3 (92 bytes) @ 0x000071180cfe3f2c [0x000071180cfe2d00+0x000000000000122c]
J 1105 c1 java.lang.reflect.Method.invoke(Ljava/lang/Object;[Ljava/lang/Object;)Ljava/lang/Object; java.base@25.0.3 (108 bytes) @ 0x000071180cfe25a4 [0x000071180cfe2000+0x00000000000005a4]
j  org.eclipse.e4.core.internal.di.MethodRequestor.execute()Ljava/lang/Object;+77
j  org.eclipse.e4.core.internal.di.InjectorImpl.processAnnotated(Lorg/eclipse/e4/core/internal/di/AnnotationLookup$AnnotationProxy;Ljava/lang/Object;Ljava/lang/Class;Lorg/eclipse/e4/core/di/suppliers/PrimaryObjectSupplier;Lorg/eclipse/e4/core/di/suppliers/PrimaryObjectSupplier;Ljava/util/List;)V+190
j  org.eclipse.e4.core.internal.di.InjectorImpl.internalInject(Ljava/lang/Object;Lorg/eclipse/e4/core/di/suppliers/PrimaryObjectSupplier;Lorg/eclipse/e4/core/di/suppliers/PrimaryObjectSupplier;)V+175
j  org.eclipse.e4.core.internal.di.InjectorImpl.inject(Ljava/lang/Object;Lorg/eclipse/e4/core/di/suppliers/PrimaryObjectSupplier;)V+4
j  org.eclipse.e4.core.contexts.ContextInjectionFactory.inject(Ljava/lang/Object;Lorg/eclipse/e4/core/contexts/IEclipseContext;)V+13
j  org.eclipse.ui.internal.Workbench.createWorkbenchWindow(Lorg/eclipse/core/runtime/IAdaptable;Lorg/eclipse/ui/IPerspectiveDescriptor;Lorg/eclipse/e4/ui/model/application/ui/basic/MWindow;Z)Lorg/eclipse/ui/IWorkbenchWindow;+180
j  org.eclipse.ui.internal.Workbench.getActiveWorkbenchWindow()Lorg/eclipse/ui/IWorkbenchWindow;+179
j  org.jkiss.dbeaver.ui.app.standalone.ApplicationWorkbenchAdvisor.resetPerspectiveIfNeeded()V+3
j  org.jkiss.dbeaver.ui.app.standalone.ApplicationWorkbenchAdvisor.postStartup()V+17
j  org.eclipse.ui.internal.Workbench.lambda$19()V+4
j  org.eclipse.ui.internal.Workbench$$Lambda+0x000000003463a0f8.run()V+4
j  org.eclipse.e4.ui.internal.workbench.swt.PartRenderingEngine$5.run()V+432
j  org.eclipse.core.databinding.observable.Realm.runWithDefault(Lorg/eclipse/core/databinding/observable/Realm;Ljava/lang/Runnable;)V+12
j  org.eclipse.e4.ui.internal.workbench.swt.PartRenderingEngine.run(Lorg/eclipse/e4/ui/model/application/MApplicationElement;Lorg/eclipse/e4/core/contexts/IEclipseContext;)Ljava/lang/Object;+57
j  org.eclipse.e4.ui.internal.workbench.E4Workbench.createAndRunUI(Lorg/eclipse/e4/ui/model/application/MApplicationElement;)V+20
j  org.eclipse.ui.internal.Workbench.lambda$3(Lorg/eclipse/swt/widgets/Display;Lorg/eclipse/ui/application/WorkbenchAdvisor;[I)V+352
j  org.eclipse.ui.internal.Workbench$$Lambda+0x00000000344bf780.run()V+12
j  org.eclipse.core.databinding.observable.Realm.runWithDefault(Lorg/eclipse/core/databinding/observable/Realm;Ljava/lang/Runnable;)V+12
j  org.eclipse.ui.internal.Workbench.createAndRunWorkbench(Lorg/eclipse/swt/widgets/Display;Lorg/eclipse/ui/application/WorkbenchAdvisor;)I+16
j  org.eclipse.ui.PlatformUI.createAndRunWorkbench(Lorg/eclipse/swt/widgets/Display;Lorg/eclipse/ui/application/WorkbenchAdvisor;)I+2
j  org.jkiss.dbeaver.ui.app.standalone.DBeaverApplication.start(Lorg/eclipse/equinox/app/IApplicationContext;)Ljava/lang/Object;+772
j  org.eclipse.equinox.internal.app.EclipseAppHandle.run(Ljava/lang/Object;)Ljava/lang/Object;+138
j  org.eclipse.core.runtime.internal.adaptor.EclipseAppLauncher.runApplication(Ljava/lang/Object;)Ljava/lang/Object;+85
j  org.eclipse.core.runtime.internal.adaptor.EclipseAppLauncher.start(Ljava/lang/Object;)Ljava/lang/Object;+79
j  org.eclipse.core.runtime.adaptor.EclipseStarter.run(Ljava/lang/Object;)Ljava/lang/Object;+99
j  org.eclipse.core.runtime.adaptor.EclipseStarter.run([Ljava/lang/String;Ljava/lang/Runnable;)Ljava/lang/Object;+132
J 482 c1 java.lang.invoke.DirectMethodHandle$Holder.invokeStatic(Ljava/lang/Object;Ljava/lang/Object;Ljava/lang/Object;)Ljava/lang/Object; java.base@25.0.3 (15 bytes) @ 0x000071180cf1fa94 [0x000071180cf1f800+0x0000000000000294]
j  java.lang.invoke.LambdaForm$MH+0x0000000034146800.invoke(Ljava/lang/Object;Ljava/lang/Object;Ljava/lang/Object;Ljava/lang/Object;)Ljava/lang/Object;+54 java.base@25.0.3
j  java.lang.invoke.LambdaForm$MH+0x0000000034146c00.invokeExact_MT(Ljava/lang/Object;Ljava/lang/Object;Ljava/lang/Object;Ljava/lang/Object;Ljava/lang/Object;)Ljava/lang/Object;+22 java.base@25.0.3
j  jdk.internal.reflect.DirectMethodHandleAccessor.invokeImpl(Ljava/lang/Object;[Ljava/lang/Object;)Ljava/lang/Object;+72 java.base@25.0.3
j  jdk.internal.reflect.DirectMethodHandleAccessor.invoke(Ljava/lang/Object;[Ljava/lang/Object;)Ljava/lang/Object;+23 java.base@25.0.3
j  java.lang.reflect.Method.invoke(Ljava/lang/Object;[Ljava/lang/Object;)Ljava/lang/Object;+102 java.base@25.0.3
j  org.jkiss.dbeaver.launcher.DBeaverLauncher.invokeFramework([Ljava/lang/String;[Ljava/net/URL;)V+205
j  org.jkiss.dbeaver.launcher.DBeaverLauncher.basicRun([Ljava/lang/String;)V+481
j  org.jkiss.dbeaver.launcher.DBeaverLauncher.run([Ljava/lang/String;)I+57
j  org.jkiss.dbeaver.launcher.DBeaverLauncher.main([Ljava/lang/String;)V+10
v  ~StubRoutines::call_stub 0x00007118143cffa6

siginfo: si_signo: 11 (SIGSEGV), si_code: 128 (SI_KERNEL), si_addr: 0x0000000000000000

Registers:
RAX=0x00007118203ce940, RBX=0x00007118205095f0, RCX=0xfffffffffffffff5, RDX=0x0000000000000000
RSP=0x00007118265eac40, RBP=0x00007118265eace0, RSI=0x00007118203ce940, RDI=0x00007118205095f0
R8 =0x0000000000000014, R9 =0x00007118215863e0, R10=0x0000711814b090c9, R11=0x0000711814b09090
R12=0x000f000e00010400, R13=0x00007118265ead50, R14=0x00007118265ead30, R15=0x000071182002e560
RIP=0x00007117c39779d0, EFLAGS=0x0000000000010206, CSGSFS=0x002b000000000033, ERR=0x0000000000000000
  TRAPNO=0x000000000000000d

XMM[0]=0x0000000000000000 0x0000000000000000
XMM[1]=0x00007118265eab50 0x00007118265eab58
XMM[2]=0x0000000000000000 0x00007118265eab50
XMM[3]=0x0000000000000000 0x0000000000000000
XMM[4]=0x0000000000000000 0x0000000000000000
XMM[5]=0x0000000000000000 0x0000000000000000
XMM[6]=0x0000000000000000 0x0000711820000038
XMM[7]=0x0000000000000014 0x00007118203d04f0
XMM[8]=0x2f676e616c2f6176 0x616a120001120010
XMM[9]=0x262825ab262825ab 0x262825ab33196936
XMM[10]=0x0000000000000000 0x000000000cf1438b
XMM[11]=0xf73533c5f73533c5 0xf73533c52a4e9cfb
XMM[12]=0x0000000000000000 0x0000000033196936
XMM[13]=0x0000000000000000 0xa8c24779fb3e2a5a
XMM[14]=0x0000000000000000 0x00000000527be2e1
XMM[15]=0x0000000000000000 0x0000000000000000
  MXCSR=0x00001fa2


Register to memory mapping:

RAX=0x00007118203ce940 points into unknown readable memory: 0x0000000000000000 | 00 00 00 00 00 00 00 00
RBX=0x00007118205095f0 points into unknown readable memory: 0x000f000e00010400 | 00 04 01 00 0e 00 0f 00
RCX=0xfffffffffffffff5 is an unknown value
RDX=0x0 is null
RSP=0x00007118265eac40 is pointing into the stack for thread: 0x000071182002e560
RBP=0x00007118265eace0 is pointing into the stack for thread: 0x000071182002e560
RSI=0x00007118203ce940 points into unknown readable memory: 0x0000000000000000 | 00 00 00 00 00 00 00 00
RDI=0x00007118205095f0 points into unknown readable memory: 0x000f000e00010400 | 00 04 01 00 0e 00 0f 00
R8 =0x0000000000000014 is an unknown value
R9 =0x00007118215863e0 points into unknown readable memory: 0x00007118203cb230 | 30 b2 3c 20 18 71 00 00
R10=0x0000711814b090c9 is at entry_point+73 in (nmethod*)0x0000711814b08f88
Compiled method (n/a) 4528 7028     n 0       org.eclipse.swt.internal.gtk.GTK::gtk_widget_realize (native)
 total in heap  [0x0000711814b08f88,0x0000711814b091d8] = 592
 main code      [0x0000711814b09080,0x0000711814b091d0] = 336
 oops           [0x0000711814b091d0,0x0000711814b091d8] = 8
 mutable data [0x0000711821504260,0x0000711821504280] = 32
 relocation     [0x0000711821504260,0x0000711821504280] = 32
0x0000711814b090af:   48 8b d6 49 be 08 e7 c2 c0 00 00 00 00 4c 89 74
0x0000711814b090bf:   24 30 4c 8d 74 24 30 49 8b f6 c5 f8 77 
R11=0x0000711814b09090 is at entry_point+16 in (nmethod*)0x0000711814b08f88
Compiled method (n/a) 4528 7028     n 0       org.eclipse.swt.internal.gtk.GTK::gtk_widget_realize (native)
 total in heap  [0x0000711814b08f88,0x0000711814b091d8] = 592
 main code      [0x0000711814b09080,0x0000711814b091d0] = 336
 oops           [0x0000711814b091d0,0x0000711814b091d8] = 8
 mutable data [0x0000711821504260,0x0000711821504280] = 32
 relocation     [0x0000711821504260,0x0000711821504280] = 32
0x0000711814b09090:   89 84 24 00 c0 fe ff 55 48 8b ec 48 83 ec 40 90
0x0000711814b090a0:   41 81 7f 20 07 00 00 00 74 05 
R12=0x000f000e00010400 is an unknown value
R13=0x00007118265ead50 is pointing into the stack for thread: 0x000071182002e560
R14=0x00007118265ead30 is pointing into the stack for thread: 0x000071182002e560
R15=0x000071182002e560 is a thread

Top of Stack: (sp=0x00007118265eac40)
0x00007118265eac40:   0000000000000046 0000000000000001   F...............
0x00007118265eac50:   0000000000000000 00007118265eac80   ..........^&.q..
0x00007118265eac60:   00007118265ead08 00007118143d7426   ..^&.q..&t=..q..
0x00007118265eac70:   00000000cac9b518 00007118143d93d7   ..........=..q..
0x00007118265eac80:   0000000000000001 0000000000000000   ................
0x00007118265eac90:   0000000000000001 0000000000000001   ................
0x00007118265eaca0:   0000711820533cb0 d42858d1d0a58000   .<S .q.......X(.
0x00007118265eacb0:   00007118212c51c0 00007117ed8366b8   .Q,!.q...f...q..
0x00007118265eacc0:   0000000000000000 00007118265ead50   ........P.^&.q..
0x00007118265eacd0:   00007118265ead30 000071182002e560   0.^&.q..`.. .q..
0x00007118265eace0:   00007118265ead40 00007117a428ce30   @.^&.q..0.(..q..
0x00007118265eacf0:   fffffffffffffff7 0000711814b090fb   .............q..
0x00007118265ead00:   0000000000000003 00007117ed837fb8   .............q..
0x00007118265ead10:   0000000000000000 00000000c0c2e708   ................
0x00007118265ead20:   00007117ed8373d8 0000000000000000   .s...q..........
0x00007118265ead30:   00000000c0c2e708 00007118265eada8   ..........^&.q..
0x00007118265ead40:   00007118265eada8 00007118143d7426   ..^&.q..&t=..q..
0x00007118265ead50:   00007118205095f0 0000000000000000   ..P .q..........
0x00007118265ead60:   fffffffffffffff7 00007117ed6af0b4   ..........j..q..
0x00007118265ead70:   0000000000000009 00007117ee2955d0   .........U)..q..
0x00007118265ead80:   0000000000000000 00000000c0c33d98   .........=......
0x00007118265ead90:   00007117ed6af168 fffffffffffffff5   h.j..q..........
0x00007118265eada0:   00007118265eade8 00007118265eae40   ..^&.q..@.^&.q..
0x00007118265eadb0:   00007118143d7426 0000000000000000   &t=..q..........
0x00007118265eadc0:   0000000000000000 0000000000000000   ................
0x00007118265eadd0:   0000000000000000 0000000000000000   ................
0x00007118265eade0:   0000000000000000 0000000000000000   ................
0x00007118265eadf0:   00000000c6251d58 fffffffffffffff7   X.%.............
0x00007118265eae00:   00007117ed6866ca 0000000000000003   .fh..q..........
0x00007118265eae10:   00007117ee289d30 0000000000000000   0.(..q..........
0x00007118265eae20:   00000000c0c34360 00007117ed686700   `C.......gh..q..
0x00007118265eae30:   fffffffffffffff5 00007118265eae50   ........P.^&.q..

Instructions: (pc=0x00007117c39779d0)
  0x00007117c39778d0:   24 18 00 74 65 8b 73 1c 85 f6 75 7f 48 8b 7b 48
  0x00007117c39778e0:   80 63 06 f7 48 85 ff 0f 84 96 00 00 00 48 83 c4
  0x00007117c39778f0:   08 31 f6 5b 41 5c 41 5e 5d e9 e2 69 f5 ff 66 90
  0x00007117c3977900:   49 8b 44 24 20 8b 70 10 85 f6 74 bd 48 8b 78 08
  0x00007117c3977910:   e8 4b 06 d2 ff 49 8b 44 24 20 c7 40 10 00 00 00
  0x00007117c3977920:   00 49 8b 44 24 20 48 c7 40 08 00 00 00 00 4c 8b
  0x00007117c3977930:   63 40 49 83 7c 24 18 00 75 9b 4c 89 e7 e8 5e e6
  0x00007117c3977940:   dc ff 4c 89 e7 48 be 00 00 00 00 08 00 00 00 e8
  0x00007117c3977950:   bc dc dc ff 8b 73 1c 85 f6 74 81 4c 89 f7 e8 fd
  0x00007117c3977960:   05 d2 ff c7 43 1c 00 00 00 00 4c 89 f7 e8 ce 21
  0x00007117c3977970:   d2 ff 48 8b 7b 48 80 63 06 f7 48 85 ff 0f 85 6a
  0x00007117c3977980:   ff ff ff 48 83 c4 08 5b 41 5c 41 5e 5d c3 66 90
  0x00007117c3977990:   f3 0f 1e fa 55 48 89 e5 41 57 41 56 41 55 41 54
  0x00007117c39779a0:   53 48 83 ec 78 64 48 8b 04 25 28 00 00 00 48 89
  0x00007117c39779b0:   45 c8 31 c0 48 85 ff 0f 84 8b 01 00 00 48 89 fb
  0x00007117c39779c0:   e8 ab 82 ff ff 4c 8b 23 48 89 c6 4d 85 e4 74 0a
=>0x00007117c39779d0:   49 39 04 24 0f 84 ae 01 00 00 48 89 df e8 6e 1f
  0x00007117c39779e0:   d2 ff 85 c0 0f 84 5e 01 00 00 4c 8b 6b 18 41 f6
  0x00007117c39779f0:   45 02 02 75 26 e8 06 93 e7 ff 4d 85 e4 74 09 49
  0x00007117c3977a00:   8b 34 24 48 39 c6 74 13 48 89 c6 48 89 df e8 3d
  0x00007117c3977a10:   1f d2 ff 85 c0 0f 84 6d 02 00 00 41 0f b6 45 02
  0x00007117c3977a20:   a8 10 0f 85 28 02 00 00 49 8b bd d0 00 00 00 48
  0x00007117c3977a30:   85 ff 0f 84 c8 02 00 00 48 8b 47 18 f6 40 02 10
  0x00007117c3977a40:   0f 84 32 02 00 00 48 89 df e8 32 2f 07 00 8b 35
  0x00007117c3977a50:   80 e8 39 00 31 d2 31 c0 48 89 df e8 d0 ee d1 ff
  0x00007117c3977a60:   48 89 df e8 78 8c 00 00 ba 01 00 00 00 48 89 df
  0x00007117c3977a70:   89 c6 e8 29 88 00 00 41 f6 45 04 40 0f 85 2e 02
  0x00007117c3977a80:   00 00 48 89 df e8 26 76 00 00 41 f6 45 04 20 0f
  0x00007117c3977a90:   85 4f 02 00 00 8b 35 01 13 3a 00 48 89 df e8 8d
  0x00007117c3977aa0:   d8 d1 ff 48 85 c0 0f 84 04 01 00 00 48 89 c6 48
  0x00007117c3977ab0:   8d 7d a0 e8 68 f7 d1 ff eb 26 66 0f 1f 44 00 00
  0x00007117c3977ac0:   48 89 7d 80 48 8d 4d 80 48 c7 45 88 00 00 00 00


Stack slot to memory mapping:

stack at sp + 0 slots: 0x0000000000000046 is an unknown value
stack at sp + 1 slots: 0x0000000000000001 is an unknown value
stack at sp + 2 slots: 0x0 is null
stack at sp + 3 slots: 0x00007118265eac80 is pointing into the stack for thread: 0x000071182002e560
stack at sp + 4 slots: 0x00007118265ead08 is pointing into the stack for thread: 0x000071182002e560
stack at sp + 5 slots: 0x00007118143d7426 is at code_begin+1254 in an Interpreter codelet
return entry points  [0x00007118143d6f40, 0x00007118143d7b88]  3144 bytes
stack at sp + 6 slots: 0x00000000cac9b518 is an oop: java.lang.Class 
{0x00000000cac9b518} - klass: 'java/lang/Class' - flags: 

 - ---- fields (total size 15 words):
 - private volatile transient 'classRedefinedCount' 'I' @12  0 (0x00000000)
 - injected 'klass' 'J' @16  875619824 (0x000000003430e5f0)
 - injected 'array_klass' 'J' @24  0 (0x0000000000000000)
 - injected 'oop_size' 'I' @32  15 (0x0000000f)
 - injected 'static_oop_field_count' 'I' @36  0 (0x00000000)
 - private final transient 'modifiers' 'C' @40    1 (0x0001)
 - private final transient 'primitive' 'Z' @42  false (0x00)
 - private volatile transient 'cachedConstructor' 'Ljava/lang/reflect/Constructor;' @44  null (0x00000000)
 - private transient 'name' 'Ljava/lang/String;' @48  "org.eclipse.swt.internal.gtk3.GTK3"{0x00000000cac9b590} (0xcac9b590)
 - private transient 'module' 'Ljava/lang/Module;' @52  a 'java/lang/Module'{0x00000000c0c2df78} (0xc0c2df78)
 - private final 'classLoader' 'Ljava/lang/ClassLoader;' @56  a 'org/eclipse/osgi/internal/loader/EquinoxClassLoader'{0x00000000c0c2df08} (0xc0c2df08)
 - private transient 'classData' 'Ljava/lang/Object;' @60  null (0x00000000)
 - private transient 'signers' '[Ljava/lang/Object;' @64  null (0x00000000)
 - private transient 'packageName' 'Ljava/lang/String;' @68  "org.eclipse.swt.internal.gtk3"{0x00000000cac9a428} (0xcac9a428)
 - private final transient 'componentType' 'Ljava/lang/Class;' @72  null (0x00000000)
 - private final transient 'protectionDomain' 'Ljava/security/ProtectionDomain;' @76  a 'org/eclipse/osgi/internal/loader/ModuleClassLoader$GenerationProtectionDomain'{0x00000000c0c2e5c8} (0xc0c2e5c8)
 - private volatile transient 'reflectionData' 'Ljava/lang/ref/SoftReference;' @80  null (0x00000000)
 - private volatile transient 'genericInfo' 'Lsun/reflect/generics/repository/ClassRepository;' @84  null (0x00000000)
 - private volatile transient 'enumConstants' '[Ljava/lang/Object;' @88  null (0x00000000)
 - private volatile transient 'enumConstantDirectory' 'Ljava/util/Map;' @92  null (0x00000000)
 - private volatile transient 'annotationData' 'Ljava/lang/Class$AnnotationData;' @96  null (0x00000000)
 - private volatile transient 'annotationType' 'Lsun/reflect/annotation/AnnotationType;' @100  null (0x00000000)
 - transient 'classValueMap' 'Ljava/lang/ClassValue$ClassValueMap;' @104  null (0x00000000)
 - injected 'source_file' 'Ljava/lang/Object;' @108  null (0x00000000)
 - injected '<init_lock>' 'Ljava/lang/Object;' @112  null (0x00000000)
 - signature: Lorg/eclipse/swt/internal/gtk3/GTK3;
 - ---- static fields (0):
stack at sp + 7 slots: 0x00007118143d93d7 is at code_begin+23 in an Interpreter codelet
result handlers for native calls  [0x00007118143d93c0, 0x00007118143d93e0]  32 bytes

Lock stack of current Java thread (top to bottom):


Compiled method (c1) 4533 1106   !   3       jdk.internal.reflect.DirectMethodHandleAccessor::invoke (92 bytes)
 total in heap  [0x000071180cfe2c08,0x000071180cfe4a28] = 7712
 main code      [0x000071180cfe2d00,0x000071180cfe48d8] = 7128
 stub code      [0x000071180cfe48d8,0x000071180cfe4a10] = 312
 oops           [0x000071180cfe4a10,0x000071180cfe4a28] = 24
 mutable data [0x00007117d06a2670,0x00007117d06a2970] = 768
 relocation     [0x00007117d06a2670,0x00007117d06a2910] = 672
 metadata       [0x00007117d06a2910,0x00007117d06a2970] = 96
 immutable data [0x00007117d06a1760,0x00007117d06a2660] = 3840
 dependencies   [0x00007117d06a1760,0x00007117d06a1780] = 32
 nul chk table  [0x00007117d06a1780,0x00007117d06a1818] = 152
 handler table  [0x00007117d06a1818,0x00007117d06a1ea8] = 1680
 scopes pcs     [0x00007117d06a1ea8,0x00007117d06a2328] = 1152
 scopes data    [0x00007117d06a2328,0x00007117d06a2660] = 824

[Constant Pool (empty)]

[MachCode]
[Instructions begin]
  0x000071180cfe2d00: 660f 1f84 | 0000 0000 | 0066 0f1f | 8400 0000 | 0000 448b | 5608 443b 

  0x000071180cfe2d18: ;   {runtime_call Shared Runtime ic_miss_blob}
  0x000071180cfe2d18: 5008 0f85 | c0a6 4307 
[Verified Entry Point]
  0x000071180cfe2d20: 8984 2400 | c0fe ff55 | 4881 ec20 | 0100 0090 | 4181 7f20 | 0700 0000 

  0x000071180cfe2d38: ;   {runtime_call Stub::method_entry_barrier}
  0x000071180cfe2d38: 7405 e8e1 | 2142 0748 | 89b4 24a8 | 0000 0048 | 8994 24b8 

  0x000071180cfe2d4c: ;   {metadata(method data for {method} {0x00007117ec466dc8} 'invoke' '(Ljava/lang/Object;[Ljava/lang/Object;)Ljava/lang/Object;' in 'jdk/internal/reflect/DirectMethodHandleAccessor')}
  0x000071180cfe2d4c: 0000 0048 | bf48 00bd | ec17 7100 | 008b 9f90 | 0000 0083 | c302 899f | 9000 0000 | 81e3 fe07 
  0x000071180cfe2d6c: 0000 85db | 0f84 4b17 | 0000 488b 

  0x000071180cfe2d78: ;   {metadata(method data for {method} {0x00007117ec466dc8} 'invoke' '(Ljava/lang/Object;[Ljava/lang/Object;)Ljava/lang/Object;' in 'jdk/internal/reflect/DirectMethodHandleAccessor')}
  0x000071180cfe2d78: fe48 bb48 | 00bd ec17 | 7100 0048 | 8383 d800 

  0x000071180cfe2d88: ;   {metadata(method data for {method} {0x00007117ec4672d8} 'isStatic' '()Z' in 'jdk/internal/reflect/DirectMethodHandleAccessor')}
  0x000071180cfe2d88: 0000 0148 | bf40 03bd | ec17 7100 | 008b 9f90 | 0000 0083 | c302 899f | 9000 0000 | 81e3 feff 
  0x000071180cfe2da8: 1f00 85db | 0f84 3017 | 0000 8b7e | 1081 e700 | 0200 0081 | ff00 0200 

  0x000071180cfe2dc0: ;   {metadata(method data for {method} {0x00007117ec4672d8} 'isStatic' '()Z' in 'jdk/internal/reflect/DirectMethodHandleAccessor')}
  0x000071180cfe2dc0: 0048 bf40 | 03bd ec17 | 7100 00bb | d800 0000 | 7505 bbe8 | 0000 0048 | 8b04 1f48 | 8d40 0148 
  0x000071180cfe2de0: 8904 1f0f | 851a 0000 

  0x000071180cfe2de8: ;   {metadata(method data for {method} {0x00007117ec4672d8} 'isStatic' '()Z' in 'jdk/internal/reflect/DirectMethodHandleAccessor')}
  0x000071180cfe2de8: 0048 bf40 | 03bd ec17 | 7100 00ff | 87f8 0000 | 00bf 0100 | 0000 e905 | 0000 00bf | 0000 0000 
  0x000071180cfe2e08: 83e7 0185 

  0x000071180cfe2e0c: ;   {metadata(method data for {method} {0x00007117ec466dc8} 'invoke' '(Ljava/lang/Object;[Ljava/lang/Object;)Ljava/lang/Object;' in 'jdk/internal/reflect/DirectMethodHandleAccessor')}
  0x000071180cfe2e0c: ff48 bf48 | 00bd ec17 | 7100 00bb | 0801 0000 | 7505 bb18 | 0100 0048 | 8b04 1f48 | 8d40 0148 
  0x000071180cfe2e2c: 8904 1f48 | 898c 24b0 | 0000 000f | 8537 0000 | 0048 8bfe 

  0x000071180cfe2e40: ;   {metadata(method data for {method} {0x00007117ec466dc8} 'invoke' '(Ljava/lang/Object;[Ljava/lang/Object;)Ljava/lang/Object;' in 'jdk/internal/reflect/DirectMethodHandleAccessor')}
  0x000071180cfe2e40: 48bb 4800 | bdec 1771 | 0000 4883 | 8328 0100 | 0001 488b | fa48 8bd7 | 488b de48 

  0x000071180cfe2e5c: ;   {optimized virtual_call}
  0x000071180cfe2e5c: 8bf3 90e8 

  0x000071180cfe2e60: ; ImmutableOopMap {[168]=Oop [176]=Oop [184]=Oop }
                      ;*invokevirtual checkReceiver {reexecute=0 rethrow=0 return_oop=0}
                      ; - jdk.internal.reflect.DirectMethodHandleAccessor::invoke@9
  0x000071180cfe2e60: 3c53 0000 

  0x000071180cfe2e64: ;   {post_call_nop}
  0x000071180cfe2e64: 0f1f 8400 | 5c02 0000 | 488b b424 | a800 0000 

  0x000071180cfe2e74: ;   {metadata(method data for {method} {0x00007117ec466dc8} 'invoke' '(Ljava/lang/Object;[Ljava/lang/Object;)Ljava/lang/Object;' in 'jdk/internal/reflect/DirectMethodHandleAccessor')}
  0x000071180cfe2e74: 8b56 0c48 | bf48 00bd | ec17 7100 | 0048 8387 | 5801 0000 | 0148 8bf2 | 488b 9424 | b000 0000 
  0x000071180cfe2e94: ;   {static_call}
  0x000071180cfe2e94: 6666 90e8 

  0x000071180cfe2e98: ; ImmutableOopMap {[168]=Oop [176]=Oop [184]=Oop }
                      ;*invokestatic checkArgumentCount {reexecute=0 rethrow=0 return_oop=0}
                      ; - jdk.internal.reflect.DirectMethodHandleAccessor::invoke@17
  0x000071180cfe2e98: 6431 0000 

  0x000071180cfe2e9c: ;   {post_call_nop}
  0x000071180cfe2e9c: 0f1f 8400 | 9402 0001 | 488b b424 | a800 0000 

  0x000071180cfe2eac: ;   {metadata(method data for {method} {0x00007117ec466dc8} 'invoke' '(Ljava/lang/Object;[Ljava/lang/Object;)Ljava/lang/Object;' in 'jdk/internal/reflect/DirectMethodHandleAccessor')}
  0x000071180cfe2eac: 488b d648 | b948 00bd | ec17 7100 | 0048 8381 | 6801 0000 

  0x000071180cfe2ec0: ;   {metadata(method data for {method} {0x00007117ec4670a0} 'invokeImpl' '(Ljava/lang/Object;[Ljava/lang/Object;)Ljava/lang/Object;' in 'jdk/internal/reflect/DirectMethodHandleAccessor')}
  0x000071180cfe2ec0: 0148 ba00 | 07bd ec17 | 7100 008b | 8a90 0000 | 0083 c102 | 898a 9000 | 0000 81e1 | feff 1f00 
  0x000071180cfe2ee0: 85c9 0f84 | 1b16 0000 

  0x000071180cfe2ee8: ;   {metadata(method data for {method} {0x00007117ec4670a0} 'invokeImpl' '(Ljava/lang/Object;[Ljava/lang/Object;)Ljava/lang/Object;' in 'jdk/internal/reflect/DirectMethodHandleAccessor')}
  0x000071180cfe2ee8: 8b56 0c48 | b900 07bd | ec17 7100 | 0041 b8e0 | 0000 0085 | d249 8bf8 | 41b8 f000 | 0000 4c0f 
  0x000071180cfe2f08: 45c7 83fa | 0149 8bf8 | 41b8 0001 | 0000 4c0f | 45c7 83fa | 0249 8bf8 | 41b8 1001 | 0000 4c0f 
  0x000071180cfe2f28: 45c7 83fa | 0349 8bf8 | 41b8 2001 | 0000 4c0f | 45c7 4a8b | 3c01 41ba | 0100 0000 | 4903 fa4a 
  0x000071180cfe2f48: 893c 0185 | d20f 847f | 0c00 0083 | fa01 0f84 | 7f0a 0000 | 83fa 020f | 8405 0400 | 0083 fa03 
  0x000071180cfe2f68: 0f84 db01 | 0000 488b | 8c24 b000 | 0000 488b | 9424 b800 | 0000 8b7e | 180f 1f80 | 0000 0000 
  0x000071180cfe2f88: ;   {other}
  0x000071180cfe2f88: e9a6 1500 | 0090 9090 | 9090 483b 

  0x000071180cfe2f94: ;   {metadata(method data for {method} {0x00007117ec4670a0} 'invokeImpl' '(Ljava/lang/Object;[Ljava/lang/Object;)Ljava/lang/Object;' in 'jdk/internal/reflect/DirectMethodHandleAccessor')}
  0x000071180cfe2f94: 0748 bb00 | 07bd ec17 | 7100 0048 | 8d9b 3803 | 0000 4885 | d275 0ef6 | 4308 0175 | 42f0 4883 
  0x000071180cfe2fb4: 4b08 01eb | 3a8b 4208 | 4c8b d048 | 3343 0848 | a9fc ffff | ff74 28a8 | 0275 2448 | f743 08fe 
  0x000071180cfe2fd4: ffff ff74 | 1649 8bc2 | 4833 4308 | 48a9 fcff | ffff 740b | 4883 4b08 | 02eb 0448 | 8943 0848 
  0x000071180cfe2ff4: 85c9 750e | f643 1801 | 7542 f048 | 834b 1801 | eb3a 8b41 | 084c 8bd0 | 4833 4318 | 48a9 fcff 
  0x000071180cfe3014: ffff 7428 | a802 7524 | 48f7 4318 | feff ffff | 7416 498b | c248 3343 | 1848 a9fc | ffff ff74 
  0x000071180cfe3034: 0b48 834b | 1802 eb04 | 4889 4318 

  0x000071180cfe3040: ;   {metadata(method data for {method} {0x00007117ec4670a0} 'invokeImpl' '(Ljava/lang/Object;[Ljava/lang/Object;)Ljava/lang/Object;' in 'jdk/internal/reflect/DirectMethodHandleAccessor')}
  0x000071180cfe3040: 488b df48 | b800 07bd | ec17 7100 | 008b 5b08 | 483b 9810 | 0300 0075 | 0d48 8380 | 1803 0000 
  0x000071180cfe3060: 01e9 6000 | 0000 483b | 9820 0300 | 0075 0d48 | 8380 2803 | 0000 01e9 | 4a00 0000 | 4883 b810 
  0x000071180cfe3080: 0300 0000 | 7517 4889 | 9810 0300 | 0048 c780 | 1803 0000 | 0100 0000 | e929 0000 | 0048 83b8 
  0x000071180cfe30a0: 2003 0000 | 0075 1748 | 8998 2003 | 0000 48c7 | 8028 0300 | 0001 0000 | 00e9 0800 | 0000 4883 
  0x000071180cfe30c0: 8008 0300 | 0001 488b | f766 0f1f 

  0x000071180cfe30cc: ;   {optimized virtual_call}
  0x000071180cfe30cc: 4400 00e8 

  0x000071180cfe30d0: ; ImmutableOopMap {[168]=Oop }
                      ;*invokevirtual invokeExact {reexecute=0 rethrow=0 return_oop=0}
                      ; - jdk.internal.reflect.DirectMethodHandleAccessor::invokeImpl@104
                      ; - jdk.internal.reflect.DirectMethodHandleAccessor::invoke@23
  0x000071180cfe30d0: 0ca6 4307 

  0x000071180cfe30d4: ;   {post_call_nop}
  0x000071180cfe30d4: 0f1f 8400 | cc04 0002 

  0x000071180cfe30dc: ;   {metadata(method data for {method} {0x00007117ec4670a0} 'invokeImpl' '(Ljava/lang/Object;[Ljava/lang/Object;)Ljava/lang/Object;' in 'jdk/internal/reflect/DirectMethodHandleAccessor')}
  0x000071180cfe30dc: 48ba 0007 | bdec 1771 | 0000 488d | 9258 0300 | 0048 85c0 | 750c f602 | 0175 3ff0 | 4883 0a01 
  0x000071180cfe30fc: eb38 8b48 | 084c 8bd1 | 4833 0a48 | f7c1 fcff | ffff 7426 | f6c1 0275 | 2148 f702 | feff ffff 
  0x000071180cfe311c: 7415 498b | ca48 330a | 48f7 c1fc | ffff ff74 | 0948 830a | 02eb 0348 | 890a 4881 | c420 0100 
  0x000071180cfe313c: ;   {poll_return}
  0x000071180cfe313c: 005d 493b | 6728 0f87 | fa13 0000 | c348 8b8c | 24b0 0000 | 0048 8b94 | 24b8 0000 | 008b 5e18 
  0x000071180cfe315c: ; implicit exception: dispatches to 0x000071180cfe4558
  0x000071180cfe315c: 8379 0c00 | 0f86 fc13 | 0000 448b | 4110 8379 | 0c01 0f86 | 0014 0000 | 448b 4914 | 8379 0c02 
  0x000071180cfe317c: 0f86 0414 | 0000 8b79 | 1866 6690 

  0x000071180cfe3188: ;   {oop(a 'java/lang/invoke/MethodType'{0x00000000c0173648} = (Ljava/lang/Object;Ljava/lang/Object;Ljava/lang/Object;Ljava/lang/Object;)Ljava/lang/Object;)}
  0x000071180cfe3188: 48b8 4836 | 17c0 0000 | 0000 483b 

  0x000071180cfe3194: ;   {metadata(method data for {method} {0x00007117ec4670a0} 'invokeImpl' '(Ljava/lang/Object;[Ljava/lang/Object;)Ljava/lang/Object;' in 'jdk/internal/reflect/DirectMethodHandleAccessor')}
  0x000071180cfe3194: 0348 b900 | 07bd ec17 | 7100 0048 | 8d89 c002 | 0000 4885 | d275 0ef6 | 4108 0175 | 47f0 4883 
  0x000071180cfe31b4: 4908 01eb | 3f44 8b5a | 084d 8bd3 | 4c33 5908 | 49f7 c3fc | ffff ff74 | 2b41 f6c3 | 0275 2548 
  0x000071180cfe31d4: f741 08fe | ffff ff74 | 174d 8bda | 4c33 5908 | 49f7 c3fc | ffff ff74 | 0b48 8349 | 0802 eb04 
  0x000071180cfe31f4: 4c89 5908 | 4d85 c075 | 0ef6 4118 | 0175 47f0 | 4883 4918 | 01eb 3f45 | 8b58 084d | 8bd3 4c33 
  0x000071180cfe3214: 5918 49f7 | c3fc ffff | ff74 2b41 | f6c3 0275 | 2548 f741 | 18fe ffff | ff74 174d | 8bda 4c33 
  0x000071180cfe3234: 5918 49f7 | c3fc ffff | ff74 0b48 | 8349 1802 | eb04 4c89 | 5918 488b 

  0x000071180cfe324c: ;   {metadata(method data for {method} {0x00007117ec4670a0} 'invokeImpl' '(Ljava/lang/Object;[Ljava/lang/Object;)Ljava/lang/Object;' in 'jdk/internal/reflect/DirectMethodHandleAccessor')}
  0x000071180cfe324c: cb49 bb00 | 07bd ec17 | 7100 008b | 4908 493b | 8b98 0200 | 0075 0d49 | 8383 a002 | 0000 01e9 
  0x000071180cfe326c: 6000 0000 | 493b 8ba8 | 0200 0075 | 0d49 8383 | b002 0000 | 01e9 4a00 | 0000 4983 | bb98 0200 
  0x000071180cfe328c: 0000 7517 | 4989 8b98 | 0200 0049 | c783 a002 | 0000 0100 | 0000 e929 | 0000 0049 | 83bb a802 
  0x000071180cfe32ac: 0000 0075 | 1749 898b | a802 0000 | 49c7 83b0 | 0200 0001 | 0000 00e9 | 0800 0000 | 4983 8390 
  0x000071180cfe32cc: 0200 0001 | 498b c84d | 8bc1 4c8b | cf48 8bf8 

  0x000071180cfe32dc: ;   {optimized virtual_call}
  0x000071180cfe32dc: 488b f3e8 

  0x000071180cfe32e0: ; ImmutableOopMap {[168]=Oop }
                      ;*invokevirtual invokeExact {reexecute=0 rethrow=0 return_oop=0}
                      ; - jdk.internal.reflect.DirectMethodHandleAccessor::invokeImpl@92
                      ; - jdk.internal.reflect.DirectMethodHandleAccessor::invoke@23
  0x000071180cfe32e0: 0916 0000 

  0x000071180cfe32e4: ;   {post_call_nop}
  0x000071180cfe32e4: 0f1f 8400 | dc06 0003 

  0x000071180cfe32ec: ;   {metadata(method data for {method} {0x00007117ec4670a0} 'invokeImpl' '(Ljava/lang/Object;[Ljava/lang/Object;)Ljava/lang/Object;' in 'jdk/internal/reflect/DirectMethodHandleAccessor')}
  0x000071180cfe32ec: 48be 0007 | bdec 1771 | 0000 488d | b6e0 0200 | 0048 85c0 | 750c f606 | 0175 40f0 | 4883 0e01 
  0x000071180cfe330c: eb39 8b78 | 084c 8bd7 | 4833 3e48 | f7c7 fcff | ffff 7427 | 40f6 c702 | 7521 48f7 | 06fe ffff 
  0x000071180cfe332c: ff74 1549 | 8bfa 4833 | 3e48 f7c7 | fcff ffff | 7409 4883 | 0e02 eb03 

  0x000071180cfe3344: ;   {metadata(method data for {method} {0x00007117ec4670a0} 'invokeImpl' '(Ljava/lang/Object;[Ljava/lang/Object;)Ljava/lang/Object;' in 'jdk/internal/reflect/DirectMethodHandleAccessor')}
  0x000071180cfe3344: 4889 3e48 | be00 07bd | ec17 7100 | 00ff 86f0 | 0200 0048 | 81c4 2001 

  0x000071180cfe335c: ;   {poll_return}
  0x000071180cfe335c: 0000 5d49 | 3b67 280f | 874d 1200 | 00c3 488b | 8c24 b000 | 0000 488b | 9424 b800 | 0000 8b7e 
  0x000071180cfe337c: 1848 89bc | 24c8 0000 | 0083 790c | 000f 8647 | 1200 008b | 5910 4889 | 9c24 c000 | 0000 8379 
  0x000071180cfe339c: 0c01 0f86 | 4412 0000 | 8b41 1448 | 8984 24d0 

  0x000071180cfe33ac: ;   {metadata(method data for {method} {0x00007117ec4670a0} 'invokeImpl' '(Ljava/lang/Object;[Ljava/lang/Object;)Ljava/lang/Object;' in 'jdk/internal/reflect/DirectMethodHandleAccessor')}
  0x000071180cfe33ac: 0000 0048 | b900 07bd | ec17 7100 | 0048 8d89 | 4802 0000 | 4885 d275 | 0ef6 4108 | 0175 47f0 
  0x000071180cfe33cc: 4883 4908 | 01eb 3f44 | 8b42 084d | 8bd0 4c33 | 4108 49f7 | c0fc ffff | ff74 2b41 | f6c0 0275 
  0x000071180cfe33ec: 2548 f741 | 08fe ffff | ff74 174d | 8bc2 4c33 | 4108 49f7 | c0fc ffff | ff74 0b48 | 8349 0802 
  0x000071180cfe340c: eb04 4c89 

  0x000071180cfe3410: ;   {metadata(method data for {method} {0x00007117ecb19ab0} 'invokeExact_MT' '(Ljava/lang/Object;Ljava/lang/Object;Ljava/lang/Object;Ljava/lang/Object;Ljava/lang/Object;)Ljava/lang/Object;' in 'java/lang/invoke/LambdaForm$MH+0x0000000034146c00')}
  0x000071180cfe3410: 4108 48b9 | 209d b1ec | 1771 0000 | 488d 8970 | 0200 0048 | 85ff 750c | f601 0175 | 41f0 4883 
  0x000071180cfe3430: 0901 eb3a | 448b 4708 | 4d8b d04c | 3301 49f7 | c0fc ffff | ff74 2741 | f6c0 0275 | 2148 f701 
  0x000071180cfe3450: feff ffff | 7415 4d8b | c24c 3301 | 49f7 c0fc | ffff ff74 | 0948 8309 | 02eb 034c | 8901 4885 
  0x000071180cfe3470: d275 0ef6 | 4110 0175 | 47f0 4883 | 4910 01eb | 3f44 8b42 | 084d 8bd0 | 4c33 4110 | 49f7 c0fc 
  0x000071180cfe3490: ffff ff74 | 2b41 f6c0 | 0275 2548 | f741 10fe | ffff ff74 | 174d 8bc2 | 4c33 4110 | 49f7 c0fc 
  0x000071180cfe34b0: ffff ff74 | 0b48 8349 | 1002 eb04 | 4c89 4110 

  0x000071180cfe34c0: ;   {metadata(method data for {method} {0x00007117ec4670a0} 'invokeImpl' '(Ljava/lang/Object;[Ljava/lang/Object;)Ljava/lang/Object;' in 'jdk/internal/reflect/DirectMethodHandleAccessor')}
  0x000071180cfe34c0: 48b9 0007 | bdec 1771 | 0000 4883 | 8118 0200 

  0x000071180cfe34d0: ;   {metadata(method data for {method} {0x00007117ecb19ab0} 'invokeExact_MT' '(Ljava/lang/Object;Ljava/lang/Object;Ljava/lang/Object;Ljava/lang/Object;Ljava/lang/Object;)Ljava/lang/Object;' in 'java/lang/invoke/LambdaForm$MH+0x0000000034146c00')}
  0x000071180cfe34d0: 0001 48b9 | 209d b1ec | 1771 0000 | 448b 8190 | 0000 0041 | 83c0 0244 | 8981 9000 | 0000 4181 
  0x000071180cfe34f0: e0fe ff1f | 0045 85c0 | 0f84 fc10 

  0x000071180cfe34fc: ;   {metadata(method data for {method} {0x00007117ecb19ab0} 'invokeExact_MT' '(Ljava/lang/Object;Ljava/lang/Object;Ljava/lang/Object;Ljava/lang/Object;Ljava/lang/Object;)Ljava/lang/Object;' in 'java/lang/invoke/LambdaForm$MH+0x0000000034146c00')}
  0x000071180cfe34fc: 0000 48b9 | 209d b1ec | 1771 0000 | 488d 8948 | 0100 0048 | 85ff 750e | f641 0801 | 7547 f048 
  0x000071180cfe351c: 8349 0801 | eb3f 448b | 4708 4d8b | d04c 3341 | 0849 f7c0 | fcff ffff | 742b 41f6 | c002 7525 
  0x000071180cfe353c: 48f7 4108 | feff ffff | 7417 4d8b | c24c 3341 | 0849 f7c0 | fcff ffff | 740b 4883 | 4908 02eb 
  0x000071180cfe355c: 044c 8941 

  0x000071180cfe3560: ;   {metadata(method data for {method} {0x00007117ecb19ab0} 'invokeExact_MT' '(Ljava/lang/Object;Ljava/lang/Object;Ljava/lang/Object;Ljava/lang/Object;Ljava/lang/Object;)Ljava/lang/Object;' in 'java/lang/invoke/LambdaForm$MH+0x0000000034146c00')}
  0x000071180cfe3560: 0848 b920 | 9db1 ec17 | 7100 0048 | 8381 3801 

  0x000071180cfe3570: ;   {metadata(method data for {method} {0x00007117ec36ab40} 'checkExactType' '(Ljava/lang/invoke/MethodHandle;Ljava/lang/invoke/MethodType;)V' in 'java/lang/invoke/Invokers')}
  0x000071180cfe3570: 0000 0148 | b920 26bc | ec17 7100 | 0044 8b81 | 9000 0000 | 4183 c002 | 4489 8190 | 0000 0041 
  0x000071180cfe3590: 81e0 feff | 1f00 4585 | c00f 847c | 1000 0048 | 3b07 488b 

  0x000071180cfe35a4: ;   {metadata(method data for {method} {0x00007117ec36ab40} 'checkExactType' '(Ljava/lang/invoke/MethodHandle;Ljava/lang/invoke/MethodType;)V' in 'java/lang/invoke/Invokers')}
  0x000071180cfe35a4: cf49 b820 | 26bc ec17 | 7100 008b | 4908 493b | 88e0 0000 | 0075 0d49 | 8380 e800 | 0000 01e9 
  0x000071180cfe35c4: 6000 0000 | 493b 88f0 | 0000 0075 | 0d49 8380 | f800 0000 | 01e9 4a00 | 0000 4983 | b8e0 0000 
  0x000071180cfe35e4: 0000 7517 | 4989 88e0 | 0000 0049 | c780 e800 | 0000 0100 | 0000 e929 | 0000 0049 | 83b8 f000 
  0x000071180cfe3604: 0000 0075 | 1749 8988 | f000 0000 | 49c7 80f8 | 0000 0001 | 0000 00e9 | 0800 0000 | 4983 80d8 
  0x000071180cfe3624: 0000 0001 

  0x000071180cfe3628: ;   {oop(a 'java/lang/invoke/MethodType'{0x00000000c0173438} = (Ljava/lang/Object;Ljava/lang/Object;Ljava/lang/Object;)Ljava/lang/Object;)}
  0x000071180cfe3628: 8b4f 1049 | b838 3417 | c000 0000 | 0049 3bc8 

  0x000071180cfe3638: ;   {metadata(method data for {method} {0x00007117ec36ab40} 'checkExactType' '(Ljava/lang/invoke/MethodHandle;Ljava/lang/invoke/MethodType;)V' in 'java/lang/invoke/Invokers')}
  0x000071180cfe3638: 49b8 2026 | bcec 1771 | 0000 41b9 | 1801 0000 | 7506 41b9 | 0801 0000 | 4f8b 1c08 | 4d8d 5b01 
  0x000071180cfe3658: 4f89 1c08 | 0f85 7d09 

  0x000071180cfe3660: ;   {metadata(method data for {method} {0x00007117ecb19ab0} 'invokeExact_MT' '(Ljava/lang/Object;Ljava/lang/Object;Ljava/lang/Object;Ljava/lang/Object;Ljava/lang/Object;)Ljava/lang/Object;' in 'java/lang/invoke/LambdaForm$MH+0x0000000034146c00')}
  0x000071180cfe3660: 0000 48b9 | 209d b1ec | 1771 0000 | 488d 8980 | 0100 0044 | 8b47 084d | 8bd0 4c33 | 4108 49f7 
  0x000071180cfe3680: c0fc ffff | ff74 2b41 | f6c0 0275 | 2548 f741 | 08fe ffff | ff74 174d | 8bc2 4c33 | 4108 49f7 
  0x000071180cfe36a0: c0fc ffff | ff74 0b48 | 8349 0802 | eb04 4c89 

  0x000071180cfe36b0: ;   {metadata(method data for {method} {0x00007117ecb19ab0} 'invokeExact_MT' '(Ljava/lang/Object;Ljava/lang/Object;Ljava/lang/Object;Ljava/lang/Object;Ljava/lang/Object;)Ljava/lang/Object;' in 'java/lang/invoke/LambdaForm$MH+0x0000000034146c00')}
  0x000071180cfe36b0: 4108 48b9 | 209d b1ec | 1771 0000 | 4883 8170 | 0100 0001 

  0x000071180cfe36c4: ;   {metadata(method data for {method} {0x00007117ec36b188} 'checkCustomized' '(Ljava/lang/invoke/MethodHandle;)V' in 'java/lang/invoke/Invokers')}
  0x000071180cfe36c4: 48b9 6822 | bcec 1771 | 0000 448b | 8190 0000 | 0041 83c0 | 0244 8981 | 9000 0000 | 4181 e0fe 
  0x000071180cfe36e4: ff1f 0045 | 85c0 0f84 | 510f 0000 

  0x000071180cfe36f0: ;   {metadata(method data for {method} {0x00007117ec36b188} 'checkCustomized' '(Ljava/lang/invoke/MethodHandle;)V' in 'java/lang/invoke/Invokers')}
  0x000071180cfe36f0: 48b9 6822 | bcec 1771 | 0000 4883 | 81d8 0000 

  0x000071180cfe3700: ;   {metadata(method data for {method} {0x00007117ec08fb80} 'isCompileConstant' '(Ljava/lang/Object;)Z' in 'java/lang/invoke/MethodHandleImpl')}
  0x000071180cfe3700: 0001 48b9 | e023 bcec | 1771 0000 | 448b 8190 | 0000 0041 | 83c0 0244 | 8981 9000 | 0000 4181 
  0x000071180cfe3720: e0fe ff1f | 0045 85c0 | 0f84 340f 

  0x000071180cfe372c: ;   {metadata(method data for {method} {0x00007117ec36b188} 'checkCustomized' '(Ljava/lang/invoke/MethodHandle;)V' in 'java/lang/invoke/Invokers')}
  0x000071180cfe372c: 0000 48b9 | 6822 bcec | 1771 0000 | ff81 e800 | 0000 8b4f | 148b 491c 

  0x000071180cfe3744: ;   {metadata(method data for {method} {0x00007117ec36b188} 'checkCustomized' '(Ljava/lang/invoke/MethodHandle;)V' in 'java/lang/invoke/Invokers')}
  0x000071180cfe3744: 4885 c948 | b968 22bc | ec17 7100 | 0041 b808 | 0100 0075 | 0641 b818 | 0100 004e | 8b0c 014d 
  0x000071180cfe3764: 8d49 014e | 890c 010f | 8523 0000 

  0x000071180cfe3770: ;   {metadata(method data for {method} {0x00007117ec36b188} 'checkCustomized' '(Ljava/lang/invoke/MethodHandle;)V' in 'java/lang/invoke/Invokers')}
  0x000071180cfe3770: 0048 b968 | 22bc ec17 | 7100 0048 | 8381 2801 | 0000 0148 

  0x000071180cfe3784: ;   {static_call}
  0x000071180cfe3784: 8bf7 90e8 

  0x000071180cfe3788: ; ImmutableOopMap {[168]=Oop [184]=Oop [192]=Oop [200]=Oop [208]=Oop }
                      ;*invokestatic maybeCustomize {reexecute=0 rethrow=0 return_oop=0}
                      ; - java.lang.invoke.Invokers::checkCustomized@19
                      ; - java.lang.invoke.LambdaForm$MH/0x0000000034146c00::invokeExact_MT@15
                      ; - jdk.internal.reflect.DirectMethodHandleAccessor::invokeImpl@72
                      ; - jdk.internal.reflect.DirectMethodHandleAccessor::invoke@23
  0x000071180cfe3788: f4b6 ffff 

  0x000071180cfe378c: ;   {post_call_nop}
  0x000071180cfe378c: 0f1f 8400 | 840b 0004 | 488b 9c24 | c000 0000 | 488b 9424 | b800 0000 

  0x000071180cfe37a4: ;   {metadata(method data for {method} {0x00007117ecb19ab0} 'invokeExact_MT' '(Ljava/lang/Object;Ljava/lang/Object;Ljava/lang/Object;Ljava/lang/Object;Ljava/lang/Object;)Ljava/lang/Object;' in 'java/lang/invoke/LambdaForm$MH+0x0000000034146c00')}
  0x000071180cfe37a4: 48b9 209d | b1ec 1771 | 0000 488d | 89c8 0100 | 0048 85d2 | 750e f641 | 0801 7547 | f048 8349 
  0x000071180cfe37c4: 0801 eb3f | 448b 4208 | 4d8b d04c | 3341 0849 | f7c0 fcff | ffff 742b | 41f6 c002 | 7525 48f7 
  0x000071180cfe37e4: 4108 feff | ffff 7417 | 4d8b c24c | 3341 0849 | f7c0 fcff | ffff 740b | 4883 4908 | 02eb 044c 
  0x000071180cfe3804: 8941 0848 | 85db 750e | f641 1801 | 7547 f048 | 8349 1801 | eb3f 448b | 4308 4d8b | d04c 3341 
  0x000071180cfe3824: 1849 f7c0 | fcff ffff | 742b 41f6 | c002 7525 | 48f7 4118 | feff ffff | 7417 4d8b | c24c 3341 
  0x000071180cfe3844: 1849 f7c0 | fcff ffff | 740b 4883 | 4918 02eb | 044c 8941 | 1848 8bbc | 24c8 0000 

  0x000071180cfe3860: ;   {metadata(method data for {method} {0x00007117ecb19ab0} 'invokeExact_MT' '(Ljava/lang/Object;Ljava/lang/Object;Ljava/lang/Object;Ljava/lang/Object;Ljava/lang/Object;)Ljava/lang/Object;' in 'java/lang/invoke/LambdaForm$MH+0x0000000034146c00')}
  0x000071180cfe3860: 0048 b920 | 9db1 ec17 | 7100 008b | 7f08 483b | b9a0 0100 | 0075 0d48 | 8381 a801 | 0000 01e9 
  0x000071180cfe3880: 6000 0000 | 483b b9b0 | 0100 0075 | 0d48 8381 | b801 0000 | 01e9 4a00 | 0000 4883 | b9a0 0100 
  0x000071180cfe38a0: 0000 7517 | 4889 b9a0 | 0100 0048 | c781 a801 | 0000 0100 | 0000 e929 | 0000 0048 | 83b9 b001 
  0x000071180cfe38c0: 0000 0075 | 1748 89b9 | b001 0000 | 48c7 81b8 | 0100 0001 | 0000 00e9 | 0800 0000 | 4883 8198 
  0x000071180cfe38e0: 0100 0001 | 488b cb4c | 8b84 24d0 | 0000 0048 | 8bb4 24c8 

  0x000071180cfe38f4: ;   {optimized virtual_call}
  0x000071180cfe38f4: 0000 00e8 

  0x000071180cfe38f8: ; ImmutableOopMap {[168]=Oop }
                      ;*invokevirtual invokeBasic {reexecute=0 rethrow=0 return_oop=0}
                      ; - java.lang.invoke.LambdaForm$MH/0x0000000034146c00::invokeExact_MT@22
                      ; - jdk.internal.reflect.DirectMethodHandleAccessor::invokeImpl@72
                      ; - jdk.internal.reflect.DirectMethodHandleAccessor::invoke@23
  0x000071180cfe38f8: 841e 9907 

  0x000071180cfe38fc: ;   {post_call_nop}
  0x000071180cfe38fc: 0f1f 8400 | f40c 0005 

  0x000071180cfe3904: ;   {metadata(method data for {method} {0x00007117ecb19ab0} 'invokeExact_MT' '(Ljava/lang/Object;Ljava/lang/Object;Ljava/lang/Object;Ljava/lang/Object;Ljava/lang/Object;)Ljava/lang/Object;' in 'java/lang/invoke/LambdaForm$MH+0x0000000034146c00')}
  0x000071180cfe3904: 48ba 209d | b1ec 1771 | 0000 488d | 92e8 0100 | 0048 85c0 | 750c f602 | 0175 3ff0 | 4883 0a01 
  0x000071180cfe3924: eb38 8b48 | 084c 8bd1 | 4833 0a48 | f7c1 fcff | ffff 7426 | f6c1 0275 | 2148 f702 | feff ffff 
  0x000071180cfe3944: 7415 498b | ca48 330a | 48f7 c1fc | ffff ff74 | 0948 830a | 02eb 0348 

  0x000071180cfe395c: ;   {metadata(method data for {method} {0x00007117ec4670a0} 'invokeImpl' '(Ljava/lang/Object;[Ljava/lang/Object;)Ljava/lang/Object;' in 'jdk/internal/reflect/DirectMethodHandleAccessor')}
  0x000071180cfe395c: 890a 48ba | 0007 bdec | 1771 0000 | 488d 9268 | 0200 0048 | 85c0 750c | f602 0175 | 3ff0 4883 
  0x000071180cfe397c: 0a01 eb38 | 8b48 084c | 8bd1 4833 | 0a48 f7c1 | fcff ffff | 7426 f6c1 | 0275 2148 | f702 feff 
  0x000071180cfe399c: ffff 7415 | 498b ca48 | 330a 48f7 | c1fc ffff | ff74 0948 | 830a 02eb | 0348 890a 

  0x000071180cfe39b8: ;   {metadata(method data for {method} {0x00007117ec4670a0} 'invokeImpl' '(Ljava/lang/Object;[Ljava/lang/Object;)Ljava/lang/Object;' in 'jdk/internal/reflect/DirectMethodHandleAccessor')}
  0x000071180cfe39b8: 48ba 0007 | bdec 1771 | 0000 ff82 | 7802 0000 | 4881 c420 | 0100 005d 

  0x000071180cfe39d0: ;   {poll_return}
  0x000071180cfe39d0: 493b 6728 | 0f87 ae0c | 0000 c348 | 8b8c 24b0 | 0000 0048 | 8b94 24b8 | 0000 008b | 7e18 8379 
  0x000071180cfe39f0: 0c00 0f86 | b00c 0000 | 8b49 100f | 1f44 0000 

  0x000071180cfe3a00: ;   {oop(a 'java/lang/invoke/MethodType'{0x00000000c0173230} = (Ljava/lang/Object;Ljava/lang/Object;)Ljava/lang/Object;)}
  0x000071180cfe3a00: 49b8 3032 | 17c0 0000 | 0000 483b 

  0x000071180cfe3a0c: ;   {metadata(method data for {method} {0x00007117ec4670a0} 'invokeImpl' '(Ljava/lang/Object;[Ljava/lang/Object;)Ljava/lang/Object;' in 'jdk/internal/reflect/DirectMethodHandleAccessor')}
  0x000071180cfe3a0c: 0748 bb00 | 07bd ec17 | 7100 0048 | 8d9b d001 | 0000 4885 | d275 0ef6 | 4308 0175 | 42f0 4883 
  0x000071180cfe3a2c: 4b08 01eb | 3a8b 4208 | 4c8b d048 | 3343 0848 | a9fc ffff | ff74 28a8 | 0275 2448 | f743 08fe 
  0x000071180cfe3a4c: ffff ff74 | 1649 8bc2 | 4833 4308 | 48a9 fcff | ffff 740b | 4883 4b08 | 02eb 0448 | 8943 0848 
  0x000071180cfe3a6c: 85c9 750e | f643 1801 | 7542 f048 | 834b 1801 | eb3a 8b41 | 084c 8bd0 | 4833 4318 | 48a9 fcff 
  0x000071180cfe3a8c: ffff 7428 | a802 7524 | 48f7 4318 | feff ffff | 7416 498b | c248 3343 | 1848 a9fc | ffff ff74 
  0x000071180cfe3aac: 0b48 834b | 1802 eb04 | 4889 4318 

  0x000071180cfe3ab8: ;   {metadata(method data for {method} {0x00007117ec4670a0} 'invokeImpl' '(Ljava/lang/Object;[Ljava/lang/Object;)Ljava/lang/Object;' in 'jdk/internal/reflect/DirectMethodHandleAccessor')}
  0x000071180cfe3ab8: 488b df48 | b800 07bd | ec17 7100 | 008b 5b08 | 483b 98a8 | 0100 0075 | 0d48 8380 | b001 0000 
  0x000071180cfe3ad8: 01e9 6000 | 0000 483b | 98b8 0100 | 0075 0d48 | 8380 c001 | 0000 01e9 | 4a00 0000 | 4883 b8a8 
  0x000071180cfe3af8: 0100 0000 | 7517 4889 | 98a8 0100 | 0048 c780 | b001 0000 | 0100 0000 | e929 0000 | 0048 83b8 
  0x000071180cfe3b18: b801 0000 | 0075 1748 | 8998 b801 | 0000 48c7 | 80c0 0100 | 0001 0000 | 00e9 0800 | 0000 4883 
  0x000071180cfe3b38: 80a0 0100 | 0001 488b | f766 0f1f 

  0x000071180cfe3b44: ;   {optimized virtual_call}
  0x000071180cfe3b44: 4400 00e8 

  0x000071180cfe3b48: ; ImmutableOopMap {[168]=Oop }
                      ;*invokevirtual invokeExact {reexecute=0 rethrow=0 return_oop=0}
                      ; - jdk.internal.reflect.DirectMethodHandleAccessor::invokeImpl@55
                      ; - jdk.internal.reflect.DirectMethodHandleAccessor::invoke@23
  0x000071180cfe3b48: b10d 0000 

  0x000071180cfe3b4c: ;   {post_call_nop}
  0x000071180cfe3b4c: 0f1f 8400 | 440f 0006 

  0x000071180cfe3b54: ;   {metadata(method data for {method} {0x00007117ec4670a0} 'invokeImpl' '(Ljava/lang/Object;[Ljava/lang/Object;)Ljava/lang/Object;' in 'jdk/internal/reflect/DirectMethodHandleAccessor')}
  0x000071180cfe3b54: 48be 0007 | bdec 1771 | 0000 488d | b6f0 0100 | 0048 85c0 | 750c f606 | 0175 40f0 | 4883 0e01 
  0x000071180cfe3b74: eb39 8b78 | 084c 8bd7 | 4833 3e48 | f7c7 fcff | ffff 7427 | 40f6 c702 | 7521 48f7 | 06fe ffff 
  0x000071180cfe3b94: ff74 1549 | 8bfa 4833 | 3e48 f7c7 | fcff ffff | 7409 4883 | 0e02 eb03 

  0x000071180cfe3bac: ;   {metadata(method data for {method} {0x00007117ec4670a0} 'invokeImpl' '(Ljava/lang/Object;[Ljava/lang/Object;)Ljava/lang/Object;' in 'jdk/internal/reflect/DirectMethodHandleAccessor')}
  0x000071180cfe3bac: 4889 3e48 | be00 07bd | ec17 7100 | 00ff 8600 | 0200 0048 | 81c4 2001 

  0x000071180cfe3bc4: ;   {poll_return}
  0x000071180cfe3bc4: 0000 5d49 | 3b67 280f | 8707 0b00 | 00c3 488b | 9424 b800 | 0000 8b7e | 1848 89bc | 24d8 0000 
  0x000071180cfe3be4: ;   {metadata(method data for {method} {0x00007117ec4670a0} 'invokeImpl' '(Ljava/lang/Object;[Ljava/lang/Object;)Ljava/lang/Object;' in 'jdk/internal/reflect/DirectMethodHandleAccessor')}
  0x000071180cfe3be4: 0048 bb00 | 07bd ec17 | 7100 0048 | 8d9b 6801 | 0000 4885 | d275 0cf6 | 4308 0175 | 06f0 4883 
  0x000071180cfe3c04: ;   {metadata(method data for {method} {0x00007117ec3c23c8} 'invokeExact_MT' '(Ljava/lang/Object;Ljava/lang/Object;Ljava/lang/Object;)Ljava/lang/Object;' in 'java/lang/invoke/Invokers$Holder')}
  0x000071180cfe3c04: 4b08 0148 | bbb8 0abd | ec17 7100 | 0048 8d9b | 5002 0000 | 4885 ff75 | 0af6 0301 | 7505 f048 
  0x000071180cfe3c24: 830b 0148 | 85d2 750c | f643 1001 | 7506 f048 | 834b 1001 

  0x000071180cfe3c38: ;   {metadata(method data for {method} {0x00007117ec4670a0} 'invokeImpl' '(Ljava/lang/Object;[Ljava/lang/Object;)Ljava/lang/Object;' in 'jdk/internal/reflect/DirectMethodHandleAccessor')}
  0x000071180cfe3c38: 48bb 0007 | bdec 1771 | 0000 4883 | 8338 0100 

  0x000071180cfe3c48: ;   {metadata(method data for {method} {0x00007117ec3c23c8} 'invokeExact_MT' '(Ljava/lang/Object;Ljava/lang/Object;Ljava/lang/Object;)Ljava/lang/Object;' in 'java/lang/invoke/Invokers$Holder')}
  0x000071180cfe3c48: 0001 48bb | b80a bdec | 1771 0000 | 8b83 9000 | 0000 83c0 | 0289 8390 | 0000 0025 | feff 1f00 
  0x000071180cfe3c68: 85c0 0f84 | 7e0a 0000 

  0x000071180cfe3c70: ;   {metadata(method data for {method} {0x00007117ec3c23c8} 'invokeExact_MT' '(Ljava/lang/Object;Ljava/lang/Object;Ljava/lang/Object;)Ljava/lang/Object;' in 'java/lang/invoke/Invokers$Holder')}
  0x000071180cfe3c70: 48bb b80a | bdec 1771 | 0000 488d | 9b48 0100 | 0048 85ff | 750c f643 | 0801 7506 | f048 834b 
  0x000071180cfe3c90: ;   {metadata(method data for {method} {0x00007117ec3c23c8} 'invokeExact_MT' '(Ljava/lang/Object;Ljava/lang/Object;Ljava/lang/Object;)Ljava/lang/Object;' in 'java/lang/invoke/Invokers$Holder')}
  0x000071180cfe3c90: 0801 48bb | b80a bdec | 1771 0000 | 4883 8338 | 0100 0001 

  0x000071180cfe3ca4: ;   {metadata(method data for {method} {0x00007117ec36ab40} 'checkExactType' '(Ljava/lang/invoke/MethodHandle;Ljava/lang/invoke/MethodType;)V' in 'java/lang/invoke/Invokers')}
  0x000071180cfe3ca4: 48bb 2026 | bcec 1771 | 0000 8b83 | 9000 0000 | 83c0 0289 | 8390 0000 | 0025 feff | 1f00 85c0 
  0x000071180cfe3cc4: 0f84 450a | 0000 483b | 0748 8bdf 

  0x000071180cfe3cd0: ;   {metadata(method data for {method} {0x00007117ec36ab40} 'checkExactType' '(Ljava/lang/invoke/MethodHandle;Ljava/lang/invoke/MethodType;)V' in 'java/lang/invoke/Invokers')}
  0x000071180cfe3cd0: 48b8 2026 | bcec 1771 | 0000 8b5b | 0848 3b98 | e000 0000 | 750d 4883 | 80e8 0000 | 0001 e960 
  0x000071180cfe3cf0: 0000 0048 | 3b98 f000 | 0000 750d | 4883 80f8 | 0000 0001 | e94a 0000 | 0048 83b8 | e000 0000 
  0x000071180cfe3d10: 0075 1748 | 8998 e000 | 0000 48c7 | 80e8 0000 | 0001 0000 | 00e9 2900 | 0000 4883 | b8f0 0000 
  0x000071180cfe3d30: 0000 7517 | 4889 98f0 | 0000 0048 | c780 f800 | 0000 0100 | 0000 e908 | 0000 0048 | 8380 d800 
  0x000071180cfe3d50: 0000 018b 

  0x000071180cfe3d54: ;   {oop(a 'java/lang/invoke/MethodType'{0x00000000c014ff70} = (Ljava/lang/Object;)Ljava/lang/Object;)}
  0x000071180cfe3d54: 5f10 48b8 | 70ff 14c0 | 0000 0000 

  0x000071180cfe3d60: ;   {metadata(method data for {method} {0x00007117ec36ab40} 'checkExactType' '(Ljava/lang/invoke/MethodHandle;Ljava/lang/invoke/MethodType;)V' in 'java/lang/invoke/Invokers')}
  0x000071180cfe3d60: 483b d848 | b820 26bc | ec17 7100 | 00b9 1801 | 0000 7505 | b908 0100 | 004c 8b04 | 084d 8d40 
  0x000071180cfe3d80: 014c 8904 | 080f 850c 

  0x000071180cfe3d88: ;   {metadata(method data for {method} {0x00007117ec3c23c8} 'invokeExact_MT' '(Ljava/lang/Object;Ljava/lang/Object;Ljava/lang/Object;)Ljava/lang/Object;' in 'java/lang/invoke/Invokers$Holder')}
  0x000071180cfe3d88: 0200 0048 | bbb8 0abd | ec17 7100 | 0048 8383 | 7001 0000 

  0x000071180cfe3d9c: ;   {metadata(method data for {method} {0x00007117ec36b188} 'checkCustomized' '(Ljava/lang/invoke/MethodHandle;)V' in 'java/lang/invoke/Invokers')}
  0x000071180cfe3d9c: 0148 bb68 | 22bc ec17 | 7100 008b | 8390 0000 | 0083 c002 | 8983 9000 | 0000 25fe | ff1f 0085 
  0x000071180cfe3dbc: c00f 8472 

  0x000071180cfe3dc0: ;   {metadata(method data for {method} {0x00007117ec36b188} 'checkCustomized' '(Ljava/lang/invoke/MethodHandle;)V' in 'java/lang/invoke/Invokers')}
  0x000071180cfe3dc0: 0900 0048 | bb68 22bc | ec17 7100 | 0048 8383 | d800 0000 

  0x000071180cfe3dd4: ;   {metadata(method data for {method} {0x00007117ec08fb80} 'isCompileConstant' '(Ljava/lang/Object;)Z' in 'java/lang/invoke/MethodHandleImpl')}
  0x000071180cfe3dd4: 0148 bbe0 | 23bc ec17 | 7100 008b | 8390 0000 | 0083 c002 | 8983 9000 | 0000 25fe | ff1f 0085 
  0x000071180cfe3df4: c00f 845b 

  0x000071180cfe3df8: ;   {metadata(method data for {method} {0x00007117ec36b188} 'checkCustomized' '(Ljava/lang/invoke/MethodHandle;)V' in 'java/lang/invoke/Invokers')}
  0x000071180cfe3df8: 0900 0048 | bb68 22bc | ec17 7100 | 00ff 83e8 | 0000 008b | 5f14 8b5b | 1c48 85db 

  0x000071180cfe3e14: ;   {metadata(method data for {method} {0x00007117ec36b188} 'checkCustomized' '(Ljava/lang/invoke/MethodHandle;)V' in 'java/lang/invoke/Invokers')}
  0x000071180cfe3e14: 48bb 6822 | bcec 1771 | 0000 b808 | 0100 0075 | 05b8 1801 | 0000 488b | 0c03 488d | 4901 4889 
  0x000071180cfe3e34: 0c03 0f85 | 2800 0000 

  0x000071180cfe3e3c: ;   {metadata(method data for {method} {0x00007117ec36b188} 'checkCustomized' '(Ljava/lang/invoke/MethodHandle;)V' in 'java/lang/invoke/Invokers')}
  0x000071180cfe3e3c: 48bb 6822 | bcec 1771 | 0000 4883 | 8328 0100 | 0001 488b | f766 0f1f 

  0x000071180cfe3e54: ;   {static_call}
  0x000071180cfe3e54: 4400 00e8 

  0x000071180cfe3e58: ; ImmutableOopMap {[168]=Oop [184]=Oop [216]=Oop }
                      ;*invokestatic maybeCustomize {reexecute=0 rethrow=0 return_oop=0}
                      ; - java.lang.invoke.Invokers::checkCustomized@19
                      ; - java.lang.invoke.Invokers$Holder::invokeExact_MT@14
                      ; - jdk.internal.reflect.DirectMethodHandleAccessor::invokeImpl@41
                      ; - jdk.internal.reflect.DirectMethodHandleAccessor::invoke@23
  0x000071180cfe3e58: 24b0 ffff 

  0x000071180cfe3e5c: ;   {post_call_nop}
  0x000071180cfe3e5c: 0f1f 8400 | 5412 0007 | 488b 9424 | b800 0000 

  0x000071180cfe3e6c: ;   {metadata(method data for {method} {0x00007117ec3c23c8} 'invokeExact_MT' '(Ljava/lang/Object;Ljava/lang/Object;Ljava/lang/Object;)Ljava/lang/Object;' in 'java/lang/invoke/Invokers$Holder')}
  0x000071180cfe3e6c: 48be b80a | bdec 1771 | 0000 488d | b6c8 0100 | 0048 85d2 | 750c f646 | 0801 7506 | f048 834e 
  0x000071180cfe3e8c: 0801 488b | bc24 d800 

  0x000071180cfe3e94: ;   {metadata(method data for {method} {0x00007117ec3c23c8} 'invokeExact_MT' '(Ljava/lang/Object;Ljava/lang/Object;Ljava/lang/Object;)Ljava/lang/Object;' in 'java/lang/invoke/Invokers$Holder')}
  0x000071180cfe3e94: 0000 48be | b80a bdec | 1771 0000 | 8b7f 0848 | 3bbe a001 | 0000 750d | 4883 86a8 | 0100 0001 
  0x000071180cfe3eb4: e960 0000 | 0048 3bbe | b001 0000 | 750d 4883 | 86b8 0100 | 0001 e94a | 0000 0048 | 83be a001 
  0x000071180cfe3ed4: 0000 0075 | 1748 89be | a001 0000 | 48c7 86a8 | 0100 0001 | 0000 00e9 | 2900 0000 | 4883 beb0 
  0x000071180cfe3ef4: 0100 0000 | 7517 4889 | beb0 0100 | 0048 c786 | b801 0000 | 0100 0000 | e908 0000 | 0048 8386 
  0x000071180cfe3f14: 9801 0000 | 0148 8bb4 | 24d8 0000 | 0066 0f1f 

  0x000071180cfe3f24: ;   {optimized virtual_call}
  0x000071180cfe3f24: 4400 00e8 

  0x000071180cfe3f28: ; ImmutableOopMap {[168]=Oop }
                      ;*invokevirtual invokeBasic {reexecute=0 rethrow=0 return_oop=0}
                      ; - java.lang.invoke.Invokers$Holder::invokeExact_MT@19
                      ; - jdk.internal.reflect.DirectMethodHandleAccessor::invokeImpl@41
                      ; - jdk.internal.reflect.DirectMethodHandleAccessor::invoke@23
  0x000071180cfe3f28: 54fd 9707 

  0x000071180cfe3f2c: ;   {post_call_nop}
  0x000071180cfe3f2c: 0f1f 8400 | 2413 0008 

  0x000071180cfe3f34: ;   {metadata(method data for {method} {0x00007117ec3c23c8} 'invokeExact_MT' '(Ljava/lang/Object;Ljava/lang/Object;Ljava/lang/Object;)Ljava/lang/Object;' in 'java/lang/invoke/Invokers$Holder')}
  0x000071180cfe3f34: 48be b80a | bdec 1771 | 0000 488d | b6d8 0100 | 0048 85c0 | 750a f606 | 0175 05f0 | 4883 0e01 
  0x000071180cfe3f54: ;   {metadata(method data for {method} {0x00007117ec4670a0} 'invokeImpl' '(Ljava/lang/Object;[Ljava/lang/Object;)Ljava/lang/Object;' in 'jdk/internal/reflect/DirectMethodHandleAccessor')}
  0x000071180cfe3f54: 48be 0007 | bdec 1771 | 0000 488d | b678 0100 | 0048 85c0 | 750a f606 | 0175 05f0 | 4883 0e01 
  0x000071180cfe3f74: ;   {metadata(method data for {method} {0x00007117ec4670a0} 'invokeImpl' '(Ljava/lang/Object;[Ljava/lang/Object;)Ljava/lang/Object;' in 'jdk/internal/reflect/DirectMethodHandleAccessor')}
  0x000071180cfe3f74: 48be 0007 | bdec 1771 | 0000 ff86 | 8801 0000 | 4881 c420 | 0100 005d 

  0x000071180cfe3f8c: ;   {poll_return}
  0x000071180cfe3f8c: 493b 6728 | 0f87 e607 

  0x000071180cfe3f94: ;   {metadata(method data for {method} {0x00007117ec36ab40} 'checkExactType' '(Ljava/lang/invoke/MethodHandle;Ljava/lang/invoke/MethodType;)V' in 'java/lang/invoke/Invokers')}
  0x000071180cfe3f94: 0000 c348 | be20 26bc | ec17 7100 | 0048 8386 | 2801 0000 

  0x000071180cfe3fa8: ;   {oop(a 'java/lang/invoke/MethodType'{0x00000000c014ff70} = (Ljava/lang/Object;)Ljava/lang/Object;)}
  0x000071180cfe3fa8: 0148 b870 | ff14 c000 | 0000 0048 | 8bf3 488b | d066 0f1f 

  0x000071180cfe3fbc: ;   {static_call}
  0x000071180cfe3fbc: 4400 00e8 

  0x000071180cfe3fc0: ; ImmutableOopMap {[168]=Oop [184]=Oop [216]=Oop }
                      ;*invokestatic newWrongMethodTypeException {reexecute=0 rethrow=0 return_oop=0}
                      ; - java.lang.invoke.Invokers::checkExactType@12
                      ; - java.lang.invoke.Invokers$Holder::invokeExact_MT@10
                      ; - jdk.internal.reflect.DirectMethodHandleAccessor::invokeImpl@41
                      ; - jdk.internal.reflect.DirectMethodHandleAccessor::invoke@23
  0x000071180cfe3fc0: 1c9d 4307 

  0x000071180cfe3fc4: ;   {post_call_nop}
  0x000071180cfe3fc4: 0f1f 8400 | bc13 0009 

  0x000071180cfe3fcc: ; implicit exception: dispatches to 0x000071180cfe4792
                      ; ImmutableOopMap {rax=Oop [168]=Oop [184]=Oop [216]=Oop }
                      ;*athrow {reexecute=1 rethrow=0 return_oop=0}
                      ; - (reexecute) java.lang.invoke.Invokers::checkExactType@15
                      ; - java.lang.invoke.Invokers$Holder::invokeExact_MT@10
                      ; - jdk.internal.reflect.DirectMethodHandleAccessor::invokeImpl@41
                      ; - jdk.internal.reflect.DirectMethodHandleAccessor::invoke@23
                      ;   {section_word}
  0x000071180cfe3fcc: 483b 0048 | bacf 3ffe | 0c18 7100 

  0x000071180cfe3fd8: ;   {runtime_call C1 Runtime handle_exception_nofpu_blob}
  0x000071180cfe3fd8: 00e8 0254 

  0x000071180cfe3fdc: ;   {metadata(method data for {method} {0x00007117ec36ab40} 'checkExactType' '(Ljava/lang/invoke/MethodHandle;Ljava/lang/invoke/MethodType;)V' in 'java/lang/invoke/Invokers')}
  0x000071180cfe3fdc: 5007 9048 | be20 26bc | ec17 7100 | 0048 8386 | 2801 0000 

  0x000071180cfe3ff0: ;   {oop(a 'java/lang/invoke/MethodType'{0x00000000c0173438} = (Ljava/lang/Object;Ljava/lang/Object;Ljava/lang/Object;)Ljava/lang/Object;)}
  0x000071180cfe3ff0: 0149 b838 | 3417 c000 | 0000 0048 | 8bf1 498b | d066 0f1f 

  0x000071180cfe4004: ;   {static_call}
  0x000071180cfe4004: 4400 00e8 

  0x000071180cfe4008: ; ImmutableOopMap {[168]=Oop [184]=Oop [192]=Oop [200]=Oop [208]=Oop }
                      ;*invokestatic newWrongMethodTypeException {reexecute=0 rethrow=0 return_oop=0}
                      ; - java.lang.invoke.Invokers::checkExactType@12
                      ; - java.lang.invoke.LambdaForm$MH/0x0000000034146c00::invokeExact_MT@11
                      ; - jdk.internal.reflect.DirectMethodHandleAccessor::invokeImpl@72
                      ; - jdk.internal.reflect.DirectMethodHandleAccessor::invoke@23
  0x000071180cfe4008: d49c 4307 

  0x000071180cfe400c: ;   {post_call_nop}
  0x000071180cfe400c: 0f1f 8400 | 0414 000b 

  0x000071180cfe4014: ; implicit exception: dispatches to 0x000071180cfe4797
                      ; ImmutableOopMap {rax=Oop [168]=Oop [184]=Oop [192]=Oop [200]=Oop [208]=Oop }
                      ;*athrow {reexecute=1 rethrow=0 return_oop=0}
                      ; - (reexecute) java.lang.invoke.Invokers::checkExactType@15
                      ; - java.lang.invoke.LambdaForm$MH/0x0000000034146c00::invokeExact_MT@11
                      ; - jdk.internal.reflect.DirectMethodHandleAccessor::invokeImpl@72
                      ; - jdk.internal.reflect.DirectMethodHandleAccessor::invoke@23
                      ;   {section_word}
  0x000071180cfe4014: 483b 0048 | ba17 40fe | 0c18 7100 

  0x000071180cfe4020: ;   {runtime_call C1 Runtime handle_exception_nofpu_blob}
  0x000071180cfe4020: 00e8 ba53 | 5007 9049 | 8b87 e005 | 0000 4d33 | d24d 8997 | e005 0000 | 4d33 d24d | 8997 e805 
  0x000071180cfe4040: 0000 488b | b424 a800 

  0x000071180cfe4048: ;   {metadata(method data for {method} {0x00007117ec466dc8} 'invoke' '(Ljava/lang/Object;[Ljava/lang/Object;)Ljava/lang/Object;' in 'jdk/internal/reflect/DirectMethodHandleAccessor')}
  0x000071180cfe4048: 0000 48ba | 4800 bdec | 1771 0000 | 4883 8208 | 0200 0001 

  0x000071180cfe405c: ;   {metadata(method data for {method} {0x00007117ec467438} 'isIllegalArgument' '(Ljava/lang/RuntimeException;)Z' in 'jdk/internal/reflect/DirectMethodHandleAccessor')}
  0x000071180cfe405c: 48be 8044 | bdec 1771 | 0000 8b96 | 9000 0000 | 83c2 0289 | 9690 0000 | 0081 e2fe | ff1f 0085 
  0x000071180cfe407c: d20f 8419 

  0x000071180cfe4080: ;   {oop(a 'java/lang/Class'{0x00000000c03c4160} = 'jdk/internal/reflect/DirectMethodHandleAccessor')}
  0x000071180cfe4080: 0700 0048 | be60 413c | c000 0000 | 0048 8bd0 | 4889 8424 | e000 0000 | 0f1f 8000 

  0x000071180cfe409c: ;   {static_call}
  0x000071180cfe409c: 0000 00e8 

  0x000071180cfe40a0: ; ImmutableOopMap {[224]=Oop }
                      ;*invokestatic isIllegalArgument {reexecute=0 rethrow=0 return_oop=0}
                      ; - jdk.internal.reflect.DirectMethodHandleAccessor::isIllegalArgument@3
                      ; - jdk.internal.reflect.DirectMethodHandleAccessor::invoke@58
  0x000071180cfe40a0: 3c9c 4307 

  0x000071180cfe40a4: ;   {post_call_nop}
  0x000071180cfe40a4: 0f1f 8400 | 9c14 000d | 83e0 0185 

  0x000071180cfe40b0: ;   {metadata(method data for {method} {0x00007117ec466dc8} 'invoke' '(Ljava/lang/Object;[Ljava/lang/Object;)Ljava/lang/Object;' in 'jdk/internal/reflect/DirectMethodHandleAccessor')}
  0x000071180cfe40b0: c048 b848 | 00bd ec17 | 7100 00be | 3802 0000 | 7405 be48 | 0200 0048 | 8b14 3048 | 8d52 0148 
  0x000071180cfe40d0: 8914 300f | 8488 0200 | 00e9 eb01 | 0000 488b | b424 a800 | 0000 498b | 87e0 0500 | 004d 33d2 
  0x000071180cfe40f0: 4d89 97e0 | 0500 004d | 33d2 4d89 | 97e8 0500 

  0x000071180cfe4100: ;   {metadata(method data for {method} {0x00007117ec466dc8} 'invoke' '(Ljava/lang/Object;[Ljava/lang/Object;)Ljava/lang/Object;' in 'jdk/internal/reflect/DirectMethodHandleAccessor')}
  0x000071180cfe4100: 0048 ba48 | 00bd ec17 | 7100 0048 | 8382 9801 

  0x000071180cfe4110: ;   {metadata(method data for {method} {0x00007117ec467438} 'isIllegalArgument' '(Ljava/lang/RuntimeException;)Z' in 'jdk/internal/reflect/DirectMethodHandleAccessor')}
  0x000071180cfe4110: 0000 0148 | be80 44bd | ec17 7100 | 008b 9690 | 0000 0083 | c202 8996 | 9000 0000 | 81e2 feff 
  0x000071180cfe4130: 1f00 85d2 | 0f84 8306 

  0x000071180cfe4138: ;   {oop(a 'java/lang/Class'{0x00000000c03c4160} = 'jdk/internal/reflect/DirectMethodHandleAccessor')}
  0x000071180cfe4138: 0000 48be | 6041 3cc0 | 0000 0000 | 488b d048 | 8984 24e8 

  0x000071180cfe414c: ;   {static_call}
  0x000071180cfe414c: 0000 00e8 

  0x000071180cfe4150: ; ImmutableOopMap {[232]=Oop }
                      ;*invokestatic isIllegalArgument {reexecute=0 rethrow=0 return_oop=0}
                      ; - jdk.internal.reflect.DirectMethodHandleAccessor::isIllegalArgument@3
                      ; - jdk.internal.reflect.DirectMethodHandleAccessor::invoke@30
  0x000071180cfe4150: 8c9b 4307 

  0x000071180cfe4154: ;   {post_call_nop}
  0x000071180cfe4154: 0f1f 8400 | 4c15 000e | 83e0 0185 

  0x000071180cfe4160: ;   {metadata(method data for {method} {0x00007117ec466dc8} 'invoke' '(Ljava/lang/Object;[Ljava/lang/Object;)Ljava/lang/Object;' in 'jdk/internal/reflect/DirectMethodHandleAccessor')}
  0x000071180cfe4160: c048 ba48 | 00bd ec17 | 7100 00be | c801 0000 | 7405 bed8 | 0100 0048 | 8b3c 3248 | 8d7f 0148 
  0x000071180cfe4180: 893c 320f | 8498 0000 | 000f 1f80 | 0000 0000 

  0x000071180cfe4190: ;   {other}
  0x000071180cfe4190: e958 0600 | 0000 0000 | 0000 498b | 87c8 0100 | 0048 8d78 | 2849 3bbf | d801 0000 | 0f87 4506 
  0x000071180cfe41b0: 0000 4989 | bfc8 0100 | 0048 c700 | 0100 0000 | 488b ca89 | 4808 4833 | c989 480c | 4833 c948 
  0x000071180cfe41d0: 8948 1048 | 8948 1848 | 8948 2048 

  0x000071180cfe41dc: ;   {metadata(method data for {method} {0x00007117ec466dc8} 'invoke' '(Ljava/lang/Object;[Ljava/lang/Object;)Ljava/lang/Object;' in 'jdk/internal/reflect/DirectMethodHandleAccessor')}
  0x000071180cfe41dc: 8bd0 48be | 4800 bdec | 1771 0000 | 4883 86e8 | 0100 0001 

  0x000071180cfe41f0: ;   {oop("argument type mismatch"{0x00000000c03c41f0})}
  0x000071180cfe41f0: 48ba f041 | 3cc0 0000 | 0000 488b | f048 8984 | 24f0 0000 

  0x000071180cfe4204: ;   {optimized virtual_call}
  0x000071180cfe4204: 0066 90e8 

  0x000071180cfe4208: ; ImmutableOopMap {[240]=Oop }
                      ;*invokespecial <init> {reexecute=0 rethrow=0 return_oop=0}
                      ; - jdk.internal.reflect.DirectMethodHandleAccessor::invoke@42
  0x000071180cfe4208: d494 4307 

  0x000071180cfe420c: ;   {post_call_nop}
  0x000071180cfe420c: 0f1f 8400 | 0416 000f | 488b 8424 | f000 0000 | e9a7 0600 | 0048 8b9c | 24e8 0000 | 000f 1f80 
  0x000071180cfe422c: 0000 0000 

  0x000071180cfe4230: ;   {other}
  0x000071180cfe4230: e9de 0500 | 0000 0000 | 0000 80ba | 3001 0000 | 040f 85db | 0500 0049 | 8b87 c801 | 0000 488d 
  0x000071180cfe4250: 7828 493b | bfd8 0100 | 000f 87c3 | 0500 0049 | 89bf c801 | 0000 48c7 | 0001 0000 | 0048 8bca 
  0x000071180cfe4270: 8948 0848 | 33c9 8948 | 0c48 33c9 | 4889 4810 | 4889 4818 | 4889 4820 

  0x000071180cfe4288: ;   {metadata(method data for {method} {0x00007117ec466dc8} 'invoke' '(Ljava/lang/Object;[Ljava/lang/Object;)Ljava/lang/Object;' in 'jdk/internal/reflect/DirectMethodHandleAccessor')}
  0x000071180cfe4288: 488b d048 | be48 00bd | ec17 7100 | 0048 8386 | f801 0000 | 0148 8bd3 | 488b f048 | 8984 24f8 
  0x000071180cfe42a8: 0000 000f 

  0x000071180cfe42ac: ;   {optimized virtual_call}
  0x000071180cfe42ac: 1f40 00e8 

  0x000071180cfe42b0: ; ImmutableOopMap {[248]=Oop }
                      ;*invokespecial <init> {reexecute=0 rethrow=0 return_oop=0}
                      ; - jdk.internal.reflect.DirectMethodHandleAccessor::invoke@51
  0x000071180cfe42b0: 2c94 4307 

  0x000071180cfe42b4: ;   {post_call_nop}
  0x000071180cfe42b4: 0f1f 8400 | ac16 0010 | 488b 8424 | f800 0000 | e9ff 0500 | 000f 1f80 | 0000 0000 

  0x000071180cfe42d0: ;   {other}
  0x000071180cfe42d0: e969 0500 | 0000 0000 | 0000 498b | 87c8 0100 | 0048 8d78 | 2849 3bbf | d801 0000 | 0f87 5605 
  0x000071180cfe42f0: 0000 4989 | bfc8 0100 | 0048 c700 | 0100 0000 | 488b ca89 | 4808 4833 | c989 480c | 4833 c948 
  0x000071180cfe4310: 8948 1048 | 8948 1848 | 8948 2048 

  0x000071180cfe431c: ;   {metadata(method data for {method} {0x00007117ec466dc8} 'invoke' '(Ljava/lang/Object;[Ljava/lang/Object;)Ljava/lang/Object;' in 'jdk/internal/reflect/DirectMethodHandleAccessor')}
  0x000071180cfe431c: 8bd0 48be | 4800 bdec | 1771 0000 | 4883 8658 | 0200 0001 | 488b 9424 | e000 0000 | 488b f048 
  0x000071180cfe433c: 8984 2400 | 0100 000f 

  0x000071180cfe4344: ;   {optimized virtual_call}
  0x000071180cfe4344: 1f40 00e8 

  0x000071180cfe4348: ; ImmutableOopMap {[256]=Oop }
                      ;*invokespecial <init> {reexecute=0 rethrow=0 return_oop=0}
                      ; - jdk.internal.reflect.DirectMethodHandleAccessor::invoke@69
  0x000071180cfe4348: 9493 4307 

  0x000071180cfe434c: ;   {post_call_nop}
  0x000071180cfe434c: 0f1f 8400 | 4417 0011 | 488b 8424 | 0001 0000 | e967 0500 | 0048 8b9c | 24e0 0000 | 000f 1f80 
  0x000071180cfe436c: 0000 0000 

  0x000071180cfe4370: ;   {other}
  0x000071180cfe4370: e9ef 0400 | 0000 0000 | 0000 80ba | 3001 0000 | 040f 85ec | 0400 0049 | 8b87 c801 | 0000 488d 
  0x000071180cfe4390: 7828 493b | bfd8 0100 | 000f 87d4 | 0400 0049 | 89bf c801 | 0000 48c7 | 0001 0000 | 0048 8bca 
  0x000071180cfe43b0: 8948 0848 | 33c9 8948 | 0c48 33c9 | 4889 4810 | 4889 4818 | 4889 4820 

  0x000071180cfe43c8: ;   {metadata(method data for {method} {0x00007117ec466dc8} 'invoke' '(Ljava/lang/Object;[Ljava/lang/Object;)Ljava/lang/Object;' in 'jdk/internal/reflect/DirectMethodHandleAccessor')}
  0x000071180cfe43c8: 488b d048 | be48 00bd | ec17 7100 | 0048 8386 | 6802 0000 | 0148 8bd3 | 488b f048 | 8984 2408 
  0x000071180cfe43e8: 0100 000f 

  0x000071180cfe43ec: ;   {optimized virtual_call}
  0x000071180cfe43ec: 1f40 00e8 

  0x000071180cfe43f0: ; ImmutableOopMap {[264]=Oop }
                      ;*invokespecial <init> {reexecute=0 rethrow=0 return_oop=0}
                      ; - jdk.internal.reflect.DirectMethodHandleAccessor::invoke@78
  0x000071180cfe43f0: ec92 4307 

  0x000071180cfe43f4: ;   {post_call_nop}
  0x000071180cfe43f4: 0f1f 8400 | ec17 0012 | 488b 8424 | 0801 0000 | e9bf 0400 | 0049 8b87 | e005 0000 | 4d33 d24d 
  0x000071180cfe4414: 8997 e005 | 0000 4d33 | d24d 8997 | e805 0000 | 488b d890 

  0x000071180cfe4428: ;   {metadata('java/lang/reflect/InvocationTargetException')}
  0x000071180cfe4428: 48ba a85d | 0d34 0000 | 0000 80ba | 3001 0000 | 040f 855f | 0400 0049 | 8b87 c801 | 0000 488d 
  0x000071180cfe4448: 7828 493b | bfd8 0100 | 000f 8747 | 0400 0049 | 89bf c801 | 0000 48c7 | 0001 0000 | 0048 8bca 
  0x000071180cfe4468: 8948 0848 | 33c9 8948 | 0c48 33c9 | 4889 4810 | 4889 4818 | 4889 4820 

  0x000071180cfe4480: ;   {metadata(method data for {method} {0x00007117ec466dc8} 'invoke' '(Ljava/lang/Object;[Ljava/lang/Object;)Ljava/lang/Object;' in 'jdk/internal/reflect/DirectMethodHandleAccessor')}
  0x000071180cfe4480: 488b d048 | be48 00bd | ec17 7100 | 0048 8386 | 7802 0000 | 0148 8bd3 | 488b f048 | 8984 2410 
  0x000071180cfe44a0: 0100 000f 

  0x000071180cfe44a4: ;   {optimized virtual_call}
  0x000071180cfe44a4: 1f40 00e8 

  0x000071180cfe44a8: ; ImmutableOopMap {[272]=Oop }
                      ;*invokespecial <init> {reexecute=0 rethrow=0 return_oop=0}
                      ; - jdk.internal.reflect.DirectMethodHandleAccessor::invoke@88
  0x000071180cfe44a8: a104 0000 

  0x000071180cfe44ac: ;   {post_call_nop}
  0x000071180cfe44ac: 0f1f 8400 | a418 0013 | 488b 8424 | 1001 0000 | e907 0400 

  0x000071180cfe44c0: ;   {metadata({method} {0x00007117ec466dc8} 'invoke' '(Ljava/lang/Object;[Ljava/lang/Object;)Ljava/lang/Object;' in 'jdk/internal/reflect/DirectMethodHandleAccessor')}
  0x000071180cfe44c0: 0049 bac8 | 6d46 ec17 | 7100 004c | 8954 2408 | 48c7 0424 | ffff ffff 

  0x000071180cfe44d8: ;   {runtime_call C1 Runtime counter_overflow_blob}
  0x000071180cfe44d8: e803 8950 

  0x000071180cfe44dc: ; ImmutableOopMap {rsi=Oop rdx=Oop rcx=Oop [168]=Oop [184]=Oop }
                      ;*synchronization entry
                      ; - jdk.internal.reflect.DirectMethodHandleAccessor::invoke@-1
  0x000071180cfe44dc: 07e9 94e8 

  0x000071180cfe44e0: ;   {metadata({method} {0x00007117ec4672d8} 'isStatic' '()Z' in 'jdk/internal/reflect/DirectMethodHandleAccessor')}
  0x000071180cfe44e0: ffff 49ba | d872 46ec | 1771 0000 | 4c89 5424 | 0848 c704 | 24ff ffff 

  0x000071180cfe44f8: ;   {runtime_call C1 Runtime counter_overflow_blob}
  0x000071180cfe44f8: ffe8 e288 

  0x000071180cfe44fc: ; ImmutableOopMap {rsi=Oop rdx=Oop rcx=Oop [168]=Oop [184]=Oop }
                      ;*synchronization entry
                      ; - jdk.internal.reflect.DirectMethodHandleAccessor::isStatic@-1
                      ; - jdk.internal.reflect.DirectMethodHandleAccessor::invoke@1
  0x000071180cfe44fc: 5007 e9af 

  0x000071180cfe4500: ;   {metadata({method} {0x00007117ec4670a0} 'invokeImpl' '(Ljava/lang/Object;[Ljava/lang/Object;)Ljava/lang/Object;' in 'jdk/internal/reflect/DirectMethodHandleAccessor')}
  0x000071180cfe4500: e8ff ff49 | baa0 7046 | ec17 7100 | 004c 8954 | 2408 48c7 | 0424 ffff 

  0x000071180cfe4518: ;   {runtime_call C1 Runtime counter_overflow_blob}
  0x000071180cfe4518: ffff e8c1 

  0x000071180cfe451c: ; ImmutableOopMap {rsi=Oop [168]=Oop [176]=Oop [184]=Oop }
                      ;*synchronization entry
                      ; - jdk.internal.reflect.DirectMethodHandleAccessor::invokeImpl@-1
                      ; - jdk.internal.reflect.DirectMethodHandleAccessor::invoke@23
  0x000071180cfe451c: 8850 07e9 | c4e9 ffff | 49b8 0000 | 0000 0000 | 0000 b800 

  0x000071180cfe4530: ;   {runtime_call C1 Runtime load_appendix_patching_blob}
  0x000071180cfe4530: 0f05 0ae8 

  0x000071180cfe4534: ; ImmutableOopMap {rsi=Oop rdx=Oop rcx=Oop rdi=Oop [168]=Oop [184]=Oop }
                      ;*invokevirtual invokeExact {reexecute=1 rethrow=0 return_oop=0}
                      ; - (reexecute) jdk.internal.reflect.DirectMethodHandleAccessor::invokeImpl@104
                      ; - jdk.internal.reflect.DirectMethodHandleAccessor::invoke@23
  0x000071180cfe4534: a881 5007 | e94b eaff 

  0x000071180cfe453c: ;   {runtime_call C1 Runtime throw_null_pointer_exception_blob}
  0x000071180cfe453c: ffe8 9e36 

  0x000071180cfe4540: ; ImmutableOopMap {rsi=Oop rdx=Oop rcx=Oop rdi=Oop r8=Oop [168]=Oop [184]=Oop }
                      ;*invokevirtual invokeExact {reexecute=0 rethrow=0 return_oop=0}
                      ; - jdk.internal.reflect.DirectMethodHandleAccessor::invokeImpl@104
                      ; - jdk.internal.reflect.DirectMethodHandleAccessor::invoke@23
                      ;   {internal_word}
  0x000071180cfe4540: 5007 49ba | 3e31 fe0c | 1871 0000 | 4d89 9738 

  0x000071180cfe4550: ;   {runtime_call SafepointBlob}
  0x000071180cfe4550: 0500 00e9 | 08b3 4307 

  0x000071180cfe4558: ;   {runtime_call C1 Runtime throw_null_pointer_exception_blob}
  0x000071180cfe4558: e883 3650 

  0x000071180cfe455c: ; ImmutableOopMap {rsi=Oop rdx=Oop rcx=Oop rbx=Oop [168]=Oop [184]=Oop }
                      ;*aaload {reexecute=0 rethrow=0 return_oop=0}
                      ; - jdk.internal.reflect.DirectMethodHandleAccessor::invokeImpl@85
                      ; - jdk.internal.reflect.DirectMethodHandleAccessor::invoke@23
                      ;   {runtime_call C1 Runtime throw_null_pointer_exception_blob}
  0x000071180cfe455c: 07e8 7e36 

  0x000071180cfe4560: ; ImmutableOopMap {rsi=Oop rdx=Oop rcx=Oop rbx=Oop [168]=Oop [184]=Oop }
                      ;*aaload {reexecute=0 rethrow=0 return_oop=0}
                      ; - jdk.internal.reflect.DirectMethodHandleAccessor::invokeImpl@85
                      ; - jdk.internal.reflect.DirectMethodHandleAccessor::invoke@23
  0x000071180cfe4560: 5007 48c7 | 0424 0000 | 0000 4889 

  0x000071180cfe456c: ;   {runtime_call C1 Runtime throw_range_check_failed_blob}
  0x000071180cfe456c: 4c24 08e8 

  0x000071180cfe4570: ; ImmutableOopMap {rsi=Oop rdx=Oop rcx=Oop rbx=Oop [168]=Oop [184]=Oop }
                      ;*aaload {reexecute=0 rethrow=0 return_oop=0}
                      ; - jdk.internal.reflect.DirectMethodHandleAccessor::invokeImpl@85
                      ; - jdk.internal.reflect.DirectMethodHandleAccessor::invoke@23
  0x000071180cfe4570: 6c2d 5007 | 48c7 0424 | 0100 0000 | 4889 4c24 

  0x000071180cfe4580: ;   {runtime_call C1 Runtime throw_range_check_failed_blob}
  0x000071180cfe4580: 08e8 5a2d 

  0x000071180cfe4584: ; ImmutableOopMap {rsi=Oop rdx=Oop rcx=Oop rbx=Oop r8=Oop [168]=Oop [184]=Oop }
                      ;*aaload {reexecute=0 rethrow=0 return_oop=0}
                      ; - jdk.internal.reflect.DirectMethodHandleAccessor::invokeImpl@88
                      ; - jdk.internal.reflect.DirectMethodHandleAccessor::invoke@23
  0x000071180cfe4584: 5007 48c7 | 0424 0200 | 0000 4889 

  0x000071180cfe4590: ;   {runtime_call C1 Runtime throw_range_check_failed_blob}
  0x000071180cfe4590: 4c24 08e8 

  0x000071180cfe4594: ; ImmutableOopMap {rsi=Oop rdx=Oop rcx=Oop rbx=Oop r8=Oop r9=Oop [168]=Oop [184]=Oop }
                      ;*aaload {reexecute=0 rethrow=0 return_oop=0}
                      ; - jdk.internal.reflect.DirectMethodHandleAccessor::invokeImpl@91
                      ; - jdk.internal.reflect.DirectMethodHandleAccessor::invoke@23
  0x000071180cfe4594: 482d 5007 | 48b8 4836 | 17c0 0000 | 0000 b800 

  0x000071180cfe45a4: ;   {runtime_call C1 Runtime load_appendix_patching_blob}
  0x000071180cfe45a4: 0f05 0ae8 

  0x000071180cfe45a8: ; ImmutableOopMap {rsi=Oop rdx=Oop rbx=Oop r8=Oop r9=Oop rdi=Oop [168]=Oop [184]=Oop }
                      ;*invokevirtual invokeExact {reexecute=1 rethrow=0 return_oop=0}
                      ; - (reexecute) jdk.internal.reflect.DirectMethodHandleAccessor::invokeImpl@92
                      ; - jdk.internal.reflect.DirectMethodHandleAccessor::invoke@23
  0x000071180cfe45a8: 3481 5007 | e9d7 ebff 

  0x000071180cfe45b0: ;   {runtime_call C1 Runtime throw_null_pointer_exception_blob}
  0x000071180cfe45b0: ffe8 2a36 

  0x000071180cfe45b4: ; ImmutableOopMap {rsi=Oop rdx=Oop rbx=Oop r8=Oop r9=Oop rdi=Oop rax=Oop [168]=Oop [184]=Oop }
                      ;*invokevirtual invokeExact {reexecute=0 rethrow=0 return_oop=0}
                      ; - jdk.internal.reflect.DirectMethodHandleAccessor::invokeImpl@92
                      ; - jdk.internal.reflect.DirectMethodHandleAccessor::invoke@23
                      ;   {internal_word}
  0x000071180cfe45b4: 5007 49ba | 5f33 fe0c | 1871 0000 | 4d89 9738 

  0x000071180cfe45c4: ;   {runtime_call SafepointBlob}
  0x000071180cfe45c4: 0500 00e9 | 94b2 4307 

  0x000071180cfe45cc: ;   {runtime_call C1 Runtime throw_null_pointer_exception_blob}
  0x000071180cfe45cc: e80f 3650 

  0x000071180cfe45d0: ; ImmutableOopMap {rsi=Oop rcx=Oop rdx=Oop rdi=Oop [168]=Oop [184]=Oop [200]=Oop }
                      ;*aaload {reexecute=0 rethrow=0 return_oop=0}
                      ; - jdk.internal.reflect.DirectMethodHandleAccessor::invokeImpl@68
                      ; - jdk.internal.reflect.DirectMethodHandleAccessor::invoke@23
                      ;   {runtime_call C1 Runtime throw_null_pointer_exception_blob}
  0x000071180cfe45d0: 07e8 0a36 

  0x000071180cfe45d4: ; ImmutableOopMap {rsi=Oop rcx=Oop rdx=Oop rdi=Oop [168]=Oop [184]=Oop [200]=Oop }
                      ;*aaload {reexecute=0 rethrow=0 return_oop=0}
                      ; - jdk.internal.reflect.DirectMethodHandleAccessor::invokeImpl@68
                      ; - jdk.internal.reflect.DirectMethodHandleAccessor::invoke@23
  0x000071180cfe45d4: 5007 48c7 | 0424 0000 | 0000 4889 

  0x000071180cfe45e0: ;   {runtime_call C1 Runtime throw_range_check_failed_blob}
  0x000071180cfe45e0: 4c24 08e8 

  0x000071180cfe45e4: ; ImmutableOopMap {rsi=Oop rcx=Oop rdx=Oop rdi=Oop [168]=Oop [184]=Oop [200]=Oop }
                      ;*aaload {reexecute=0 rethrow=0 return_oop=0}
                      ; - jdk.internal.reflect.DirectMethodHandleAccessor::invokeImpl@68
                      ; - jdk.internal.reflect.DirectMethodHandleAccessor::invoke@23
  0x000071180cfe45e4: f82c 5007 | 48c7 0424 | 0100 0000 | 4889 4c24 

  0x000071180cfe45f4: ;   {runtime_call C1 Runtime throw_range_check_failed_blob}
  0x000071180cfe45f4: 08e8 e62c 

  0x000071180cfe45f8: ; ImmutableOopMap {rsi=Oop rcx=Oop rdx=Oop rdi=Oop rbx=Oop [168]=Oop [184]=Oop [192]=Oop [200]=Oop }
                      ;*aaload {reexecute=0 rethrow=0 return_oop=0}
                      ; - jdk.internal.reflect.DirectMethodHandleAccessor::invokeImpl@71
                      ; - jdk.internal.reflect.DirectMethodHandleAccessor::invoke@23
                      ;   {metadata({method} {0x00007117ecb19ab0} 'invokeExact_MT' '(Ljava/lang/Object;Ljava/lang/Object;Ljava/lang/Object;Ljava/lang/Object;Ljava/lang/Object;)Ljava/lang/Object;' in 'java/lang/invoke/LambdaForm$MH+0x0000000034146c00')}
  0x000071180cfe45f8: 5007 49ba | b09a b1ec | 1771 0000 | 4c89 5424 | 0848 c704 | 24ff ffff 

  0x000071180cfe4610: ;   {runtime_call C1 Runtime counter_overflow_blob}
  0x000071180cfe4610: ffe8 ca87 

  0x000071180cfe4614: ; ImmutableOopMap {rsi=Oop rdx=Oop rdi=Oop rbx=Oop rax=Oop [168]=Oop [184]=Oop [192]=Oop [200]=Oop [208]=Oop }
                      ;*synchronization entry
                      ; - java.lang.invoke.LambdaForm$MH/0x0000000034146c00::invokeExact_MT@-1
                      ; - jdk.internal.reflect.DirectMethodHandleAccessor::invokeImpl@72
                      ; - jdk.internal.reflect.DirectMethodHandleAccessor::invoke@23
  0x000071180cfe4614: 5007 e9e3 

  0x000071180cfe4618: ;   {metadata({method} {0x00007117ec36ab40} 'checkExactType' '(Ljava/lang/invoke/MethodHandle;Ljava/lang/invoke/MethodType;)V' in 'java/lang/invoke/Invokers')}
  0x000071180cfe4618: eeff ff49 | ba40 ab36 | ec17 7100 | 004c 8954 | 2408 48c7 | 0424 ffff 

  0x000071180cfe4630: ;   {runtime_call C1 Runtime counter_overflow_blob}
  0x000071180cfe4630: ffff e8a9 

  0x000071180cfe4634: ; ImmutableOopMap {rsi=Oop rdx=Oop rdi=Oop rbx=Oop rax=Oop [168]=Oop [184]=Oop [192]=Oop [200]=Oop [208]=Oop }
                      ;*synchronization entry
                      ; - java.lang.invoke.Invokers::checkExactType@-1
                      ; - java.lang.invoke.LambdaForm$MH/0x0000000034146c00::invokeExact_MT@11
                      ; - jdk.internal.reflect.DirectMethodHandleAccessor::invokeImpl@72
                      ; - jdk.internal.reflect.DirectMethodHandleAccessor::invoke@23
  0x000071180cfe4634: 8750 07e9 | 63ef ffff 

  0x000071180cfe463c: ;   {runtime_call C1 Runtime throw_null_pointer_exception_blob}
  0x000071180cfe463c: e89f 3550 

  0x000071180cfe4640: ; ImmutableOopMap {rsi=Oop rdx=Oop rdi=Oop rbx=Oop rax=Oop [168]=Oop [184]=Oop [192]=Oop [200]=Oop [208]=Oop }
                      ;*invokevirtual type {reexecute=0 rethrow=0 return_oop=0}
                      ; - java.lang.invoke.Invokers::checkExactType@1
                      ; - java.lang.invoke.LambdaForm$MH/0x0000000034146c00::invokeExact_MT@11
                      ; - jdk.internal.reflect.DirectMethodHandleAccessor::invokeImpl@72
                      ; - jdk.internal.reflect.DirectMethodHandleAccessor::invoke@23
                      ;   {metadata({method} {0x00007117ec36b188} 'checkCustomized' '(Ljava/lang/invoke/MethodHandle;)V' in 'java/lang/invoke/Invokers')}
  0x000071180cfe4640: 0749 ba88 | b136 ec17 | 7100 004c | 8954 2408 | 48c7 0424 | ffff ffff 

  0x000071180cfe4658: ;   {runtime_call C1 Runtime counter_overflow_blob}
  0x000071180cfe4658: e883 8750 

  0x000071180cfe465c: ; ImmutableOopMap {rsi=Oop rdx=Oop rdi=Oop rbx=Oop rax=Oop [168]=Oop [184]=Oop [192]=Oop [200]=Oop [208]=Oop }
                      ;*synchronization entry
                      ; - java.lang.invoke.Invokers::checkCustomized@-1
                      ; - java.lang.invoke.LambdaForm$MH/0x0000000034146c00::invokeExact_MT@15
                      ; - jdk.internal.reflect.DirectMethodHandleAccessor::invokeImpl@72
                      ; - jdk.internal.reflect.DirectMethodHandleAccessor::invoke@23
  0x000071180cfe465c: 07e9 8ef0 

  0x000071180cfe4660: ;   {metadata({method} {0x00007117ec08fb80} 'isCompileConstant' '(Ljava/lang/Object;)Z' in 'java/lang/invoke/MethodHandleImpl')}
  0x000071180cfe4660: ffff 49ba | 80fb 08ec | 1771 0000 | 4c89 5424 | 0848 c704 | 24ff ffff 

  0x000071180cfe4678: ;   {runtime_call C1 Runtime counter_overflow_blob}
  0x000071180cfe4678: ffe8 6287 

  0x000071180cfe467c: ; ImmutableOopMap {rsi=Oop rdx=Oop rdi=Oop rbx=Oop rax=Oop [168]=Oop [184]=Oop [192]=Oop [200]=Oop [208]=Oop }
                      ;*synchronization entry
                      ; - java.lang.invoke.MethodHandleImpl::isCompileConstant@-1
                      ; - java.lang.invoke.Invokers::checkCustomized@1
                      ; - java.lang.invoke.LambdaForm$MH/0x0000000034146c00::invokeExact_MT@15
                      ; - jdk.internal.reflect.DirectMethodHandleAccessor::invokeImpl@72
                      ; - jdk.internal.reflect.DirectMethodHandleAccessor::invoke@23
  0x000071180cfe467c: 5007 e9ab 

  0x000071180cfe4680: ;   {runtime_call C1 Runtime throw_null_pointer_exception_blob}
  0x000071180cfe4680: f0ff ffe8 

  0x000071180cfe4684: ; ImmutableOopMap {rsi=Oop rdx=Oop rdi=Oop rbx=Oop rax=Oop [168]=Oop [184]=Oop [192]=Oop [200]=Oop [208]=Oop }
                      ;*getfield customized {reexecute=1 rethrow=0 return_oop=0}
                      ; - (reexecute) java.lang.invoke.Invokers::checkCustomized@12
                      ; - java.lang.invoke.LambdaForm$MH/0x0000000034146c00::invokeExact_MT@15
                      ; - jdk.internal.reflect.DirectMethodHandleAccessor::invokeImpl@72
                      ; - jdk.internal.reflect.DirectMethodHandleAccessor::invoke@23
  0x000071180cfe4684: 5835 5007 

  0x000071180cfe4688: ;   {internal_word}
  0x000071180cfe4688: 49ba d039 | fe0c 1871 | 0000 4d89 | 9738 0500 

  0x000071180cfe4698: ;   {runtime_call SafepointBlob}
  0x000071180cfe4698: 00e9 c2b1 

  0x000071180cfe469c: ;   {runtime_call C1 Runtime throw_null_pointer_exception_blob}
  0x000071180cfe469c: 4307 e83d 

  0x000071180cfe46a0: ; ImmutableOopMap {rsi=Oop rcx=Oop rdx=Oop rdi=Oop [168]=Oop [184]=Oop }
                      ;*aaload {reexecute=0 rethrow=0 return_oop=0}
                      ; - jdk.internal.reflect.DirectMethodHandleAccessor::invokeImpl@54
                      ; - jdk.internal.reflect.DirectMethodHandleAccessor::invoke@23
                      ;   {runtime_call C1 Runtime throw_null_pointer_exception_blob}
  0x000071180cfe46a0: 3550 07e8 

  0x000071180cfe46a4: ; ImmutableOopMap {rsi=Oop rcx=Oop rdx=Oop rdi=Oop [168]=Oop [184]=Oop }
                      ;*aaload {reexecute=0 rethrow=0 return_oop=0}
                      ; - jdk.internal.reflect.DirectMethodHandleAccessor::invokeImpl@54
                      ; - jdk.internal.reflect.DirectMethodHandleAccessor::invoke@23
  0x000071180cfe46a4: 3835 5007 | 48c7 0424 | 0000 0000 | 4889 4c24 

  0x000071180cfe46b4: ;   {runtime_call C1 Runtime throw_range_check_failed_blob}
  0x000071180cfe46b4: 08e8 262c 

  0x000071180cfe46b8: ; ImmutableOopMap {rsi=Oop rcx=Oop rdx=Oop rdi=Oop [168]=Oop [184]=Oop }
                      ;*aaload {reexecute=0 rethrow=0 return_oop=0}
                      ; - jdk.internal.reflect.DirectMethodHandleAccessor::invokeImpl@54
                      ; - jdk.internal.reflect.DirectMethodHandleAccessor::invoke@23
  0x000071180cfe46b8: 5007 49b8 | d0c4 f5c3 | 0000 0000 | b800 0f05 

  0x000071180cfe46c8: ;   {runtime_call C1 Runtime load_appendix_patching_blob}
  0x000071180cfe46c8: 0ae8 1280 

  0x000071180cfe46cc: ; ImmutableOopMap {rsi=Oop rdx=Oop rdi=Oop rcx=Oop [168]=Oop [184]=Oop }
                      ;*invokevirtual invokeExact {reexecute=1 rethrow=0 return_oop=0}
                      ; - (reexecute) jdk.internal.reflect.DirectMethodHandleAccessor::invokeImpl@55
                      ; - jdk.internal.reflect.DirectMethodHandleAccessor::invoke@23
  0x000071180cfe46cc: 5007 e92d 

  0x000071180cfe46d0: ;   {runtime_call C1 Runtime throw_null_pointer_exception_blob}
  0x000071180cfe46d0: f3ff ffe8 

  0x000071180cfe46d4: ; ImmutableOopMap {rsi=Oop rdx=Oop rdi=Oop rcx=Oop r8=Oop [168]=Oop [184]=Oop }
                      ;*invokevirtual invokeExact {reexecute=0 rethrow=0 return_oop=0}
                      ; - jdk.internal.reflect.DirectMethodHandleAccessor::invokeImpl@55
                      ; - jdk.internal.reflect.DirectMethodHandleAccessor::invoke@23
  0x000071180cfe46d4: 0835 5007 

  0x000071180cfe46d8: ;   {internal_word}
  0x000071180cfe46d8: 49ba c73b | fe0c 1871 | 0000 4d89 | 9738 0500 

  0x000071180cfe46e8: ;   {runtime_call SafepointBlob}
  0x000071180cfe46e8: 00e9 72b1 

  0x000071180cfe46ec: ;   {metadata({method} {0x00007117ec3c23c8} 'invokeExact_MT' '(Ljava/lang/Object;Ljava/lang/Object;Ljava/lang/Object;)Ljava/lang/Object;' in 'java/lang/invoke/Invokers$Holder')}
  0x000071180cfe46ec: 4307 49ba | c823 3cec | 1771 0000 | 4c89 5424 | 0848 c704 | 24ff ffff 

  0x000071180cfe4704: ;   {runtime_call C1 Runtime counter_overflow_blob}
  0x000071180cfe4704: ffe8 d686 

  0x000071180cfe4708: ; ImmutableOopMap {rsi=Oop rdx=Oop rdi=Oop [168]=Oop [184]=Oop [216]=Oop }
                      ;*synchronization entry
                      ; - java.lang.invoke.Invokers$Holder::invokeExact_MT@-1
                      ; - jdk.internal.reflect.DirectMethodHandleAccessor::invokeImpl@41
                      ; - jdk.internal.reflect.DirectMethodHandleAccessor::invoke@23
  0x000071180cfe4708: 5007 e961 

  0x000071180cfe470c: ;   {metadata({method} {0x00007117ec36ab40} 'checkExactType' '(Ljava/lang/invoke/MethodHandle;Ljava/lang/invoke/MethodType;)V' in 'java/lang/invoke/Invokers')}
  0x000071180cfe470c: f5ff ff49 | ba40 ab36 | ec17 7100 | 004c 8954 | 2408 48c7 | 0424 ffff 

  0x000071180cfe4724: ;   {runtime_call C1 Runtime counter_overflow_blob}
  0x000071180cfe4724: ffff e8b5 

  0x000071180cfe4728: ; ImmutableOopMap {rsi=Oop rdx=Oop rdi=Oop [168]=Oop [184]=Oop [216]=Oop }
                      ;*synchronization entry
                      ; - java.lang.invoke.Invokers::checkExactType@-1
                      ; - java.lang.invoke.Invokers$Holder::invokeExact_MT@10
                      ; - jdk.internal.reflect.DirectMethodHandleAccessor::invokeImpl@41
                      ; - jdk.internal.reflect.DirectMethodHandleAccessor::invoke@23
  0x000071180cfe4728: 8650 07e9 | 9af5 ffff 

  0x000071180cfe4730: ;   {runtime_call C1 Runtime throw_null_pointer_exception_blob}
  0x000071180cfe4730: e8ab 3450 

  0x000071180cfe4734: ; ImmutableOopMap {rsi=Oop rdx=Oop rdi=Oop [168]=Oop [184]=Oop [216]=Oop }
                      ;*invokevirtual type {reexecute=0 rethrow=0 return_oop=0}
                      ; - java.lang.invoke.Invokers::checkExactType@1
                      ; - java.lang.invoke.Invokers$Holder::invokeExact_MT@10
                      ; - jdk.internal.reflect.DirectMethodHandleAccessor::invokeImpl@41
                      ; - jdk.internal.reflect.DirectMethodHandleAccessor::invoke@23
                      ;   {metadata({method} {0x00007117ec36b188} 'checkCustomized' '(Ljava/lang/invoke/MethodHandle;)V' in 'java/lang/invoke/Invokers')}
  0x000071180cfe4734: 0749 ba88 | b136 ec17 | 7100 004c | 8954 2408 | 48c7 0424 | ffff ffff 

  0x000071180cfe474c: ;   {runtime_call C1 Runtime counter_overflow_blob}
  0x000071180cfe474c: e88f 8650 

  0x000071180cfe4750: ; ImmutableOopMap {rsi=Oop rdx=Oop rdi=Oop [168]=Oop [184]=Oop [216]=Oop }
                      ;*synchronization entry
                      ; - java.lang.invoke.Invokers::checkCustomized@-1
                      ; - java.lang.invoke.Invokers$Holder::invokeExact_MT@14
                      ; - jdk.internal.reflect.DirectMethodHandleAccessor::invokeImpl@41
                      ; - jdk.internal.reflect.DirectMethodHandleAccessor::invoke@23
  0x000071180cfe4750: 07e9 6df6 

  0x000071180cfe4754: ;   {metadata({method} {0x00007117ec08fb80} 'isCompileConstant' '(Ljava/lang/Object;)Z' in 'java/lang/invoke/MethodHandleImpl')}
  0x000071180cfe4754: ffff 49ba | 80fb 08ec | 1771 0000 | 4c89 5424 | 0848 c704 | 24ff ffff 

  0x000071180cfe476c: ;   {runtime_call C1 Runtime counter_overflow_blob}
  0x000071180cfe476c: ffe8 6e86 

  0x000071180cfe4770: ; ImmutableOopMap {rsi=Oop rdx=Oop rdi=Oop [168]=Oop [184]=Oop [216]=Oop }
                      ;*synchronization entry
                      ; - java.lang.invoke.MethodHandleImpl::isCompileConstant@-1
                      ; - java.lang.invoke.Invokers::checkCustomized@1
                      ; - java.lang.invoke.Invokers$Holder::invokeExact_MT@14
                      ; - jdk.internal.reflect.DirectMethodHandleAccessor::invokeImpl@41
                      ; - jdk.internal.reflect.DirectMethodHandleAccessor::invoke@23
  0x000071180cfe4770: 5007 e984 

  0x000071180cfe4774: ;   {runtime_call C1 Runtime throw_null_pointer_exception_blob}
  0x000071180cfe4774: f6ff ffe8 

  0x000071180cfe4778: ; ImmutableOopMap {rsi=Oop rdx=Oop rdi=Oop [168]=Oop [184]=Oop [216]=Oop }
                      ;*getfield customized {reexecute=1 rethrow=0 return_oop=0}
                      ; - (reexecute) java.lang.invoke.Invokers::checkCustomized@12
                      ; - java.lang.invoke.Invokers$Holder::invokeExact_MT@14
                      ; - jdk.internal.reflect.DirectMethodHandleAccessor::invokeImpl@41
                      ; - jdk.internal.reflect.DirectMethodHandleAccessor::invoke@23
  0x000071180cfe4778: 6434 5007 

  0x000071180cfe477c: ;   {internal_word}
  0x000071180cfe477c: 49ba 8c3f | fe0c 1871 | 0000 4d89 | 9738 0500 

  0x000071180cfe478c: ;   {runtime_call SafepointBlob}
  0x000071180cfe478c: 00e9 ceb0 

  0x000071180cfe4790: ;   {runtime_call C1 Runtime throw_null_pointer_exception_blob}
  0x000071180cfe4790: 4307 e849 

  0x000071180cfe4794: ; ImmutableOopMap {rax=Oop [168]=Oop [184]=Oop [216]=Oop }
                      ;*athrow {reexecute=1 rethrow=0 return_oop=0}
                      ; - (reexecute) java.lang.invoke.Invokers::checkExactType@15
                      ; - java.lang.invoke.Invokers$Holder::invokeExact_MT@10
                      ; - jdk.internal.reflect.DirectMethodHandleAccessor::invokeImpl@41
                      ; - jdk.internal.reflect.DirectMethodHandleAccessor::invoke@23
                      ;   {runtime_call C1 Runtime throw_null_pointer_exception_blob}
  0x000071180cfe4794: 3450 07e8 

  0x000071180cfe4798: ; ImmutableOopMap {rax=Oop [168]=Oop [184]=Oop [192]=Oop [200]=Oop [208]=Oop }
                      ;*athrow {reexecute=1 rethrow=0 return_oop=0}
                      ; - (reexecute) java.lang.invoke.Invokers::checkExactType@15
                      ; - java.lang.invoke.LambdaForm$MH/0x0000000034146c00::invokeExact_MT@11
                      ; - jdk.internal.reflect.DirectMethodHandleAccessor::invokeImpl@72
                      ; - jdk.internal.reflect.DirectMethodHandleAccessor::invoke@23
  0x000071180cfe4798: 4434 5007 

  0x000071180cfe479c: ;   {metadata({method} {0x00007117ec467438} 'isIllegalArgument' '(Ljava/lang/RuntimeException;)Z' in 'jdk/internal/reflect/DirectMethodHandleAccessor')}
  0x000071180cfe479c: 49ba 3874 | 46ec 1771 | 0000 4c89 | 5424 0848 | c704 24ff 

  0x000071180cfe47b0: ;   {runtime_call C1 Runtime counter_overflow_blob}
  0x000071180cfe47b0: ffff ffe8 

  0x000071180cfe47b4: ; ImmutableOopMap {rax=Oop }
                      ;*synchronization entry
                      ; - jdk.internal.reflect.DirectMethodHandleAccessor::isIllegalArgument@-1
                      ; - jdk.internal.reflect.DirectMethodHandleAccessor::invoke@58
  0x000071180cfe47b4: 2886 5007 | e9c6 f8ff 

  0x000071180cfe47bc: ;   {metadata({method} {0x00007117ec467438} 'isIllegalArgument' '(Ljava/lang/RuntimeException;)Z' in 'jdk/internal/reflect/DirectMethodHandleAccessor')}
  0x000071180cfe47bc: ff49 ba38 | 7446 ec17 | 7100 004c | 8954 2408 | 48c7 0424 | ffff ffff 

  0x000071180cfe47d4: ;   {runtime_call C1 Runtime counter_overflow_blob}
  0x000071180cfe47d4: e807 8650 

  0x000071180cfe47d8: ; ImmutableOopMap {rax=Oop }
                      ;*synchronization entry
                      ; - jdk.internal.reflect.DirectMethodHandleAccessor::isIllegalArgument@-1
                      ; - jdk.internal.reflect.DirectMethodHandleAccessor::invoke@30
  0x000071180cfe47d8: 07e9 5cf9 

  0x000071180cfe47dc: ;   {metadata(nullptr)}
  0x000071180cfe47dc: ffff 48ba | 0000 0000 | 0000 0000 | b800 0f05 

  0x000071180cfe47ec: ;   {runtime_call C1 Runtime load_klass_patching_blob}
  0x000071180cfe47ec: 0ae8 ee76 

  0x000071180cfe47f0: ; ImmutableOopMap {}
                      ;*new {reexecute=1 rethrow=0 return_oop=0}
                      ; - (reexecute) jdk.internal.reflect.DirectMethodHandleAccessor::invoke@36
  0x000071180cfe47f0: 5007 e999 | f9ff ff48 

  0x000071180cfe47f8: ;   {runtime_call C1 Runtime fast_new_instance_blob}
  0x000071180cfe47f8: 8bd2 e8e1 

  0x000071180cfe47fc: ; ImmutableOopMap {}
                      ;*new {reexecute=0 rethrow=0 return_oop=0}
                      ; - jdk.internal.reflect.DirectMethodHandleAccessor::invoke@36
  0x000071180cfe47fc: 3c50 07e9 | d7f9 ffff 

  0x000071180cfe4804: ;   {metadata(nullptr)}
  0x000071180cfe4804: 48ba 0000 | 0000 0000 | 0000 b800 

  0x000071180cfe4810: ;   {runtime_call C1 Runtime load_klass_patching_blob}
  0x000071180cfe4810: 0f05 0ae8 

  0x000071180cfe4814: ; ImmutableOopMap {rbx=Oop }
                      ;*new {reexecute=1 rethrow=0 return_oop=0}
                      ; - (reexecute) jdk.internal.reflect.DirectMethodHandleAccessor::invoke@46
  0x000071180cfe4814: c876 5007 | e913 faff 

  0x000071180cfe481c: ;   {runtime_call C1 Runtime throw_null_pointer_exception_blob}
  0x000071180cfe481c: ffe8 be33 

  0x000071180cfe4820: ; ImmutableOopMap {rbx=Oop }
                      ;*new {reexecute=0 rethrow=0 return_oop=0}
                      ; - jdk.internal.reflect.DirectMethodHandleAccessor::invoke@46
  0x000071180cfe4820: 5007 488b 

  0x000071180cfe4824: ;   {runtime_call C1 Runtime fast_new_instance_init_check_blob}
  0x000071180cfe4824: d2e8 b63f 

  0x000071180cfe4828: ; ImmutableOopMap {rbx=Oop }
                      ;*new {reexecute=0 rethrow=0 return_oop=0}
                      ; - jdk.internal.reflect.DirectMethodHandleAccessor::invoke@46
  0x000071180cfe4828: 5007 e959 

  0x000071180cfe482c: ;   {metadata(nullptr)}
  0x000071180cfe482c: faff ff48 | ba00 0000 | 0000 0000 | 00b8 000f 

  0x000071180cfe483c: ;   {runtime_call C1 Runtime load_klass_patching_blob}
  0x000071180cfe483c: 050a e89d 

  0x000071180cfe4840: ; ImmutableOopMap {[224]=Oop }
                      ;*new {reexecute=1 rethrow=0 return_oop=0}
                      ; - (reexecute) jdk.internal.reflect.DirectMethodHandleAccessor::invoke@64
  0x000071180cfe4840: 7650 07e9 | 88fa ffff 

  0x000071180cfe4848: ;   {runtime_call C1 Runtime fast_new_instance_blob}
  0x000071180cfe4848: 488b d2e8 

  0x000071180cfe484c: ; ImmutableOopMap {[224]=Oop }
                      ;*new {reexecute=0 rethrow=0 return_oop=0}
                      ; - jdk.internal.reflect.DirectMethodHandleAccessor::invoke@64
  0x000071180cfe484c: 903c 5007 | e9c6 faff 

  0x000071180cfe4854: ;   {metadata(nullptr)}
  0x000071180cfe4854: ff48 ba00 | 0000 0000 | 0000 00b8 | 000f 050a 

  0x000071180cfe4864: ;   {runtime_call C1 Runtime load_klass_patching_blob}
  0x000071180cfe4864: e877 7650 

  0x000071180cfe4868: ; ImmutableOopMap {rbx=Oop }
                      ;*new {reexecute=1 rethrow=0 return_oop=0}
                      ; - (reexecute) jdk.internal.reflect.DirectMethodHandleAccessor::invoke@73
  0x000071180cfe4868: 07e9 02fb 

  0x000071180cfe486c: ;   {runtime_call C1 Runtime throw_null_pointer_exception_blob}
  0x000071180cfe486c: ffff e86d 

  0x000071180cfe4870: ; ImmutableOopMap {rbx=Oop }
                      ;*new {reexecute=0 rethrow=0 return_oop=0}
                      ; - jdk.internal.reflect.DirectMethodHandleAccessor::invoke@73
  0x000071180cfe4870: 3350 0748 

  0x000071180cfe4874: ;   {runtime_call C1 Runtime fast_new_instance_init_check_blob}
  0x000071180cfe4874: 8bd2 e865 

  0x000071180cfe4878: ; ImmutableOopMap {rbx=Oop }
                      ;*new {reexecute=0 rethrow=0 return_oop=0}
                      ; - jdk.internal.reflect.DirectMethodHandleAccessor::invoke@73
  0x000071180cfe4878: 3f50 07e9 | 48fb ffff 

  0x000071180cfe4880: ;   {metadata('java/lang/reflect/InvocationTargetException')}
  0x000071180cfe4880: 48ba a85d | 0d34 0000 | 0000 b800 

  0x000071180cfe488c: ;   {runtime_call C1 Runtime load_klass_patching_blob}
  0x000071180cfe488c: 0f05 0ae8 

  0x000071180cfe4890: ; ImmutableOopMap {rbx=Oop }
                      ;*new {reexecute=1 rethrow=0 return_oop=0}
                      ; - (reexecute) jdk.internal.reflect.DirectMethodHandleAccessor::invoke@83
  0x000071180cfe4890: 4c76 5007 | e98f fbff 

  0x000071180cfe4898: ;   {runtime_call C1 Runtime throw_null_pointer_exception_blob}
  0x000071180cfe4898: ffe8 4233 

  0x000071180cfe489c: ; ImmutableOopMap {rbx=Oop }
                      ;*new {reexecute=0 rethrow=0 return_oop=0}
                      ; - jdk.internal.reflect.DirectMethodHandleAccessor::invoke@83
  0x000071180cfe489c: 5007 488b 

  0x000071180cfe48a0: ;   {runtime_call C1 Runtime fast_new_instance_init_check_blob}
  0x000071180cfe48a0: d2e8 3a3f 

  0x000071180cfe48a4: ; ImmutableOopMap {rbx=Oop }
                      ;*new {reexecute=0 rethrow=0 return_oop=0}
                      ; - jdk.internal.reflect.DirectMethodHandleAccessor::invoke@83
  0x000071180cfe48a4: 5007 e9d5 | fbff ff49 | 8b87 e005 | 0000 49c7 | 87e0 0500 | 0000 0000 | 0049 c787 | e805 0000 
  0x000071180cfe48c4: 0000 0000 | 4881 c420 | 0100 005d 

  0x000071180cfe48d0: ;   {runtime_call C1 Runtime unwind_exception_blob}
  0x000071180cfe48d0: e90b 2450 | 07f4 f4f4 
[Stub Code]
  0x000071180cfe48d8: ;   {other}
  0x000071180cfe48d8: 0f1f 4400 

  0x000071180cfe48dc: ;   {static_stub}
  0x000071180cfe48dc: 0048 bb00 | 0000 0000 

  0x000071180cfe48e4: ;   {runtime_call nmethod}
  0x000071180cfe48e4: 0000 00e9 | fbff ffff 

  0x000071180cfe48ec: ;   {static_stub}
  0x000071180cfe48ec: 9048 bbb0 | 8a74 ee17 

  0x000071180cfe48f4: ;   {runtime_call I2C/C2I adapters}
  0x000071180cfe48f4: 7100 00e9 | ca73 4307 

  0x000071180cfe48fc: ;   {static_stub}
  0x000071180cfe48fc: 9048 bb58 | 253c ec17 

  0x000071180cfe4904: ;   {runtime_call I2C/C2I adapters}
  0x000071180cfe4904: 7100 00e9 | b2e3 4207 

  0x000071180cfe490c: ;   {static_stub}
  0x000071180cfe490c: 9048 bb00 | 0000 0000 

  0x000071180cfe4914: ;   {runtime_call nmethod}
  0x000071180cfe4914: 0000 00e9 | fbff ffff 

  0x000071180cfe491c: ;   {static_stub}
  0x000071180cfe491c: 9048 bb00 | 0000 0000 

  0x000071180cfe4924: ;   {runtime_call nmethod}
  0x000071180cfe4924: 0000 00e9 | fbff ffff 

  0x000071180cfe492c: ;   {static_stub}
  0x000071180cfe492c: 9048 bb00 | 0000 0000 

  0x000071180cfe4934: ;   {runtime_call nmethod}
  0x000071180cfe4934: 0000 00e9 | fbff ffff 

  0x000071180cfe493c: ;   {static_stub}
  0x000071180cfe493c: 9048 bb00 | 0000 0000 

  0x000071180cfe4944: ;   {runtime_call nmethod}
  0x000071180cfe4944: 0000 00e9 | fbff ffff 

  0x000071180cfe494c: ;   {static_stub}
  0x000071180cfe494c: 9048 bbc0 | 5c52 ec17 

  0x000071180cfe4954: ;   {runtime_call I2C/C2I adapters}
  0x000071180cfe4954: 7100 00e9 | da00 4407 

  0x000071180cfe495c: ;   {static_stub}
  0x000071180cfe495c: 48bb 0000 | 0000 0000 

  0x000071180cfe4964: ;   {runtime_call nmethod}
  0x000071180cfe4964: 0000 e9fb 

  0x000071180cfe4968: ;   {static_stub}
  0x000071180cfe4968: ffff ff48 | bb00 0000 | 0000 0000 

  0x000071180cfe4974: ;   {runtime_call nmethod}
  0x000071180cfe4974: 00e9 fbff 

  0x000071180cfe4978: ;   {static_stub}
  0x000071180cfe4978: ffff 48bb | 0000 0000 | 0000 0000 

  0x000071180cfe4984: ;   {runtime_call nmethod}
  0x000071180cfe4984: e9fb ffff 

  0x000071180cfe4988: ;   {static_stub}
  0x000071180cfe4988: ff48 bb00 | 0000 0000 

  0x000071180cfe4990: ;   {runtime_call nmethod}
  0x000071180cfe4990: 0000 00e9 | fbff ffff 

  0x000071180cfe4998: ;   {static_stub}
  0x000071180cfe4998: 48bb 0000 | 0000 0000 

  0x000071180cfe49a0: ;   {runtime_call nmethod}
  0x000071180cfe49a0: 0000 e9fb 

  0x000071180cfe49a4: ;   {static_stub}
  0x000071180cfe49a4: ffff ff48 | bb00 0000 | 0000 0000 

  0x000071180cfe49b0: ;   {runtime_call nmethod}
  0x000071180cfe49b0: 00e9 fbff 

  0x000071180cfe49b4: ;   {static_stub}
  0x000071180cfe49b4: ffff 48bb | 0000 0000 | 0000 0000 

  0x000071180cfe49c0: ;   {runtime_call nmethod}
  0x000071180cfe49c0: e9fb ffff 

  0x000071180cfe49c4: ;   {static_stub}
  0x000071180cfe49c4: ff48 bb00 | 0000 0000 

  0x000071180cfe49cc: ;   {runtime_call nmethod}
  0x000071180cfe49cc: 0000 00e9 | fbff ffff 
[Exception Handler]
  0x000071180cfe49d4: ;   {runtime_call C1 Runtime handle_exception_from_callee_blob}
  0x000071180cfe49d4: e807 5050 

  0x000071180cfe49d8: ;   {external_word}
  0x000071180cfe49d8: 0748 bf3c | 7796 2718 | 7100 0048 

  0x000071180cfe49e4: ;   {runtime_call MacroAssembler::debug64(char*, long, long*)}
  0x000071180cfe49e4: 83e4 f0e8 | d45b 351a 

  0x000071180cfe49ec: ;   {section_word}
  0x000071180cfe49ec: f449 baed | 49fe 0c18 | 7100 0041 

  0x000071180cfe49f8: ;   {runtime_call DeoptimizationBlob}
  0x000071180cfe49f8: 52e9 62b1 

  0x000071180cfe49fc: ;   {section_word}
  0x000071180cfe49fc: 4307 49ba | fe49 fe0c | 1871 0000 

  0x000071180cfe4a08: ;   {runtime_call DeoptimizationBlob}
  0x000071180cfe4a08: 4152 e951 | b143 07f4 
[/MachCode]


Compiled method (c1) 4572 1105       3       java.lang.reflect.Method::invoke (108 bytes)
 total in heap  [0x000071180cfe1f08,0x000071180cfe26f8] = 2032
 main code      [0x000071180cfe2000,0x000071180cfe2668] = 1640
 stub code      [0x000071180cfe2668,0x000071180cfe26f8] = 144
 mutable data [0x00007117d06a0060,0x00007117d06a0138] = 216
 relocation     [0x00007117d06a0060,0x00007117d06a0120] = 192
 metadata       [0x00007117d06a0120,0x00007117d06a0138] = 24
 immutable data [0x00007117d069fea0,0x00007117d06a0058] = 440
 dependencies   [0x00007117d069fea0,0x00007117d069fea8] = 8
 nul chk table  [0x00007117d069fea8,0x00007117d069fec8] = 32
 scopes pcs     [0x00007117d069fec8,0x00007117d069ff98] = 208
 scopes data    [0x00007117d069ff98,0x00007117d06a0058] = 192

[Constant Pool (empty)]

[MachCode]
[Instructions begin]
  0x000071180cfe2000: 660f 1f84 | 0000 0000 | 0066 0f1f | 8400 0000 | 0000 448b | 5608 443b 

  0x000071180cfe2018: ;   {runtime_call Shared Runtime ic_miss_blob}
  0x000071180cfe2018: 5008 0f85 | c0b3 4307 
[Verified Entry Point]
  0x000071180cfe2020: 8984 2400 | c0fe ff55 | 4881 ec80 | 0000 0090 | 4181 7f20 | 0700 0000 

  0x000071180cfe2038: ;   {runtime_call Stub::method_entry_barrier}
  0x000071180cfe2038: 7405 e8e1 | 2e42 0748 | 8974 2448 | 4889 5424 

  0x000071180cfe2048: ;   {metadata(method data for {method} {0x00007117ec066808} 'invoke' '(Ljava/lang/Object;[Ljava/lang/Object;)Ljava/lang/Object;' in 'java/lang/reflect/Method')}
  0x000071180cfe2048: 5048 bff0 | fcbc ec17 | 7100 008b | 9f90 0000 | 0083 c302 | 899f 9000 | 0000 81e3 | fe07 0000 
  0x000071180cfe2068: 85db 0f84 | 4f05 0000 | 4889 4c24 | 5848 8bfe 

  0x000071180cfe2078: ;   {metadata(method data for {method} {0x00007117ec066808} 'invoke' '(Ljava/lang/Object;[Ljava/lang/Object;)Ljava/lang/Object;' in 'java/lang/reflect/Method')}
  0x000071180cfe2078: 48bb f0fc | bcec 1771 | 0000 4883 | 83d8 0000 | 0001 488b | fe48 8bf7 | 0f1f 8000 

  0x000071180cfe2094: ;   {optimized virtual_call}
  0x000071180cfe2094: 0000 00e8 

  0x000071180cfe2098: ; ImmutableOopMap {[72]=Oop [80]=Oop [88]=Oop }
                      ;*invokevirtual isCallerSensitive {reexecute=0 rethrow=0 return_oop=0}
                      ; - java.lang.reflect.Method::invoke@1
  0x000071180cfe2098: 04ef ffff 

  0x000071180cfe209c: ;   {post_call_nop}
  0x000071180cfe209c: 0f1f 8400 | 9401 0000 | 488b 7424 | 480f be7e 

  0x000071180cfe20ac: ;   {metadata(method data for {method} {0x00007117ec066808} 'invoke' '(Ljava/lang/Object;[Ljava/lang/Object;)Ljava/lang/Object;' in 'java/lang/reflect/Method')}
  0x000071180cfe20ac: 0c85 ff48 | bff0 fcbc | ec17 7100 | 00bb 0801 | 0000 7405 | bb18 0100 | 0048 8b14 | 1f48 8d52 
  0x000071180cfe20cc: 0148 8914 | 1f0f 843d | 0000 0085 

  0x000071180cfe20d8: ;   {metadata(method data for {method} {0x00007117ec066808} 'invoke' '(Ljava/lang/Object;[Ljava/lang/Object;)Ljava/lang/Object;' in 'java/lang/reflect/Method')}
  0x000071180cfe20d8: c048 bff0 | fcbc ec17 | 7100 00bb | 3801 0000 | 7505 bb28 | 0100 0048 | 8b14 1f48 | 8d52 0148 
  0x000071180cfe20f8: 8914 1f0f | 8513 0000 

  0x000071180cfe2100: ;   {oop(nullptr)}
  0x000071180cfe2100: 0048 bf00 | 0000 0000 | 0000 0089 | 4424 60e9 | 3000 0000 | 8944 2460 

  0x000071180cfe2118: ;   {metadata(method data for {method} {0x00007117ec066808} 'invoke' '(Ljava/lang/Object;[Ljava/lang/Object;)Ljava/lang/Object;' in 'java/lang/reflect/Method')}
  0x000071180cfe2118: 48bf f0fc | bcec 1771 | 0000 4883 | 8748 0100 | 0001 0f1f 

  0x000071180cfe212c: ;   {static_call}
  0x000071180cfe212c: 4400 00e8 

  0x000071180cfe2130: ; ImmutableOopMap {[72]=Oop [80]=Oop [88]=Oop }
                      ;*invokestatic getCallerClass {reexecute=0 rethrow=0 return_oop=0}
                      ; - java.lang.reflect.Method::invoke@19
  0x000071180cfe2130: 5cda 9b07 

  0x000071180cfe2134: ;   {post_call_nop}
  0x000071180cfe2134: 0f1f 8400 | 2c02 0001 | 488b f848 | 8b74 2448 | 0fbe 560c 

  0x000071180cfe2148: ;   {metadata(method data for {method} {0x00007117ec066808} 'invoke' '(Ljava/lang/Object;[Ljava/lang/Object;)Ljava/lang/Object;' in 'java/lang/reflect/Method')}
  0x000071180cfe2148: 85d2 48ba | f0fc bcec | 1771 0000 | b968 0100 | 0074 05b9 | 5801 0000 | 4c8b 040a | 4d8d 4001 
  0x000071180cfe2168: 4c89 040a | 0f84 0a00 | 0000 4889 | 7c24 68e9 | 2502 0000 | 8b4e 1c44 

  0x000071180cfe2180: ;   {metadata(method data for {method} {0x00007117ec066808} 'invoke' '(Ljava/lang/Object;[Ljava/lang/Object;)Ljava/lang/Object;' in 'java/lang/reflect/Method')}
  0x000071180cfe2180: 8b4e 5048 | baf0 fcbc | ec17 7100 | 0048 8382 | 7801 0000 

  0x000071180cfe2194: ;   {metadata(method data for {method} {0x00007117ec2703b0} 'isStatic' '(I)Z' in 'java/lang/reflect/Modifier')}
  0x000071180cfe2194: 0148 bab8 | 0c8b ec17 | 7100 0044 | 8b82 9000 | 0000 4183 | c002 4489 | 8290 0000 | 0041 81e0 
  0x000071180cfe21b4: feff 1f00 | 4585 c00f | 841f 0400 | 0049 8bd1 | 83e2 0885 

  0x000071180cfe21c8: ;   {metadata(method data for {method} {0x00007117ec2703b0} 'isStatic' '(I)Z' in 'java/lang/reflect/Modifier')}
  0x000071180cfe21c8: d248 bab8 | 0c8b ec17 | 7100 0041 | b8d8 0000 | 0074 0641 | b8e8 0000 | 004a 8b1c | 0248 8d5b 
  0x000071180cfe21e8: 014a 891c | 020f 841a 

  0x000071180cfe21f0: ;   {metadata(method data for {method} {0x00007117ec2703b0} 'isStatic' '(I)Z' in 'java/lang/reflect/Modifier')}
  0x000071180cfe21f0: 0000 0048 | bab8 0c8b | ec17 7100 | 00ff 82f8 | 0000 00ba | 0100 0000 | e905 0000 | 00ba 0000 
  0x000071180cfe2210: 0000 83e2 

  0x000071180cfe2214: ;   {metadata(method data for {method} {0x00007117ec066808} 'invoke' '(Ljava/lang/Object;[Ljava/lang/Object;)Ljava/lang/Object;' in 'java/lang/reflect/Method')}
  0x000071180cfe2214: 0185 d248 | baf0 fcbc | ec17 7100 | 0041 b888 | 0100 0074 | 0641 b898 | 0100 004a | 8b1c 0248 
  0x000071180cfe2234: 8d5b 014a | 891c 020f | 841f 0000 

  0x000071180cfe2240: ;   {metadata(method data for {method} {0x00007117ec066808} 'invoke' '(Ljava/lang/Object;[Ljava/lang/Object;)Ljava/lang/Object;' in 'java/lang/reflect/Method')}
  0x000071180cfe2240: 0048 baf0 | fcbc ec17 | 7100 00ff | 82a8 0100 

  0x000071180cfe2250: ;   {oop(nullptr)}
  0x000071180cfe2250: 0049 b800 | 0000 0000 | 0000 00e9 | 9a00 0000 | 488b 5424 | 5048 3b02 

  0x000071180cfe2268: ;   {metadata(method data for {method} {0x00007117ec066808} 'invoke' '(Ljava/lang/Object;[Ljava/lang/Object;)Ljava/lang/Object;' in 'java/lang/reflect/Method')}
  0x000071180cfe2268: 4c8b c248 | bbf0 fcbc | ec17 7100 | 0045 8b40 | 084c 3b83 | c801 0000 | 750d 4883 | 83d0 0100 
  0x000071180cfe2288: 0001 e960 | 0000 004c | 3b83 d801 | 0000 750d | 4883 83e0 | 0100 0001 | e94a 0000 | 0048 83bb 
  0x000071180cfe22a8: c801 0000 | 0075 174c | 8983 c801 | 0000 48c7 | 83d0 0100 | 0001 0000 | 00e9 2900 | 0000 4883 
  0x000071180cfe22c8: bbd8 0100 | 0000 7517 | 4c89 83d8 | 0100 0048 | c783 e001 | 0000 0100 | 0000 e908 | 0000 0048 
  0x000071180cfe22e8: 8383 c001 | 0000 0144 | 8b42 084d | 8b40 704d | 8b00 488b 

  0x000071180cfe22fc: ;   {metadata(method data for {method} {0x00007117ec066808} 'invoke' '(Ljava/lang/Object;[Ljava/lang/Object;)Ljava/lang/Object;' in 'java/lang/reflect/Method')}
  0x000071180cfe22fc: de48 b8f0 | fcbc ec17 | 7100 008b | 5b08 483b | 98f8 0100 | 0075 0d48 | 8380 0002 | 0000 01e9 
  0x000071180cfe231c: 6000 0000 | 483b 9808 | 0200 0075 | 0d48 8380 | 1002 0000 | 01e9 4a00 | 0000 4883 | b8f8 0100 
  0x000071180cfe233c: 0000 7517 | 4889 98f8 | 0100 0048 | c780 0002 | 0000 0100 | 0000 e929 | 0000 0048 | 83b8 0802 
  0x000071180cfe235c: 0000 0075 | 1748 8998 | 0802 0000 | 48c7 8010 | 0200 0001 | 0000 00e9 | 0800 0000 | 4883 80f0 
  0x000071180cfe237c: 0100 0001 | 488b d748 | 8bc6 488b | f048 897c 

  0x000071180cfe238c: ;   {optimized virtual_call}
  0x000071180cfe238c: 2468 90e8 

  0x000071180cfe2390: ; ImmutableOopMap {[72]=Oop [80]=Oop [88]=Oop [104]=Oop }
                      ;*invokevirtual checkAccess {reexecute=0 rethrow=0 return_oop=0}
                      ; - java.lang.reflect.Method::invoke@60
  0x000071180cfe2390: 0cc6 ffff 

  0x000071180cfe2394: ;   {post_call_nop}
  0x000071180cfe2394: 0f1f 8400 | 8c04 0002 | 488b 7424 | 488b 7e48 

  0x000071180cfe23a4: ;   {metadata(method data for {method} {0x00007117ec066808} 'invoke' '(Ljava/lang/Object;[Ljava/lang/Object;)Ljava/lang/Object;' in 'java/lang/reflect/Method')}
  0x000071180cfe23a4: 4885 ff48 | bbf0 fcbc | ec17 7100 | 00b8 2002 | 0000 7505 | b830 0200 | 0048 8b14 | 0348 8d52 
  0x000071180cfe23c4: 0148 8914 | 030f 8528 | 0000 0048 

  0x000071180cfe23d0: ;   {metadata(method data for {method} {0x00007117ec066808} 'invoke' '(Ljava/lang/Object;[Ljava/lang/Object;)Ljava/lang/Object;' in 'java/lang/reflect/Method')}
  0x000071180cfe23d0: 8bfe 48bb | f0fc bcec | 1771 0000 | 4883 8340 | 0200 0001 

  0x000071180cfe23e4: ;   {optimized virtual_call}
  0x000071180cfe23e4: 6666 90e8 

  0x000071180cfe23e8: ; ImmutableOopMap {[80]=Oop [88]=Oop [104]=Oop }
                      ;*invokevirtual acquireMethodAccessor {reexecute=0 rethrow=0 return_oop=0}
                      ; - java.lang.reflect.Method::invoke@75
  0x000071180cfe23e8: cd02 0000 

  0x000071180cfe23ec: ;   {post_call_nop}
  0x000071180cfe23ec: 0f1f 8400 | e404 0003 | 488b f88b | 4424 6085 

  0x000071180cfe23fc: ;   {metadata(method data for {method} {0x00007117ec066808} 'invoke' '(Ljava/lang/Object;[Ljava/lang/Object;)Ljava/lang/Object;' in 'java/lang/reflect/Method')}
  0x000071180cfe23fc: c048 baf0 | fcbc ec17 | 7100 00b9 | 7002 0000 | 7405 b980 | 0200 004c | 8b04 0a4d | 8d40 014c 
  0x000071180cfe241c: 8904 0a0f | 84da 0000 | 004c 8b44 | 2468 483b | 0748 8bd7 

  0x000071180cfe2430: ;   {metadata(method data for {method} {0x00007117ec066808} 'invoke' '(Ljava/lang/Object;[Ljava/lang/Object;)Ljava/lang/Object;' in 'java/lang/reflect/Method')}
  0x000071180cfe2430: 48b9 f0fc | bcec 1771 | 0000 8b52 | 0848 3b91 | 9802 0000 | 750d 4883 | 81a0 0200 | 0001 e960 
  0x000071180cfe2450: 0000 0048 | 3b91 a802 | 0000 750d | 4883 81b0 | 0200 0001 | e94a 0000 | 0048 83b9 | 9802 0000 
  0x000071180cfe2470: 0075 1748 | 8991 9802 | 0000 48c7 | 81a0 0200 | 0001 0000 | 00e9 2900 | 0000 4883 | b9a8 0200 
  0x000071180cfe2490: 0000 7517 | 4889 91a8 | 0200 0048 | c781 b002 | 0000 0100 | 0000 e908 | 0000 0048 | 8381 9002 
  0x000071180cfe24b0: 0000 0148 | 8b54 2450 | 488b 4c24 | 5848 8bf7 | 0f1f 4400 | 0048 b8c0 | 026a d017 

  0x000071180cfe24cc: ;   {virtual_call}
  0x000071180cfe24cc: 7100 00e8 

  0x000071180cfe24d0: ; ImmutableOopMap {}
                      ;*invokeinterface invoke {reexecute=0 rethrow=0 return_oop=0}
                      ; - java.lang.reflect.Method::invoke@90
  0x000071180cfe24d0: 0cb5 4307 

  0x000071180cfe24d4: ;   {post_call_nop}
  0x000071180cfe24d4: 0f1f 8400 | cc05 0004 

  0x000071180cfe24dc: ;   {metadata(method data for {method} {0x00007117ec066808} 'invoke' '(Ljava/lang/Object;[Ljava/lang/Object;)Ljava/lang/Object;' in 'java/lang/reflect/Method')}
  0x000071180cfe24dc: 48ba f0fc | bcec 1771 | 0000 ff82 | c002 0000 | 4881 c480 | 0000 005d 

  0x000071180cfe24f4: ;   {poll_return}
  0x000071180cfe24f4: 493b 6728 | 0f87 0d01 | 0000 c348 | 8b4c 2458 | 488b 5424 | 5048 3b07 

  0x000071180cfe250c: ;   {metadata(method data for {method} {0x00007117ec066808} 'invoke' '(Ljava/lang/Object;[Ljava/lang/Object;)Ljava/lang/Object;' in 'java/lang/reflect/Method')}
  0x000071180cfe250c: 488b f748 | bbf0 fcbc | ec17 7100 | 008b 7608 | 483b b3e0 | 0200 0075 | 0d48 8383 | e802 0000 
  0x000071180cfe252c: 01e9 6000 | 0000 483b | b3f0 0200 | 0075 0d48 | 8383 f802 | 0000 01e9 | 4a00 0000 | 4883 bbe0 
  0x000071180cfe254c: 0200 0000 | 7517 4889 | b3e0 0200 | 0048 c783 | e802 0000 | 0100 0000 | e929 0000 | 0048 83bb 
  0x000071180cfe256c: f002 0000 | 0075 1748 | 89b3 f002 | 0000 48c7 | 83f8 0200 | 0001 0000 | 00e9 0800 | 0000 4883 
  0x000071180cfe258c: 83d8 0200 | 0001 488b | f748 b8e8 | 026a d017 

  0x000071180cfe259c: ;   {virtual_call}
  0x000071180cfe259c: 7100 00e8 

  0x000071180cfe25a0: ; ImmutableOopMap {}
                      ;*invokeinterface invoke {reexecute=0 rethrow=0 return_oop=0}
                      ; - java.lang.reflect.Method::invoke@102
  0x000071180cfe25a0: 6e07 0000 

  0x000071180cfe25a4: ;   {post_call_nop}
  0x000071180cfe25a4: 0f1f 8400 | 9c06 0005 | 4881 c480 | 0000 005d 

  0x000071180cfe25b4: ;   {poll_return}
  0x000071180cfe25b4: 493b 6728 | 0f87 6800 

  0x000071180cfe25bc: ;   {metadata({method} {0x00007117ec066808} 'invoke' '(Ljava/lang/Object;[Ljava/lang/Object;)Ljava/lang/Object;' in 'java/lang/reflect/Method')}
  0x000071180cfe25bc: 0000 c349 | ba08 6806 | ec17 7100 | 004c 8954 | 2408 48c7 | 0424 ffff 

  0x000071180cfe25d4: ;   {runtime_call C1 Runtime counter_overflow_blob}
  0x000071180cfe25d4: ffff e805 

  0x000071180cfe25d8: ; ImmutableOopMap {rsi=Oop rdx=Oop rcx=Oop [72]=Oop [80]=Oop }
                      ;*synchronization entry
                      ; - java.lang.reflect.Method::invoke@-1
  0x000071180cfe25d8: a850 07e9 | 90fa ffff 

  0x000071180cfe25e0: ;   {metadata({method} {0x00007117ec2703b0} 'isStatic' '(I)Z' in 'java/lang/reflect/Modifier')}
  0x000071180cfe25e0: 49ba b003 | 27ec 1771 | 0000 4c89 | 5424 0848 | c704 24ff 

  0x000071180cfe25f4: ;   {runtime_call C1 Runtime counter_overflow_blob}
  0x000071180cfe25f4: ffff ffe8 

  0x000071180cfe25f8: ; ImmutableOopMap {rdi=Oop rsi=Oop rcx=Oop [72]=Oop [80]=Oop [88]=Oop }
                      ;*synchronization entry
                      ; - java.lang.reflect.Modifier::isStatic@-1
                      ; - java.lang.reflect.Method::invoke@42
  0x000071180cfe25f8: e4a7 5007 | e9c0 fbff 

  0x000071180cfe2600: ;   {runtime_call C1 Runtime throw_null_pointer_exception_blob}
  0x000071180cfe2600: ffe8 da55 

  0x000071180cfe2604: ; ImmutableOopMap {rdi=Oop rsi=Oop rcx=Oop rdx=Oop [72]=Oop [80]=Oop [88]=Oop }
                      ;*invokevirtual getClass {reexecute=0 rethrow=0 return_oop=0}
                      ; - java.lang.reflect.Method::invoke@53
                      ;   {runtime_call C1 Runtime throw_null_pointer_exception_blob}
  0x000071180cfe2604: 5007 e8d5 

  0x000071180cfe2608: ; ImmutableOopMap {rdi=Oop r8=Oop [80]=Oop [88]=Oop }
                      ;*invokeinterface invoke {reexecute=0 rethrow=0 return_oop=0}
                      ; - java.lang.reflect.Method::invoke@90
                      ;   {internal_word}
  0x000071180cfe2608: 5550 0749 | baf4 24fe | 0c18 7100 | 004d 8997 | 3805 0000 

  0x000071180cfe261c: ;   {runtime_call SafepointBlob}
  0x000071180cfe261c: e93f d243 

  0x000071180cfe2620: ;   {runtime_call C1 Runtime throw_null_pointer_exception_blob}
  0x000071180cfe2620: 07e8 ba55 

  0x000071180cfe2624: ; ImmutableOopMap {rdx=Oop rcx=Oop rdi=Oop [80]=Oop }
                      ;*invokeinterface invoke {reexecute=0 rethrow=0 return_oop=0}
                      ; - java.lang.reflect.Method::invoke@102
                      ;   {internal_word}
  0x000071180cfe2624: 5007 49ba | b425 fe0c | 1871 0000 | 4d89 9738 

  0x000071180cfe2634: ;   {runtime_call SafepointBlob}
  0x000071180cfe2634: 0500 00e9 | 24d2 4307 | 498b 87e0 | 0500 0049 | c787 e005 | 0000 0000 | 0000 49c7 | 87e8 0500 
  0x000071180cfe2654: 0000 0000 | 0048 81c4 | 8000 0000 

  0x000071180cfe2660: ;   {runtime_call C1 Runtime unwind_exception_blob}
  0x000071180cfe2660: 5de9 7a46 | 5007 f4f4 
[Stub Code]
  0x000071180cfe2668: ;   {other}
  0x000071180cfe2668: 0f1f 4400 

  0x000071180cfe266c: ;   {static_stub}
  0x000071180cfe266c: 0048 bb00 | 0000 0000 

  0x000071180cfe2674: ;   {runtime_call nmethod}
  0x000071180cfe2674: 0000 00e9 | fbff ffff 

  0x000071180cfe267c: ;   {static_stub}
  0x000071180cfe267c: 9048 bb00 | 0000 0000 

  0x000071180cfe2684: ;   {runtime_call nmethod}
  0x000071180cfe2684: 0000 00e9 | fbff ffff 

  0x000071180cfe268c: ;   {static_stub}
  0x000071180cfe268c: 48bb 0000 | 0000 0000 

  0x000071180cfe2694: ;   {runtime_call nmethod}
  0x000071180cfe2694: 0000 e9fb 

  0x000071180cfe2698: ;   {static_stub}
  0x000071180cfe2698: ffff ff48 | bb00 0000 | 0000 0000 

  0x000071180cfe26a4: ;   {runtime_call nmethod}
  0x000071180cfe26a4: 00e9 fbff 

  0x000071180cfe26a8: ;   {static_stub}
  0x000071180cfe26a8: ffff 48bb | 0000 0000 | 0000 0000 

  0x000071180cfe26b4: ;   {runtime_call nmethod}
  0x000071180cfe26b4: e9fb ffff 

  0x000071180cfe26b8: ;   {static_stub}
  0x000071180cfe26b8: ff48 bb20 | 6e06 ec17 

  0x000071180cfe26c0: ;   {runtime_call I2C/C2I adapters}
  0x000071180cfe26c0: 7100 00e9 | 6ac5 4307 
[Exception Handler]
  0x000071180cfe26c8: ;   {runtime_call C1 Runtime handle_exception_from_callee_blob}
  0x000071180cfe26c8: e813 7350 

  0x000071180cfe26cc: ;   {external_word}
  0x000071180cfe26cc: 0748 bf3c | 7796 2718 | 7100 0048 

  0x000071180cfe26d8: ;   {runtime_call MacroAssembler::debug64(char*, long, long*)}
  0x000071180cfe26d8: 83e4 f0e8 | e07e 351a 

  0x000071180cfe26e0: ;   {section_word}
  0x000071180cfe26e0: f449 bae1 | 26fe 0c18 | 7100 0041 

  0x000071180cfe26ec: ;   {runtime_call DeoptimizationBlob}
  0x000071180cfe26ec: 52e9 6ed4 | 4307 f4f4 | f4f4 f4f4 
[/MachCode]


Compiled method (c1) 4581  482       3       java.lang.invoke.DirectMethodHandle$Holder::invokeStatic (15 bytes)
 total in heap  [0x000071180cf1f708,0x000071180cf1fbc8] = 1216
 main code      [0x000071180cf1f800,0x000071180cf1fb78] = 888
 stub code      [0x000071180cf1fb78,0x000071180cf1fbc8] = 80
 mutable data [0x00007117d00a7800,0x00007117d00a7870] = 112
 relocation     [0x00007117d00a7800,0x00007117d00a7860] = 96
 metadata       [0x00007117d00a7860,0x00007117d00a7870] = 16
 immutable data [0x00007117d00a7720,0x00007117d00a77f0] = 208
 dependencies   [0x00007117d00a7720,0x00007117d00a7728] = 8
 nul chk table  [0x00007117d00a7728,0x00007117d00a7738] = 16
 scopes pcs     [0x00007117d00a7738,0x00007117d00a77a8] = 112
 scopes data    [0x00007117d00a77a8,0x00007117d00a77f0] = 72

[Constant Pool (empty)]

[MachCode]
[Verified Entry Point]
  # {method} {0x00007117ec357ba0} 'invokeStatic' '(Ljava/lang/Object;Ljava/lang/Object;Ljava/lang/Object;)Ljava/lang/Object;' in 'java/lang/invoke/DirectMethodHandle$Holder'
  # parm0:    rsi:rsi   = 'java/lang/Object'
  # parm1:    rdx:rdx   = 'java/lang/Object'
  # parm2:    rcx:rcx   = 'java/lang/Object'
  #           [sp+0x50]  (sp of caller)
  0x000071180cf1f800: e95b 6a4b | 07fe ff55 | 4883 ec40 | 4181 7f20 | 0700 0000 

  0x000071180cf1f814: ;   {runtime_call Stub::method_entry_barrier}
  0x000071180cf1f814: 7405 e805 

  0x000071180cf1f818: ;   {metadata(method data for {method} {0x00007117ec357ba0} 'invokeStatic' '(Ljava/lang/Object;Ljava/lang/Object;Ljava/lang/Object;)Ljava/lang/Object;' in 'java/lang/invoke/DirectMethodHandle$Holder')}
  0x000071180cf1f818: 574e 0748 | bfe0 9c8c | ec17 7100 | 0048 8dbf | e001 0000 | 4885 f675 | 0cf6 0701 | 7522 f048 
  0x000071180cf1f838: 830f 01eb | 1b8b 5e08 | 4c8b d348 | 331f 48f7 | c3fc ffff | ff74 09f6 | c302 7504 | 4883 0f02 
  0x000071180cf1f858: 4885 d275 | 0ef6 4710 | 0175 25f0 | 4883 4f10 | 01eb 1d8b | 5a08 4c8b | d348 335f | 1048 f7c3 
  0x000071180cf1f878: fcff ffff | 740a f6c3 | 0275 0548 | 834f 1002 

  0x000071180cf1f888: ;   {metadata(method data for {method} {0x00007117ec357ba0} 'invokeStatic' '(Ljava/lang/Object;Ljava/lang/Object;Ljava/lang/Object;)Ljava/lang/Object;' in 'java/lang/invoke/DirectMethodHandle$Holder')}
  0x000071180cf1f888: 48bf e09c | 8cec 1771 | 0000 8b9f | 9000 0000 | 83c3 0289 | 9f90 0000 | 0081 e3fe | 0700 0085 
  0x000071180cf1f8a8: db0f 843b 

  0x000071180cf1f8ac: ;   {metadata(method data for {method} {0x00007117ec357ba0} 'invokeStatic' '(Ljava/lang/Object;Ljava/lang/Object;Ljava/lang/Object;)Ljava/lang/Object;' in 'java/lang/invoke/DirectMethodHandle$Holder')}
  0x000071180cf1f8ac: 0200 0048 | bfe0 9c8c | ec17 7100 | 0048 8dbf | e800 0000 | 4885 f675 | 0ef6 4708 | 0175 25f0 
  0x000071180cf1f8cc: 4883 4f08 | 01eb 1d8b | 5e08 4c8b | d348 335f | 0848 f7c3 | fcff ffff | 740a f6c3 | 0275 0548 
  0x000071180cf1f8ec: 834f 0802 

  0x000071180cf1f8f0: ;   {metadata(method data for {method} {0x00007117ec357ba0} 'invokeStatic' '(Ljava/lang/Object;Ljava/lang/Object;Ljava/lang/Object;)Ljava/lang/Object;' in 'java/lang/invoke/DirectMethodHandle$Holder')}
  0x000071180cf1f8f0: 48bf e09c | 8cec 1771 | 0000 4883 | 87d8 0000 

  0x000071180cf1f900: ;   {metadata(method data for {method} {0x00007117ec079a70} 'internalMemberName' '(Ljava/lang/Object;)Ljava/lang/Object;' in 'java/lang/invoke/DirectMethodHandle')}
  0x000071180cf1f900: 0001 48bf | b006 8bec | 1771 0000 | 8b9f 9000 | 0000 83c3 | 0289 9f90 | 0000 0081 | e3fe ff1f 
  0x000071180cf1f920: 0085 db0f | 84e2 0100 | 0048 85f6 

  0x000071180cf1f92c: ;   {metadata(method data for {method} {0x00007117ec079a70} 'internalMemberName' '(Ljava/lang/Object;)Ljava/lang/Object;' in 'java/lang/invoke/DirectMethodHandle')}
  0x000071180cf1f92c: 48bb b006 | 8bec 1771 | 0000 750c | 808b d100 | 0000 01e9 | 9500 0000 | 8b46 0848 | 3b83 e000 
  0x000071180cf1f94c: 0000 750d | 4883 83e8 | 0000 0001 | e960 0000 | 0048 3b83 | f000 0000 | 750d 4883 | 83f8 0000 
  0x000071180cf1f96c: 0001 e94a | 0000 0048 | 83bb e000 | 0000 0075 | 1748 8983 | e000 0000 | 48c7 83e8 | 0000 0001 
  0x000071180cf1f98c: 0000 00e9 | 2900 0000 | 4883 bbf0 | 0000 0000 | 7517 4889 | 83f0 0000 | 0048 c783 | f800 0000 
  0x000071180cf1f9ac: 0100 0000 | e908 0000 | 0048 8383 | d800 0000 

  0x000071180cf1f9bc: ;   {metadata('java/lang/invoke/DirectMethodHandle')}
  0x000071180cf1f9bc: 0148 b850 | cb00 3400 | 0000 008b | 5e08 483b | 4340 0f85 | 5801 0000 | e900 0000 | 008b 7e20 
  0x000071180cf1f9dc: ;   {metadata(method data for {method} {0x00007117ec357ba0} 'invokeStatic' '(Ljava/lang/Object;Ljava/lang/Object;Ljava/lang/Object;)Ljava/lang/Object;' in 'java/lang/invoke/DirectMethodHandle$Holder')}
  0x000071180cf1f9dc: 48be e09c | 8cec 1771 | 0000 488d | b6f8 0000 | 0048 85ff | 750a f606 | 0175 05f0 | 4883 0e01 
  0x000071180cf1f9fc: ;   {metadata(method data for {method} {0x00007117ec357ba0} 'invokeStatic' '(Ljava/lang/Object;Ljava/lang/Object;Ljava/lang/Object;)Ljava/lang/Object;' in 'java/lang/invoke/DirectMethodHandle$Holder')}
  0x000071180cf1f9fc: 48be e09c | 8cec 1771 | 0000 488d | b648 0100 | 0048 85d2 | 750e f646 | 0801 7525 | f048 834e 
  0x000071180cf1fa1c: 0801 eb1d | 8b5a 084c | 8bd3 4833 | 5e08 48f7 | c3fc ffff | ff74 0af6 | c302 7505 | 4883 4e08 
  0x000071180cf1fa3c: 0248 85c9 | 750e f646 | 1801 7525 | f048 834e | 1801 eb1d | 8b59 084c | 8bd3 4833 | 5e18 48f7 
  0x000071180cf1fa5c: c3fc ffff | ff74 0af6 | c302 7505 | 4883 4e18 

  0x000071180cf1fa6c: ;   {metadata(method data for {method} {0x00007117ec357ba0} 'invokeStatic' '(Ljava/lang/Object;Ljava/lang/Object;Ljava/lang/Object;)Ljava/lang/Object;' in 'java/lang/invoke/DirectMethodHandle$Holder')}
  0x000071180cf1fa6c: 0248 bee0 | 9c8c ec17 | 7100 0048 | 8386 3801 | 0000 0148 | 8bf2 488b | d148 8bcf | 0f1f 8000 
  0x000071180cf1fa8c: ;   {static_call}
  0x000071180cf1fa8c: 0000 00e8 

  0x000071180cf1fa90: ; ImmutableOopMap {}
                      ;*invokestatic linkToStatic {reexecute=0 rethrow=0 return_oop=0}
                      ; - java.lang.invoke.DirectMethodHandle$Holder::invokeStatic@11
  0x000071180cf1fa90: ec32 a407 

  0x000071180cf1fa94: ;   {post_call_nop}
  0x000071180cf1fa94: 0f1f 8400 | 8c03 0000 

  0x000071180cf1fa9c: ;   {metadata(method data for {method} {0x00007117ec357ba0} 'invokeStatic' '(Ljava/lang/Object;Ljava/lang/Object;Ljava/lang/Object;)Ljava/lang/Object;' in 'java/lang/invoke/DirectMethodHandle$Holder')}
  0x000071180cf1fa9c: 48be e09c | 8cec 1771 | 0000 488d | b668 0100 | 0048 85c0 | 750c f606 | 0175 23f0 | 4883 0e01 
  0x000071180cf1fabc: eb1c 8b78 | 084c 8bd7 | 4833 3e48 | f7c7 fcff | ffff 740a | 40f6 c702 | 7504 4883 | 0e02 4883 
  0x000071180cf1fadc: ;   {poll_return}
  0x000071180cf1fadc: c440 5d49 | 3b67 280f | 8751 0000 

  0x000071180cf1fae8: ;   {metadata({method} {0x00007117ec357ba0} 'invokeStatic' '(Ljava/lang/Object;Ljava/lang/Object;Ljava/lang/Object;)Ljava/lang/Object;' in 'java/lang/invoke/DirectMethodHandle$Holder')}
  0x000071180cf1fae8: 00c3 49ba | a07b 35ec | 1771 0000 | 4c89 5424 | 0848 c704 | 24ff ffff 

  0x000071180cf1fb00: ;   {runtime_call C1 Runtime counter_overflow_blob}
  0x000071180cf1fb00: ffe8 dad2 

  0x000071180cf1fb04: ; ImmutableOopMap {rsi=Oop rdx=Oop rcx=Oop }
                      ;*synchronization entry
                      ; - java.lang.invoke.DirectMethodHandle$Holder::invokeStatic@-1
  0x000071180cf1fb04: 5c07 e9a4 

  0x000071180cf1fb08: ;   {metadata({method} {0x00007117ec079a70} 'internalMemberName' '(Ljava/lang/Object;)Ljava/lang/Object;' in 'java/lang/invoke/DirectMethodHandle')}
  0x000071180cf1fb08: fdff ff49 | ba70 9a07 | ec17 7100 | 004c 8954 | 2408 48c7 | 0424 ffff 

  0x000071180cf1fb20: ;   {runtime_call C1 Runtime counter_overflow_blob}
  0x000071180cf1fb20: ffff e8b9 

  0x000071180cf1fb24: ; ImmutableOopMap {rsi=Oop rdx=Oop rcx=Oop }
                      ;*synchronization entry
                      ; - java.lang.invoke.DirectMethodHandle::internalMemberName@-1
                      ; - java.lang.invoke.DirectMethodHandle$Holder::invokeStatic@1
  0x000071180cf1fb24: d25c 07e9 | fdfd ffff | 4889 3424 

  0x000071180cf1fb30: ;   {runtime_call C1 Runtime throw_class_cast_exception_blob}
  0x000071180cf1fb30: e8ab a45c 

  0x000071180cf1fb34: ; ImmutableOopMap {rdx=Oop rcx=Oop }
                      ;*checkcast {reexecute=0 rethrow=0 return_oop=0}
                      ; - java.lang.invoke.DirectMethodHandle::internalMemberName@1
                      ; - java.lang.invoke.DirectMethodHandle$Holder::invokeStatic@1
                      ;   {runtime_call C1 Runtime throw_null_pointer_exception_blob}
  0x000071180cf1fb34: 07e8 a680 

  0x000071180cf1fb38: ; ImmutableOopMap {rdx=Oop rcx=Oop }
                      ;*getfield member {reexecute=1 rethrow=0 return_oop=0}
                      ; - (reexecute) java.lang.invoke.DirectMethodHandle::internalMemberName@4
                      ; - java.lang.invoke.DirectMethodHandle$Holder::invokeStatic@1
                      ;   {internal_word}
  0x000071180cf1fb38: 5c07 49ba | dffa f10c | 1871 0000 | 4d89 9738 

  0x000071180cf1fb48: ;   {runtime_call SafepointBlob}
  0x000071180cf1fb48: 0500 00e9 | 10fd 4f07 | 498b 87e0 | 0500 0049 | c787 e005 | 0000 0000 | 0000 49c7 | 87e8 0500 
  0x000071180cf1fb68: 0000 0000 | 0048 83c4 

  0x000071180cf1fb70: ;   {runtime_call C1 Runtime unwind_exception_blob}
  0x000071180cf1fb70: 405d e969 | 715c 07f4 
[Stub Code]
  0x000071180cf1fb78: ;   {static_stub}
  0x000071180cf1fb78: 48bb 0000 | 0000 0000 

  0x000071180cf1fb80: ;   {runtime_call nmethod}
  0x000071180cf1fb80: 0000 e9fb 

  0x000071180cf1fb84: ;   {runtime_call C1 Runtime handle_exception_from_callee_blob}
  0x000071180cf1fb84: ffff ffe8 | 549e 5c07 

  0x000071180cf1fb8c: ;   {external_word}
  0x000071180cf1fb8c: 48bf 3c77 | 9627 1871 | 0000 4883 

  0x000071180cf1fb98: ;   {runtime_call MacroAssembler::debug64(char*, long, long*)}
  0x000071180cf1fb98: e4f0 e821 | aa41 1af4 
[Deopt Handler Code]
  0x000071180cf1fba0: ;   {section_word}
  0x000071180cf1fba0: 49ba a0fb | f10c 1871 | 0000 4152 

  0x000071180cf1fbac: ;   {runtime_call DeoptimizationBlob}
  0x000071180cf1fbac: e9af ff4f 

  0x000071180cf1fbb0: ;   {section_word}
  0x000071180cf1fbb0: 0749 bab1 | fbf1 0c18 | 7100 0041 

  0x000071180cf1fbbc: ;   {runtime_call DeoptimizationBlob}
  0x000071180cf1fbbc: 52e9 9eff | 4f07 f4f4 | f4f4 f4f4 
[/MachCode]


---------------  P R O C E S S  ---------------

Threads class SMR info:
_java_thread_list=0x00007116cc00ac30, length=46, elements={
0x000071182002e560, 0x0000711820149180, 0x000071182014a930, 0x000071182014c360,
0x000071182014dbb0, 0x000071182014f360, 0x0000711820151090, 0x00007118201529b0,
0x000071182020e510, 0x0000711820210cb0, 0x00007117d00aea30, 0x00007118208dbef0,
0x0000711764001930, 0x00007118208dd990, 0x00007118208de940, 0x00007118208df570,
0x00007118208e0a60, 0x00007118208ec4f0, 0x00007118209249c0, 0x0000711820925d40,
0x00007118209328b0, 0x0000711780005730, 0x0000711778001130, 0x0000711780006a10,
0x0000711780007dd0, 0x00007117800092a0, 0x000071178000a780, 0x0000711820be7110,
0x000071177c022ac0, 0x000071177c3e3350, 0x000071182091e360, 0x000071178c050610,
0x0000711820c29ca0, 0x00007118209e0b40, 0x00007118209e1bd0, 0x0000711820d55c00,
0x000071171401b190, 0x00007116f4000f40, 0x0000711820f5e0e0, 0x0000711820f623a0,
0x0000711714019870, 0x00007117bc52a750, 0x00007118211de600, 0x00007118212a9590,
0x00007116cc006ab0, 0x00007116cc009a60
}

Java Threads: ( => current thread )
=>0x000071182002e560 JavaThread "main"                              [_thread_in_native, id=97859, stack(0x00007118264ee000,0x00007118265ee000) (1024K)]
  0x0000711820149180 JavaThread "Reference Handler"          daemon [_thread_blocked, id=97867, stack(0x00007117fdf00000,0x00007117fe000000) (1024K)]
  0x000071182014a930 JavaThread "Finalizer"                  daemon [_thread_blocked, id=97868, stack(0x00007117fdb00000,0x00007117fdc00000) (1024K)]
  0x000071182014c360 JavaThread "Signal Dispatcher"          daemon [_thread_blocked, id=97869, stack(0x00007117fda00000,0x00007117fdb00000) (1024K)]
  0x000071182014dbb0 JavaThread "Service Thread"             daemon [_thread_blocked, id=97870, stack(0x00007117fd900000,0x00007117fda00000) (1024K)]
  0x000071182014f360 JavaThread "Monitor Deflation Thread"   daemon [_thread_blocked, id=97871, stack(0x00007117fd800000,0x00007117fd900000) (1024K)]
  0x0000711820151090 JavaThread "C2 CompilerThread0"         daemon [_thread_blocked, id=97872, stack(0x00007117fd700000,0x00007117fd800000) (1024K)]
  0x00007118201529b0 JavaThread "C1 CompilerThread0"         daemon [_thread_blocked, id=97873, stack(0x00007117fd600000,0x00007117fd700000) (1024K)]
  0x000071182020e510 JavaThread "Notification Thread"        daemon [_thread_blocked, id=97874, stack(0x00007117fd500000,0x00007117fd600000) (1024K)]
  0x0000711820210cb0 JavaThread "Common-Cleaner"             daemon [_thread_blocked, id=97875, stack(0x00007117fd400000,0x00007117fd500000) (1024K)]
  0x00007117d00aea30 JavaThread "C2 CompilerThread1"         daemon [_thread_blocked, id=97876, stack(0x00007117fd300000,0x00007117fd400000) (1024K)]
  0x00007118208dbef0 JavaThread "Equinox resolver thread - Equinox Container: f25112f8-accb-41bc-b2f4-cd793cec1f46" daemon [_thread_blocked, id=97910, stack(0x00007117a5b6c000,0x00007117a5d6d000) (2052K)]
  0x0000711764001930 JavaThread "Equinox resolver thread - Equinox Container: f25112f8-accb-41bc-b2f4-cd793cec1f46" daemon [_thread_blocked, id=97911, stack(0x00007117a616f000,0x00007117a6370000) (2052K)]
  0x00007118208dd990 JavaThread "Equinox resolver thread - Equinox Container: f25112f8-accb-41bc-b2f4-cd793cec1f46" daemon [_thread_blocked, id=97912, stack(0x00007117a6b74000,0x00007117a6d75000) (2052K)]
  0x00007118208de940 JavaThread "Equinox resolver thread - Equinox Container: f25112f8-accb-41bc-b2f4-cd793cec1f46" daemon [_thread_blocked, id=97913, stack(0x00007117a6370000,0x00007117a6571000) (2052K)]
  0x00007118208df570 JavaThread "Equinox resolver thread - Equinox Container: f25112f8-accb-41bc-b2f4-cd793cec1f46" daemon [_thread_blocked, id=97914, stack(0x00007117a5d6d000,0x00007117a5f6e000) (2052K)]
  0x00007118208e0a60 JavaThread "Equinox resolver thread - Equinox Container: f25112f8-accb-41bc-b2f4-cd793cec1f46" daemon [_thread_blocked, id=97915, stack(0x00007117a5f6e000,0x00007117a616f000) (2052K)]
  0x00007118208ec4f0 JavaThread "Active Thread: Equinox Container: f25112f8-accb-41bc-b2f4-cd793cec1f46"        [_thread_blocked, id=97916, stack(0x00007117a6571000,0x00007117a6772000) (2052K)]
  0x00007118209249c0 JavaThread "Framework Event Dispatcher: Equinox Container: f25112f8-accb-41bc-b2f4-cd793cec1f46" daemon [_thread_blocked, id=97917, stack(0x00007117a6f76000,0x00007117a7177000) (2052K)]
  0x0000711820925d40 JavaThread "Start Level: Equinox Container: f25112f8-accb-41bc-b2f4-cd793cec1f46" daemon [_thread_blocked, id=97918, stack(0x00007117a6772000,0x00007117a6973000) (2052K)]
  0x00007118209328b0 JavaThread "Refresh Thread: Equinox Container: f25112f8-accb-41bc-b2f4-cd793cec1f46" daemon [_thread_blocked, id=97919, stack(0x00007117a6d75000,0x00007117a6f76000) (2052K)]
  0x0000711780005730 JavaThread "Equinox resolver thread - Equinox Container: f25112f8-accb-41bc-b2f4-cd793cec1f46" daemon [_thread_blocked, id=97920, stack(0x00007117a6973000,0x00007117a6b74000) (2052K)]
  0x0000711778001130 JavaThread "Equinox resolver thread - Equinox Container: f25112f8-accb-41bc-b2f4-cd793cec1f46" daemon [_thread_blocked, id=97921, stack(0x00007117a565b000,0x00007117a575b000) (1024K)]
  0x0000711780006a10 JavaThread "Equinox resolver thread - Equinox Container: f25112f8-accb-41bc-b2f4-cd793cec1f46" daemon [_thread_blocked, id=97922, stack(0x00007117a555b000,0x00007117a565b000) (1024K)]
  0x0000711780007dd0 JavaThread "Equinox resolver thread - Equinox Container: f25112f8-accb-41bc-b2f4-cd793cec1f46" daemon [_thread_blocked, id=97923, stack(0x00007117a545b000,0x00007117a555b000) (1024K)]
  0x00007117800092a0 JavaThread "Equinox resolver thread - Equinox Container: f25112f8-accb-41bc-b2f4-cd793cec1f46" daemon [_thread_blocked, id=97924, stack(0x00007117a535b000,0x00007117a545b000) (1024K)]
  0x000071178000a780 JavaThread "Equinox resolver thread - Equinox Container: f25112f8-accb-41bc-b2f4-cd793cec1f46" daemon [_thread_blocked, id=97925, stack(0x00007117a525b000,0x00007117a535b000) (1024K)]
  0x0000711820be7110 JavaThread "Bundle File Closer"         daemon [_thread_blocked, id=97935, stack(0x00007117a73fc000,0x00007117a75fd000) (2052K)]
  0x000071177c022ac0 JavaThread "SCR Component Actor"        daemon [_thread_blocked, id=97940, stack(0x00007117a4751000,0x00007117a4851000) (1024K)]
  0x000071177c3e3350 JavaThread "EMF Reference Cleaner"      daemon [_thread_blocked, id=97941, stack(0x00007117a4651000,0x00007117a4751000) (1024K)]
  0x000071182091e360 JavaThread "Gogo shell"                        [_thread_blocked, id=97942, stack(0x00007117a4551000,0x00007117a4651000) (1024K)]
  0x000071178c050610 JavaThread "Worker-JM"                         [_thread_blocked, id=97945, stack(0x00007117a4351000,0x00007117a4451000) (1024K)]
  0x0000711820c29ca0 JavaThread "Worker-0"                          [_thread_blocked, id=97946, stack(0x00007117a4451000,0x00007117a4551000) (1024K)]
  0x00007118209e0b40 JavaThread "Java2D Disposer"            daemon [_thread_blocked, id=97947, stack(0x000071170fd36000,0x000071170fe36000) (1024K)]
  0x00007118209e1bd0 JavaThread "AWT-XAWT"                   daemon [_thread_in_native, id=97948, stack(0x000071170fc36000,0x000071170fd36000) (1024K)]
  0x0000711820d55c00 JavaThread "Database navigator events processor"        [_thread_blocked, id=97949, stack(0x000071170fb36000,0x000071170fc36000) (1024K)]
  0x000071171401b190 JavaThread "Worker-2"                          [_thread_blocked, id=97950, stack(0x000071170fa36000,0x000071170fb36000) (1024K)]
  0x00007116f4000f40 JavaThread "Worker-3"                          [_thread_blocked, id=98077, stack(0x000071170dbf2000,0x000071170ddf3000) (2052K)]
  0x0000711820f5e0e0 JavaThread "idle-timeout-task"          daemon [_thread_blocked, id=98079, stack(0x000071170effc000,0x000071170f1fd000) (2052K)]
  0x0000711820f623a0 JavaThread "HTTP-Dispatcher"                   [_thread_in_native, id=98080, stack(0x000071170e7f8000,0x000071170e9f9000) (2052K)]
  0x0000711714019870 JavaThread "Worker-4"                          [_thread_blocked, id=98081, stack(0x00007117a596b000,0x00007117a5b6c000) (2052K)]
  0x00007117bc52a750 JavaThread "C2 CompilerThread2"         daemon [_thread_blocked, id=98082, stack(0x000071170e5f7000,0x000071170e7f8000) (2052K)]
  0x00007118211de600 JavaThread "SWTResourceTracker"         daemon [_thread_blocked, id=98083, stack(0x000071170ddf3000,0x000071170dff4000) (2052K)]
  0x00007118212a9590 JavaThread "EventAdmin Async Event Dispatcher Thread" daemon [_thread_blocked, id=98125, stack(0x000071170dff4000,0x000071170e1f5000) (2052K)]
  0x00007116cc006ab0 JavaThread "pool-2-thread-1"                   [_thread_blocked, id=98126, stack(0x000071170e9f9000,0x000071170ebfa000) (2052K)]
  0x00007116cc009a60 JavaThread "pool-3-thread-1"                   [_thread_blocked, id=98127, stack(0x000071170e1f5000,0x000071170e3f6000) (2052K)]
Total: 46

Other Threads:
  0x0000711820113510 VMThread "VM Thread"                           [id=97866, stack(0x000071180c08a000,0x000071180c18a000) (1024K)]
  0x00007118200d78f0 WatcherThread "VM Periodic Task Thread"        [id=97865, stack(0x000071180c18b000,0x000071180c28b000) (1024K)]
  0x0000711820071b30 WorkerThread "GC Thread#0"                     [id=97860, stack(0x0000711824300000,0x0000711824400000) (1024K)]
  0x00007117e4008520 WorkerThread "GC Thread#1"                     [id=97926, stack(0x00007117a515b000,0x00007117a525b000) (1024K)]
  0x00007117e40092d0 WorkerThread "GC Thread#2"                     [id=97927, stack(0x00007117a505a000,0x00007117a515a000) (1024K)]
  0x00007117e400a080 WorkerThread "GC Thread#3"                     [id=97928, stack(0x00007117a4f59000,0x00007117a5059000) (1024K)]
  0x00007117e4010370 WorkerThread "GC Thread#4"                     [id=97929, stack(0x00007117a4e58000,0x00007117a4f58000) (1024K)]
  0x00007117e4010f90 WorkerThread "GC Thread#5"                     [id=97930, stack(0x00007117a4d57000,0x00007117a4e57000) (1024K)]
  0x00007117e4011d40 WorkerThread "GC Thread#6"                     [id=97931, stack(0x00007117a4c56000,0x00007117a4d56000) (1024K)]
  0x00007117e4012af0 WorkerThread "GC Thread#7"                     [id=97932, stack(0x00007117a4b55000,0x00007117a4c55000) (1024K)]
  0x00007117e40138c0 WorkerThread "GC Thread#8"                     [id=97933, stack(0x00007117a4a54000,0x00007117a4b54000) (1024K)]
  0x00007117e4014ab0 WorkerThread "GC Thread#9"                     [id=97934, stack(0x00007117a4953000,0x00007117a4a53000) (1024K)]
  0x000071182007f3e0 ConcurrentGCThread "G1 Main Marker"            [id=97861, stack(0x00007118241ff000,0x00007118242ff000) (1024K)]
  0x00007118200805b0 WorkerThread "G1 Conc#0"                       [id=97862, stack(0x00007118240fe000,0x00007118241fe000) (1024K)]
  0x0000711800000ce0 WorkerThread "G1 Conc#1"                       [id=97937, stack(0x00007117a75fe000,0x00007117a77fe000) (2048K)]
  0x00007118000018c0 WorkerThread "G1 Conc#2"                       [id=97938, stack(0x00007117a4852000,0x00007117a4952000) (1024K)]
  0x00007118200ca5f0 ConcurrentGCThread "G1 Refine#0"               [id=97863, stack(0x000071180c38d000,0x000071180c48d000) (1024K)]
  0x00007118200cb7e0 ConcurrentGCThread "G1 Service"                [id=97864, stack(0x000071180c28c000,0x000071180c38c000) (1024K)]
Total: 18

Threads with active compile tasks:
Total: 0

VM state: not at safepoint (normal execution)

VM Mutex/Monitor currently owned by a thread: None

Heap address: 0x00000000c0000000, size: 1024 MB, Compressed Oops mode: 32-bit

CDS archive(s) not mapped
Compressed class space mapped at: 0x0000000034000000-0x0000000074000000, reserved size: 1073741824
UseCompressedClassPointers 1, UseCompactObjectHeaders 0
Narrow klass pointer bits 32, Max shift 3
Narrow klass base: 0x0000000000000000, Narrow klass shift: 0
Encoding Range: [0x0000000000000000 - 0x0000000100000000), (4294967296 bytes)
Klass Range:    [0x0000000034000000 - 0x0000000074000000), (1073741824 bytes)
Klass ID Range:  [872415232 - 1946157049) (1073741817)
No protection zone.

GC Precious Log:
 CardTable entry size: 512
 Card Set container configuration: InlinePtr #cards 5 size 8 Array Of Cards #cards 10 size 36 Howl #buckets 4 coarsen threshold 1843 Howl Bitmap #cards 512 size 80 coarsen threshold 460 Card regions per heap region 1 cards per card region 2048
 CPUs: 12 total, 12 available
 Memory: 15415M
 Large Page Support: Disabled
 NUMA Support: Disabled
 Compressed Oops: Enabled (32-bit)
 Heap Region Size: 1M
 Heap Min Capacity: 64M
 Heap Initial Capacity: 64M
 Heap Max Capacity: 1G
 Pre-touch: Disabled
 Parallel Workers: 10
 Concurrent Workers: 3
 Concurrent Refinement Workers: 10
 Periodic GC: Disabled

Heap:
 garbage-first heap   total reserved 1048576K, committed 143360K, used 77714K [0x00000000c0000000, 0x0000000100000000)
  region size 1024K, 42 young (43008K), 9 survivors (9216K)

Heap Regions: E=young(eden), S=young(survivor), O=old, HS=humongous(starts), HC=humongous(continues), CS=collection set, F=free, TAMS=top-at-mark-start, PB=parsable bottom
|   0|0x00000000c0000000, 0x00000000c0100000, 0x00000000c0100000|100%| O|  |TAMS 0x00000000c0000000| PB 0x00000000c0000000| Untracked |  0
|   1|0x00000000c0100000, 0x00000000c0200000, 0x00000000c0200000|100%| O|  |TAMS 0x00000000c0100000| PB 0x00000000c0100000| Untracked |  0
|   2|0x00000000c0200000, 0x00000000c0300000, 0x00000000c0300000|100%| O|  |TAMS 0x00000000c0200000| PB 0x00000000c0200000| Untracked |  0
|   3|0x00000000c0300000, 0x00000000c0400000, 0x00000000c0400000|100%| O|  |TAMS 0x00000000c0300000| PB 0x00000000c0300000| Untracked |  0
|   4|0x00000000c0400000, 0x00000000c0500000, 0x00000000c0500000|100%| O|  |TAMS 0x00000000c0400000| PB 0x00000000c0400000| Untracked |  0
|   5|0x00000000c0500000, 0x00000000c0600000, 0x00000000c0600000|100%| O|  |TAMS 0x00000000c0500000| PB 0x00000000c0500000| Untracked |  0
|   6|0x00000000c0600000, 0x00000000c0700000, 0x00000000c0700000|100%| O|  |TAMS 0x00000000c0600000| PB 0x00000000c0600000| Untracked |  0
|   7|0x00000000c0700000, 0x00000000c0800000, 0x00000000c0800000|100%| O|  |TAMS 0x00000000c0700000| PB 0x00000000c0700000| Untracked |  0
|   8|0x00000000c0800000, 0x00000000c0900000, 0x00000000c0900000|100%| O|  |TAMS 0x00000000c0800000| PB 0x00000000c0800000| Untracked |  0
|   9|0x00000000c0900000, 0x00000000c0a00000, 0x00000000c0a00000|100%| O|  |TAMS 0x00000000c0900000| PB 0x00000000c0900000| Untracked |  0
|  10|0x00000000c0a00000, 0x00000000c0b00000, 0x00000000c0b00000|100%| O|Cm|TAMS 0x00000000c0a00000| PB 0x00000000c0a00000| Complete |  0
|  11|0x00000000c0b00000, 0x00000000c0c00000, 0x00000000c0c00000|100%|HS|  |TAMS 0x00000000c0b00000| PB 0x00000000c0b00000| Complete |  0
|  12|0x00000000c0c00000, 0x00000000c0d00000, 0x00000000c0d00000|100%| O|  |TAMS 0x00000000c0c00000| PB 0x00000000c0c00000| Untracked |  0
|  13|0x00000000c0d00000, 0x00000000c0e00000, 0x00000000c0e00000|100%| O|  |TAMS 0x00000000c0d00000| PB 0x00000000c0d00000| Untracked |  0
|  14|0x00000000c0e00000, 0x00000000c0f00000, 0x00000000c0f00000|100%| O|  |TAMS 0x00000000c0e00000| PB 0x00000000c0e00000| Untracked |  0
|  15|0x00000000c0f00000, 0x00000000c1000000, 0x00000000c1000000|100%| O|  |TAMS 0x00000000c0f00000| PB 0x00000000c0f00000| Untracked |  0
|  16|0x00000000c1000000, 0x00000000c1100000, 0x00000000c1100000|100%| O|  |TAMS 0x00000000c1000000| PB 0x00000000c1000000| Untracked |  0
|  17|0x00000000c1100000, 0x00000000c1200000, 0x00000000c1200000|100%|HS|  |TAMS 0x00000000c1100000| PB 0x00000000c1100000| Complete |  0
|  18|0x00000000c1200000, 0x00000000c1300000, 0x00000000c1300000|100%| O|  |TAMS 0x00000000c1200000| PB 0x00000000c1200000| Untracked |  0
|  19|0x00000000c1300000, 0x00000000c1400000, 0x00000000c1400000|100%| O|  |TAMS 0x00000000c1300000| PB 0x00000000c1300000| Untracked |  0
|  20|0x00000000c1400000, 0x00000000c141bbc0, 0x00000000c1500000| 10%| O|  |TAMS 0x00000000c1400000| PB 0x00000000c1400000| Untracked |  0
|  21|0x00000000c1500000, 0x00000000c1600000, 0x00000000c1600000|100%|HS|  |TAMS 0x00000000c1500000| PB 0x00000000c1500000| Complete |  0
|  22|0x00000000c1600000, 0x00000000c1700000, 0x00000000c1700000|100%|HS|  |TAMS 0x00000000c1600000| PB 0x00000000c1600000| Complete |  0
|  23|0x00000000c1700000, 0x00000000c1800000, 0x00000000c1800000|100%|HS|  |TAMS 0x00000000c1700000| PB 0x00000000c1700000| Complete |  0
|  24|0x00000000c1800000, 0x00000000c1800000, 0x00000000c1900000|  0%| F|  |TAMS 0x00000000c1800000| PB 0x00000000c1800000| Untracked |  0
|  25|0x00000000c1900000, 0x00000000c1900000, 0x00000000c1a00000|  0%| F|  |TAMS 0x00000000c1900000| PB 0x00000000c1900000| Untracked |  0
|  26|0x00000000c1a00000, 0x00000000c1a00000, 0x00000000c1b00000|  0%| F|  |TAMS 0x00000000c1a00000| PB 0x00000000c1a00000| Untracked |  0
|  27|0x00000000c1b00000, 0x00000000c1b00000, 0x00000000c1c00000|  0%| F|  |TAMS 0x00000000c1b00000| PB 0x00000000c1b00000| Untracked |  0
|  28|0x00000000c1c00000, 0x00000000c1c00000, 0x00000000c1d00000|  0%| F|  |TAMS 0x00000000c1c00000| PB 0x00000000c1c00000| Untracked |  0
|  29|0x00000000c1d00000, 0x00000000c1d00000, 0x00000000c1e00000|  0%| F|  |TAMS 0x00000000c1d00000| PB 0x00000000c1d00000| Untracked |  0
|  30|0x00000000c1e00000, 0x00000000c1e00000, 0x00000000c1f00000|  0%| F|  |TAMS 0x00000000c1e00000| PB 0x00000000c1e00000| Untracked |  0
|  31|0x00000000c1f00000, 0x00000000c1f00000, 0x00000000c2000000|  0%| F|  |TAMS 0x00000000c1f00000| PB 0x00000000c1f00000| Untracked |  0
|  32|0x00000000c2000000, 0x00000000c2000000, 0x00000000c2100000|  0%| F|  |TAMS 0x00000000c2000000| PB 0x00000000c2000000| Untracked |  0
|  33|0x00000000c2100000, 0x00000000c2100000, 0x00000000c2200000|  0%| F|  |TAMS 0x00000000c2100000| PB 0x00000000c2100000| Untracked |  0
|  34|0x00000000c2200000, 0x00000000c2200000, 0x00000000c2300000|  0%| F|  |TAMS 0x00000000c2200000| PB 0x00000000c2200000| Untracked |  0
|  35|0x00000000c2300000, 0x00000000c2300000, 0x00000000c2400000|  0%| F|  |TAMS 0x00000000c2300000| PB 0x00000000c2300000| Untracked |  0
|  36|0x00000000c2400000, 0x00000000c2400000, 0x00000000c2500000|  0%| F|  |TAMS 0x00000000c2400000| PB 0x00000000c2400000| Untracked |  0
|  37|0x00000000c2500000, 0x00000000c2500000, 0x00000000c2600000|  0%| F|  |TAMS 0x00000000c2500000| PB 0x00000000c2500000| Untracked |  0
|  38|0x00000000c2600000, 0x00000000c2600000, 0x00000000c2700000|  0%| F|  |TAMS 0x00000000c2600000| PB 0x00000000c2600000| Untracked |  0
|  39|0x00000000c2700000, 0x00000000c2700000, 0x00000000c2800000|  0%| F|  |TAMS 0x00000000c2700000| PB 0x00000000c2700000| Untracked |  0
|  40|0x00000000c2800000, 0x00000000c2800000, 0x00000000c2900000|  0%| F|  |TAMS 0x00000000c2800000| PB 0x00000000c2800000| Untracked |  0
|  41|0x00000000c2900000, 0x00000000c2900000, 0x00000000c2a00000|  0%| F|  |TAMS 0x00000000c2900000| PB 0x00000000c2900000| Untracked |  0
|  42|0x00000000c2a00000, 0x00000000c2a00000, 0x00000000c2b00000|  0%| F|  |TAMS 0x00000000c2a00000| PB 0x00000000c2a00000| Untracked |  0
|  43|0x00000000c2b00000, 0x00000000c2b00000, 0x00000000c2c00000|  0%| F|  |TAMS 0x00000000c2b00000| PB 0x00000000c2b00000| Untracked |  0
|  44|0x00000000c2c00000, 0x00000000c2c00000, 0x00000000c2d00000|  0%| F|  |TAMS 0x00000000c2c00000| PB 0x00000000c2c00000| Untracked |  0
|  45|0x00000000c2d00000, 0x00000000c2d00000, 0x00000000c2e00000|  0%| F|  |TAMS 0x00000000c2d00000| PB 0x00000000c2d00000| Untracked |  0
|  46|0x00000000c2e00000, 0x00000000c2e00000, 0x00000000c2f00000|  0%| F|  |TAMS 0x00000000c2e00000| PB 0x00000000c2e00000| Untracked |  0
|  47|0x00000000c2f00000, 0x00000000c2f00000, 0x00000000c3000000|  0%| F|  |TAMS 0x00000000c2f00000| PB 0x00000000c2f00000| Untracked |  0
|  48|0x00000000c3000000, 0x00000000c3100000, 0x00000000c3100000|100%| O|  |TAMS 0x00000000c3000000| PB 0x00000000c3000000| Untracked |  0
|  49|0x00000000c3100000, 0x00000000c3100000, 0x00000000c3200000|  0%| F|  |TAMS 0x00000000c3100000| PB 0x00000000c3100000| Untracked |  0
|  50|0x00000000c3200000, 0x00000000c3200000, 0x00000000c3300000|  0%| F|  |TAMS 0x00000000c3200000| PB 0x00000000c3200000| Untracked |  0
|  51|0x00000000c3300000, 0x00000000c3300000, 0x00000000c3400000|  0%| F|  |TAMS 0x00000000c3300000| PB 0x00000000c3300000| Untracked |  0
|  52|0x00000000c3400000, 0x00000000c3400000, 0x00000000c3500000|  0%| F|  |TAMS 0x00000000c3400000| PB 0x00000000c3400000| Untracked |  0
|  53|0x00000000c3500000, 0x00000000c3500000, 0x00000000c3600000|  0%| F|  |TAMS 0x00000000c3500000| PB 0x00000000c3500000| Untracked |  0
|  54|0x00000000c3600000, 0x00000000c3700000, 0x00000000c3700000|100%| O|Cm|TAMS 0x00000000c3600000| PB 0x00000000c3600000| Complete |  0
|  55|0x00000000c3700000, 0x00000000c3800000, 0x00000000c3800000|100%| O|  |TAMS 0x00000000c3700000| PB 0x00000000c3700000| Untracked |  0
|  56|0x00000000c3800000, 0x00000000c3900000, 0x00000000c3900000|100%| O|  |TAMS 0x00000000c3800000| PB 0x00000000c3800000| Untracked |  0
|  57|0x00000000c3900000, 0x00000000c3a00000, 0x00000000c3a00000|100%| O|  |TAMS 0x00000000c3900000| PB 0x00000000c3900000| Untracked |  0
|  58|0x00000000c3a00000, 0x00000000c3b00000, 0x00000000c3b00000|100%| O|  |TAMS 0x00000000c3a00000| PB 0x00000000c3a00000| Untracked |  0
|  59|0x00000000c3b00000, 0x00000000c3c00000, 0x00000000c3c00000|100%| O|  |TAMS 0x00000000c3b00000| PB 0x00000000c3b00000| Untracked |  0
|  60|0x00000000c3c00000, 0x00000000c3d00000, 0x00000000c3d00000|100%| O|  |TAMS 0x00000000c3c00000| PB 0x00000000c3c00000| Untracked |  0
|  61|0x00000000c3d00000, 0x00000000c3e00000, 0x00000000c3e00000|100%| O|  |TAMS 0x00000000c3d00000| PB 0x00000000c3d00000| Untracked |  0
|  62|0x00000000c3e00000, 0x00000000c3f00000, 0x00000000c3f00000|100%| O|  |TAMS 0x00000000c3e00000| PB 0x00000000c3e00000| Untracked |  0
|  63|0x00000000c3f00000, 0x00000000c4000000, 0x00000000c4000000|100%| O|  |TAMS 0x00000000c3f00000| PB 0x00000000c3f00000| Untracked |  0
|  64|0x00000000c4000000, 0x00000000c40c8d40, 0x00000000c4100000| 78%| O|Cm|TAMS 0x00000000c4000000| PB 0x00000000c4000000| Complete |  0
|  65|0x00000000c4100000, 0x00000000c4100000, 0x00000000c4200000|  0%| F|  |TAMS 0x00000000c4100000| PB 0x00000000c4100000| Untracked |  0
|  66|0x00000000c4200000, 0x00000000c4200000, 0x00000000c4300000|  0%| F|  |TAMS 0x00000000c4200000| PB 0x00000000c4200000| Untracked |  0
|  67|0x00000000c4300000, 0x00000000c4300000, 0x00000000c4400000|  0%| F|  |TAMS 0x00000000c4300000| PB 0x00000000c4300000| Untracked |  0
|  68|0x00000000c4400000, 0x00000000c4400000, 0x00000000c4500000|  0%| F|  |TAMS 0x00000000c4400000| PB 0x00000000c4400000| Untracked |  0
|  69|0x00000000c4500000, 0x00000000c4500000, 0x00000000c4600000|  0%| F|  |TAMS 0x00000000c4500000| PB 0x00000000c4500000| Untracked |  0
|  70|0x00000000c4600000, 0x00000000c4600000, 0x00000000c4700000|  0%| F|  |TAMS 0x00000000c4600000| PB 0x00000000c4600000| Untracked |  0
|  71|0x00000000c4700000, 0x00000000c4700000, 0x00000000c4800000|  0%| F|  |TAMS 0x00000000c4700000| PB 0x00000000c4700000| Untracked |  0
|  72|0x00000000c4800000, 0x00000000c4800000, 0x00000000c4900000|  0%| F|  |TAMS 0x00000000c4800000| PB 0x00000000c4800000| Untracked |  0
|  73|0x00000000c4900000, 0x00000000c4900000, 0x00000000c4a00000|  0%| F|  |TAMS 0x00000000c4900000| PB 0x00000000c4900000| Untracked |  0
|  74|0x00000000c4a00000, 0x00000000c4a00000, 0x00000000c4b00000|  0%| F|  |TAMS 0x00000000c4a00000| PB 0x00000000c4a00000| Untracked |  0
|  75|0x00000000c4b00000, 0x00000000c4b00000, 0x00000000c4c00000|  0%| F|  |TAMS 0x00000000c4b00000| PB 0x00000000c4b00000| Untracked |  0
|  76|0x00000000c4c00000, 0x00000000c4c00000, 0x00000000c4d00000|  0%| F|  |TAMS 0x00000000c4c00000| PB 0x00000000c4c00000| Untracked |  0
|  77|0x00000000c4d00000, 0x00000000c4d00000, 0x00000000c4e00000|  0%| F|  |TAMS 0x00000000c4d00000| PB 0x00000000c4d00000| Untracked |  0
|  78|0x00000000c4e00000, 0x00000000c4e00000, 0x00000000c4f00000|  0%| F|  |TAMS 0x00000000c4e00000| PB 0x00000000c4e00000| Untracked |  0
|  79|0x00000000c4f00000, 0x00000000c4f00000, 0x00000000c5000000|  0%| F|  |TAMS 0x00000000c4f00000| PB 0x00000000c4f00000| Untracked |  0
|  80|0x00000000c5000000, 0x00000000c5000000, 0x00000000c5100000|  0%| F|  |TAMS 0x00000000c5000000| PB 0x00000000c5000000| Untracked |  0
|  81|0x00000000c5100000, 0x00000000c5100000, 0x00000000c5200000|  0%| F|  |TAMS 0x00000000c5100000| PB 0x00000000c5100000| Untracked |  0
|  82|0x00000000c5200000, 0x00000000c5200000, 0x00000000c5300000|  0%| F|  |TAMS 0x00000000c5200000| PB 0x00000000c5200000| Untracked |  0
|  83|0x00000000c5300000, 0x00000000c5300000, 0x00000000c5400000|  0%| F|  |TAMS 0x00000000c5300000| PB 0x00000000c5300000| Untracked |  0
|  84|0x00000000c5400000, 0x00000000c5400000, 0x00000000c5500000|  0%| F|  |TAMS 0x00000000c5400000| PB 0x00000000c5400000| Untracked |  0
|  85|0x00000000c5500000, 0x00000000c5500000, 0x00000000c5600000|  0%| F|  |TAMS 0x00000000c5500000| PB 0x00000000c5500000| Untracked |  0
|  86|0x00000000c5600000, 0x00000000c5600000, 0x00000000c5700000|  0%| F|  |TAMS 0x00000000c5600000| PB 0x00000000c5600000| Untracked |  0
|  87|0x00000000c5700000, 0x00000000c5700000, 0x00000000c5800000|  0%| F|  |TAMS 0x00000000c5700000| PB 0x00000000c5700000| Untracked |  0
|  88|0x00000000c5800000, 0x00000000c5800000, 0x00000000c5900000|  0%| F|  |TAMS 0x00000000c5800000| PB 0x00000000c5800000| Untracked |  0
|  89|0x00000000c5900000, 0x00000000c5900000, 0x00000000c5a00000|  0%| F|  |TAMS 0x00000000c5900000| PB 0x00000000c5900000| Untracked |  0
|  90|0x00000000c5a00000, 0x00000000c5a00000, 0x00000000c5b00000|  0%| F|  |TAMS 0x00000000c5a00000| PB 0x00000000c5a00000| Untracked |  0
|  91|0x00000000c5b00000, 0x00000000c5b00000, 0x00000000c5c00000|  0%| F|  |TAMS 0x00000000c5b00000| PB 0x00000000c5b00000| Untracked |  0
|  92|0x00000000c5c00000, 0x00000000c5c00000, 0x00000000c5d00000|  0%| F|  |TAMS 0x00000000c5c00000| PB 0x00000000c5c00000| Untracked |  0
|  93|0x00000000c5d00000, 0x00000000c5d00000, 0x00000000c5e00000|  0%| F|  |TAMS 0x00000000c5d00000| PB 0x00000000c5d00000| Untracked |  0
|  94|0x00000000c5e00000, 0x00000000c5e00000, 0x00000000c5f00000|  0%| F|  |TAMS 0x00000000c5e00000| PB 0x00000000c5e00000| Untracked |  0
|  95|0x00000000c5f00000, 0x00000000c5f00000, 0x00000000c6000000|  0%| F|  |TAMS 0x00000000c5f00000| PB 0x00000000c5f00000| Untracked |  0
|  96|0x00000000c6000000, 0x00000000c6000000, 0x00000000c6100000|  0%| F|  |TAMS 0x00000000c6000000| PB 0x00000000c6000000| Untracked |  0
|  97|0x00000000c6100000, 0x00000000c6100000, 0x00000000c6200000|  0%| F|  |TAMS 0x00000000c6100000| PB 0x00000000c6100000| Untracked |  0
|  98|0x00000000c6200000, 0x00000000c6282370, 0x00000000c6300000| 50%| E|  |TAMS 0x00000000c6200000| PB 0x00000000c6200000| Complete |  0
|  99|0x00000000c6300000, 0x00000000c6400000, 0x00000000c6400000|100%| E|CS|TAMS 0x00000000c6300000| PB 0x00000000c6300000| Complete |  0
| 100|0x00000000c6400000, 0x00000000c6500000, 0x00000000c6500000|100%| E|CS|TAMS 0x00000000c6400000| PB 0x00000000c6400000| Complete |  0
| 101|0x00000000c6500000, 0x00000000c6600000, 0x00000000c6600000|100%| E|CS|TAMS 0x00000000c6500000| PB 0x00000000c6500000| Complete |  0
| 102|0x00000000c6600000, 0x00000000c6700000, 0x00000000c6700000|100%| E|CS|TAMS 0x00000000c6600000| PB 0x00000000c6600000| Complete |  0
| 103|0x00000000c6700000, 0x00000000c6800000, 0x00000000c6800000|100%| E|CS|TAMS 0x00000000c6700000| PB 0x00000000c6700000| Complete |  0
| 104|0x00000000c6800000, 0x00000000c6900000, 0x00000000c6900000|100%| E|CS|TAMS 0x00000000c6800000| PB 0x00000000c6800000| Complete |  0
| 105|0x00000000c6900000, 0x00000000c6a00000, 0x00000000c6a00000|100%| E|CS|TAMS 0x00000000c6900000| PB 0x00000000c6900000| Complete |  0
| 106|0x00000000c6a00000, 0x00000000c6b00000, 0x00000000c6b00000|100%| E|CS|TAMS 0x00000000c6a00000| PB 0x00000000c6a00000| Complete |  0
| 107|0x00000000c6b00000, 0x00000000c6c00000, 0x00000000c6c00000|100%| E|CS|TAMS 0x00000000c6b00000| PB 0x00000000c6b00000| Complete |  0
| 108|0x00000000c6c00000, 0x00000000c6d00000, 0x00000000c6d00000|100%| E|CS|TAMS 0x00000000c6c00000| PB 0x00000000c6c00000| Complete |  0
| 109|0x00000000c6d00000, 0x00000000c6e00000, 0x00000000c6e00000|100%| E|CS|TAMS 0x00000000c6d00000| PB 0x00000000c6d00000| Complete |  0
| 110|0x00000000c6e00000, 0x00000000c6f00000, 0x00000000c6f00000|100%| E|CS|TAMS 0x00000000c6e00000| PB 0x00000000c6e00000| Complete |  0
| 111|0x00000000c6f00000, 0x00000000c7000000, 0x00000000c7000000|100%| E|CS|TAMS 0x00000000c6f00000| PB 0x00000000c6f00000| Complete |  0
| 112|0x00000000c7000000, 0x00000000c7100000, 0x00000000c7100000|100%| E|CS|TAMS 0x00000000c7000000| PB 0x00000000c7000000| Complete |  0
| 113|0x00000000c7100000, 0x00000000c7200000, 0x00000000c7200000|100%| E|CS|TAMS 0x00000000c7100000| PB 0x00000000c7100000| Complete |  0
| 114|0x00000000c7200000, 0x00000000c7300000, 0x00000000c7300000|100%| E|CS|TAMS 0x00000000c7200000| PB 0x00000000c7200000| Complete |  0
| 115|0x00000000c7300000, 0x00000000c7400000, 0x00000000c7400000|100%| E|CS|TAMS 0x00000000c7300000| PB 0x00000000c7300000| Complete |  0
| 116|0x00000000c7400000, 0x00000000c7500000, 0x00000000c7500000|100%| E|CS|TAMS 0x00000000c7400000| PB 0x00000000c7400000| Complete |  0
| 117|0x00000000c7500000, 0x00000000c7600000, 0x00000000c7600000|100%| E|CS|TAMS 0x00000000c7500000| PB 0x00000000c7500000| Complete |  0
| 118|0x00000000c7600000, 0x00000000c7700000, 0x00000000c7700000|100%| E|CS|TAMS 0x00000000c7600000| PB 0x00000000c7600000| Complete |  0
| 119|0x00000000c7700000, 0x00000000c7800000, 0x00000000c7800000|100%| E|CS|TAMS 0x00000000c7700000| PB 0x00000000c7700000| Complete |  0
| 120|0x00000000c7800000, 0x00000000c7900000, 0x00000000c7900000|100%| E|CS|TAMS 0x00000000c7800000| PB 0x00000000c7800000| Complete |  0
| 121|0x00000000c7900000, 0x00000000c7a00000, 0x00000000c7a00000|100%| E|CS|TAMS 0x00000000c7900000| PB 0x00000000c7900000| Complete |  0
| 122|0x00000000c7a00000, 0x00000000c7b00000, 0x00000000c7b00000|100%| E|CS|TAMS 0x00000000c7a00000| PB 0x00000000c7a00000| Complete |  0
| 123|0x00000000c7b00000, 0x00000000c7c00000, 0x00000000c7c00000|100%| E|CS|TAMS 0x00000000c7b00000| PB 0x00000000c7b00000| Complete |  0
| 124|0x00000000c7c00000, 0x00000000c7d00000, 0x00000000c7d00000|100%| E|CS|TAMS 0x00000000c7c00000| PB 0x00000000c7c00000| Complete |  0
| 125|0x00000000c7d00000, 0x00000000c7e00000, 0x00000000c7e00000|100%| E|CS|TAMS 0x00000000c7d00000| PB 0x00000000c7d00000| Complete |  0
| 126|0x00000000c7e00000, 0x00000000c7f00000, 0x00000000c7f00000|100%| E|CS|TAMS 0x00000000c7e00000| PB 0x00000000c7e00000| Complete |  0
| 127|0x00000000c7f00000, 0x00000000c8000000, 0x00000000c8000000|100%| E|CS|TAMS 0x00000000c7f00000| PB 0x00000000c7f00000| Complete |  0
| 128|0x00000000c8000000, 0x00000000c8100000, 0x00000000c8100000|100%| E|CS|TAMS 0x00000000c8000000| PB 0x00000000c8000000| Complete |  0
| 165|0x00000000ca500000, 0x00000000ca600000, 0x00000000ca600000|100%| S|CS|TAMS 0x00000000ca500000| PB 0x00000000ca500000| Complete |  0
| 166|0x00000000ca600000, 0x00000000ca700000, 0x00000000ca700000|100%| S|CS|TAMS 0x00000000ca600000| PB 0x00000000ca600000| Complete |  0
| 167|0x00000000ca700000, 0x00000000ca800000, 0x00000000ca800000|100%| S|CS|TAMS 0x00000000ca700000| PB 0x00000000ca700000| Complete |  0
| 168|0x00000000ca800000, 0x00000000ca900000, 0x00000000ca900000|100%| S|CS|TAMS 0x00000000ca800000| PB 0x00000000ca800000| Complete |  0
| 169|0x00000000ca900000, 0x00000000caa00000, 0x00000000caa00000|100%| S|CS|TAMS 0x00000000ca900000| PB 0x00000000ca900000| Complete |  0
| 170|0x00000000caa00000, 0x00000000cab00000, 0x00000000cab00000|100%| S|CS|TAMS 0x00000000caa00000| PB 0x00000000caa00000| Complete |  0
| 171|0x00000000cab00000, 0x00000000cac00000, 0x00000000cac00000|100%| S|CS|TAMS 0x00000000cab00000| PB 0x00000000cab00000| Complete |  0
| 172|0x00000000cac00000, 0x00000000cad00000, 0x00000000cad00000|100%| S|CS|TAMS 0x00000000cac00000| PB 0x00000000cac00000| Complete |  0
| 173|0x00000000cad00000, 0x00000000cae00000, 0x00000000cae00000|100%| S|CS|TAMS 0x00000000cad00000| PB 0x00000000cad00000| Complete |  0
| 177|0x00000000cb100000, 0x00000000cb200000, 0x00000000cb200000|100%| E|CS|TAMS 0x00000000cb100000| PB 0x00000000cb100000| Complete |  0
|1023|0x00000000fff00000, 0x0000000100000000, 0x0000000100000000|100%| E|CS|TAMS 0x00000000fff00000| PB 0x00000000fff00000| Complete |  0

Card table byte_map: [0x0000711825400000,0x0000711825600000] _byte_map_base: 0x0000711824e00000

Marking Bits: (CMBitMap*) 0x0000711820072880
 Bits: [0x0000711824400000, 0x0000711825400000)

Polling page: 0x0000711828192000

Metaspace:
Metaspace        used 54754K, committed 56064K, reserved 1114112K
 class space     used 6435K, committed 6976K, reserved 1048576K

Usage:
  Non-class:     47,19 MB used.
      Class:      6,28 MB used.
       Both:     53,47 MB used.

Virtual space:
  Non-class space:       64,00 MB reserved,      47,94 MB ( 75%) committed,  1 nodes.
      Class space:        1,00 GB reserved,       6,81 MB ( <1%) committed,  1 nodes.
             Both:        1,06 GB reserved,      54,75 MB (  5%) committed. 

Chunk freelists:
   Non-Class:  15,12 MB
       Class:  9,12 MB
        Both:  24,25 MB

MaxMetaspaceSize: unlimited
CompressedClassSpaceSize: 1,00 GB
Initial GC threshold: 21,00 MB
Current GC threshold: 82,00 MB
CDS: off
 - commit_granule_bytes: 65536.
 - commit_granule_words: 8192.
 - virtual_space_node_default_size: 8388608.
 - enlarge_chunks_in_place: 1.
UseCompressedClassPointers 1, UseCompactObjectHeaders 0
Narrow klass pointer bits 32, Max shift 3
Narrow klass base: 0x0000000000000000, Narrow klass shift: 0
Encoding Range: [0x0000000000000000 - 0x0000000100000000), (4294967296 bytes)
Klass Range:    [0x0000000034000000 - 0x0000000074000000), (1073741824 bytes)
Klass ID Range:  [872415232 - 1946157049) (1073741817)
No protection zone.


Internal statistics:

num_allocs_failed_limit: 9.
num_arena_births: 628.
num_arena_deaths: 0.
num_vsnodes_births: 2.
num_vsnodes_deaths: 0.
num_space_committed: 876.
num_space_uncommitted: 0.
num_chunks_returned_to_freelist: 9.
num_chunks_taken_from_freelist: 2657.
num_chunk_merges: 6.
num_chunk_splits: 1668.
num_chunks_enlarged: 1030.
num_inconsistent_stats: 0.

CodeHeap 'non-profiled nmethods': size=120032Kb used=2920Kb max_used=2933Kb free=117111Kb
 bounds [0x0000711814961000, 0x0000711814c41000, 0x000071181be99000]
CodeHeap 'profiled nmethods': size=120032Kb used=9163Kb max_used=9226Kb free=110868Kb
 bounds [0x000071180ce97000, 0x000071180d7b7000, 0x00007118143cf000]
CodeHeap 'non-nmethods': size=5704Kb used=1888Kb max_used=2017Kb free=3815Kb
 bounds [0x00007118143cf000, 0x000071181463f000, 0x0000711814961000]
CodeCache: size=245768Kb, used=13971Kb, max_used=14176Kb, free=231794Kb
 total_blobs=7204, nmethods=6308, adapters=799, full_count=0
Compilation: enabled, stopped_count=0, restarted_count=0

Compilation events (20 events):
Event: 4,504 Thread 0x00007117d00aea30 nmethod 7081 0x0000711814ac8b88 code [0x0000711814ac8c80, 0x0000711814ac8d40]
Event: 4,504 Thread 0x00007117d00aea30 7080       4       java.lang.invoke.DirectMethodHandle::preparedFieldLambdaForm (174 bytes)
Event: 4,505 Thread 0x00007118201529b0 7083       3       org.eclipse.jface.bindings.BindingManager::platformMatches (62 bytes)
Event: 4,505 Thread 0x00007118201529b0 nmethod 7083 0x000071180d26a608 code [0x000071180d26a700, 0x000071180d26ab70]
Event: 4,507 Thread 0x00007118201529b0 7084       3       sun.reflect.annotation.AnnotationParser::annotationForMap (28 bytes)
Event: 4,507 Thread 0x00007118201529b0 nmethod 7084 0x000071180d33e388 code [0x000071180d33e480, 0x000071180d33ea78]
Event: 4,508 Thread 0x0000711820151090 nmethod 7061 0x0000711814ac7108 code [0x0000711814ac7200, 0x0000711814ac8b48]
Event: 4,508 Thread 0x00007118201529b0 7085       3       java.lang.invoke.BoundMethodHandle$Species_LLL::make (14 bytes)
Event: 4,509 Thread 0x00007118201529b0 nmethod 7085 0x000071180d33df08 code [0x000071180d33e000, 0x000071180d33e328]
Event: 4,509 Thread 0x00007118201529b0 7086       3       java.lang.invoke.BoundMethodHandle$Species_LLL::<init> (24 bytes)
Event: 4,509 Thread 0x00007118201529b0 nmethod 7086 0x000071180d33db08 code [0x000071180d33dc00, 0x000071180d33dee8]
Event: 4,509 Thread 0x00007118201529b0 7087       3       org.eclipse.e4.core.commands.ExpressionContext::<init> (10 bytes)
Event: 4,509 Thread 0x00007118201529b0 nmethod 7087 0x000071180d33d808 code [0x000071180d33d900, 0x000071180d33daa8]
Event: 4,511 Thread 0x00007118201529b0 7088       3       org.eclipse.emf.ecore.impl.EClassImpl::getEStructuralFeature (23 bytes)
Event: 4,512 Thread 0x00007118201529b0 nmethod 7088 0x000071180d33d408 code [0x000071180d33d500, 0x000071180d33d798]
Event: 4,512 Thread 0x00007118201529b0 7089       3       org.eclipse.swt.widgets.EventTable::hooks (47 bytes)
Event: 4,512 Thread 0x00007118201529b0 nmethod 7089 0x000071180d33d008 code [0x000071180d33d100, 0x000071180d33d380]
Event: 4,513 Thread 0x00007117d00aea30 nmethod 7080 0x0000711814ac6488 code [0x0000711814ac6580, 0x0000711814ac70b0]
Event: 4,514 Thread 0x00007118201529b0 7090       3       org.eclipse.e4.ui.model.application.impl.ApplicationElementImpl::eIsSet (191 bytes)
Event: 4,515 Thread 0x00007118201529b0 nmethod 7090 0x000071180d33c788 code [0x000071180d33c880, 0x000071180d33cfc8]

GC Heap Usage History (20 events):
Event: 1,230 {heap Before GC invocations=4 (full 0):
 garbage-first heap   total reserved 1048576K, committed 65536K, used 45056K [0x00000000c0000000, 0x0000000100000000)
  region size 1024K, 25 young (25600K), 5 survivors (5120K)
}
Event: 1,244 {heap After GC invocations=5 (full 0):
 garbage-first heap   total reserved 1048576K, committed 66560K, used 40960K [0x00000000c0000000, 0x0000000100000000)
  region size 1024K, 4 young (4096K), 4 survivors (4096K)
}
Event: 1,269 {heap Before GC invocations=5 (full 0):
 garbage-first heap   total reserved 1048576K, committed 66560K, used 51200K [0x00000000c0000000, 0x0000000100000000)
  region size 1024K, 14 young (14336K), 4 survivors (4096K)
}
Event: 1,274 {heap After GC invocations=6 (full 0):
 garbage-first heap   total reserved 1048576K, committed 133120K, used 46592K [0x00000000c0000000, 0x0000000100000000)
  region size 1024K, 2 young (2048K), 2 survivors (2048K)
}
Event: 1,378 {heap Before GC invocations=7 (full 0):
 garbage-first heap   total reserved 1048576K, committed 133120K, used 82432K [0x00000000c0000000, 0x0000000100000000)
  region size 1024K, 37 young (37888K), 2 survivors (2048K)
}
Event: 1,385 {heap After GC invocations=8 (full 0):
 garbage-first heap   total reserved 1048576K, committed 133120K, used 55296K [0x00000000c0000000, 0x0000000100000000)
  region size 1024K, 5 young (5120K), 5 survivors (5120K)
}
Event: 1,731 {heap Before GC invocations=8 (full 0):
 garbage-first heap   total reserved 1048576K, committed 133120K, used 90112K [0x00000000c0000000, 0x0000000100000000)
  region size 1024K, 39 young (39936K), 5 survivors (5120K)
}
Event: 1,739 {heap After GC invocations=9 (full 0):
 garbage-first heap   total reserved 1048576K, committed 133120K, used 60985K [0x00000000c0000000, 0x0000000100000000)
  region size 1024K, 5 young (5120K), 5 survivors (5120K)
}
Event: 2,131 {heap Before GC invocations=9 (full 0):
 garbage-first heap   total reserved 1048576K, committed 133120K, used 95801K [0x00000000c0000000, 0x0000000100000000)
  region size 1024K, 39 young (39936K), 5 survivors (5120K)
}
Event: 2,142 {heap After GC invocations=10 (full 0):
 garbage-first heap   total reserved 1048576K, committed 133120K, used 66131K [0x00000000c0000000, 0x0000000100000000)
  region size 1024K, 5 young (5120K), 5 survivors (5120K)
}
Event: 2,428 {heap Before GC invocations=10 (full 0):
 garbage-first heap   total reserved 1048576K, committed 133120K, used 82515K [0x00000000c0000000, 0x0000000100000000)
  region size 1024K, 23 young (23552K), 5 survivors (5120K)
}
Event: 2,431 {heap After GC invocations=11 (full 0):
 garbage-first heap   total reserved 1048576K, committed 133120K, used 70280K [0x00000000c0000000, 0x0000000100000000)
  region size 1024K, 4 young (4096K), 4 survivors (4096K)
}
Event: 2,692 {heap Before GC invocations=12 (full 0):
 garbage-first heap   total reserved 1048576K, committed 126976K, used 72328K [0x00000000c0000000, 0x0000000100000000)
  region size 1024K, 37 young (37888K), 4 survivors (4096K)
}
Event: 2,694 {heap After GC invocations=13 (full 0):
 garbage-first heap   total reserved 1048576K, committed 126976K, used 40600K [0x00000000c0000000, 0x0000000100000000)
  region size 1024K, 3 young (3072K), 3 survivors (3072K)
}
Event: 2,745 {heap Before GC invocations=13 (full 0):
 garbage-first heap   total reserved 1048576K, committed 126976K, used 88728K [0x00000000c0000000, 0x0000000100000000)
  region size 1024K, 50 young (51200K), 3 survivors (3072K)
}
Event: 2,747 {heap After GC invocations=14 (full 0):
 garbage-first heap   total reserved 1048576K, committed 126976K, used 31941K [0x00000000c0000000, 0x0000000100000000)
  region size 1024K, 3 young (3072K), 3 survivors (3072K)
}
Event: 3,892 {heap Before GC invocations=14 (full 0):
 garbage-first heap   total reserved 1048576K, committed 126976K, used 103621K [0x00000000c0000000, 0x0000000100000000)
  region size 1024K, 68 young (69632K), 3 survivors (3072K)
}
Event: 3,901 {heap After GC invocations=15 (full 0):
 garbage-first heap   total reserved 1048576K, committed 183296K, used 40000K [0x00000000c0000000, 0x0000000100000000)
  region size 1024K, 9 young (9216K), 9 survivors (9216K)
}
Event: 3,979 {heap Before GC invocations=15 (full 0):
 garbage-first heap   total reserved 1048576K, committed 183296K, used 44096K [0x00000000c0000000, 0x0000000100000000)
  region size 1024K, 14 young (14336K), 9 survivors (9216K)
}
Event: 3,985 {heap After GC invocations=16 (full 0):
 garbage-first heap   total reserved 1048576K, committed 183296K, used 41874K [0x00000000c0000000, 0x0000000100000000)
  region size 1024K, 9 young (9216K), 9 survivors (9216K)
}

Metaspace Usage History (20 events):
Event: 1,230 {metaspace Before GC invocations=4 (full 0):
 Metaspace       used 17566K, committed 17792K, reserved 1114112K
  class space    used 1734K, committed 1856K, reserved 1048576K
}
Event: 1,244 {metaspace After GC invocations=5 (full 0):
 Metaspace       used 17566K, committed 17792K, reserved 1114112K
  class space    used 1734K, committed 1856K, reserved 1048576K
}
Event: 1,269 {metaspace Before GC invocations=5 (full 0):
 Metaspace       used 17587K, committed 17792K, reserved 1114112K
  class space    used 1734K, committed 1856K, reserved 1048576K
}
Event: 1,274 {metaspace After GC invocations=6 (full 0):
 Metaspace       used 17587K, committed 17792K, reserved 1114112K
  class space    used 1734K, committed 1856K, reserved 1048576K
}
Event: 1,378 {metaspace Before GC invocations=7 (full 0):
 Metaspace       used 17590K, committed 17792K, reserved 1114112K
  class space    used 1734K, committed 1856K, reserved 1048576K
}
Event: 1,385 {metaspace After GC invocations=8 (full 0):
 Metaspace       used 17590K, committed 17792K, reserved 1114112K
  class space    used 1734K, committed 1856K, reserved 1048576K
}
Event: 1,731 {metaspace Before GC invocations=8 (full 0):
 Metaspace       used 20622K, committed 20864K, reserved 1114112K
  class space    used 2066K, committed 2176K, reserved 1048576K
}
Event: 1,739 {metaspace After GC invocations=9 (full 0):
 Metaspace       used 20622K, committed 20864K, reserved 1114112K
  class space    used 2066K, committed 2176K, reserved 1048576K
}
Event: 2,131 {metaspace Before GC invocations=9 (full 0):
 Metaspace       used 23126K, committed 23488K, reserved 1114112K
  class space    used 2371K, committed 2560K, reserved 1048576K
}
Event: 2,142 {metaspace After GC invocations=10 (full 0):
 Metaspace       used 23126K, committed 23488K, reserved 1114112K
  class space    used 2371K, committed 2560K, reserved 1048576K
}
Event: 2,428 {metaspace Before GC invocations=10 (full 0):
 Metaspace       used 28998K, committed 29696K, reserved 1114112K
  class space    used 2998K, committed 3264K, reserved 1048576K
}
Event: 2,431 {metaspace After GC invocations=11 (full 0):
 Metaspace       used 28998K, committed 29696K, reserved 1114112K
  class space    used 2998K, committed 3264K, reserved 1048576K
}
Event: 2,692 {metaspace Before GC invocations=12 (full 0):
 Metaspace       used 33190K, committed 34048K, reserved 1114112K
  class space    used 3560K, committed 3904K, reserved 1048576K
}
Event: 2,694 {metaspace After GC invocations=13 (full 0):
 Metaspace       used 33190K, committed 34048K, reserved 1114112K
  class space    used 3560K, committed 3904K, reserved 1048576K
}
Event: 2,745 {metaspace Before GC invocations=13 (full 0):
 Metaspace       used 33369K, committed 34176K, reserved 1114112K
  class space    used 3581K, committed 3904K, reserved 1048576K
}
Event: 2,747 {metaspace After GC invocations=14 (full 0):
 Metaspace       used 33369K, committed 34176K, reserved 1114112K
  class space    used 3581K, committed 3904K, reserved 1048576K
}
Event: 3,892 {metaspace Before GC invocations=14 (full 0):
 Metaspace       used 48424K, committed 49600K, reserved 1114112K
  class space    used 5624K, committed 6144K, reserved 1048576K
}
Event: 3,901 {metaspace After GC invocations=15 (full 0):
 Metaspace       used 48424K, committed 49600K, reserved 1114112K
  class space    used 5624K, committed 6144K, reserved 1048576K
}
Event: 3,979 {metaspace Before GC invocations=15 (full 0):
 Metaspace       used 49015K, committed 50176K, reserved 1114112K
  class space    used 5692K, committed 6208K, reserved 1048576K
}
Event: 3,985 {metaspace After GC invocations=16 (full 0):
 Metaspace       used 49015K, committed 50176K, reserved 1114112K
  class space    used 5692K, committed 6208K, reserved 1048576K
}

Dll operation events (18 events):
Event: 0,008 Loaded shared library /snap/dbeaver-ce/543/usr/share/dbeaver-ce/jre/lib/libjava.so
Event: 0,036 Loaded shared library /snap/dbeaver-ce/543/usr/share/dbeaver-ce/jre/lib/libsimdsort.so
Event: 0,091 Loaded shared library /snap/dbeaver-ce/543/usr/share/dbeaver-ce/jre/lib/libnio.so
Event: 0,096 Loaded shared library /snap/dbeaver-ce/543/usr/share/dbeaver-ce/jre/lib/libzip.so
Event: 0,115 Loaded shared library /snap/dbeaver-ce/543/usr/share/dbeaver-ce/jre/lib/libnet.so
Event: 0,143 Loaded shared library /snap/dbeaver-ce/543/usr/share/dbeaver-ce/jre/lib/libjimage.so
Event: 0,212 Loaded shared library /snap/dbeaver-ce/543/usr/share/dbeaver-ce/plugins/org.eclipse.equinox.launcher.gtk.linux.x86_64_1.2.1500.v20250801-0854/eclipse_11916.so
Event: 2,300 Loaded shared library /snap/dbeaver-ce/543/usr/share/dbeaver-ce/jre/lib/libverify.so
Event: 2,324 Loaded shared library /home/gustaa/snap/dbeaver-ce/543/.local/share/DBeaverData/install-data/org.jkiss.dbeaver.product/26.1.5-202608181400/org.eclipse.osgi/152/0/.cp/libswt-gtk-4973r12.so
Event: 2,325 Loaded shared library /home/gustaa/snap/dbeaver-ce/543/.local/share/DBeaverData/install-data/org.jkiss.dbeaver.product/26.1.5-202608181400/org.eclipse.osgi/152/0/.cp/libswt-pi3-gtk-4973r12.so
Event: 2,391 Loaded shared library /snap/dbeaver-ce/543/usr/share/dbeaver-ce/jre/lib/libawt.so
Event: 2,392 Loaded shared library /snap/dbeaver-ce/543/usr/share/dbeaver-ce/jre/lib/libawt_xawt.so
Event: 2,406 Loaded shared library /snap/dbeaver-ce/543/usr/share/dbeaver-ce/jre/lib/libfontmanager.so
Event: 2,959 Loaded shared library /snap/dbeaver-ce/543/usr/share/dbeaver-ce/jre/lib/libjaas.so
Event: 2,973 Loaded shared library /home/gustaa/snap/dbeaver-ce/543/.local/share/DBeaverData/install-data/org.jkiss.dbeaver.product/26.1.5-202608181400/org.eclipse.osgi/49/0/.cp/os/linux/x86_64/libunixfile_1_0_0.so
Event: 3,145 Loaded shared library /home/gustaa/snap/dbeaver-ce/543/.local/share/DBeaverData/install-data/org.jkiss.dbeaver.product/26.1.5-202608181400/org.eclipse.osgi/152/0/.cp/libswt-cairo-gtk-4973r12.so
Event: 3,244 Loaded shared library /snap/dbeaver-ce/543/usr/share/dbeaver-ce/jre/lib/libextnet.so
Event: 3,730 Loaded shared library /home/gustaa/snap/dbeaver-ce/543/.local/share/DBeaverData/install-data/org.jkiss.dbeaver.product/26.1.5-202608181400/org.eclipse.osgi/152/0/.cp/libswt-atk-gtk-4973r12.so

Deoptimization events (20 events):
Event: 4,405 Thread 0x000071182002e560 Uncommon trap: trap_request=0xffffffde fr.pc=0x0000711814bd6d84 relative=0x0000000000000084
Event: 4,405 Thread 0x000071182002e560 Uncommon trap: reason=class_check action=maybe_recompile pc=0x0000711814bd6d84 method=org.eclipse.emf.common.notify.impl.BasicNotifierImpl.eNotificationRequired()Z @ 8 c2
Event: 4,405 Thread 0x000071182002e560 DEOPT PACKING pc=0x0000711814bd6d84 sp=0x00007118265eb890
Event: 4,405 Thread 0x000071182002e560 DEOPT UNPACKING pc=0x00007118144ee379 sp=0x00007118265eb840 mode 2
Event: 4,411 Thread 0x000071182002e560 Uncommon trap: trap_request=0xffffff45 fr.pc=0x0000711814bc1d9c relative=0x0000000000006c9c
Event: 4,411 Thread 0x000071182002e560 Uncommon trap: reason=unstable_if action=reinterpret pc=0x0000711814bc1d9c method=java.lang.invoke.MethodType.methodType(Ljava/lang/Class;[Ljava/lang/Class;Z)Ljava/lang/invoke/MethodType; @ 53 c2
Event: 4,411 Thread 0x000071182002e560 DEOPT PACKING pc=0x0000711814bc1d9c sp=0x00007118265e7c00
Event: 4,411 Thread 0x000071182002e560 DEOPT UNPACKING pc=0x00007118144ee379 sp=0x00007118265e7c20 mode 2
Event: 4,422 Thread 0x000071182002e560 Uncommon trap: trap_request=0xffffffde fr.pc=0x0000711814bd6d84 relative=0x0000000000000084
Event: 4,422 Thread 0x000071182002e560 Uncommon trap: reason=class_check action=maybe_recompile pc=0x0000711814bd6d84 method=org.eclipse.emf.common.notify.impl.BasicNotifierImpl.eNotificationRequired()Z @ 8 c2
Event: 4,422 Thread 0x000071182002e560 DEOPT PACKING pc=0x0000711814bd6d84 sp=0x00007118265eb810
Event: 4,422 Thread 0x000071182002e560 DEOPT UNPACKING pc=0x00007118144ee379 sp=0x00007118265eb7c0 mode 2
Event: 4,440 Thread 0x000071182002e560 DEOPT PACKING pc=0x000071180d3032e8 sp=0x00007118265eac50
Event: 4,440 Thread 0x000071182002e560 DEOPT UNPACKING pc=0x000071181441ffef sp=0x00007118265ea1a8 mode 0
Event: 4,444 Thread 0x000071182002e560 Uncommon trap: trap_request=0xffffffde fr.pc=0x0000711814bd6d84 relative=0x0000000000000084
Event: 4,444 Thread 0x000071182002e560 Uncommon trap: reason=class_check action=maybe_recompile pc=0x0000711814bd6d84 method=org.eclipse.emf.common.notify.impl.BasicNotifierImpl.eNotificationRequired()Z @ 8 c2
Event: 4,444 Thread 0x000071182002e560 DEOPT PACKING pc=0x0000711814bd6d84 sp=0x00007118265eb3a0
Event: 4,444 Thread 0x000071182002e560 DEOPT UNPACKING pc=0x00007118144ee379 sp=0x00007118265eb350 mode 2
Event: 4,468 Thread 0x000071182002e560 DEOPT PACKING pc=0x000071180d454caf sp=0x00007118265eaee0
Event: 4,468 Thread 0x000071182002e560 DEOPT UNPACKING pc=0x000071181441ffef sp=0x00007118265ea3b0 mode 0

Classes loaded (20 events):
Event: 4,464 Loading class java/util/concurrent/CompletableFuture$AsyncSupply
Event: 4,464 Loading class java/util/concurrent/CompletableFuture$AsyncSupply done
Event: 4,464 Loading class java/util/concurrent/ForkJoinTask$Aux
Event: 4,464 Loading class java/util/concurrent/ForkJoinTask$Aux done
Event: 4,465 Loading class java/util/concurrent/CompletableFuture$UniAccept
Event: 4,465 Loading class java/util/concurrent/CompletableFuture$UniCompletion
Event: 4,465 Loading class java/util/concurrent/CompletableFuture$UniCompletion done
Event: 4,465 Loading class java/util/concurrent/CompletableFuture$UniAccept done
Event: 4,473 Loading class java/text/CollationElementIterator
Event: 4,473 Loading class java/text/CollationElementIterator done
Event: 4,473 Loading class sun/text/CollatorUtilities
Event: 4,473 Loading class sun/text/CollatorUtilities done
Event: 4,473 Loading class jdk/internal/icu/text/UCharacterIterator
Event: 4,473 Loading class jdk/internal/icu/text/UCharacterIterator done
Event: 4,473 Loading class jdk/internal/icu/impl/ReplaceableUCharacterIterator
Event: 4,474 Loading class jdk/internal/icu/impl/ReplaceableUCharacterIterator done
Event: 4,474 Loading class jdk/internal/icu/text/ReplaceableString
Event: 4,474 Loading class jdk/internal/icu/text/Replaceable
Event: 4,474 Loading class jdk/internal/icu/text/Replaceable done
Event: 4,474 Loading class jdk/internal/icu/text/ReplaceableString done

Classes unloaded (0 events):
No events

Classes redefined (0 events):
No events

Internal exceptions (20 events):
Event: 4,197 Thread 0x000071182002e560 Exception <a 'java/io/FileNotFoundException'{0x00000000c7566de8}> (0x00000000c7566de8) 
thrown [src/hotspot/share/prims/jni.cpp, line 516]
Event: 4,197 Thread 0x000071182002e560 Exception <a 'java/io/FileNotFoundException'{0x00000000c7568138}> (0x00000000c7568138) 
thrown [src/hotspot/share/prims/jni.cpp, line 516]
Event: 4,309 Thread 0x000071182002e560 Exception <a 'java/lang/NoSuchMethodError'{0x00000000c70b98b8}: 'void java.lang.invoke.DirectMethodHandle$Holder.invokeStatic(java.lang.Object, int)'> (0x00000000c70b98b8) 
thrown [src/hotspot/share/interpreter/linkResolver.cpp, line 803]
Event: 4,341 Thread 0x000071182002e560 Exception <a 'java/io/FileNotFoundException'{0x00000000c6f7ae88}> (0x00000000c6f7ae88) 
thrown [src/hotspot/share/prims/jni.cpp, line 516]
Event: 4,342 Thread 0x000071182002e560 Exception <a 'java/io/FileNotFoundException'{0x00000000c6f7c198}> (0x00000000c6f7c198) 
thrown [src/hotspot/share/prims/jni.cpp, line 516]
Event: 4,342 Thread 0x000071182002e560 Exception <a 'java/io/FileNotFoundException'{0x00000000c6f7d440}> (0x00000000c6f7d440) 
thrown [src/hotspot/share/prims/jni.cpp, line 516]
Event: 4,342 Thread 0x000071182002e560 Exception <a 'java/io/FileNotFoundException'{0x00000000c6f7e750}> (0x00000000c6f7e750) 
thrown [src/hotspot/share/prims/jni.cpp, line 516]
Event: 4,342 Thread 0x000071182002e560 Exception <a 'java/io/FileNotFoundException'{0x00000000c6f7faa0}> (0x00000000c6f7faa0) 
thrown [src/hotspot/share/prims/jni.cpp, line 516]
Event: 4,342 Thread 0x000071182002e560 Exception <a 'java/io/FileNotFoundException'{0x00000000c6f80df8}> (0x00000000c6f80df8) 
thrown [src/hotspot/share/prims/jni.cpp, line 516]
Event: 4,342 Thread 0x000071182002e560 Exception <a 'java/io/FileNotFoundException'{0x00000000c6f820c0}> (0x00000000c6f820c0) 
thrown [src/hotspot/share/prims/jni.cpp, line 516]
Event: 4,342 Thread 0x000071182002e560 Exception <a 'java/io/FileNotFoundException'{0x00000000c6f833c8}> (0x00000000c6f833c8) 
thrown [src/hotspot/share/prims/jni.cpp, line 516]
Event: 4,342 Thread 0x000071182002e560 Exception <a 'java/io/FileNotFoundException'{0x00000000c6f84680}> (0x00000000c6f84680) 
thrown [src/hotspot/share/prims/jni.cpp, line 516]
Event: 4,342 Thread 0x000071182002e560 Exception <a 'java/io/FileNotFoundException'{0x00000000c6f85928}> (0x00000000c6f85928) 
thrown [src/hotspot/share/prims/jni.cpp, line 516]
Event: 4,342 Thread 0x000071182002e560 Exception <a 'java/io/FileNotFoundException'{0x00000000c6f86d08}> (0x00000000c6f86d08) 
thrown [src/hotspot/share/prims/jni.cpp, line 516]
Event: 4,342 Thread 0x000071182002e560 Exception <a 'java/io/FileNotFoundException'{0x00000000c6f88340}> (0x00000000c6f88340) 
thrown [src/hotspot/share/prims/jni.cpp, line 516]
Event: 4,342 Thread 0x000071182002e560 Exception <a 'java/io/FileNotFoundException'{0x00000000c6f89698}> (0x00000000c6f89698) 
thrown [src/hotspot/share/prims/jni.cpp, line 516]
Event: 4,391 Thread 0x000071182002e560 Exception <a 'java/lang/NoSuchMethodError'{0x00000000c696b9a0}: 'void java.lang.invoke.DirectMethodHandle$Holder.invokeVirtual(java.lang.Object, java.lang.Object, java.lang.Object, int)'> (0x00000000c696b9a0) 
thrown [src/hotspot/share/interpreter/linkResolver.cpp, line 803]
Event: 4,391 Thread 0x000071182002e560 Exception <a 'java/lang/NoSuchMethodError'{0x00000000c697c0d8}: 'java.lang.Object java.lang.invoke.DirectMethodHandle$Holder.invokeVirtual(java.lang.Object, java.lang.Object, java.lang.Object)'> (0x00000000c697c0d8) 
thrown [src/hotspot/share/interpreter/linkResolver.cpp, line 803]
Event: 4,394 Thread 0x000071182002e560 Exception <a 'java/lang/NoSuchMethodError'{0x00000000c69954b8}: 'java.lang.Object java.lang.invoke.Invokers$Holder.invoke_MT(java.lang.Object, java.lang.Object, java.lang.Object, java.lang.Object, java.lang.Object)'> (0x00000000c69954b8) 
thrown [src/hotspot/share/interpreter/linkResolver.cpp, line 803]
Event: 4,457 Thread 0x000071182002e560 Exception <a 'java/io/FileNotFoundException'{0x00000000c664c488}> (0x00000000c664c488) 
thrown [src/hotspot/share/prims/jni.cpp, line 516]

VM Operations (20 events):
Event: 3,968 Executing non-safepoint VM operation: HandshakeAllThreads (Deoptimize)
Event: 3,968 Executing non-safepoint VM operation: HandshakeAllThreads (Deoptimize) done
Event: 3,979 Executing safepoint VM operation: CollectForMetadataAllocation (Metadata GC Threshold)
Event: 3,985 Executing safepoint VM operation: CollectForMetadataAllocation (Metadata GC Threshold) done
Event: 3,996 Executing non-safepoint VM operation: HandshakeAllThreads (Deoptimize)
Event: 3,996 Executing non-safepoint VM operation: HandshakeAllThreads (Deoptimize) done
Event: 3,997 Executing non-safepoint VM operation: HandshakeAllThreads (Deoptimize)
Event: 3,997 Executing non-safepoint VM operation: HandshakeAllThreads (Deoptimize) done
Event: 4,007 Executing safepoint VM operation: G1PauseRemark
Event: 4,011 Executing safepoint VM operation: G1PauseRemark done
Event: 4,019 Executing safepoint VM operation: G1PauseCleanup
Event: 4,019 Executing safepoint VM operation: G1PauseCleanup done
Event: 4,382 Executing non-safepoint VM operation: HandshakeAllThreads (Deoptimize)
Event: 4,382 Executing non-safepoint VM operation: HandshakeAllThreads (Deoptimize) done
Event: 4,393 Executing non-safepoint VM operation: HandshakeAllThreads (Deoptimize)
Event: 4,393 Executing non-safepoint VM operation: HandshakeAllThreads (Deoptimize) done
Event: 4,397 Executing non-safepoint VM operation: HandshakeAllThreads (Deoptimize)
Event: 4,397 Executing non-safepoint VM operation: HandshakeAllThreads (Deoptimize) done
Event: 4,414 Executing non-safepoint VM operation: HandshakeAllThreads (Deoptimize)
Event: 4,414 Executing non-safepoint VM operation: HandshakeAllThreads (Deoptimize) done

Memory protections (20 events):
Event: 2,087 Protecting memory [0x00007117a4651000,0x00007117a4655000] with protection modes 0
Event: 2,229 Protecting memory [0x00007117a4551000,0x00007117a4555000] with protection modes 0
Event: 2,240 Protecting memory [0x00007117a4451000,0x00007117a4455000] with protection modes 0
Event: 2,240 Protecting memory [0x00007117a4351000,0x00007117a4355000] with protection modes 0
Event: 2,279 Protecting memory [0x00007117a4351000,0x00007117a4355000] with protection modes 0
Event: 2,333 Protecting memory [0x00007117a4451000,0x00007117a4455000] with protection modes 0
Event: 2,424 Protecting memory [0x000071170fd36000,0x000071170fd3a000] with protection modes 0
Event: 2,426 Protecting memory [0x000071170fc36000,0x000071170fc3a000] with protection modes 0
Event: 2,930 Protecting memory [0x000071170fb36000,0x000071170fb3a000] with protection modes 0
Event: 3,035 Protecting memory [0x000071170fa36000,0x000071170fa3a000] with protection modes 0
Event: 3,136 Protecting memory [0x000071170dbf2000,0x000071170dbf6000] with protection modes 0
Event: 3,247 Protecting memory [0x000071170effc000,0x000071170f000000] with protection modes 0
Event: 3,252 Protecting memory [0x000071170e7f8000,0x000071170e7fc000] with protection modes 0
Event: 3,323 Protecting memory [0x00007117a596b000,0x00007117a596f000] with protection modes 0
Event: 3,488 Protecting memory [0x000071170e5f7000,0x000071170e5fb000] with protection modes 0
Event: 3,661 Protecting memory [0x000071170ddf3000,0x000071170ddf7000] with protection modes 0
Event: 4,145 Protecting memory [0x000071170e9f9000,0x000071170e9fd000] with protection modes 0
Event: 4,456 Protecting memory [0x000071170dff4000,0x000071170dff8000] with protection modes 0
Event: 4,465 Protecting memory [0x000071170e9f9000,0x000071170e9fd000] with protection modes 0
Event: 4,467 Protecting memory [0x000071170e1f5000,0x000071170e1f9000] with protection modes 0

Nmethod flushes (20 events):
Event: 4,010 Thread 0x0000711820113510 flushing  nmethod 0x000071180d039188
Event: 4,010 Thread 0x0000711820113510 flushing  nmethod 0x000071180d03d308
Event: 4,010 Thread 0x0000711820113510 flushing  nmethod 0x000071180d2a0e88
Event: 4,010 Thread 0x0000711820113510 flushing  nmethod 0x000071180d310a88
Event: 4,010 Thread 0x0000711820113510 flushing  nmethod 0x000071180d311788
Event: 4,010 Thread 0x0000711820113510 flushing  nmethod 0x000071180d311b08
Event: 4,010 Thread 0x0000711820113510 flushing  nmethod 0x000071180d312f88
Event: 4,010 Thread 0x0000711820113510 flushing  nmethod 0x000071180d313288
Event: 4,010 Thread 0x0000711820113510 flushing  nmethod 0x000071180d314008
Event: 4,010 Thread 0x0000711820113510 flushing  nmethod 0x000071180d314d88
Event: 4,010 Thread 0x0000711820113510 flushing  nmethod 0x000071180d315508
Event: 4,010 Thread 0x0000711820113510 flushing  nmethod 0x000071180d315c08
Event: 4,010 Thread 0x0000711820113510 flushing  nmethod 0x000071180d315f88
Event: 4,010 Thread 0x0000711820113510 flushing  nmethod 0x000071180d316c08
Event: 4,010 Thread 0x0000711820113510 flushing  nmethod 0x000071180d385c88
Event: 4,010 Thread 0x0000711820113510 flushing  nmethod 0x000071180d38a208
Event: 4,010 Thread 0x0000711820113510 flushing  nmethod 0x000071180d38bb88
Event: 4,010 Thread 0x0000711820113510 flushing  nmethod 0x000071180d3eb708
Event: 4,010 Thread 0x0000711820113510 flushing  nmethod 0x000071180d421a08
Event: 4,010 Thread 0x0000711820113510 flushing  nmethod 0x000071180d429f88

Events (20 events):
Event: 2,249 Thread 0x000071171000ada0 Thread exited: 0x000071171000ada0
Event: 2,250 Thread 0x00007117140011e0 Thread exited: 0x00007117140011e0
Event: 2,279 Thread 0x00007118209249c0 Thread added: 0x000071178c050610
Event: 2,332 Thread 0x000071182002e560 Thread added: 0x0000711820c29ca0
Event: 2,424 Thread 0x000071182002e560 Thread added: 0x00007118209e0b40
Event: 2,426 Thread 0x000071182002e560 Thread added: 0x00007118209e1bd0
Event: 2,930 Thread 0x000071182002e560 Thread added: 0x0000711820d55c00
Event: 3,035 Thread 0x0000711820c29ca0 Thread added: 0x000071171401b190
Event: 3,136 Thread 0x000071171401b190 Thread added: 0x00007116f4000f40
Event: 3,247 Thread 0x000071182002e560 Thread added: 0x0000711820f5e0e0
Event: 3,252 Thread 0x000071182002e560 Thread added: 0x0000711820f623a0
Event: 3,270 Thread 0x00007117d03b2630 Thread exited: 0x00007117d03b2630
Event: 3,323 Thread 0x0000711820c29ca0 Thread added: 0x0000711714019870
Event: 3,488 Thread 0x00007117d00aea30 Thread added: 0x00007117bc52a750
Event: 3,661 Thread 0x000071182002e560 Thread added: 0x00007118211de600
Event: 4,145 Thread 0x000071182002e560 Thread added: 0x0000711821422a10
Event: 4,151 Thread 0x0000711821422a10 Thread exited: 0x0000711821422a10
Event: 4,456 Thread 0x000071182002e560 Thread added: 0x00007118212a9590
Event: 4,465 Thread 0x00007118212a9590 Thread added: 0x00007116cc006ab0
Event: 4,467 Thread 0x00007118212a9590 Thread added: 0x00007116cc009a60


Dynamic libraries:
34000000-34080000 rw-p 00000000 00:00 0 
34080000-340a0000 rw-p 00000000 00:00 0 
340a0000-340c0000 rw-p 00000000 00:00 0 
340c0000-34140000 rw-p 00000000 00:00 0 
34140000-341c0000 rw-p 00000000 00:00 0 
341c0000-34200000 rw-p 00000000 00:00 0 
34200000-342c0000 rw-p 00000000 00:00 0 
342c0000-34300000 rw-p 00000000 00:00 0 
34300000-34440000 rw-p 00000000 00:00 0 
34440000-34470000 rw-p 00000000 00:00 0 
34470000-34480000 ---p 00000000 00:00 0 
34480000-346e0000 rw-p 00000000 00:00 0 
346e0000-74000000 ---p 00000000 00:00 0 
c0000000-c8100000 rw-p 00000000 00:00 0 
c8100000-ca500000 ---p 00000000 00:00 0 
ca500000-cae00000 rw-p 00000000 00:00 0 
cae00000-cb100000 ---p 00000000 00:00 0 
cb100000-cb200000 rw-p 00000000 00:00 0 
cb200000-fff00000 ---p 00000000 00:00 0 
fff00000-100000000 rw-p 00000000 00:00 0 
5f0f13b47000-5f0f13b48000 r--p 00000000 07:23 1615                       /snap/dbeaver-ce/543/usr/share/dbeaver-ce/jre/bin/java
5f0f13b48000-5f0f13b49000 r-xp 00001000 07:23 1615                       /snap/dbeaver-ce/543/usr/share/dbeaver-ce/jre/bin/java
5f0f13b49000-5f0f13b4a000 r--p 00002000 07:23 1615                       /snap/dbeaver-ce/543/usr/share/dbeaver-ce/jre/bin/java
5f0f13b4a000-5f0f13b4b000 r--p 00002000 07:23 1615                       /snap/dbeaver-ce/543/usr/share/dbeaver-ce/jre/bin/java
5f0f13b4b000-5f0f13b4c000 rw-p 00003000 07:23 1615                       /snap/dbeaver-ce/543/usr/share/dbeaver-ce/jre/bin/java
5f0f278d7000-5f0f27922000 rw-p 00000000 00:00 0                          [heap]
71169c000000-71169c021000 rw-p 00000000 00:00 0 
71169c021000-7116a0000000 ---p 00000000 00:00 0 
7116a0000000-7116a0021000 rw-p 00000000 00:00 0 
7116a0021000-7116a4000000 ---p 00000000 00:00 0 
7116a4000000-7116a4034000 rw-p 00000000 00:00 0 
7116a4034000-7116a8000000 ---p 00000000 00:00 0 
7116a8000000-7116a8021000 rw-p 00000000 00:00 0 
7116a8021000-7116ac000000 ---p 00000000 00:00 0 
7116ac000000-7116ac034000 rw-p 00000000 00:00 0 
7116ac034000-7116b0000000 ---p 00000000 00:00 0 
7116b0000000-7116b0034000 rw-p 00000000 00:00 0 
7116b0034000-7116b4000000 ---p 00000000 00:00 0 
7116b4000000-7116b4034000 rw-p 00000000 00:00 0 
7116b4034000-7116b8000000 ---p 00000000 00:00 0 
7116b8000000-7116b8034000 rw-p 00000000 00:00 0 
7116b8034000-7116bc000000 ---p 00000000 00:00 0 
7116bc000000-7116bc036000 rw-p 00000000 00:00 0 
7116bc036000-7116c0000000 ---p 00000000 00:00 0 
7116c0000000-7116c18e3000 rw-p 00000000 00:00 0 
7116c18e3000-7116c4000000 ---p 00000000 00:00 0 
7116c4000000-7116c4021000 rw-p 00000000 00:00 0 
7116c4021000-7116c8000000 ---p 00000000 00:00 0 
7116c8000000-7116c8021000 rw-p 00000000 00:00 0 
7116c8021000-7116cc000000 ---p 00000000 00:00 0 
7116cc000000-7116cc036000 rw-p 00000000 00:00 0 
7116cc036000-7116d0000000 ---p 00000000 00:00 0 
7116d0000000-7116d0036000 rw-p 00000000 00:00 0 
7116d0036000-7116d4000000 ---p 00000000 00:00 0 
7116d4000000-7116d4036000 rw-p 00000000 00:00 0 
7116d4036000-7116d8000000 ---p 00000000 00:00 0 
7116d8000000-7116d8021000 rw-p 00000000 00:00 0 
7116d8021000-7116dc000000 ---p 00000000 00:00 0 
7116dc000000-7116dc036000 rw-p 00000000 00:00 0 
7116dc036000-7116e0000000 ---p 00000000 00:00 0 
7116e0000000-7116e0021000 rw-p 00000000 00:00 0 
7116e0021000-7116e4000000 ---p 00000000 00:00 0 
7116e4000000-7116e4036000 rw-p 00000000 00:00 0 
7116e4036000-7116e8000000 ---p 00000000 00:00 0 
7116e8000000-7116e8036000 rw-p 00000000 00:00 0 
7116e8036000-7116ec000000 ---p 00000000 00:00 0 
7116ec000000-7116ec070000 rw-p 00000000 00:00 0 
7116ec070000-7116f0000000 ---p 00000000 00:00 0 
7116f0000000-7116f0021000 rw-p 00000000 00:00 0 
7116f0021000-7116f4000000 ---p 00000000 00:00 0 
7116f4000000-7116f4021000 rw-p 00000000 00:00 0 
7116f4021000-7116f8000000 ---p 00000000 00:00 0 
7116f8000000-7116f8032000 rw-p 00000000 00:00 0 
7116f8032000-7116fc000000 ---p 00000000 00:00 0 
7116fc000000-7116fc021000 rw-p 00000000 00:00 0 
7116fc021000-711700000000 ---p 00000000 00:00 0 
711700000000-711700021000 rw-p 00000000 00:00 0 
711700021000-711704000000 ---p 00000000 00:00 0 
711704000000-711704021000 rw-p 00000000 00:00 0 
711704021000-711708000000 ---p 00000000 00:00 0 
711708000000-711708021000 rw-p 00000000 00:00 0 
711708021000-71170c000000 ---p 00000000 00:00 0 
71170c5ab000-71170cbae000 rw-p 00000000 00:00 0 
71170cbae000-71170cbb4000 r--p 00000000 08:05 919043                     /usr/lib/x86_64-linux-gnu/libmvec.so.1
71170cbb4000-71170cbd7000 r-xp 00006000 08:05 919043                     /usr/lib/x86_64-linux-gnu/libmvec.so.1
71170cbd7000-71170cca7000 r--p 00029000 08:05 919043                     /usr/lib/x86_64-linux-gnu/libmvec.so.1
71170cca7000-71170cca8000 r--p 000f8000 08:05 919043                     /usr/lib/x86_64-linux-gnu/libmvec.so.1
71170cca8000-71170cca9000 rw-p 000f9000 08:05 919043                     /usr/lib/x86_64-linux-gnu/libmvec.so.1
71170cca9000-71170ccac000 r--p 00000000 08:05 936687                     /usr/lib/x86_64-linux-gnu/libvorbis.so.0.4.9
71170ccac000-71170ccc5000 r-xp 00003000 08:05 936687                     /usr/lib/x86_64-linux-gnu/libvorbis.so.0.4.9
71170ccc5000-71170ccd6000 r--p 0001c000 08:05 936687                     /usr/lib/x86_64-linux-gnu/libvorbis.so.0.4.9
71170ccd6000-71170ccd7000 r--p 0002c000 08:05 936687                     /usr/lib/x86_64-linux-gnu/libvorbis.so.0.4.9
71170ccd7000-71170ccd8000 rw-p 0002d000 08:05 936687                     /usr/lib/x86_64-linux-gnu/libvorbis.so.0.4.9
71170ccd8000-71170cd88000 rw-s 00000000 00:01 14248                      /memfd:gdk-wayland (deleted)
71170cd88000-71170d78d000 rw-p 00000000 00:00 0 
71170d78d000-71170d7e1000 r--p 00000000 08:05 1195365                    /usr/share/fonts/truetype/dejavu/DejaVuSansMono.ttf
71170d7e1000-71170d8e9000 r--p 00000000 08:05 1195712                    /usr/share/fonts/truetype/ubuntu/UbuntuSans[wdth,wght].ttf
71170d8e9000-71170d9f1000 r--p 00000000 08:05 1195712                    /usr/share/fonts/truetype/ubuntu/UbuntuSans[wdth,wght].ttf
71170d9f1000-71170dbf2000 rw-p 00000000 00:00 0 
71170dbf2000-71170dbf6000 ---p 00000000 00:00 0 
71170dbf6000-71170ddf3000 rw-p 00000000 00:00 0 
71170ddf3000-71170ddf7000 ---p 00000000 00:00 0 
71170ddf7000-71170dff4000 rw-p 00000000 00:00 0 
71170dff4000-71170dff8000 ---p 00000000 00:00 0 
71170dff8000-71170e1f5000 rw-p 00000000 00:00 0 
71170e1f5000-71170e1f9000 ---p 00000000 00:00 0 
71170e1f9000-71170e5f7000 rw-p 00000000 00:00 0 
71170e5f7000-71170e5fb000 ---p 00000000 00:00 0 
71170e5fb000-71170e7f8000 rw-p 00000000 00:00 0 
71170e7f8000-71170e7fc000 ---p 00000000 00:00 0 
71170e7fc000-71170e9f9000 rw-p 00000000 00:00 0 
71170e9f9000-71170e9fd000 ---p 00000000 00:00 0 
71170e9fd000-71170effc000 rw-p 00000000 00:00 0 
71170effc000-71170f000000 ---p 00000000 00:00 0 
71170f000000-71170f800000 rw-p 00000000 00:00 0 
71170f800000-71170f802000 r-xp 00000000 08:05 660844                     /home/gustaa/snap/dbeaver-ce/543/.local/share/DBeaverData/install-data/org.jkiss.dbeaver.product/26.1.5-202608181400/org.eclipse.osgi/49/0/.cp/os/linux/x86_64/libunixfile_1_0_0.so
71170f802000-71170fa01000 ---p 00002000 08:05 660844                     /home/gustaa/snap/dbeaver-ce/543/.local/share/DBeaverData/install-data/org.jkiss.dbeaver.product/26.1.5-202608181400/org.eclipse.osgi/49/0/.cp/os/linux/x86_64/libunixfile_1_0_0.so
71170fa01000-71170fa02000 r--p 00001000 08:05 660844                     /home/gustaa/snap/dbeaver-ce/543/.local/share/DBeaverData/install-data/org.jkiss.dbeaver.product/26.1.5-202608181400/org.eclipse.osgi/49/0/.cp/os/linux/x86_64/libunixfile_1_0_0.so
71170fa02000-71170fa03000 rw-p 00002000 08:05 660844                     /home/gustaa/snap/dbeaver-ce/543/.local/share/DBeaverData/install-data/org.jkiss.dbeaver.product/26.1.5-202608181400/org.eclipse.osgi/49/0/.cp/os/linux/x86_64/libunixfile_1_0_0.so
71170fa04000-71170fa36000 r--p 00000000 08:05 1215071                    /usr/share/icons/Yaru/icon-theme.cache
71170fa36000-71170fa3a000 ---p 00000000 00:00 0 
71170fa3a000-71170fb36000 rw-p 00000000 00:00 0 
71170fb36000-71170fb3a000 ---p 00000000 00:00 0 
71170fb3a000-71170fc36000 rw-p 00000000 00:00 0 
71170fc36000-71170fc3a000 ---p 00000000 00:00 0 
71170fc3a000-71170fd36000 rw-p 00000000 00:00 0 
71170fd36000-71170fd3a000 ---p 00000000 00:00 0 
71170fd3a000-71170fe36000 rw-p 00000000 00:00 0 
71170fe36000-71170fe3d000 r--p 00000000 07:23 1832                       /snap/dbeaver-ce/543/usr/share/dbeaver-ce/jre/lib/libfontmanager.so
71170fe3d000-71170ffc0000 r-xp 00007000 07:23 1832                       /snap/dbeaver-ce/543/usr/share/dbeaver-ce/jre/lib/libfontmanager.so
71170ffc0000-71170fffc000 r--p 0018a000 07:23 1832                       /snap/dbeaver-ce/543/usr/share/dbeaver-ce/jre/lib/libfontmanager.so
71170fffc000-71170fffe000 r--p 001c6000 07:23 1832                       /snap/dbeaver-ce/543/usr/share/dbeaver-ce/jre/lib/libfontmanager.so
71170fffe000-71170ffff000 rw-p 001c8000 07:23 1832                       /snap/dbeaver-ce/543/usr/share/dbeaver-ce/jre/lib/libfontmanager.so
71170ffff000-711710021000 rw-p 00000000 00:00 0 
711710021000-711714000000 ---p 00000000 00:00 0 
711714000000-711714041000 rw-p 00000000 00:00 0 
711714041000-711718000000 ---p 00000000 00:00 0 
711718000000-711718021000 rw-p 00000000 00:00 0 
711718021000-71171c000000 ---p 00000000 00:00 0 
71171c000000-71171c021000 rw-p 00000000 00:00 0 
71171c021000-711720000000 ---p 00000000 00:00 0 
711720000000-711720021000 rw-p 00000000 00:00 0 
711720021000-711724000000 ---p 00000000 00:00 0 
711724000000-711724021000 rw-p 00000000 00:00 0 
711724021000-711728000000 ---p 00000000 00:00 0 
711728000000-711728021000 rw-p 00000000 00:00 0 
711728021000-71172c000000 ---p 00000000 00:00 0 
71172c000000-71172c021000 rw-p 00000000 00:00 0 
71172c021000-711730000000 ---p 00000000 00:00 0 
711730000000-711730021000 rw-p 00000000 00:00 0 
711730021000-711734000000 ---p 00000000 00:00 0 
711734000000-711734021000 rw-p 00000000 00:00 0 
711734021000-711738000000 ---p 00000000 00:00 0 
711738000000-711738021000 rw-p 00000000 00:00 0 
711738021000-71173c000000 ---p 00000000 00:00 0 
71173c000000-71173c021000 rw-p 00000000 00:00 0 
71173c021000-711740000000 ---p 00000000 00:00 0 
711740000000-711740021000 rw-p 00000000 00:00 0 
711740021000-711744000000 ---p 00000000 00:00 0 
711744000000-711744021000 rw-p 00000000 00:00 0 
711744021000-711748000000 ---p 00000000 00:00 0 
711748000000-711748021000 rw-p 00000000 00:00 0 
711748021000-71174c000000 ---p 00000000 00:00 0 
71174c000000-71174c021000 rw-p 00000000 00:00 0 
71174c021000-711750000000 ---p 00000000 00:00 0 
711750000000-711750021000 rw-p 00000000 00:00 0 
711750021000-711754000000 ---p 00000000 00:00 0 
711754000000-711754021000 rw-p 00000000 00:00 0 
711754021000-711758000000 ---p 00000000 00:00 0 
711758000000-711759357000 rw-p 00000000 00:00 0 
711759357000-71175c000000 ---p 00000000 00:00 0 
71175c000000-71175c021000 rw-p 00000000 00:00 0 
71175c021000-711760000000 ---p 00000000 00:00 0 
711760000000-711760034000 rw-p 00000000 00:00 0 
711760034000-711764000000 ---p 00000000 00:00 0 
711764000000-711764034000 rw-p 00000000 00:00 0 
711764034000-711768000000 ---p 00000000 00:00 0 
711768000000-711768034000 rw-p 00000000 00:00 0 
711768034000-71176c000000 ---p 00000000 00:00 0 
71176c000000-71176c034000 rw-p 00000000 00:00 0 
71176c034000-711770000000 ---p 00000000 00:00 0 
711770000000-711770034000 rw-p 00000000 00:00 0 
711770034000-711774000000 ---p 00000000 00:00 0 
711774000000-711774034000 rw-p 00000000 00:00 0 
711774034000-711778000000 ---p 00000000 00:00 0 
711778000000-711778034000 rw-p 00000000 00:00 0 
711778034000-71177c000000 ---p 00000000 00:00 0 
71177c000000-71177c7b5000 rw-p 00000000 00:00 0 
71177c7b5000-711780000000 ---p 00000000 00:00 0 
711780000000-711780034000 rw-p 00000000 00:00 0 
711780034000-711784000000 ---p 00000000 00:00 0 
711784000000-711784034000 rw-p 00000000 00:00 0 
711784034000-711788000000 ---p 00000000 00:00 0 
711788000000-711788021000 rw-p 00000000 00:00 0 
711788021000-71178c000000 ---p 00000000 00:00 0 
71178c000000-71178c086000 rw-p 00000000 00:00 0 
71178c086000-711790000000 ---p 00000000 00:00 0 
711790000000-711790021000 rw-p 00000000 00:00 0 
711790021000-711794000000 ---p 00000000 00:00 0 
711794000000-711794072000 rw-p 00000000 00:00 0 
711794072000-711798000000 ---p 00000000 00:00 0 
711798000000-711798021000 rw-p 00000000 00:00 0 
711798021000-71179c000000 ---p 00000000 00:00 0 
71179c000000-71179c021000 rw-p 00000000 00:00 0 
71179c021000-7117a0000000 ---p 00000000 00:00 0 
7117a0000000-7117a0021000 rw-p 00000000 00:00 0 
7117a0021000-7117a4000000 ---p 00000000 00:00 0 
7117a4000000-7117a4002000 r--p 00000000 08:05 1062014                    /usr/lib/x86_64-linux-gnu/gtk-3.0/3.0.0/immodules/im-wayland.so
7117a4002000-7117a4004000 r-xp 00002000 08:05 1062014                    /usr/lib/x86_64-linux-gnu/gtk-3.0/3.0.0/immodules/im-wayland.so
7117a4004000-7117a4005000 r--p 00004000 08:05 1062014                    /usr/lib/x86_64-linux-gnu/gtk-3.0/3.0.0/immodules/im-wayland.so
7117a4005000-7117a4006000 r--p 00005000 08:05 1062014                    /usr/lib/x86_64-linux-gnu/gtk-3.0/3.0.0/immodules/im-wayland.so
7117a4006000-7117a4007000 rw-p 00006000 08:05 1062014                    /usr/lib/x86_64-linux-gnu/gtk-3.0/3.0.0/immodules/im-wayland.so
7117a4007000-7117a400d000 r--p 00000000 08:05 660867                     /home/gustaa/snap/dbeaver-ce/543/.local/share/DBeaverData/install-data/org.jkiss.dbeaver.product/26.1.5-202608181400/org.eclipse.osgi/152/0/.cp/libswt-cairo-gtk-4973r12.so
7117a400d000-7117a4010000 r-xp 00006000 08:05 660867                     /home/gustaa/snap/dbeaver-ce/543/.local/share/DBeaverData/install-data/org.jkiss.dbeaver.product/26.1.5-202608181400/org.eclipse.osgi/152/0/.cp/libswt-cairo-gtk-4973r12.so
7117a4010000-7117a4012000 r--p 00009000 08:05 660867                     /home/gustaa/snap/dbeaver-ce/543/.local/share/DBeaverData/install-data/org.jkiss.dbeaver.product/26.1.5-202608181400/org.eclipse.osgi/152/0/.cp/libswt-cairo-gtk-4973r12.so
7117a4012000-7117a4013000 r--p 0000a000 08:05 660867                     /home/gustaa/snap/dbeaver-ce/543/.local/share/DBeaverData/install-data/org.jkiss.dbeaver.product/26.1.5-202608181400/org.eclipse.osgi/152/0/.cp/libswt-cairo-gtk-4973r12.so
7117a4013000-7117a4014000 rw-p 0000b000 08:05 660867                     /home/gustaa/snap/dbeaver-ce/543/.local/share/DBeaverData/install-data/org.jkiss.dbeaver.product/26.1.5-202608181400/org.eclipse.osgi/152/0/.cp/libswt-cairo-gtk-4973r12.so
7117a4014000-7117a401c000 r--s 00000000 08:05 5022611                    /home/gustaa/.local/share/gvfs-metadata/root-0818a8a2.log
7117a401c000-7117a4026000 r--p 00000000 08:05 1210027                    /usr/share/icons/Adwaita/icon-theme.cache
7117a4026000-7117a402c000 r--p 00000000 08:05 1192314                    /usr/share/icons/hicolor/icon-theme.cache
7117a402c000-7117a4037000 r--p 00000000 07:23 1833                       /snap/dbeaver-ce/543/usr/share/dbeaver-ce/jre/lib/libfreetype.so
7117a4037000-7117a40af000 r-xp 0000b000 07:23 1833                       /snap/dbeaver-ce/543/usr/share/dbeaver-ce/jre/lib/libfreetype.so
7117a40af000-7117a40d3000 r--p 00083000 07:23 1833                       /snap/dbeaver-ce/543/usr/share/dbeaver-ce/jre/lib/libfreetype.so
7117a40d3000-7117a40d9000 r--p 000a7000 07:23 1833                       /snap/dbeaver-ce/543/usr/share/dbeaver-ce/jre/lib/libfreetype.so
7117a40d9000-7117a40da000 rw-p 000ad000 07:23 1833                       /snap/dbeaver-ce/543/usr/share/dbeaver-ce/jre/lib/libfreetype.so
7117a40da000-7117a40eb000 r--p 00000000 07:23 1830                       /snap/dbeaver-ce/543/usr/share/dbeaver-ce/jre/lib/libawt_xawt.so
7117a40eb000-7117a412e000 r-xp 00011000 07:23 1830                       /snap/dbeaver-ce/543/usr/share/dbeaver-ce/jre/lib/libawt_xawt.so
7117a412e000-7117a4142000 r--p 00054000 07:23 1830                       /snap/dbeaver-ce/543/usr/share/dbeaver-ce/jre/lib/libawt_xawt.so
7117a4142000-7117a4144000 r--p 00067000 07:23 1830                       /snap/dbeaver-ce/543/usr/share/dbeaver-ce/jre/lib/libawt_xawt.so
7117a4144000-7117a4146000 rw-p 00069000 07:23 1830                       /snap/dbeaver-ce/543/usr/share/dbeaver-ce/jre/lib/libawt_xawt.so
7117a4146000-7117a4148000 rw-p 00000000 00:00 0 
7117a4148000-7117a4167000 r--p 00000000 07:23 1828                       /snap/dbeaver-ce/543/usr/share/dbeaver-ce/jre/lib/libawt.so
7117a4167000-7117a4205000 r-xp 0001f000 07:23 1828                       /snap/dbeaver-ce/543/usr/share/dbeaver-ce/jre/lib/libawt.so
7117a4205000-7117a4212000 r--p 000bd000 07:23 1828                       /snap/dbeaver-ce/543/usr/share/dbeaver-ce/jre/lib/libawt.so
7117a4212000-7117a4213000 r--p 000c9000 07:23 1828                       /snap/dbeaver-ce/543/usr/share/dbeaver-ce/jre/lib/libawt.so
7117a4213000-7117a421e000 rw-p 000ca000 07:23 1828                       /snap/dbeaver-ce/543/usr/share/dbeaver-ce/jre/lib/libawt.so
7117a421e000-7117a4243000 rw-p 00000000 00:00 0 
7117a4243000-7117a427e000 r--p 00000000 08:05 660806                     /home/gustaa/snap/dbeaver-ce/543/.local/share/DBeaverData/install-data/org.jkiss.dbeaver.product/26.1.5-202608181400/org.eclipse.osgi/152/0/.cp/libswt-pi3-gtk-4973r12.so
7117a427e000-7117a429f000 r-xp 0003b000 08:05 660806                     /home/gustaa/snap/dbeaver-ce/543/.local/share/DBeaverData/install-data/org.jkiss.dbeaver.product/26.1.5-202608181400/org.eclipse.osgi/152/0/.cp/libswt-pi3-gtk-4973r12.so
7117a429f000-7117a42b2000 r--p 0005c000 08:05 660806                     /home/gustaa/snap/dbeaver-ce/543/.local/share/DBeaverData/install-data/org.jkiss.dbeaver.product/26.1.5-202608181400/org.eclipse.osgi/152/0/.cp/libswt-pi3-gtk-4973r12.so
7117a42b2000-7117a42b3000 r--p 0006e000 08:05 660806                     /home/gustaa/snap/dbeaver-ce/543/.local/share/DBeaverData/install-data/org.jkiss.dbeaver.product/26.1.5-202608181400/org.eclipse.osgi/152/0/.cp/libswt-pi3-gtk-4973r12.so
7117a42b3000-7117a42b6000 rw-p 0006f000 08:05 660806                     /home/gustaa/snap/dbeaver-ce/543/.local/share/DBeaverData/install-data/org.jkiss.dbeaver.product/26.1.5-202608181400/org.eclipse.osgi/152/0/.cp/libswt-pi3-gtk-4973r12.so
7117a42b6000-7117a42b7000 rw-p 00000000 00:00 0 
7117a42b7000-7117a42f6000 r--p 00000000 08:05 660805                     /home/gustaa/snap/dbeaver-ce/543/.local/share/DBeaverData/install-data/org.jkiss.dbeaver.product/26.1.5-202608181400/org.eclipse.osgi/152/0/.cp/libswt-gtk-4973r12.so
7117a42f6000-7117a431f000 r-xp 0003f000 08:05 660805                     /home/gustaa/snap/dbeaver-ce/543/.local/share/DBeaverData/install-data/org.jkiss.dbeaver.product/26.1.5-202608181400/org.eclipse.osgi/152/0/.cp/libswt-gtk-4973r12.so
7117a431f000-7117a4344000 r--p 00068000 08:05 660805                     /home/gustaa/snap/dbeaver-ce/543/.local/share/DBeaverData/install-data/org.jkiss.dbeaver.product/26.1.5-202608181400/org.eclipse.osgi/152/0/.cp/libswt-gtk-4973r12.so
7117a4344000-7117a4345000 r--p 0008c000 08:05 660805                     /home/gustaa/snap/dbeaver-ce/543/.local/share/DBeaverData/install-data/org.jkiss.dbeaver.product/26.1.5-202608181400/org.eclipse.osgi/152/0/.cp/libswt-gtk-4973r12.so
7117a4345000-7117a434d000 rw-p 0008d000 08:05 660805                     /home/gustaa/snap/dbeaver-ce/543/.local/share/DBeaverData/install-data/org.jkiss.dbeaver.product/26.1.5-202608181400/org.eclipse.osgi/152/0/.cp/libswt-gtk-4973r12.so
7117a434d000-7117a4351000 rw-p 00000000 00:00 0 
7117a4351000-7117a4355000 ---p 00000000 00:00 0 
7117a4355000-7117a4451000 rw-p 00000000 00:00 0 
7117a4451000-7117a4455000 ---p 00000000 00:00 0 
7117a4455000-7117a4551000 rw-p 00000000 00:00 0 
7117a4551000-7117a4555000 ---p 00000000 00:00 0 
7117a4555000-7117a4651000 rw-p 00000000 00:00 0 
7117a4651000-7117a4655000 ---p 00000000 00:00 0 
7117a4655000-7117a4751000 rw-p 00000000 00:00 0 
7117a4751000-7117a4755000 ---p 00000000 00:00 0 
7117a4755000-7117a525b000 rw-p 00000000 00:00 0 
7117a525b000-7117a525f000 ---p 00000000 00:00 0 
7117a525f000-7117a535b000 rw-p 00000000 00:00 0 
7117a535b000-7117a535f000 ---p 00000000 00:00 0 
7117a535f000-7117a545b000 rw-p 00000000 00:00 0 
7117a545b000-7117a545f000 ---p 00000000 00:00 0 
7117a545f000-7117a555b000 rw-p 00000000 00:00 0 
7117a555b000-7117a555f000 ---p 00000000 00:00 0 
7117a555f000-7117a565b000 rw-p 00000000 00:00 0 
7117a565b000-7117a565f000 ---p 00000000 00:00 0 
7117a565f000-7117a575b000 rw-p 00000000 00:00 0 
7117a575b000-7117a5863000 r--p 00000000 08:05 1195712                    /usr/share/fonts/truetype/ubuntu/UbuntuSans[wdth,wght].ttf
7117a5863000-7117a596b000 r--p 00000000 08:05 1195712                    /usr/share/fonts/truetype/ubuntu/UbuntuSans[wdth,wght].ttf
7117a596b000-7117a596f000 ---p 00000000 00:00 0 
7117a596f000-7117a5b6c000 rw-p 00000000 00:00 0 
7117a5b6c000-7117a5b70000 ---p 00000000 00:00 0 
7117a5b70000-7117a5d6d000 rw-p 00000000 00:00 0 
7117a5d6d000-7117a5d71000 ---p 00000000 00:00 0 
7117a5d71000-7117a5f6e000 rw-p 00000000 00:00 0 
7117a5f6e000-7117a5f72000 ---p 00000000 00:00 0 
7117a5f72000-7117a616f000 rw-p 00000000 00:00 0 
7117a616f000-7117a6173000 ---p 00000000 00:00 0 
7117a6173000-7117a6370000 rw-p 00000000 00:00 0 
7117a6370000-7117a6374000 ---p 00000000 00:00 0 
7117a6374000-7117a6571000 rw-p 00000000 00:00 0 
7117a6571000-7117a6575000 ---p 00000000 00:00 0 
7117a6575000-7117a6772000 rw-p 00000000 00:00 0 
7117a6772000-7117a6776000 ---p 00000000 00:00 0 
7117a6776000-7117a6973000 rw-p 00000000 00:00 0 
7117a6973000-7117a6977000 ---p 00000000 00:00 0 
7117a6977000-7117a6b74000 rw-p 00000000 00:00 0 
7117a6b74000-7117a6b78000 ---p 00000000 00:00 0 
7117a6b78000-7117a6d75000 rw-p 00000000 00:00 0 
7117a6d75000-7117a6d79000 ---p 00000000 00:00 0 
7117a6d79000-7117a6f76000 rw-p 00000000 00:00 0 
7117a6f76000-7117a6f7a000 ---p 00000000 00:00 0 
7117a6f7a000-7117a7177000 rw-p 00000000 00:00 0 
7117a717f000-7117a7181000 r--p 00000000 08:05 936469                     /usr/lib/x86_64-linux-gnu/libogg.so.0.8.6
7117a7181000-7117a7184000 r-xp 00002000 08:05 936469                     /usr/lib/x86_64-linux-gnu/libogg.so.0.8.6
7117a7184000-7117a7187000 r--p 00005000 08:05 936469                     /usr/lib/x86_64-linux-gnu/libogg.so.0.8.6
7117a7187000-7117a7188000 r--p 00008000 08:05 936469                     /usr/lib/x86_64-linux-gnu/libogg.so.0.8.6
7117a7188000-7117a7189000 rw-p 00009000 08:05 936469                     /usr/lib/x86_64-linux-gnu/libogg.so.0.8.6
7117a7189000-7117a718b000 r--p 00000000 08:05 936371                     /usr/lib/x86_64-linux-gnu/libltdl.so.7.3.3
7117a718b000-7117a7190000 r-xp 00002000 08:05 936371                     /usr/lib/x86_64-linux-gnu/libltdl.so.7.3.3
7117a7190000-7117a7192000 r--p 00007000 08:05 936371                     /usr/lib/x86_64-linux-gnu/libltdl.so.7.3.3
7117a7192000-7117a7193000 r--p 00009000 08:05 936371                     /usr/lib/x86_64-linux-gnu/libltdl.so.7.3.3
7117a7193000-7117a7194000 rw-p 0000a000 08:05 936371                     /usr/lib/x86_64-linux-gnu/libltdl.so.7.3.3
7117a7194000-7117a7198000 r--p 00000000 08:05 920417                     /usr/lib/x86_64-linux-gnu/libtdb.so.1.4.14
7117a7198000-7117a71a6000 r-xp 00004000 08:05 920417                     /usr/lib/x86_64-linux-gnu/libtdb.so.1.4.14
7117a71a6000-7117a71ab000 r--p 00012000 08:05 920417                     /usr/lib/x86_64-linux-gnu/libtdb.so.1.4.14
7117a71ab000-7117a71ac000 r--p 00016000 08:05 920417                     /usr/lib/x86_64-linux-gnu/libtdb.so.1.4.14
7117a71ac000-7117a71ad000 rw-p 00017000 08:05 920417                     /usr/lib/x86_64-linux-gnu/libtdb.so.1.4.14
7117a71ad000-7117a71af000 r--p 00000000 08:05 936689                     /usr/lib/x86_64-linux-gnu/libvorbisfile.so.3.3.8
7117a71af000-7117a71b5000 r-xp 00002000 08:05 936689                     /usr/lib/x86_64-linux-gnu/libvorbisfile.so.3.3.8
7117a71b5000-7117a71b6000 r--p 00008000 08:05 936689                     /usr/lib/x86_64-linux-gnu/libvorbisfile.so.3.3.8
7117a71b6000-7117a71b7000 r--p 00008000 08:05 936689                     /usr/lib/x86_64-linux-gnu/libvorbisfile.so.3.3.8
7117a71b7000-7117a71b8000 rw-p 00009000 08:05 936689                     /usr/lib/x86_64-linux-gnu/libvorbisfile.so.3.3.8
7117a71b8000-7117a71bb000 r--p 00000000 08:05 936070                     /usr/lib/x86_64-linux-gnu/libcanberra.so.0.2.5
7117a71bb000-7117a71c5000 r-xp 00003000 08:05 936070                     /usr/lib/x86_64-linux-gnu/libcanberra.so.0.2.5
7117a71c5000-7117a71c8000 r--p 0000d000 08:05 936070                     /usr/lib/x86_64-linux-gnu/libcanberra.so.0.2.5
7117a71c8000-7117a71c9000 r--p 0000f000 08:05 936070                     /usr/lib/x86_64-linux-gnu/libcanberra.so.0.2.5
7117a71c9000-7117a71ca000 rw-p 00010000 08:05 936070                     /usr/lib/x86_64-linux-gnu/libcanberra.so.0.2.5
7117a71ca000-7117a71cc000 r--p 00000000 08:05 936069                     /usr/lib/x86_64-linux-gnu/libcanberra-gtk3.so.0.1.9
7117a71cc000-7117a71ce000 r-xp 00002000 08:05 936069                     /usr/lib/x86_64-linux-gnu/libcanberra-gtk3.so.0.1.9
7117a71ce000-7117a71cf000 r--p 00004000 08:05 936069                     /usr/lib/x86_64-linux-gnu/libcanberra-gtk3.so.0.1.9
7117a71cf000-7117a71d0000 r--p 00004000 08:05 936069                     /usr/lib/x86_64-linux-gnu/libcanberra-gtk3.so.0.1.9
7117a71d0000-7117a71d1000 rw-p 00005000 08:05 936069                     /usr/lib/x86_64-linux-gnu/libcanberra-gtk3.so.0.1.9
7117a71e8000-7117a71ea000 r--p 00000000 08:05 1062018                    /usr/lib/x86_64-linux-gnu/gtk-3.0/modules/libcanberra-gtk3-module.so
7117a71ea000-7117a71ed000 r-xp 00002000 08:05 1062018                    /usr/lib/x86_64-linux-gnu/gtk-3.0/modules/libcanberra-gtk3-module.so
7117a71ed000-7117a71ee000 r--p 00005000 08:05 1062018                    /usr/lib/x86_64-linux-gnu/gtk-3.0/modules/libcanberra-gtk3-module.so
7117a71ee000-7117a71ef000 r--p 00005000 08:05 1062018                    /usr/lib/x86_64-linux-gnu/gtk-3.0/modules/libcanberra-gtk3-module.so
7117a71ef000-7117a71f0000 rw-p 00006000 08:05 1062018                    /usr/lib/x86_64-linux-gnu/gtk-3.0/modules/libcanberra-gtk3-module.so
7117a71f0000-7117a71f3000 r--p 00000000 08:05 660886                     /home/gustaa/snap/dbeaver-ce/543/.local/share/DBeaverData/install-data/org.jkiss.dbeaver.product/26.1.5-202608181400/org.eclipse.osgi/152/0/.cp/libswt-atk-gtk-4973r12.so
7117a71f3000-7117a71f7000 r-xp 00003000 08:05 660886                     /home/gustaa/snap/dbeaver-ce/543/.local/share/DBeaverData/install-data/org.jkiss.dbeaver.product/26.1.5-202608181400/org.eclipse.osgi/152/0/.cp/libswt-atk-gtk-4973r12.so
7117a71f7000-7117a71f9000 r--p 00007000 08:05 660886                     /home/gustaa/snap/dbeaver-ce/543/.local/share/DBeaverData/install-data/org.jkiss.dbeaver.product/26.1.5-202608181400/org.eclipse.osgi/152/0/.cp/libswt-atk-gtk-4973r12.so
7117a71f9000-7117a71fa000 r--p 00008000 08:05 660886                     /home/gustaa/snap/dbeaver-ce/543/.local/share/DBeaverData/install-data/org.jkiss.dbeaver.product/26.1.5-202608181400/org.eclipse.osgi/152/0/.cp/libswt-atk-gtk-4973r12.so
7117a71fa000-7117a71fb000 rw-p 00009000 08:05 660886                     /home/gustaa/snap/dbeaver-ce/543/.local/share/DBeaverData/install-data/org.jkiss.dbeaver.product/26.1.5-202608181400/org.eclipse.osgi/152/0/.cp/libswt-atk-gtk-4973r12.so
7117a71fb000-7117a73fc000 rw-p 00000000 00:00 0 
7117a73fc000-7117a7400000 ---p 00000000 00:00 0 
7117a7400000-7117a7c00000 rw-p 00000000 00:00 0 
7117a7c00000-7117a7f4a000 r--s 00000000 08:05 6037217                    /var/cache/fontconfig/0bd3dc0958fa2205aaaa8ebb13e2872b-le64.cache-9
7117a7f4a000-7117a7f4b000 r--p 00000000 07:23 1831                       /snap/dbeaver-ce/543/usr/share/dbeaver-ce/jre/lib/libextnet.so
7117a7f4b000-7117a7f4c000 r-xp 00001000 07:23 1831                       /snap/dbeaver-ce/543/usr/share/dbeaver-ce/jre/lib/libextnet.so
7117a7f4c000-7117a7f4d000 r--p 00002000 07:23 1831                       /snap/dbeaver-ce/543/usr/share/dbeaver-ce/jre/lib/libextnet.so
7117a7f4d000-7117a7f4e000 r--p 00002000 07:23 1831                       /snap/dbeaver-ce/543/usr/share/dbeaver-ce/jre/lib/libextnet.so
7117a7f4e000-7117a7f4f000 rw-p 00003000 07:23 1831                       /snap/dbeaver-ce/543/usr/share/dbeaver-ce/jre/lib/libextnet.so
7117a7f4f000-7117a7f50000 r--p 00000000 07:23 1836                       /snap/dbeaver-ce/543/usr/share/dbeaver-ce/jre/lib/libjaas.so
7117a7f50000-7117a7f51000 r-xp 00001000 07:23 1836                       /snap/dbeaver-ce/543/usr/share/dbeaver-ce/jre/lib/libjaas.so
7117a7f51000-7117a7f52000 r--p 00002000 07:23 1836                       /snap/dbeaver-ce/543/usr/share/dbeaver-ce/jre/lib/libjaas.so
7117a7f52000-7117a7f53000 r--p 00002000 07:23 1836                       /snap/dbeaver-ce/543/usr/share/dbeaver-ce/jre/lib/libjaas.so
7117a7f53000-7117a7f54000 rw-p 00003000 07:23 1836                       /snap/dbeaver-ce/543/usr/share/dbeaver-ce/jre/lib/libjaas.so
7117a7f54000-7117a7f56000 r--p 00000000 08:05 935900                     /usr/lib/x86_64-linux-gnu/libXtst.so.6.1.0
7117a7f56000-7117a7f59000 r-xp 00002000 08:05 935900                     /usr/lib/x86_64-linux-gnu/libXtst.so.6.1.0
7117a7f59000-7117a7f5a000 r--p 00005000 08:05 935900                     /usr/lib/x86_64-linux-gnu/libXtst.so.6.1.0
7117a7f5a000-7117a7f5b000 r--p 00005000 08:05 935900                     /usr/lib/x86_64-linux-gnu/libXtst.so.6.1.0
7117a7f5b000-7117a7f5c000 rw-p 00006000 08:05 935900                     /usr/lib/x86_64-linux-gnu/libXtst.so.6.1.0
7117a7f5c000-7117a7f5e000 r--p 00000000 08:05 920458                     /usr/lib/x86_64-linux-gnu/libnss_sss.so.2
7117a7f5e000-7117a7f66000 r-xp 00002000 08:05 920458                     /usr/lib/x86_64-linux-gnu/libnss_sss.so.2
7117a7f66000-7117a7f68000 r--p 0000a000 08:05 920458                     /usr/lib/x86_64-linux-gnu/libnss_sss.so.2
7117a7f68000-7117a7f69000 r--p 0000b000 08:05 920458                     /usr/lib/x86_64-linux-gnu/libnss_sss.so.2
7117a7f69000-7117a7f6a000 rw-p 0000c000 08:05 920458                     /usr/lib/x86_64-linux-gnu/libnss_sss.so.2
7117a7f6a000-7117a7f74000 r--p 00000000 08:05 918825                     /usr/lib/x86_64-linux-gnu/libnss_systemd.so.2
7117a7f74000-7117a7fbc000 r-xp 0000a000 08:05 918825                     /usr/lib/x86_64-linux-gnu/libnss_systemd.so.2
7117a7fbc000-7117a7fcf000 r--p 00052000 08:05 918825                     /usr/lib/x86_64-linux-gnu/libnss_systemd.so.2
7117a7fcf000-7117a7fd5000 r--p 00065000 08:05 918825                     /usr/lib/x86_64-linux-gnu/libnss_systemd.so.2
7117a7fd5000-7117a7fd6000 rw-p 0006b000 08:05 918825                     /usr/lib/x86_64-linux-gnu/libnss_systemd.so.2
7117a7fd6000-7117a8000000 r--s 00000000 08:05 1048779                    /usr/share/mime/mime.cache
7117a8000000-7117a8021000 rw-p 00000000 00:00 0 
7117a8021000-7117ac000000 ---p 00000000 00:00 0 
7117ac000000-7117ac021000 rw-p 00000000 00:00 0 
7117ac021000-7117b0000000 ---p 00000000 00:00 0 
7117b0000000-7117b0021000 rw-p 00000000 00:00 0 
7117b0021000-7117b4000000 ---p 00000000 00:00 0 
7117b4000000-7117b4021000 rw-p 00000000 00:00 0 
7117b4021000-7117b8000000 ---p 00000000 00:00 0 
7117b8000000-7117b8080000 rw-p 00000000 00:00 0 
7117b8080000-7117bc000000 ---p 00000000 00:00 0 
7117bc000000-7117bddef000 rw-p 00000000 00:00 0 
7117bddef000-7117c0000000 ---p 00000000 00:00 0 
7117c0004000-7117c0008000 r--p 00000000 07:23 1855                       /snap/dbeaver-ce/543/usr/share/dbeaver-ce/jre/lib/libverify.so
7117c0008000-7117c0011000 r-xp 00004000 07:23 1855                       /snap/dbeaver-ce/543/usr/share/dbeaver-ce/jre/lib/libverify.so
7117c0011000-7117c0013000 r--p 0000d000 07:23 1855                       /snap/dbeaver-ce/543/usr/share/dbeaver-ce/jre/lib/libverify.so
7117c0013000-7117c0015000 r--p 0000e000 07:23 1855                       /snap/dbeaver-ce/543/usr/share/dbeaver-ce/jre/lib/libverify.so
7117c0015000-7117c0016000 rw-p 00010000 07:23 1855                       /snap/dbeaver-ce/543/usr/share/dbeaver-ce/jre/lib/libverify.so
7117c0016000-7117c001c000 r--p 00000000 08:05 1334487                    /usr/share/locale-langpack/pt_BR/LC_MESSAGES/gdk-pixbuf.mo
7117c001c000-7117c002f000 r--p 00000000 08:05 1062021                    /usr/lib/x86_64-linux-gnu/gvfs/libgvfscommon.so
7117c002f000-7117c004b000 r-xp 00013000 08:05 1062021                    /usr/lib/x86_64-linux-gnu/gvfs/libgvfscommon.so
7117c004b000-7117c0057000 r--p 0002f000 08:05 1062021                    /usr/lib/x86_64-linux-gnu/gvfs/libgvfscommon.so
7117c0057000-7117c005d000 r--p 0003a000 08:05 1062021                    /usr/lib/x86_64-linux-gnu/gvfs/libgvfscommon.so
7117c005d000-7117c005e000 rw-p 00040000 08:05 1062021                    /usr/lib/x86_64-linux-gnu/gvfs/libgvfscommon.so
7117c005e000-7117c0069000 r--p 00000000 08:05 1061792                    /usr/lib/x86_64-linux-gnu/gio/modules/libgvfsdbus.so
7117c0069000-7117c0087000 r-xp 0000b000 08:05 1061792                    /usr/lib/x86_64-linux-gnu/gio/modules/libgvfsdbus.so
7117c0087000-7117c008f000 r--p 00029000 08:05 1061792                    /usr/lib/x86_64-linux-gnu/gio/modules/libgvfsdbus.so
7117c008f000-7117c0091000 r--p 00031000 08:05 1061792                    /usr/lib/x86_64-linux-gnu/gio/modules/libgvfsdbus.so
7117c0091000-7117c0092000 rw-p 00033000 08:05 1061792                    /usr/lib/x86_64-linux-gnu/gio/modules/libgvfsdbus.so
7117c0092000-7117c0147000 r--p 00000000 08:05 1445922                    /usr/share/themes/Yaru-dark/gtk-3.0/gtk.gresource
7117c0147000-7117c016a000 r--p 00000000 08:05 1334503                    /usr/share/locale-langpack/pt_BR/LC_MESSAGES/glib20.mo
7117c016a000-7117c0178000 r--s 00000000 08:05 6029782                    /var/cache/fontconfig/a4e60e8d1e10d2fdff3fe3037a1845fb-le64.cache-9
7117c0178000-7117c01d6000 r--s 00000000 08:05 6029767                    /var/cache/fontconfig/2300eef321c393bfd76478a5c0e95b23-le64.cache-9
7117c01d6000-7117c01de000 r--s 00000000 08:05 6029768                    /var/cache/fontconfig/3047814df9a2f067bd2d96a2b9c36e5a-le64.cache-9
7117c01de000-7117c01f5000 r--s 00000000 08:05 6035893                    /var/cache/fontconfig/d52a8644073d54c13679302ca1180695-le64.cache-9
7117c01f5000-7117c0202000 r--s 00000000 08:05 6037213                    /var/cache/fontconfig/d589a48862398ed80a3d6066f4f56f4c-le64.cache-9
7117c0202000-7117c0212000 r--s 00000000 08:05 6029776                    /var/cache/fontconfig/6cc790b63b123a6a96ee260fcdad32a9-le64.cache-9
7117c0212000-7117c0223000 r--s 00000000 08:05 6029780                    /var/cache/fontconfig/9b89f8e3dae116d678bbf48e5f21f69b-le64.cache-9
7117c0223000-7117c022b000 r--s 00000000 08:05 6037212                    /var/cache/fontconfig/53d14c92082a93e67d5078324eb314ca-le64.cache-9
7117c022b000-7117c046b000 rw-s 00000000 00:01 18350                      /memfd:wayland-cursor (deleted)
7117c046b000-7117c146d000 rw-p 00000000 00:00 0 
7117c146d000-7117c1499000 r--p 00000000 08:05 1192319                    /usr/share/glib-2.0/schemas/gschemas.compiled
7117c1499000-7117c2c9c000 rw-p 00000000 00:00 0 
7117c2c9c000-7117c2ccf000 r--p 00000000 08:05 1334545                    /usr/share/locale-langpack/pt_BR/LC_MESSAGES/gtk30-properties.mo
7117c2ccf000-7117c34d0000 rw-p 00000000 00:00 0 
7117c34d0000-7117c34ec000 r--p 00000000 08:05 1334546                    /usr/share/locale-langpack/pt_BR/LC_MESSAGES/gtk30.mo
7117c34ec000-7117c3505000 r--p 00000000 08:05 919150                     /usr/lib/x86_64-linux-gnu/libsystemd.so.0.42.0
7117c3505000-7117c35bc000 r-xp 00019000 08:05 919150                     /usr/lib/x86_64-linux-gnu/libsystemd.so.0.42.0
7117c35bc000-7117c35f6000 r--p 000d0000 08:05 919150                     /usr/lib/x86_64-linux-gnu/libsystemd.so.0.42.0
7117c35f6000-7117c35fe000 r--p 0010a000 08:05 919150                     /usr/lib/x86_64-linux-gnu/libsystemd.so.0.42.0
7117c35fe000-7117c35ff000 rw-p 00112000 08:05 919150                     /usr/lib/x86_64-linux-gnu/libsystemd.so.0.42.0
7117c35ff000-7117c3600000 rw-p 00000000 00:00 0 
7117c3600000-7117c368b000 r--p 00000000 08:05 936275                     /usr/lib/x86_64-linux-gnu/libgtk-3.so.0.2420.32
7117c368b000-7117c3a3f000 r-xp 0008b000 08:05 936275                     /usr/lib/x86_64-linux-gnu/libgtk-3.so.0.2420.32
7117c3a3f000-7117c3d01000 r--p 0043f000 08:05 936275                     /usr/lib/x86_64-linux-gnu/libgtk-3.so.0.2420.32
7117c3d01000-7117c3d13000 r--p 00701000 08:05 936275                     /usr/lib/x86_64-linux-gnu/libgtk-3.so.0.2420.32
7117c3d13000-7117c3d15000 rw-p 00713000 08:05 936275                     /usr/lib/x86_64-linux-gnu/libgtk-3.so.0.2420.32
7117c3d15000-7117c3d1a000 rw-p 00000000 00:00 0 
7117c3d1a000-7117c3d1e000 r--s 00000000 08:05 6037215                    /var/cache/fontconfig/e49e89034d371f0f9de17aab02136486-le64.cache-9
7117c3d1e000-7117c3d2c000 r--s 00000000 08:05 6029788                    /var/cache/fontconfig/e13b20fdb08344e0e664864cc2ede53d-le64.cache-9
7117c3d2c000-7117c3d2d000 r--p 00000000 08:05 935881                     /usr/lib/x86_64-linux-gnu/libXRes.so.1.0.0
7117c3d2d000-7117c3d2f000 r-xp 00001000 08:05 935881                     /usr/lib/x86_64-linux-gnu/libXRes.so.1.0.0
7117c3d2f000-7117c3d30000 r--p 00003000 08:05 935881                     /usr/lib/x86_64-linux-gnu/libXRes.so.1.0.0
7117c3d30000-7117c3d31000 r--p 00003000 08:05 935881                     /usr/lib/x86_64-linux-gnu/libXRes.so.1.0.0
7117c3d31000-7117c3d32000 rw-p 00004000 08:05 935881                     /usr/lib/x86_64-linux-gnu/libXRes.so.1.0.0
7117c3d32000-7117c3d3e000 r--p 00000000 08:05 936104                     /usr/lib/x86_64-linux-gnu/libdbus-1.so.3.38.3
7117c3d3e000-7117c3d6f000 r-xp 0000c000 08:05 936104                     /usr/lib/x86_64-linux-gnu/libdbus-1.so.3.38.3
7117c3d6f000-7117c3d80000 r--p 0003d000 08:05 936104                     /usr/lib/x86_64-linux-gnu/libdbus-1.so.3.38.3
7117c3d80000-7117c3d81000 r--p 0004d000 08:05 936104                     /usr/lib/x86_64-linux-gnu/libdbus-1.so.3.38.3
7117c3d81000-7117c3d82000 rw-p 0004e000 08:05 936104                     /usr/lib/x86_64-linux-gnu/libdbus-1.so.3.38.3
7117c3d82000-7117c3d93000 r--p 00000000 08:05 920134                     /usr/lib/x86_64-linux-gnu/libatspi.so.0.0.1
7117c3d93000-7117c3daf000 r-xp 00011000 08:05 920134                     /usr/lib/x86_64-linux-gnu/libatspi.so.0.0.1
7117c3daf000-7117c3dbd000 r--p 0002d000 08:05 920134                     /usr/lib/x86_64-linux-gnu/libatspi.so.0.0.1
7117c3dbd000-7117c3dc1000 r--p 0003a000 08:05 920134                     /usr/lib/x86_64-linux-gnu/libatspi.so.0.0.1
7117c3dc1000-7117c3dc2000 rw-p 0003e000 08:05 920134                     /usr/lib/x86_64-linux-gnu/libatspi.so.0.0.1
7117c3dc2000-7117c3dce000 r--p 00000000 08:05 917788                     /usr/lib/x86_64-linux-gnu/libatk-bridge-2.0.so.0.0.0
7117c3dce000-7117c3de9000 r-xp 0000c000 08:05 917788                     /usr/lib/x86_64-linux-gnu/libatk-bridge-2.0.so.0.0.0
7117c3de9000-7117c3dfd000 r--p 00027000 08:05 917788                     /usr/lib/x86_64-linux-gnu/libatk-bridge-2.0.so.0.0.0
7117c3dfd000-7117c3dfe000 r--p 0003b000 08:05 917788                     /usr/lib/x86_64-linux-gnu/libatk-bridge-2.0.so.0.0.0
7117c3dfe000-7117c3e00000 rw-p 0003c000 08:05 917788                     /usr/lib/x86_64-linux-gnu/libatk-bridge-2.0.so.0.0.0
7117c3e00000-7117c3e0b000 r--p 00000000 08:05 917913                     /usr/lib/x86_64-linux-gnu/libatk-1.0.so.0.26013.1
7117c3e0b000-7117c3e1b000 r-xp 0000b000 08:05 917913                     /usr/lib/x86_64-linux-gnu/libatk-1.0.so.0.26013.1
7117c3e1b000-7117c3e26000 r--p 0001b000 08:05 917913                     /usr/lib/x86_64-linux-gnu/libatk-1.0.so.0.26013.1
7117c3e26000-7117c3e29000 r--p 00026000 08:05 917913                     /usr/lib/x86_64-linux-gnu/libatk-1.0.so.0.26013.1
7117c3e29000-7117c3e2a000 rw-p 00029000 08:05 917913                     /usr/lib/x86_64-linux-gnu/libatk-1.0.so.0.26013.1
7117c3e2a000-7117c3e2b000 r--p 00000000 08:05 936052                     /usr/lib/x86_64-linux-gnu/libbrotlicommon.so.1.2.0
7117c3e2b000-7117c3e2c000 r-xp 00001000 08:05 936052                     /usr/lib/x86_64-linux-gnu/libbrotlicommon.so.1.2.0
7117c3e2c000-7117c3e4b000 r--p 00002000 08:05 936052                     /usr/lib/x86_64-linux-gnu/libbrotlicommon.so.1.2.0
7117c3e4b000-7117c3e4c000 r--p 00021000 08:05 936052                     /usr/lib/x86_64-linux-gnu/libbrotlicommon.so.1.2.0
7117c3e4c000-7117c3e4d000 rw-p 00022000 08:05 936052                     /usr/lib/x86_64-linux-gnu/libbrotlicommon.so.1.2.0
7117c3e4d000-7117c3e54000 r--p 00000000 08:05 936047                     /usr/lib/x86_64-linux-gnu/libblkid.so.1.1.0
7117c3e54000-7117c3e79000 r-xp 00007000 08:05 936047                     /usr/lib/x86_64-linux-gnu/libblkid.so.1.1.0
7117c3e79000-7117c3e82000 r--p 0002c000 08:05 936047                     /usr/lib/x86_64-linux-gnu/libblkid.so.1.1.0
7117c3e82000-7117c3e88000 r--p 00034000 08:05 936047                     /usr/lib/x86_64-linux-gnu/libblkid.so.1.1.0
7117c3e88000-7117c3e89000 rw-p 0003a000 08:05 936047                     /usr/lib/x86_64-linux-gnu/libblkid.so.1.1.0
7117c3e89000-7117c3e8c000 r--p 00000000 08:05 920390                     /usr/lib/x86_64-linux-gnu/libgraphite2.so.3.2.1
7117c3e8c000-7117c3ea9000 r-xp 00003000 08:05 920390                     /usr/lib/x86_64-linux-gnu/libgraphite2.so.3.2.1
7117c3ea9000-7117c3eac000 r--p 00020000 08:05 920390                     /usr/lib/x86_64-linux-gnu/libgraphite2.so.3.2.1
7117c3eac000-7117c3eae000 r--p 00022000 08:05 920390                     /usr/lib/x86_64-linux-gnu/libgraphite2.so.3.2.1
7117c3eae000-7117c3eaf000 rw-p 00024000 08:05 920390                     /usr/lib/x86_64-linux-gnu/libgraphite2.so.3.2.1
7117c3eaf000-7117c3eb1000 r--p 00000000 08:05 936102                     /usr/lib/x86_64-linux-gnu/libdatrie.so.1.4.1
7117c3eb1000-7117c3eb5000 r-xp 00002000 08:05 936102                     /usr/lib/x86_64-linux-gnu/libdatrie.so.1.4.1
7117c3eb5000-7117c3eb6000 r--p 00006000 08:05 936102                     /usr/lib/x86_64-linux-gnu/libdatrie.so.1.4.1
7117c3eb6000-7117c3eb7000 r--p 00006000 08:05 936102                     /usr/lib/x86_64-linux-gnu/libdatrie.so.1.4.1
7117c3eb7000-7117c3eb8000 rw-p 00007000 08:05 936102                     /usr/lib/x86_64-linux-gnu/libdatrie.so.1.4.1
7117c3eb8000-7117c3eba000 r--p 00000000 08:05 935887                     /usr/lib/x86_64-linux-gnu/libXdmcp.so.6.0.0
7117c3eba000-7117c3ebc000 r-xp 00002000 08:05 935887                     /usr/lib/x86_64-linux-gnu/libXdmcp.so.6.0.0
7117c3ebc000-7117c3ebe000 r--p 00004000 08:05 935887                     /usr/lib/x86_64-linux-gnu/libXdmcp.so.6.0.0
7117c3ebe000-7117c3ebf000 r--p 00005000 08:05 935887                     /usr/lib/x86_64-linux-gnu/libXdmcp.so.6.0.0
7117c3ebf000-7117c3ec0000 rw-p 00006000 08:05 935887                     /usr/lib/x86_64-linux-gnu/libXdmcp.so.6.0.0
7117c3ec0000-7117c3ec1000 r--p 00000000 08:05 935882                     /usr/lib/x86_64-linux-gnu/libXau.so.6.0.0
7117c3ec1000-7117c3ec3000 r-xp 00001000 08:05 935882                     /usr/lib/x86_64-linux-gnu/libXau.so.6.0.0
7117c3ec3000-7117c3ec4000 r--p 00003000 08:05 935882                     /usr/lib/x86_64-linux-gnu/libXau.so.6.0.0
7117c3ec4000-7117c3ec5000 r--p 00003000 08:05 935882                     /usr/lib/x86_64-linux-gnu/libXau.so.6.0.0
7117c3ec5000-7117c3ec6000 rw-p 00004000 08:05 935882                     /usr/lib/x86_64-linux-gnu/libXau.so.6.0.0
7117c3ec6000-7117c3ec7000 r--p 00000000 08:05 936053                     /usr/lib/x86_64-linux-gnu/libbrotlidec.so.1.2.0
7117c3ec7000-7117c3ed0000 r-xp 00001000 08:05 936053                     /usr/lib/x86_64-linux-gnu/libbrotlidec.so.1.2.0
7117c3ed0000-7117c3ed3000 r--p 0000a000 08:05 936053                     /usr/lib/x86_64-linux-gnu/libbrotlidec.so.1.2.0
7117c3ed3000-7117c3ed4000 r--p 0000c000 08:05 936053                     /usr/lib/x86_64-linux-gnu/libbrotlidec.so.1.2.0
7117c3ed4000-7117c3ed5000 rw-p 0000d000 08:05 936053                     /usr/lib/x86_64-linux-gnu/libbrotlidec.so.1.2.0
7117c3ed5000-7117c3ed7000 r--p 00000000 08:05 936057                     /usr/lib/x86_64-linux-gnu/libbz2.so.1.0.4
7117c3ed7000-7117c3ee6000 r-xp 00002000 08:05 936057                     /usr/lib/x86_64-linux-gnu/libbz2.so.1.0.4
7117c3ee6000-7117c3ee8000 r--p 00011000 08:05 936057                     /usr/lib/x86_64-linux-gnu/libbz2.so.1.0.4
7117c3ee8000-7117c3ee9000 r--p 00012000 08:05 936057                     /usr/lib/x86_64-linux-gnu/libbz2.so.1.0.4
7117c3ee9000-7117c3eea000 rw-p 00013000 08:05 936057                     /usr/lib/x86_64-linux-gnu/libbz2.so.1.0.4
7117c3eea000-7117c3eee000 r--p 00000000 08:05 936196                     /usr/lib/x86_64-linux-gnu/libgcc_s.so.1
7117c3eee000-7117c3f12000 r-xp 00004000 08:05 936196                     /usr/lib/x86_64-linux-gnu/libgcc_s.so.1
7117c3f12000-7117c3f16000 r--p 00028000 08:05 936196                     /usr/lib/x86_64-linux-gnu/libgcc_s.so.1
7117c3f16000-7117c3f17000 r--p 0002c000 08:05 936196                     /usr/lib/x86_64-linux-gnu/libgcc_s.so.1
7117c3f17000-7117c3f18000 rw-p 0002d000 08:05 936196                     /usr/lib/x86_64-linux-gnu/libgcc_s.so.1
7117c3f18000-7117c3f1b000 r--p 00000000 08:05 936573                     /usr/lib/x86_64-linux-gnu/libseccomp.so.2.6.0
7117c3f1b000-7117c3f2b000 r-xp 00003000 08:05 936573                     /usr/lib/x86_64-linux-gnu/libseccomp.so.2.6.0
7117c3f2b000-7117c3f44000 r--p 00013000 08:05 936573                     /usr/lib/x86_64-linux-gnu/libseccomp.so.2.6.0
7117c3f44000-7117c3f45000 r--p 0002c000 08:05 936573                     /usr/lib/x86_64-linux-gnu/libseccomp.so.2.6.0
7117c3f45000-7117c3f46000 rw-p 0002d000 08:05 936573                     /usr/lib/x86_64-linux-gnu/libseccomp.so.2.6.0
7117c3f46000-7117c3f50000 r--p 00000000 08:05 920118                     /usr/lib/x86_64-linux-gnu/liblcms2.so.2.0.17
7117c3f50000-7117c3f94000 r-xp 0000a000 08:05 920118                     /usr/lib/x86_64-linux-gnu/liblcms2.so.2.0.17
7117c3f94000-7117c3fa7000 r--p 0004e000 08:05 920118                     /usr/lib/x86_64-linux-gnu/liblcms2.so.2.0.17
7117c3fa7000-7117c3fa9000 r--p 00061000 08:05 920118                     /usr/lib/x86_64-linux-gnu/liblcms2.so.2.0.17
7117c3fa9000-7117c3fac000 rw-p 00063000 08:05 920118                     /usr/lib/x86_64-linux-gnu/liblcms2.so.2.0.17
7117c3fac000-7117c3fad000 rw-p 00000000 00:00 0 
7117c3fad000-7117c3fb5000 r--p 00000000 08:05 936488                     /usr/lib/x86_64-linux-gnu/libpangoft2-1.0.so.0.5700.0
7117c3fb5000-7117c3fc6000 r-xp 00008000 08:05 936488                     /usr/lib/x86_64-linux-gnu/libpangoft2-1.0.so.0.5700.0
7117c3fc6000-7117c3fcb000 r--p 00019000 08:05 936488                     /usr/lib/x86_64-linux-gnu/libpangoft2-1.0.so.0.5700.0
7117c3fcb000-7117c3fcc000 r--p 0001e000 08:05 936488                     /usr/lib/x86_64-linux-gnu/libpangoft2-1.0.so.0.5700.0
7117c3fcc000-7117c3fcd000 rw-p 0001f000 08:05 936488                     /usr/lib/x86_64-linux-gnu/libpangoft2-1.0.so.0.5700.0
7117c3fcd000-7117c3fd4000 r--p 00000000 08:05 936575                     /usr/lib/x86_64-linux-gnu/libselinux.so.1
7117c3fd4000-7117c3ff5000 r-xp 00007000 08:05 936575                     /usr/lib/x86_64-linux-gnu/libselinux.so.1
7117c3ff5000-7117c3ffc000 r--p 00028000 08:05 936575                     /usr/lib/x86_64-linux-gnu/libselinux.so.1
7117c3ffc000-7117c3ffd000 r--p 0002f000 08:05 936575                     /usr/lib/x86_64-linux-gnu/libselinux.so.1
7117c3ffd000-7117c3ffe000 rw-p 00030000 08:05 936575                     /usr/lib/x86_64-linux-gnu/libselinux.so.1
7117c3ffe000-7117c4021000 rw-p 00000000 00:00 0 
7117c4021000-7117c8000000 ---p 00000000 00:00 0 
7117c8000000-7117c8021000 rw-p 00000000 00:00 0 
7117c8021000-7117cc000000 ---p 00000000 00:00 0 
7117cc000000-7117ce0f2000 rw-p 00000000 00:00 0 
7117ce0f2000-7117d0000000 ---p 00000000 00:00 0 
7117d0000000-7117d1289000 rw-p 00000000 00:00 0 
7117d1289000-7117d4000000 ---p 00000000 00:00 0 
7117d4000000-7117d4021000 rw-p 00000000 00:00 0 
7117d4021000-7117d8000000 ---p 00000000 00:00 0 
7117d8000000-7117d8021000 rw-p 00000000 00:00 0 
7117d8021000-7117dc000000 ---p 00000000 00:00 0 
7117dc000000-7117dc021000 rw-p 00000000 00:00 0 
7117dc021000-7117e0000000 ---p 00000000 00:00 0 
7117e0000000-7117e0021000 rw-p 00000000 00:00 0 
7117e0021000-7117e4000000 ---p 00000000 00:00 0 
7117e4000000-7117e402d000 rw-p 00000000 00:00 0 
7117e402d000-7117e8000000 ---p 00000000 00:00 0 
7117e8000000-7117e8021000 rw-p 00000000 00:00 0 
7117e8021000-7117ec000000 ---p 00000000 00:00 0 
7117ec000000-7117ec500000 rw-p 00000000 00:00 0 
7117ec500000-7117ec520000 rw-p 00000000 00:00 0 
7117ec520000-7117ec540000 rw-p 00000000 00:00 0 
7117ec540000-7117ec580000 rw-p 00000000 00:00 0 
7117ec580000-7117ec700000 rw-p 00000000 00:00 0 
7117ec700000-7117ec720000 rw-p 00000000 00:00 0 
7117ec720000-7117ec740000 rw-p 00000000 00:00 0 
7117ec740000-7117ec780000 rw-p 00000000 00:00 0 
7117ec780000-7117ec900000 rw-p 00000000 00:00 0 
7117ec900000-7117ec920000 rw-p 00000000 00:00 0 
7117ec920000-7117ec940000 rw-p 00000000 00:00 0 
7117ec940000-7117ec980000 rw-p 00000000 00:00 0 
7117ec980000-7117ecb00000 rw-p 00000000 00:00 0 
7117ecb00000-7117ecb80000 rw-p 00000000 00:00 0 
7117ecb80000-7117ecc00000 rw-p 00000000 00:00 0 
7117ecc00000-7117ecd80000 rw-p 00000000 00:00 0 
7117ecd80000-7117ece00000 rw-p 00000000 00:00 0 
7117ece00000-7117ecf00000 rw-p 00000000 00:00 0 
7117ecf00000-7117ed000000 rw-p 00000000 00:00 0 
7117ed000000-7117ed100000 rw-p 00000000 00:00 0 
7117ed100000-7117ed200000 rw-p 00000000 00:00 0 
7117ed200000-7117ed400000 rw-p 00000000 00:00 0 
7117ed400000-7117ed500000 rw-p 00000000 00:00 0 
7117ed500000-7117ed600000 rw-p 00000000 00:00 0 
7117ed600000-7117ed900000 rw-p 00000000 00:00 0 
7117ed900000-7117eda00000 rw-p 00000000 00:00 0 
7117eda00000-7117edb00000 rw-p 00000000 00:00 0 
7117edb00000-7117edc00000 rw-p 00000000 00:00 0 
7117edc00000-7117ee300000 rw-p 00000000 00:00 0 
7117ee300000-7117ee400000 rw-p 00000000 00:00 0 
7117ee400000-7117eec00000 rw-p 00000000 00:00 0 
7117eec00000-7117eef00000 rw-p 00000000 00:00 0 
7117eef00000-7117eef10000 rw-p 00000000 00:00 0 
7117eef10000-7117ef000000 ---p 00000000 00:00 0 
7117ef000000-7117ef0e0000 rw-p 00000000 00:00 0 
7117ef0e0000-7117f0000000 ---p 00000000 00:00 0 
7117f0000000-7117f0021000 rw-p 00000000 00:00 0 
7117f0021000-7117f4000000 ---p 00000000 00:00 0 
7117f4000000-7117f4021000 rw-p 00000000 00:00 0 
7117f4021000-7117f8000000 ---p 00000000 00:00 0 
7117f8000000-7117f8021000 rw-p 00000000 00:00 0 
7117f8021000-7117fc000000 ---p 00000000 00:00 0 
7117fc001000-7117fc002000 r--s 00000000 08:05 5022603                    /home/gustaa/.local/share/gvfs-metadata/root
7117fc002000-7117fc00c000 r--p 00000000 08:05 936401                     /usr/lib/x86_64-linux-gnu/libmount.so.1.1.0
7117fc00c000-7117fc044000 r-xp 0000a000 08:05 936401                     /usr/lib/x86_64-linux-gnu/libmount.so.1.1.0
7117fc044000-7117fc052000 r--p 00042000 08:05 936401                     /usr/lib/x86_64-linux-gnu/libmount.so.1.1.0
7117fc052000-7117fc054000 r--p 00050000 08:05 936401                     /usr/lib/x86_64-linux-gnu/libmount.so.1.1.0
7117fc054000-7117fc055000 rw-p 00052000 08:05 936401                     /usr/lib/x86_64-linux-gnu/libmount.so.1.1.0
7117fc055000-7117fc059000 r--p 00000000 08:05 936160                     /usr/lib/x86_64-linux-gnu/libexpat.so.1.11.2
7117fc059000-7117fc077000 r-xp 00004000 08:05 936160                     /usr/lib/x86_64-linux-gnu/libexpat.so.1.11.2
7117fc077000-7117fc07f000 r--p 00022000 08:05 936160                     /usr/lib/x86_64-linux-gnu/libexpat.so.1.11.2
7117fc07f000-7117fc081000 r--p 0002a000 08:05 936160                     /usr/lib/x86_64-linux-gnu/libexpat.so.1.11.2
7117fc081000-7117fc082000 rw-p 0002c000 08:05 936160                     /usr/lib/x86_64-linux-gnu/libexpat.so.1.11.2
7117fc082000-7117fc08e000 r--p 00000000 08:05 936291                     /usr/lib/x86_64-linux-gnu/libharfbuzz.so.0.61232.0
7117fc08e000-7117fc17a000 r-xp 0000c000 08:05 936291                     /usr/lib/x86_64-linux-gnu/libharfbuzz.so.0.61232.0
7117fc17a000-7117fc1ab000 r--p 000f8000 08:05 936291                     /usr/lib/x86_64-linux-gnu/libharfbuzz.so.0.61232.0
7117fc1ab000-7117fc1ac000 r--p 00128000 08:05 936291                     /usr/lib/x86_64-linux-gnu/libharfbuzz.so.0.61232.0
7117fc1ac000-7117fc1ad000 rw-p 00129000 08:05 936291                     /usr/lib/x86_64-linux-gnu/libharfbuzz.so.0.61232.0
7117fc1ad000-7117fc1af000 r--p 00000000 08:05 936628                     /usr/lib/x86_64-linux-gnu/libthai.so.0.3.2
7117fc1af000-7117fc1b4000 r-xp 00002000 08:05 936628                     /usr/lib/x86_64-linux-gnu/libthai.so.0.3.2
7117fc1b4000-7117fc1b7000 r--p 00007000 08:05 936628                     /usr/lib/x86_64-linux-gnu/libthai.so.0.3.2
7117fc1b7000-7117fc1b8000 r--p 00009000 08:05 936628                     /usr/lib/x86_64-linux-gnu/libthai.so.0.3.2
7117fc1b8000-7117fc1b9000 rw-p 0000a000 08:05 936628                     /usr/lib/x86_64-linux-gnu/libthai.so.0.3.2
7117fc1b9000-7117fc1c5000 r--p 00000000 08:05 936507                     /usr/lib/x86_64-linux-gnu/libpixman-1.so.0.46.4
7117fc1c5000-7117fc257000 r-xp 0000c000 08:05 936507                     /usr/lib/x86_64-linux-gnu/libpixman-1.so.0.46.4
7117fc257000-7117fc267000 r--p 0009e000 08:05 936507                     /usr/lib/x86_64-linux-gnu/libpixman-1.so.0.46.4
7117fc267000-7117fc26f000 r--p 000ae000 08:05 936507                     /usr/lib/x86_64-linux-gnu/libpixman-1.so.0.46.4
7117fc26f000-7117fc270000 rw-p 000b6000 08:05 936507                     /usr/lib/x86_64-linux-gnu/libpixman-1.so.0.46.4
7117fc270000-7117fc275000 r--p 00000000 08:05 936727                     /usr/lib/x86_64-linux-gnu/libxcb-render.so.0.0.0
7117fc275000-7117fc27a000 r-xp 00005000 08:05 936727                     /usr/lib/x86_64-linux-gnu/libxcb-render.so.0.0.0
7117fc27a000-7117fc27d000 r--p 0000a000 08:05 936727                     /usr/lib/x86_64-linux-gnu/libxcb-render.so.0.0.0
7117fc27d000-7117fc27e000 r--p 0000c000 08:05 936727                     /usr/lib/x86_64-linux-gnu/libxcb-render.so.0.0.0
7117fc27e000-7117fc27f000 rw-p 0000d000 08:05 936727                     /usr/lib/x86_64-linux-gnu/libxcb-render.so.0.0.0
7117fc27f000-7117fc28c000 r--p 00000000 08:05 917962                     /usr/lib/x86_64-linux-gnu/libfreetype.so.6.20.5
7117fc28c000-7117fc323000 r-xp 0000d000 08:05 917962                     /usr/lib/x86_64-linux-gnu/libfreetype.so.6.20.5
7117fc323000-7117fc34b000 r--p 000a4000 08:05 917962                     /usr/lib/x86_64-linux-gnu/libfreetype.so.6.20.5
7117fc34b000-7117fc353000 r--p 000cc000 08:05 917962                     /usr/lib/x86_64-linux-gnu/libfreetype.so.6.20.5
7117fc353000-7117fc354000 rw-p 000d4000 08:05 917962                     /usr/lib/x86_64-linux-gnu/libfreetype.so.6.20.5
7117fc354000-7117fc357000 r--p 00000000 08:05 936499                     /usr/lib/x86_64-linux-gnu/libpcre2-8.so.0.14.0
7117fc357000-7117fc3d3000 r-xp 00003000 08:05 936499                     /usr/lib/x86_64-linux-gnu/libpcre2-8.so.0.14.0
7117fc3d3000-7117fc3fe000 r--p 0007f000 08:05 936499                     /usr/lib/x86_64-linux-gnu/libpcre2-8.so.0.14.0
7117fc3fe000-7117fc3ff000 r--p 000a9000 08:05 936499                     /usr/lib/x86_64-linux-gnu/libpcre2-8.so.0.14.0
7117fc3ff000-7117fc400000 rw-p 000aa000 08:05 936499                     /usr/lib/x86_64-linux-gnu/libpcre2-8.so.0.14.0
7117fc400000-7117fc427000 r--p 00000000 08:05 936219                     /usr/lib/x86_64-linux-gnu/libglycin-2.so.0
7117fc427000-7117fc73d000 r-xp 00027000 08:05 936219                     /usr/lib/x86_64-linux-gnu/libglycin-2.so.0
7117fc73d000-7117fc7d8000 r--p 0033d000 08:05 936219                     /usr/lib/x86_64-linux-gnu/libglycin-2.so.0
7117fc7d8000-7117fc7f1000 r--p 003d7000 08:05 936219                     /usr/lib/x86_64-linux-gnu/libglycin-2.so.0
7117fc7f1000-7117fc7f4000 rw-p 003f0000 08:05 936219                     /usr/lib/x86_64-linux-gnu/libglycin-2.so.0
7117fc7f4000-7117fc7f6000 r--p 00000000 08:05 1215036                    /usr/share/icons/Yaru-dark/icon-theme.cache
7117fc7f6000-7117fc7f8000 r--s 00000000 08:05 6037214                    /var/cache/fontconfig/4b14b093aebc79c320de5e86ae1d3314-le64.cache-9
7117fc7f8000-7117fc7f9000 r--p 00000000 08:05 936730                     /usr/lib/x86_64-linux-gnu/libxcb-shm.so.0.0.0
7117fc7f9000-7117fc7fa000 r-xp 00001000 08:05 936730                     /usr/lib/x86_64-linux-gnu/libxcb-shm.so.0.0.0
7117fc7fa000-7117fc7fb000 r--p 00002000 08:05 936730                     /usr/lib/x86_64-linux-gnu/libxcb-shm.so.0.0.0
7117fc7fb000-7117fc7fc000 r--p 00002000 08:05 936730                     /usr/lib/x86_64-linux-gnu/libxcb-shm.so.0.0.0
7117fc7fc000-7117fc7fd000 rw-p 00003000 08:05 936730                     /usr/lib/x86_64-linux-gnu/libxcb-shm.so.0.0.0
7117fc7fd000-7117fc809000 r--p 00000000 08:05 936734                     /usr/lib/x86_64-linux-gnu/libxcb.so.1.1.0
7117fc809000-7117fc81d000 r-xp 0000c000 08:05 936734                     /usr/lib/x86_64-linux-gnu/libxcb.so.1.1.0
7117fc81d000-7117fc826000 r--p 00020000 08:05 936734                     /usr/lib/x86_64-linux-gnu/libxcb.so.1.1.0
7117fc826000-7117fc827000 r--p 00028000 08:05 936734                     /usr/lib/x86_64-linux-gnu/libxcb.so.1.1.0
7117fc827000-7117fc828000 rw-p 00029000 08:05 936734                     /usr/lib/x86_64-linux-gnu/libxcb.so.1.1.0
7117fc828000-7117fc82a000 r--p 00000000 08:05 935898                     /usr/lib/x86_64-linux-gnu/libXrender.so.1.3.0
7117fc82a000-7117fc831000 r-xp 00002000 08:05 935898                     /usr/lib/x86_64-linux-gnu/libXrender.so.1.3.0
7117fc831000-7117fc832000 r--p 00009000 08:05 935898                     /usr/lib/x86_64-linux-gnu/libXrender.so.1.3.0
7117fc832000-7117fc833000 r--p 00009000 08:05 935898                     /usr/lib/x86_64-linux-gnu/libXrender.so.1.3.0
7117fc833000-7117fc834000 rw-p 0000a000 08:05 935898                     /usr/lib/x86_64-linux-gnu/libXrender.so.1.3.0
7117fc834000-7117fc839000 r--p 00000000 08:05 936516                     /usr/lib/x86_64-linux-gnu/libpng16.so.16.57.0
7117fc839000-7117fc863000 r-xp 00005000 08:05 936516                     /usr/lib/x86_64-linux-gnu/libpng16.so.16.57.0
7117fc863000-7117fc86c000 r--p 0002f000 08:05 936516                     /usr/lib/x86_64-linux-gnu/libpng16.so.16.57.0
7117fc86c000-7117fc86d000 r--p 00037000 08:05 936516                     /usr/lib/x86_64-linux-gnu/libpng16.so.16.57.0
7117fc86d000-7117fc86e000 rw-p 00038000 08:05 936516                     /usr/lib/x86_64-linux-gnu/libpng16.so.16.57.0
7117fc86e000-7117fc871000 r--p 00000000 08:05 936747                     /usr/lib/x86_64-linux-gnu/libz.so.1.3.1
7117fc871000-7117fc884000 r-xp 00003000 08:05 936747                     /usr/lib/x86_64-linux-gnu/libz.so.1.3.1
7117fc884000-7117fc88a000 r--p 00016000 08:05 936747                     /usr/lib/x86_64-linux-gnu/libz.so.1.3.1
7117fc88a000-7117fc88b000 r--p 0001c000 08:05 936747                     /usr/lib/x86_64-linux-gnu/libz.so.1.3.1
7117fc88b000-7117fc88c000 rw-p 0001d000 08:05 936747                     /usr/lib/x86_64-linux-gnu/libz.so.1.3.1
7117fc88c000-7117fc88e000 r--p 00000000 08:05 936015                     /usr/lib/x86_64-linux-gnu/libatomic.so.1.2.0
7117fc88e000-7117fc892000 r-xp 00002000 08:05 936015                     /usr/lib/x86_64-linux-gnu/libatomic.so.1.2.0
7117fc892000-7117fc894000 r--p 00006000 08:05 936015                     /usr/lib/x86_64-linux-gnu/libatomic.so.1.2.0
7117fc894000-7117fc895000 r--p 00007000 08:05 936015                     /usr/lib/x86_64-linux-gnu/libatomic.so.1.2.0
7117fc895000-7117fc896000 rw-p 00008000 08:05 936015                     /usr/lib/x86_64-linux-gnu/libatomic.so.1.2.0
7117fc896000-7117fc897000 rw-p 00000000 00:00 0 
7117fc897000-7117fc899000 r--p 00000000 08:05 936166                     /usr/lib/x86_64-linux-gnu/libffi.so.8.2.0
7117fc899000-7117fc8a4000 r-xp 00002000 08:05 936166                     /usr/lib/x86_64-linux-gnu/libffi.so.8.2.0
7117fc8a4000-7117fc8a6000 r--p 0000d000 08:05 936166                     /usr/lib/x86_64-linux-gnu/libffi.so.8.2.0
7117fc8a6000-7117fc8a7000 r--p 0000e000 08:05 936166                     /usr/lib/x86_64-linux-gnu/libffi.so.8.2.0
7117fc8a7000-7117fc8a8000 rw-p 0000f000 08:05 936166                     /usr/lib/x86_64-linux-gnu/libffi.so.8.2.0
7117fc8a8000-7117fc8aa000 r--p 00000000 08:05 936221                     /usr/lib/x86_64-linux-gnu/libgmodule-2.0.so.0.8800.0
7117fc8aa000-7117fc8ac000 r-xp 00002000 08:05 936221                     /usr/lib/x86_64-linux-gnu/libgmodule-2.0.so.0.8800.0
7117fc8ac000-7117fc8ad000 r--p 00004000 08:05 936221                     /usr/lib/x86_64-linux-gnu/libgmodule-2.0.so.0.8800.0
7117fc8ad000-7117fc8ae000 r--p 00004000 08:05 936221                     /usr/lib/x86_64-linux-gnu/libgmodule-2.0.so.0.8800.0
7117fc8ae000-7117fc8af000 rw-p 00005000 08:05 936221                     /usr/lib/x86_64-linux-gnu/libgmodule-2.0.so.0.8800.0
7117fc8af000-7117fc8b0000 r--p 00000000 08:05 935893                     /usr/lib/x86_64-linux-gnu/libXinerama.so.1.0.0
7117fc8b0000-7117fc8b1000 r-xp 00001000 08:05 935893                     /usr/lib/x86_64-linux-gnu/libXinerama.so.1.0.0
7117fc8b1000-7117fc8b2000 r--p 00002000 08:05 935893                     /usr/lib/x86_64-linux-gnu/libXinerama.so.1.0.0
7117fc8b2000-7117fc8b3000 r--p 00002000 08:05 935893                     /usr/lib/x86_64-linux-gnu/libXinerama.so.1.0.0
7117fc8b3000-7117fc8b4000 rw-p 00003000 08:05 935893                     /usr/lib/x86_64-linux-gnu/libXinerama.so.1.0.0
7117fc8b4000-7117fc8b6000 r--p 00000000 08:05 935897                     /usr/lib/x86_64-linux-gnu/libXrandr.so.2.2.0
7117fc8b6000-7117fc8bd000 r-xp 00002000 08:05 935897                     /usr/lib/x86_64-linux-gnu/libXrandr.so.2.2.0
7117fc8bd000-7117fc8bf000 r--p 00009000 08:05 935897                     /usr/lib/x86_64-linux-gnu/libXrandr.so.2.2.0
7117fc8bf000-7117fc8c0000 r--p 0000a000 08:05 935897                     /usr/lib/x86_64-linux-gnu/libXrandr.so.2.2.0
7117fc8c0000-7117fc8c1000 rw-p 0000b000 08:05 935897                     /usr/lib/x86_64-linux-gnu/libXrandr.so.2.2.0
7117fc8c1000-7117fc8c2000 r--p 00000000 08:05 935884                     /usr/lib/x86_64-linux-gnu/libXcomposite.so.1.0.0
7117fc8c2000-7117fc8c3000 r-xp 00001000 08:05 935884                     /usr/lib/x86_64-linux-gnu/libXcomposite.so.1.0.0
7117fc8c3000-7117fc8c4000 r--p 00002000 08:05 935884                     /usr/lib/x86_64-linux-gnu/libXcomposite.so.1.0.0
7117fc8c4000-7117fc8c5000 r--p 00002000 08:05 935884                     /usr/lib/x86_64-linux-gnu/libXcomposite.so.1.0.0
7117fc8c5000-7117fc8c6000 rw-p 00003000 08:05 935884                     /usr/lib/x86_64-linux-gnu/libXcomposite.so.1.0.0
7117fc8c6000-7117fc8c8000 r--p 00000000 08:05 935889                     /usr/lib/x86_64-linux-gnu/libXfixes.so.3.1.0
7117fc8c8000-7117fc8cb000 r-xp 00002000 08:05 935889                     /usr/lib/x86_64-linux-gnu/libXfixes.so.3.1.0
7117fc8cb000-7117fc8cc000 r--p 00005000 08:05 935889                     /usr/lib/x86_64-linux-gnu/libXfixes.so.3.1.0
7117fc8cc000-7117fc8cd000 r--p 00005000 08:05 935889                     /usr/lib/x86_64-linux-gnu/libXfixes.so.3.1.0
7117fc8cd000-7117fc8ce000 rw-p 00006000 08:05 935889                     /usr/lib/x86_64-linux-gnu/libXfixes.so.3.1.0
7117fc8ce000-7117fc8d1000 r--p 00000000 08:05 935885                     /usr/lib/x86_64-linux-gnu/libXcursor.so.1.0.2
7117fc8d1000-7117fc8d7000 r-xp 00003000 08:05 935885                     /usr/lib/x86_64-linux-gnu/libXcursor.so.1.0.2
7117fc8d7000-7117fc8d9000 r--p 00009000 08:05 935885                     /usr/lib/x86_64-linux-gnu/libXcursor.so.1.0.2
7117fc8d9000-7117fc8da000 r--p 0000a000 08:05 935885                     /usr/lib/x86_64-linux-gnu/libXcursor.so.1.0.2
7117fc8da000-7117fc8db000 rw-p 0000b000 08:05 935885                     /usr/lib/x86_64-linux-gnu/libXcursor.so.1.0.2
7117fc8db000-7117fc8df000 r--p 00000000 08:05 935888                     /usr/lib/x86_64-linux-gnu/libXext.so.6.4.0
7117fc8df000-7117fc8ea000 r-xp 00004000 08:05 935888                     /usr/lib/x86_64-linux-gnu/libXext.so.6.4.0
7117fc8ea000-7117fc8ed000 r--p 0000f000 08:05 935888                     /usr/lib/x86_64-linux-gnu/libXext.so.6.4.0
7117fc8ed000-7117fc8ee000 r--p 00011000 08:05 935888                     /usr/lib/x86_64-linux-gnu/libXext.so.6.4.0
7117fc8ee000-7117fc8ef000 rw-p 00012000 08:05 935888                     /usr/lib/x86_64-linux-gnu/libXext.so.6.4.0
7117fc8ef000-7117fc8f2000 r--p 00000000 08:05 935892                     /usr/lib/x86_64-linux-gnu/libXi.so.6.1.0
7117fc8f2000-7117fc8ff000 r-xp 00003000 08:05 935892                     /usr/lib/x86_64-linux-gnu/libXi.so.6.1.0
7117fc8ff000-7117fc901000 r--p 00010000 08:05 935892                     /usr/lib/x86_64-linux-gnu/libXi.so.6.1.0
7117fc901000-7117fc902000 r--p 00012000 08:05 935892                     /usr/lib/x86_64-linux-gnu/libXi.so.6.1.0
7117fc902000-7117fc903000 rw-p 00013000 08:05 935892                     /usr/lib/x86_64-linux-gnu/libXi.so.6.1.0
7117fc903000-7117fc91c000 r--p 00000000 08:05 935880                     /usr/lib/x86_64-linux-gnu/libX11.so.6.4.0
7117fc91c000-7117fc9b1000 r-xp 00019000 08:05 935880                     /usr/lib/x86_64-linux-gnu/libX11.so.6.4.0
7117fc9b1000-7117fca40000 r--p 000ae000 08:05 935880                     /usr/lib/x86_64-linux-gnu/libX11.so.6.4.0
7117fca40000-7117fca41000 r--p 0013d000 08:05 935880                     /usr/lib/x86_64-linux-gnu/libX11.so.6.4.0
7117fca41000-7117fca45000 rw-p 0013e000 08:05 935880                     /usr/lib/x86_64-linux-gnu/libX11.so.6.4.0
7117fca45000-7117fca47000 r--p 00000000 08:05 936705                     /usr/lib/x86_64-linux-gnu/libwayland-cursor.so.0.24.0
7117fca47000-7117fca49000 r-xp 00002000 08:05 936705                     /usr/lib/x86_64-linux-gnu/libwayland-cursor.so.0.24.0
7117fca49000-7117fca4a000 r--p 00004000 08:05 936705                     /usr/lib/x86_64-linux-gnu/libwayland-cursor.so.0.24.0
7117fca4a000-7117fca4b000 r--p 00004000 08:05 936705                     /usr/lib/x86_64-linux-gnu/libwayland-cursor.so.0.24.0
7117fca4b000-7117fca4f000 rw-p 00005000 08:05 936705                     /usr/lib/x86_64-linux-gnu/libwayland-cursor.so.0.24.0
7117fca4f000-7117fca55000 r--p 00000000 08:05 936704                     /usr/lib/x86_64-linux-gnu/libwayland-client.so.0.24.0
7117fca55000-7117fca5c000 r-xp 00006000 08:05 936704                     /usr/lib/x86_64-linux-gnu/libwayland-client.so.0.24.0
7117fca5c000-7117fca5f000 r--p 0000d000 08:05 936704                     /usr/lib/x86_64-linux-gnu/libwayland-client.so.0.24.0
7117fca5f000-7117fca61000 r--p 0000f000 08:05 936704                     /usr/lib/x86_64-linux-gnu/libwayland-client.so.0.24.0
7117fca61000-7117fca62000 rw-p 00011000 08:05 936704                     /usr/lib/x86_64-linux-gnu/libwayland-client.so.0.24.0
7117fca62000-7117fca68000 r--p 00000000 08:05 936736                     /usr/lib/x86_64-linux-gnu/libxkbcommon.so.0.13.1
7117fca68000-7117fca96000 r-xp 00006000 08:05 936736                     /usr/lib/x86_64-linux-gnu/libxkbcommon.so.0.13.1
7117fca96000-7117fcabe000 r--p 00034000 08:05 936736                     /usr/lib/x86_64-linux-gnu/libxkbcommon.so.0.13.1
7117fcabe000-7117fcac0000 r--p 0005b000 08:05 936736                     /usr/lib/x86_64-linux-gnu/libxkbcommon.so.0.13.1
7117fcac0000-7117fcac1000 rw-p 0005d000 08:05 936736                     /usr/lib/x86_64-linux-gnu/libxkbcommon.so.0.13.1
7117fcac1000-7117fcac6000 r--p 00000000 08:05 936487                     /usr/lib/x86_64-linux-gnu/libpangocairo-1.0.so.0.5700.0
7117fcac6000-7117fcace000 r-xp 00005000 08:05 936487                     /usr/lib/x86_64-linux-gnu/libpangocairo-1.0.so.0.5700.0
7117fcace000-7117fcad0000 r--p 0000d000 08:05 936487                     /usr/lib/x86_64-linux-gnu/libpangocairo-1.0.so.0.5700.0
7117fcad0000-7117fcad1000 r--p 0000f000 08:05 936487                     /usr/lib/x86_64-linux-gnu/libpangocairo-1.0.so.0.5700.0
7117fcad1000-7117fcad2000 rw-p 00010000 08:05 936487                     /usr/lib/x86_64-linux-gnu/libpangocairo-1.0.so.0.5700.0
7117fcad2000-7117fcb0f000 r--p 00000000 08:05 936214                     /usr/lib/x86_64-linux-gnu/libgio-2.0.so.0.8800.0
7117fcb0f000-7117fcc2d000 r-xp 0003d000 08:05 936214                     /usr/lib/x86_64-linux-gnu/libgio-2.0.so.0.8800.0
7117fcc2d000-7117fcca3000 r--p 0015b000 08:05 936214                     /usr/lib/x86_64-linux-gnu/libgio-2.0.so.0.8800.0
7117fcca3000-7117fccac000 r--p 001d0000 08:05 936214                     /usr/lib/x86_64-linux-gnu/libgio-2.0.so.0.8800.0
7117fccac000-7117fccad000 rw-p 001d9000 08:05 936214                     /usr/lib/x86_64-linux-gnu/libgio-2.0.so.0.8800.0
7117fccad000-7117fccaf000 rw-p 00000000 00:00 0 
7117fccaf000-7117fccb7000 r--p 00000000 08:05 936172                     /usr/lib/x86_64-linux-gnu/libfontconfig.so.1.16.1
7117fccb7000-7117fcce8000 r-xp 00008000 08:05 936172                     /usr/lib/x86_64-linux-gnu/libfontconfig.so.1.16.1
7117fcce8000-7117fccff000 r--p 00039000 08:05 936172                     /usr/lib/x86_64-linux-gnu/libfontconfig.so.1.16.1
7117fccff000-7117fcd01000 r--p 00050000 08:05 936172                     /usr/lib/x86_64-linux-gnu/libfontconfig.so.1.16.1
7117fcd01000-7117fcd02000 rw-p 00052000 08:05 936172                     /usr/lib/x86_64-linux-gnu/libfontconfig.so.1.16.1
7117fcd02000-7117fcd62000 r--p 00000000 08:05 936153                     /usr/lib/x86_64-linux-gnu/libepoxy.so.0.0.0
7117fcd62000-7117fcdcf000 r-xp 00060000 08:05 936153                     /usr/lib/x86_64-linux-gnu/libepoxy.so.0.0.0
7117fcdcf000-7117fce14000 r--p 000cd000 08:05 936153                     /usr/lib/x86_64-linux-gnu/libepoxy.so.0.0.0
7117fce14000-7117fce1c000 r--p 00112000 08:05 936153                     /usr/lib/x86_64-linux-gnu/libepoxy.so.0.0.0
7117fce1c000-7117fce23000 rw-p 0011a000 08:05 936153                     /usr/lib/x86_64-linux-gnu/libepoxy.so.0.0.0
7117fce23000-7117fce25000 r--p 00000000 08:05 936186                     /usr/lib/x86_64-linux-gnu/libfribidi.so.0.4.0
7117fce25000-7117fce29000 r-xp 00002000 08:05 936186                     /usr/lib/x86_64-linux-gnu/libfribidi.so.0.4.0
7117fce29000-7117fce40000 r--p 00006000 08:05 936186                     /usr/lib/x86_64-linux-gnu/libfribidi.so.0.4.0
7117fce40000-7117fce41000 r--p 0001c000 08:05 936186                     /usr/lib/x86_64-linux-gnu/libfribidi.so.0.4.0
7117fce41000-7117fce42000 rw-p 0001d000 08:05 936186                     /usr/lib/x86_64-linux-gnu/libfribidi.so.0.4.0
7117fce42000-7117fce55000 r--p 00000000 08:05 936486                     /usr/lib/x86_64-linux-gnu/libpango-1.0.so.0.5700.0
7117fce55000-7117fce94000 r-xp 00013000 08:05 936486                     /usr/lib/x86_64-linux-gnu/libpango-1.0.so.0.5700.0
7117fce94000-7117fceae000 r--p 00052000 08:05 936486                     /usr/lib/x86_64-linux-gnu/libpango-1.0.so.0.5700.0
7117fceae000-7117fceb2000 r--p 0006b000 08:05 936486                     /usr/lib/x86_64-linux-gnu/libpango-1.0.so.0.5700.0
7117fceb2000-7117fceb3000 rw-p 0006f000 08:05 936486                     /usr/lib/x86_64-linux-gnu/libpango-1.0.so.0.5700.0
7117fceb3000-7117fcec7000 r--p 00000000 08:05 936067                     /usr/lib/x86_64-linux-gnu/libcairo.so.2.11804.4
7117fcec7000-7117fcfbe000 r-xp 00014000 08:05 936067                     /usr/lib/x86_64-linux-gnu/libcairo.so.2.11804.4
7117fcfbe000-7117fcffb000 r--p 0010b000 08:05 936067                     /usr/lib/x86_64-linux-gnu/libcairo.so.2.11804.4
7117fcffb000-7117fcfff000 r--p 00148000 08:05 936067                     /usr/lib/x86_64-linux-gnu/libcairo.so.2.11804.4
7117fcfff000-7117fd001000 rw-p 0014c000 08:05 936067                     /usr/lib/x86_64-linux-gnu/libcairo.so.2.11804.4
7117fd001000-7117fd002000 rw-p 00000000 00:00 0 
7117fd002000-7117fd021000 r--p 00000000 08:05 936218                     /usr/lib/x86_64-linux-gnu/libglib-2.0.so.0.8800.0
7117fd021000-7117fd0c7000 r-xp 0001f000 08:05 936218                     /usr/lib/x86_64-linux-gnu/libglib-2.0.so.0.8800.0
7117fd0c7000-7117fd157000 r--p 000c5000 08:05 936218                     /usr/lib/x86_64-linux-gnu/libglib-2.0.so.0.8800.0
7117fd157000-7117fd158000 r--p 00155000 08:05 936218                     /usr/lib/x86_64-linux-gnu/libglib-2.0.so.0.8800.0
7117fd158000-7117fd159000 rw-p 00156000 08:05 936218                     /usr/lib/x86_64-linux-gnu/libglib-2.0.so.0.8800.0
7117fd159000-7117fd15a000 rw-p 00000000 00:00 0 
7117fd15a000-7117fd16a000 r--p 00000000 08:05 936235                     /usr/lib/x86_64-linux-gnu/libgobject-2.0.so.0.8800.0
7117fd16a000-7117fd1a1000 r-xp 00010000 08:05 936235                     /usr/lib/x86_64-linux-gnu/libgobject-2.0.so.0.8800.0
7117fd1a1000-7117fd1ba000 r--p 00047000 08:05 936235                     /usr/lib/x86_64-linux-gnu/libgobject-2.0.so.0.8800.0
7117fd1ba000-7117fd1bd000 r--p 0005f000 08:05 936235                     /usr/lib/x86_64-linux-gnu/libgobject-2.0.so.0.8800.0
7117fd1bd000-7117fd1be000 rw-p 00062000 08:05 936235                     /usr/lib/x86_64-linux-gnu/libgobject-2.0.so.0.8800.0
7117fd1be000-7117fd1c7000 r--p 00000000 08:05 936207                     /usr/lib/x86_64-linux-gnu/libgdk_pixbuf-2.0.so.0.4400.5
7117fd1c7000-7117fd1e5000 r-xp 00009000 08:05 936207                     /usr/lib/x86_64-linux-gnu/libgdk_pixbuf-2.0.so.0.4400.5
7117fd1e5000-7117fd1f1000 r--p 00027000 08:05 936207                     /usr/lib/x86_64-linux-gnu/libgdk_pixbuf-2.0.so.0.4400.5
7117fd1f1000-7117fd1f3000 r--p 00032000 08:05 936207                     /usr/lib/x86_64-linux-gnu/libgdk_pixbuf-2.0.so.0.4400.5
7117fd1f3000-7117fd1f4000 rw-p 00034000 08:05 936207                     /usr/lib/x86_64-linux-gnu/libgdk_pixbuf-2.0.so.0.4400.5
7117fd1f4000-7117fd222000 r--p 00000000 08:05 936206                     /usr/lib/x86_64-linux-gnu/libgdk-3.so.0.2420.32
7117fd222000-7117fd2af000 r-xp 0002e000 08:05 936206                     /usr/lib/x86_64-linux-gnu/libgdk-3.so.0.2420.32
7117fd2af000-7117fd2f4000 r--p 000bb000 08:05 936206                     /usr/lib/x86_64-linux-gnu/libgdk-3.so.0.2420.32
7117fd2f4000-7117fd2fe000 r--p 000ff000 08:05 936206                     /usr/lib/x86_64-linux-gnu/libgdk-3.so.0.2420.32
7117fd2fe000-7117fd300000 rw-p 00109000 08:05 936206                     /usr/lib/x86_64-linux-gnu/libgdk-3.so.0.2420.32
7117fd300000-7117fd304000 ---p 00000000 00:00 0 
7117fd304000-7117fd400000 rw-p 00000000 00:00 0 
7117fd400000-7117fd404000 ---p 00000000 00:00 0 
7117fd404000-7117fd500000 rw-p 00000000 00:00 0 
7117fd500000-7117fd504000 ---p 00000000 00:00 0 
7117fd504000-7117fd600000 rw-p 00000000 00:00 0 
7117fd600000-7117fd604000 ---p 00000000 00:00 0 
7117fd604000-7117fd700000 rw-p 00000000 00:00 0 
7117fd700000-7117fd704000 ---p 00000000 00:00 0 
7117fd704000-7117fd800000 rw-p 00000000 00:00 0 
7117fd800000-7117fd804000 ---p 00000000 00:00 0 
7117fd804000-7117fd900000 rw-p 00000000 00:00 0 
7117fd900000-7117fd904000 ---p 00000000 00:00 0 
7117fd904000-7117fda00000 rw-p 00000000 00:00 0 
7117fda00000-7117fda04000 ---p 00000000 00:00 0 
7117fda04000-7117fdb00000 rw-p 00000000 00:00 0 
7117fdb00000-7117fdb04000 ---p 00000000 00:00 0 
7117fdb04000-7117fdc00000 rw-p 00000000 00:00 0 
7117fdc00000-7117fdeee000 r--p 00000000 08:05 917753                     /usr/lib/locale/locale-archive
7117fdeee000-7117fdeef000 r--p 00000000 08:05 270311                     /var/lib/flatpak/exports/share/icons/hicolor/icon-theme.cache
7117fdeef000-7117fdef0000 r--p 00000000 08:05 935886                     /usr/lib/x86_64-linux-gnu/libXdamage.so.1.1.0
7117fdef0000-7117fdef1000 r-xp 00001000 08:05 935886                     /usr/lib/x86_64-linux-gnu/libXdamage.so.1.1.0
7117fdef1000-7117fdef2000 r--p 00002000 08:05 935886                     /usr/lib/x86_64-linux-gnu/libXdamage.so.1.1.0
7117fdef2000-7117fdef3000 r--p 00002000 08:05 935886                     /usr/lib/x86_64-linux-gnu/libXdamage.so.1.1.0
7117fdef3000-7117fdef4000 rw-p 00003000 08:05 935886                     /usr/lib/x86_64-linux-gnu/libXdamage.so.1.1.0
7117fdef4000-7117fdef8000 r--p 00000000 08:05 936065                     /usr/lib/x86_64-linux-gnu/libcairo-gobject.so.2.11804.4
7117fdef8000-7117fdefa000 r-xp 00004000 08:05 936065                     /usr/lib/x86_64-linux-gnu/libcairo-gobject.so.2.11804.4
7117fdefa000-7117fdefd000 r--p 00006000 08:05 936065                     /usr/lib/x86_64-linux-gnu/libcairo-gobject.so.2.11804.4
7117fdefd000-7117fdeff000 r--p 00008000 08:05 936065                     /usr/lib/x86_64-linux-gnu/libcairo-gobject.so.2.11804.4
7117fdeff000-7117fdf00000 rw-p 0000a000 08:05 936065                     /usr/lib/x86_64-linux-gnu/libcairo-gobject.so.2.11804.4
7117fdf00000-7117fdf04000 ---p 00000000 00:00 0 
7117fdf04000-7117fe000000 rw-p 00000000 00:00 0 
7117fe000000-711800021000 rw-p 00000000 00:00 0 
711800021000-711804000000 ---p 00000000 00:00 0 
711804000000-711804021000 rw-p 00000000 00:00 0 
711804021000-711808000000 ---p 00000000 00:00 0 
711808000000-711808021000 rw-p 00000000 00:00 0 
711808021000-71180c000000 ---p 00000000 00:00 0 
71180c000000-71180c001000 r--p 00000000 08:05 1333906                    /usr/share/locale-langpack/pt/LC_MESSAGES/at-spi2-core.mo
71180c001000-71180c005000 r--s 00000000 08:05 6037209                    /var/cache/fontconfig/246184dc75a16901ca37d96895904249-le64.cache-9
71180c005000-71180c00c000 r--p 00000000 08:05 5023746                    /home/gustaa/.config/dconf/user
71180c00c000-71180c010000 r--p 00000000 08:05 1061787                    /usr/lib/x86_64-linux-gnu/gio/modules/libdconfsettings.so
71180c010000-71180c017000 r-xp 00004000 08:05 1061787                    /usr/lib/x86_64-linux-gnu/gio/modules/libdconfsettings.so
71180c017000-71180c019000 r--p 0000b000 08:05 1061787                    /usr/lib/x86_64-linux-gnu/gio/modules/libdconfsettings.so
71180c019000-71180c01a000 r--p 0000d000 08:05 1061787                    /usr/lib/x86_64-linux-gnu/gio/modules/libdconfsettings.so
71180c01a000-71180c01b000 rw-p 0000e000 08:05 1061787                    /usr/lib/x86_64-linux-gnu/gio/modules/libdconfsettings.so
71180c01b000-71180c01f000 r--p 00000000 07:23 2154                       /snap/dbeaver-ce/543/usr/share/dbeaver-ce/plugins/org.eclipse.equinox.launcher.gtk.linux.x86_64_1.2.1500.v20250801-0854/eclipse_11916.so
71180c01f000-71180c029000 r-xp 00004000 07:23 2154                       /snap/dbeaver-ce/543/usr/share/dbeaver-ce/plugins/org.eclipse.equinox.launcher.gtk.linux.x86_64_1.2.1500.v20250801-0854/eclipse_11916.so
71180c029000-71180c02c000 r--p 0000e000 07:23 2154                       /snap/dbeaver-ce/543/usr/share/dbeaver-ce/plugins/org.eclipse.equinox.launcher.gtk.linux.x86_64_1.2.1500.v20250801-0854/eclipse_11916.so
71180c02c000-71180c02d000 r--p 00010000 07:23 2154                       /snap/dbeaver-ce/543/usr/share/dbeaver-ce/plugins/org.eclipse.equinox.launcher.gtk.linux.x86_64_1.2.1500.v20250801-0854/eclipse_11916.so
71180c02d000-71180c02e000 rw-p 00011000 07:23 2154                       /snap/dbeaver-ce/543/usr/share/dbeaver-ce/plugins/org.eclipse.equinox.launcher.gtk.linux.x86_64_1.2.1500.v20250801-0854/eclipse_11916.so
71180c02e000-71180c02f000 rw-p 00000000 00:00 0 
71180c02f000-71180c031000 r--p 00000000 07:23 1856                       /snap/dbeaver-ce/543/usr/share/dbeaver-ce/jre/lib/libzip.so
71180c031000-71180c044000 r-xp 00002000 07:23 1856                       /snap/dbeaver-ce/543/usr/share/dbeaver-ce/jre/lib/libzip.so
71180c044000-71180c04b000 r--p 00015000 07:23 1856                       /snap/dbeaver-ce/543/usr/share/dbeaver-ce/jre/lib/libzip.so
71180c04b000-71180c04c000 r--p 0001c000 07:23 1856                       /snap/dbeaver-ce/543/usr/share/dbeaver-ce/jre/lib/libzip.so
71180c04c000-71180c04d000 rw-p 0001d000 07:23 1856                       /snap/dbeaver-ce/543/usr/share/dbeaver-ce/jre/lib/libzip.so
71180c04d000-71180c055000 r--p 00000000 07:23 1849                       /snap/dbeaver-ce/543/usr/share/dbeaver-ce/jre/lib/libnio.so
71180c055000-71180c05e000 r-xp 00008000 07:23 1849                       /snap/dbeaver-ce/543/usr/share/dbeaver-ce/jre/lib/libnio.so
71180c05e000-71180c062000 r--p 00011000 07:23 1849                       /snap/dbeaver-ce/543/usr/share/dbeaver-ce/jre/lib/libnio.so
71180c062000-71180c063000 r--p 00015000 07:23 1849                       /snap/dbeaver-ce/543/usr/share/dbeaver-ce/jre/lib/libnio.so
71180c063000-71180c064000 rw-p 00016000 07:23 1849                       /snap/dbeaver-ce/543/usr/share/dbeaver-ce/jre/lib/libnio.so
71180c064000-71180c089000 r--p 00000000 08:05 1334085                    /usr/share/locale-langpack/pt/LC_MESSAGES/libc.mo
71180c089000-71180c48d000 rw-p 00000000 00:00 0 
71180c48d000-71180ce97000 rw-p 00000000 00:00 0 
71180ce97000-71180d7b7000 rwxp 00000000 00:00 0 
71180d7b7000-7118143cf000 ---p 00000000 00:00 0 
7118143cf000-71181463f000 rwxp 00000000 00:00 0 
71181463f000-711814961000 ---p 00000000 00:00 0 
711814961000-711814c41000 rwxp 00000000 00:00 0 
711814c41000-71181be99000 ---p 00000000 00:00 0 
71181be99000-711820000000 r--s 00000000 07:23 1857                       /snap/dbeaver-ce/543/usr/share/dbeaver-ce/jre/lib/modules
711820000000-711821ce5000 rw-p 00000000 00:00 0 
711821ce5000-711824000000 ---p 00000000 00:00 0 
711824000000-711824001000 r--p 00000000 08:05 1334425                    /usr/share/locale-langpack/pt_BR/LC_MESSAGES/at-spi2-core.mo
711824001000-711824002000 r--p 00000000 08:05 936706                     /usr/lib/x86_64-linux-gnu/libwayland-egl.so.1.24.0
711824002000-711824003000 r-xp 00001000 08:05 936706                     /usr/lib/x86_64-linux-gnu/libwayland-egl.so.1.24.0
711824003000-711824004000 r--p 00002000 08:05 936706                     /usr/lib/x86_64-linux-gnu/libwayland-egl.so.1.24.0
711824004000-711824005000 r--p 00002000 08:05 936706                     /usr/lib/x86_64-linux-gnu/libwayland-egl.so.1.24.0
711824005000-711824006000 rw-p 00003000 08:05 936706                     /usr/lib/x86_64-linux-gnu/libwayland-egl.so.1.24.0
711824006000-711824009000 r--p 00000000 07:23 1848                       /snap/dbeaver-ce/543/usr/share/dbeaver-ce/jre/lib/libnet.so
711824009000-711824011000 r-xp 00003000 07:23 1848                       /snap/dbeaver-ce/543/usr/share/dbeaver-ce/jre/lib/libnet.so
711824011000-711824013000 r--p 0000b000 07:23 1848                       /snap/dbeaver-ce/543/usr/share/dbeaver-ce/jre/lib/libnet.so
711824013000-711824014000 r--p 0000c000 07:23 1848                       /snap/dbeaver-ce/543/usr/share/dbeaver-ce/jre/lib/libnet.so
711824014000-711824015000 rw-p 0000d000 07:23 1848                       /snap/dbeaver-ce/543/usr/share/dbeaver-ce/jre/lib/libnet.so
711824015000-71182403a000 r--p 00000000 08:05 1334595                    /usr/share/locale-langpack/pt_BR/LC_MESSAGES/libc.mo
71182403a000-71182403b000 r--p 00000000 07:23 1852                       /snap/dbeaver-ce/543/usr/share/dbeaver-ce/jre/lib/libsimdsort.so
71182403b000-711824074000 r-xp 00001000 07:23 1852                       /snap/dbeaver-ce/543/usr/share/dbeaver-ce/jre/lib/libsimdsort.so
711824074000-71182407a000 r--p 0003a000 07:23 1852                       /snap/dbeaver-ce/543/usr/share/dbeaver-ce/jre/lib/libsimdsort.so
71182407a000-71182407b000 r--p 0003f000 07:23 1852                       /snap/dbeaver-ce/543/usr/share/dbeaver-ce/jre/lib/libsimdsort.so
71182407b000-71182407c000 rw-p 00040000 07:23 1852                       /snap/dbeaver-ce/543/usr/share/dbeaver-ce/jre/lib/libsimdsort.so
71182407c000-7118240fd000 rw-p 00000000 00:00 0 
7118240fd000-711824400000 rw-p 00000000 00:00 0 
711824400000-711824604000 rw-p 00000000 00:00 0 
711824604000-711824694000 ---p 00000000 00:00 0 
711824694000-7118246b8000 rw-p 00000000 00:00 0 
7118246b8000-7118246c4000 ---p 00000000 00:00 0 
7118246c4000-7118246c8000 rw-p 00000000 00:00 0 
7118246c8000-7118253fc000 ---p 00000000 00:00 0 
7118253fc000-711825441000 rw-p 00000000 00:00 0 
711825441000-711825452000 ---p 00000000 00:00 0 
711825452000-711825457000 rw-p 00000000 00:00 0 
711825457000-711825458000 ---p 00000000 00:00 0 
711825458000-711825459000 rw-p 00000000 00:00 0 
711825459000-7118255ff000 ---p 00000000 00:00 0 
7118255ff000-711825641000 rw-p 00000000 00:00 0 
711825641000-711825652000 ---p 00000000 00:00 0 
711825652000-711825657000 rw-p 00000000 00:00 0 
711825657000-711825658000 ---p 00000000 00:00 0 
711825658000-711825659000 rw-p 00000000 00:00 0 
711825659000-7118257ff000 ---p 00000000 00:00 0 
7118257ff000-711825800000 rw-p 00000000 00:00 0 
711825800000-711825801000 r--s 00000000 08:05 6037216                    /var/cache/fontconfig/da43223dd54fb3bb4243ae19d4b583b2-le64.cache-9
711825801000-711825802000 r--s 00000000 08:05 6029771                    /var/cache/fontconfig/3f7329c5293ffd510edef78f73874cfd-le64.cache-9
711825802000-711825803000 r--s 00000000 00:63 942                        /run/user/1000/dconf/user
711825803000-711825804000 rw-p 00000000 00:00 0 
711825804000-71182580b000 r--s 00000000 08:05 1061534                    /usr/lib/x86_64-linux-gnu/gconv/gconv-modules.cache
71182580b000-7118262fa000 rw-p 00000000 00:00 0 
7118262fa000-7118263df000 ---p 00000000 00:00 0 
7118263df000-7118263f2000 rw-p 00000000 00:00 0 
7118263f2000-7118264ca000 ---p 00000000 00:00 0 
7118264ca000-7118264d8000 r--p 00000000 07:23 1837                       /snap/dbeaver-ce/543/usr/share/dbeaver-ce/jre/lib/libjava.so
7118264d8000-7118264e6000 r-xp 0000e000 07:23 1837                       /snap/dbeaver-ce/543/usr/share/dbeaver-ce/jre/lib/libjava.so
7118264e6000-7118264eb000 r--p 0001c000 07:23 1837                       /snap/dbeaver-ce/543/usr/share/dbeaver-ce/jre/lib/libjava.so
7118264eb000-7118264ec000 r--p 00021000 07:23 1837                       /snap/dbeaver-ce/543/usr/share/dbeaver-ce/jre/lib/libjava.so
7118264ec000-7118264ed000 rw-p 00022000 07:23 1837                       /snap/dbeaver-ce/543/usr/share/dbeaver-ce/jre/lib/libjava.so
7118264ed000-7118264ee000 rw-p 00000000 00:00 0 
7118264ee000-7118264f2000 ---p 00000000 00:00 0 
7118264f2000-7118265ee000 rw-p 00000000 00:00 0 
7118265ee000-7118268d1000 r--p 00000000 07:23 1866                       /snap/dbeaver-ce/543/usr/share/dbeaver-ce/jre/lib/server/libjvm.so
7118268d1000-71182795d000 r-xp 002e3000 07:23 1866                       /snap/dbeaver-ce/543/usr/share/dbeaver-ce/jre/lib/server/libjvm.so
71182795d000-711827c6e000 r--p 0136f000 07:23 1866                       /snap/dbeaver-ce/543/usr/share/dbeaver-ce/jre/lib/server/libjvm.so
711827c6e000-711827d59000 r--p 01680000 07:23 1866                       /snap/dbeaver-ce/543/usr/share/dbeaver-ce/jre/lib/server/libjvm.so
711827d59000-711827d84000 rw-p 0176b000 07:23 1866                       /snap/dbeaver-ce/543/usr/share/dbeaver-ce/jre/lib/server/libjvm.so
711827d84000-711827e00000 rw-p 00000000 00:00 0 
711827e00000-711827e28000 r--p 00000000 08:05 919036                     /usr/lib/x86_64-linux-gnu/libc.so.6
711827e28000-711827fc0000 r-xp 00028000 08:05 919036                     /usr/lib/x86_64-linux-gnu/libc.so.6
711827fc0000-71182800e000 r--p 001c0000 08:05 919036                     /usr/lib/x86_64-linux-gnu/libc.so.6
71182800e000-711828012000 r--p 0020d000 08:05 919036                     /usr/lib/x86_64-linux-gnu/libc.so.6
711828012000-711828014000 rw-p 00211000 08:05 919036                     /usr/lib/x86_64-linux-gnu/libc.so.6
711828014000-711828021000 rw-p 00000000 00:00 0 
711828021000-711828022000 rw-p 00000000 00:00 0 
711828022000-711828026000 r--p 00000000 07:23 1840                       /snap/dbeaver-ce/543/usr/share/dbeaver-ce/jre/lib/libjimage.so
711828026000-71182803e000 r-xp 00004000 07:23 1840                       /snap/dbeaver-ce/543/usr/share/dbeaver-ce/jre/lib/libjimage.so
71182803e000-711828044000 r--p 0001c000 07:23 1840                       /snap/dbeaver-ce/543/usr/share/dbeaver-ce/jre/lib/libjimage.so
711828044000-711828046000 r--p 00021000 07:23 1840                       /snap/dbeaver-ce/543/usr/share/dbeaver-ce/jre/lib/libjimage.so
711828046000-711828047000 rw-p 00023000 07:23 1840                       /snap/dbeaver-ce/543/usr/share/dbeaver-ce/jre/lib/libjimage.so
711828047000-711828059000 r--p 00000000 08:05 919039                     /usr/lib/x86_64-linux-gnu/libm.so.6
711828059000-7118280f9000 r-xp 00012000 08:05 919039                     /usr/lib/x86_64-linux-gnu/libm.so.6
7118280f9000-71182816b000 r--p 000b2000 08:05 919039                     /usr/lib/x86_64-linux-gnu/libm.so.6
71182816b000-71182816c000 r--p 00123000 08:05 919039                     /usr/lib/x86_64-linux-gnu/libm.so.6
71182816c000-71182816d000 rw-p 00124000 08:05 919039                     /usr/lib/x86_64-linux-gnu/libm.so.6
71182816d000-71182816e000 r--p 00000000 08:05 919052                     /usr/lib/x86_64-linux-gnu/librt.so.1
71182816e000-71182816f000 r-xp 00001000 08:05 919052                     /usr/lib/x86_64-linux-gnu/librt.so.1
71182816f000-711828170000 r--p 00002000 08:05 919052                     /usr/lib/x86_64-linux-gnu/librt.so.1
711828170000-711828171000 r--p 00002000 08:05 919052                     /usr/lib/x86_64-linux-gnu/librt.so.1
711828171000-711828172000 rw-p 00003000 08:05 919052                     /usr/lib/x86_64-linux-gnu/librt.so.1
711828172000-711828174000 rw-p 00000000 00:00 0 
711828174000-711828175000 r--p 00000000 08:05 919050                     /usr/lib/x86_64-linux-gnu/libpthread.so.0
711828175000-711828176000 r-xp 00001000 08:05 919050                     /usr/lib/x86_64-linux-gnu/libpthread.so.0
711828176000-711828177000 r--p 00002000 08:05 919050                     /usr/lib/x86_64-linux-gnu/libpthread.so.0
711828177000-711828178000 r--p 00002000 08:05 919050                     /usr/lib/x86_64-linux-gnu/libpthread.so.0
711828178000-711828179000 rw-p 00003000 08:05 919050                     /usr/lib/x86_64-linux-gnu/libpthread.so.0
711828179000-71182817a000 r--p 00000000 08:05 919038                     /usr/lib/x86_64-linux-gnu/libdl.so.2
71182817a000-71182817b000 r-xp 00001000 08:05 919038                     /usr/lib/x86_64-linux-gnu/libdl.so.2
71182817b000-71182817c000 r--p 00002000 08:05 919038                     /usr/lib/x86_64-linux-gnu/libdl.so.2
71182817c000-71182817d000 r--p 00002000 08:05 919038                     /usr/lib/x86_64-linux-gnu/libdl.so.2
71182817d000-71182817e000 rw-p 00003000 08:05 919038                     /usr/lib/x86_64-linux-gnu/libdl.so.2
71182817e000-711828183000 rw-p 00000000 00:00 0 
711828183000-71182818a000 ---p 00000000 00:00 0 
71182818a000-711828192000 rw-s 00000000 00:2f 7132                       /tmp/hsperfdata_gustaa/97858
711828192000-711828193000 ---p 00000000 00:00 0 
711828193000-711828194000 r--p 00000000 00:00 0 
711828194000-711828195000 ---p 00000000 00:00 0 
711828195000-711828198000 r--p 00000000 07:23 1841                       /snap/dbeaver-ce/543/usr/share/dbeaver-ce/jre/lib/libjli.so
711828198000-7118281a9000 r-xp 00003000 07:23 1841                       /snap/dbeaver-ce/543/usr/share/dbeaver-ce/jre/lib/libjli.so
7118281a9000-7118281b0000 r--p 00014000 07:23 1841                       /snap/dbeaver-ce/543/usr/share/dbeaver-ce/jre/lib/libjli.so
7118281b0000-7118281b1000 r--p 0001a000 07:23 1841                       /snap/dbeaver-ce/543/usr/share/dbeaver-ce/jre/lib/libjli.so
7118281b1000-7118281b2000 rw-p 0001b000 07:23 1841                       /snap/dbeaver-ce/543/usr/share/dbeaver-ce/jre/lib/libjli.so
7118281b2000-7118281b4000 rw-p 00000000 00:00 0 
7118281b4000-7118281b8000 r--p 00000000 00:00 0                          [vvar]
7118281b8000-7118281ba000 r--p 00000000 00:00 0                          [vvar_vclock]
7118281ba000-7118281bc000 r-xp 00000000 00:00 0                          [vdso]
7118281bc000-7118281bd000 r--p 00000000 08:05 919033                     /usr/lib/x86_64-linux-gnu/ld-linux-x86-64.so.2
7118281bd000-7118281ec000 r-xp 00001000 08:05 919033                     /usr/lib/x86_64-linux-gnu/ld-linux-x86-64.so.2
7118281ec000-7118281f7000 r--p 00030000 08:05 919033                     /usr/lib/x86_64-linux-gnu/ld-linux-x86-64.so.2
7118281f7000-7118281f9000 r--p 0003b000 08:05 919033                     /usr/lib/x86_64-linux-gnu/ld-linux-x86-64.so.2
7118281f9000-7118281fa000 rw-p 0003d000 08:05 919033                     /usr/lib/x86_64-linux-gnu/ld-linux-x86-64.so.2
7118281fa000-7118281fb000 rw-p 00000000 00:00 0 
7ffdd0f3c000-7ffdd0f5e000 rw-p 00000000 00:00 0                          [stack]
ffffffffff600000-ffffffffff601000 --xp 00000000 00:00 0                  [vsyscall]
Total number of mappings: 970

JVMTI agents: none


VM Arguments:
jvm_args: -XX:+IgnoreUnrecognizedVMOptions -Dosgi.requiredJavaVersion=21 -Dfile.encoding=UTF-8 --enable-native-access=ALL-UNNAMED --add-modules=ALL-DEFAULT --add-opens=java.base/java.io=ALL-UNNAMED --add-opens=java.base/java.lang=ALL-UNNAMED --add-opens=java.base/java.lang.reflect=ALL-UNNAMED --add-opens=java.base/java.net=ALL-UNNAMED --add-opens=java.base/java.nio=ALL-UNNAMED --add-opens=java.base/java.nio.charset=ALL-UNNAMED --add-opens=java.base/java.text=ALL-UNNAMED --add-opens=java.base/java.time=ALL-UNNAMED --add-opens=java.base/java.util=ALL-UNNAMED --add-opens=java.base/java.util.concurrent=ALL-UNNAMED --add-opens=java.base/java.util.concurrent.atomic=ALL-UNNAMED --add-opens=java.base/jdk.internal.vm=ALL-UNNAMED --add-opens=java.base/jdk.internal.misc=ALL-UNNAMED --add-opens=java.base/sun.nio.ch=ALL-UNNAMED --add-opens=java.base/sun.nio.fs=ALL-UNNAMED --add-opens=java.base/sun.security.ssl=ALL-UNNAMED --add-opens=java.base/sun.security.util=ALL-UNNAMED --add-opens=java.security.jgss/sun.security.jgss=ALL-UNNAMED --add-opens=java.security.jgss/sun.security.krb5=ALL-UNNAMED --add-opens=java.desktop/java.awt=ALL-UNNAMED --add-opens=java.desktop/java.awt.peer=ALL-UNNAMED --add-opens=java.sql/java.sql=ALL-UNNAMED -Xms64m -Xmx1024m -Ddbeaver.distribution.type=deb -Duser.home=/home/gustaa/snap/dbeaver-ce/543 
java_command: /snap/dbeaver-ce/543/usr/share/dbeaver-ce//plugins/org.jkiss.dbeaver.launcher_1.0.59.202608181400.jar -os linux -ws gtk -arch x86_64 -showsplash -launcher /snap/dbeaver-ce/543/usr/share/dbeaver-ce/dbeaver -name Dbeaver --launcher.library /snap/dbeaver-ce/543/usr/share/dbeaver-ce//plugins/org.eclipse.equinox.launcher.gtk.linux.x86_64_1.2.1500.v20250801-0854/eclipse_11916.so -startup /snap/dbeaver-ce/543/usr/share/dbeaver-ce//plugins/org.jkiss.dbeaver.launcher_1.0.59.202608181400.jar --launcher.overrideVmargs -exitdata 20010 -vm /snap/dbeaver-ce/543/usr/share/dbeaver-ce/jre/bin/java -vmargs -XX:+IgnoreUnrecognizedVMOptions -Dosgi.requiredJavaVersion=21 -Dfile.encoding=UTF-8 --enable-native-access=ALL-UNNAMED --add-modules=ALL-DEFAULT --add-opens=java.base/java.io=ALL-UNNAMED --add-opens=java.base/java.lang=ALL-UNNAMED --add-opens=java.base/java.lang.reflect=ALL-UNNAMED --add-opens=java.base/java.net=ALL-UNNAMED --add-opens=java.base/java.nio=ALL-UNNAMED --add-opens=java.base/java.nio.charset=ALL-UNNAMED --add-opens=java.base/java.text=ALL-UNNAMED --add-opens=java.base/java.time=ALL-UNNAMED --add-opens=java.base/java.util=ALL-UNNAMED --add-opens=java.base/java.util.concurrent=ALL-UNNAMED --add-opens=java.base/java.util.concurrent.atomic=ALL-UNNAMED --add-opens=java.base/jdk.internal.vm=ALL-UNNAMED --add-opens=java.base/jdk.internal.misc=ALL-UNNAMED --add-opens=java.base/sun.nio.ch=ALL-UNNAMED --add-opens=java.base/sun.nio.fs=ALL-UNNAMED --add-opens=java.base/sun.security.ssl=ALL-UNNAMED --add-opens=java.base/sun.security.util=ALL-UNNAMED --add-opens=java.security.jgss/sun.security.jgss=ALL-UNNAMED --add-opens=java.security.jgss/sun.security.krb5=ALL-UNNAMED --add-opens=java.desktop/java.awt=ALL-UNNAMED --add-opens=java.desktop/java.awt.peer=ALL-UNNAMED --add-opens=java.sql/java.sql=ALL-UNNAMED -Xms64m -Xmx1024m -Ddbeaver.distribution.type=deb -jar /snap/dbeaver-ce/543/usr/share/dbeaver-ce//plugins/org.jkiss.dbeaver.launcher_1.0.59.202608181400.jar
java_class_path (initial): /snap/dbeaver-ce/543/usr/share/dbeaver-ce//plugins/org.jkiss.dbeaver.launcher_1.0.59.202608181400.jar
Launcher Type: SUN_STANDARD

[Global flags]
     intx CICompilerCount                          = 4                                         {product} {ergonomic}
     uint ConcGCThreads                            = 3                                         {product} {ergonomic}
     uint G1ConcRefinementThreads                  = 10                                        {product} {ergonomic}
   size_t G1HeapRegionSize                         = 1048576                                   {product} {ergonomic}
     bool IgnoreUnrecognizedVMOptions              = true                                      {product} {command line}
   size_t InitialHeapSize                          = 67108864                                  {product} {command line}
   size_t MarkStackSize                            = 4194304                                   {product} {ergonomic}
   size_t MarkStackSizeMax                         = 536870912                                 {product} {ergonomic}
   size_t MaxHeapSize                              = 1073741824                                {product} {command line}
   size_t MaxNewSize                               = 643825664                                 {product} {ergonomic}
   size_t MinHeapDeltaBytes                        = 1048576                                   {product} {ergonomic}
   size_t MinHeapSize                              = 67108864                                  {product} {command line}
    uintx NonNMethodCodeHeapSize                   = 5840896                                {pd product} {ergonomic}
    uintx NonProfiledCodeHeapSize                  = 122912768                              {pd product} {ergonomic}
    uintx ProfiledCodeHeapSize                     = 122912768                              {pd product} {ergonomic}
    uintx ReservedCodeCacheSize                    = 251666432                              {pd product} {ergonomic}
     bool SegmentedCodeCache                       = true                                      {product} {ergonomic}
   size_t SoftMaxHeapSize                          = 1073741824                             {manageable} {ergonomic}
     bool UseCompressedOops                        = true                           {product lp64_product} {ergonomic}
     bool UseG1GC                                  = true                                      {product} {ergonomic}

Logging:
Log output configuration:
 #0: stdout all=warning uptime,level,tags foldmultilines=false
 #1: stderr all=off uptime,level,tags foldmultilines=false

Release file:
JAVA_VERSION="25.0.3"
MODULES="java.base java.compiler java.datatransfer java.xml java.prefs java.desktop java.logging java.management java.security.sasl java.naming java.rmi java.management.rmi java.net.http java.scripting java.security.jgss java.transaction.xa java.sql java.sql.rowset jdk.accessibility jdk.internal.jvmstat jdk.attach jdk.charsets jdk.crypto.cryptoki jdk.crypto.ec jdk.dynalink jdk.httpserver jdk.jcmd jdk.localedata jdk.management jdk.naming.dns jdk.naming.rmi jdk.net jdk.security.auth jdk.security.jgss jdk.unsupported jdk.xml.dom"

Environment Variables:
_JAVA_OPTIONS=-Duser.home=/home/gustaa/snap/dbeaver-ce/543
PATH=/usr/local/sbin:/usr/local/bin:/usr/sbin:/usr/bin:/sbin:/bin:/usr/games:/usr/local/games:/snap/bin:/snap/bin
USERNAME=gustaa
SHELL=/bin/bash
DISPLAY=:0
WAYLAND_DISPLAY=wayland-0
LANG=pt_BR.UTF-8
TERM=xterm-256color

Active Locale:
LC_ALL=pt_BR.UTF-8
LC_COLLATE=pt_BR.UTF-8
LC_CTYPE=pt_BR.UTF-8
LC_MESSAGES=pt_BR.UTF-8
LC_MONETARY=pt_BR.UTF-8
LC_NUMERIC=pt_BR.UTF-8
LC_TIME=pt_BR.UTF-8

Signal Handlers:
   SIGSEGV: crash_handler in libjvm.so, mask=11100100010111111101111111111110, flags=SA_RESTART|SA_SIGINFO, unblocked
    SIGBUS: crash_handler in libjvm.so, mask=11100100010111111101111111111110, flags=SA_RESTART|SA_SIGINFO, unblocked
    SIGFPE: crash_handler in libjvm.so, mask=11100100010111111101111111111110, flags=SA_RESTART|SA_SIGINFO, unblocked
   SIGPIPE: SIG_IGN, mask=00000000000010000000000000000000, flags=SA_RESTART, blocked
  *** Handler was modified!
  *** Expected: javaSignalHandler in libjvm.so, mask=11100100110111111111111111111110, flags=SA_RESTART|SA_SIGINFO
   SIGXFSZ: javaSignalHandler in libjvm.so, mask=11100100010111111101111111111110, flags=SA_RESTART|SA_SIGINFO, blocked
    SIGILL: crash_handler in libjvm.so, mask=11100100010111111101111111111110, flags=SA_RESTART|SA_SIGINFO, unblocked
   SIGUSR2: SR_handler in libjvm.so, mask=00000000000000000000000000000000, flags=SA_RESTART|SA_SIGINFO, blocked
    SIGHUP: UserHandler in libjvm.so, mask=11100100010111111101111111111110, flags=SA_RESTART|SA_SIGINFO, blocked
    SIGINT: UserHandler in libjvm.so, mask=11100100010111111101111111111110, flags=SA_RESTART|SA_SIGINFO, blocked
   SIGTERM: UserHandler in libjvm.so, mask=11100100010111111101111111111110, flags=SA_RESTART|SA_SIGINFO, blocked
   SIGQUIT: UserHandler in libjvm.so, mask=11100100010111111101111111111110, flags=SA_RESTART|SA_SIGINFO, blocked
   SIGTRAP: crash_handler in libjvm.so, mask=11100100010111111101111111111110, flags=SA_RESTART|SA_SIGINFO, unblocked


Compilation memory statistics disabled.

Periodic native trim disabled

---------------  S Y S T E M  ---------------

OS:
DISTRIB_ID=Ubuntu
DISTRIB_RELEASE=26.04
DISTRIB_CODENAME=resolute
DISTRIB_DESCRIPTION="Ubuntu 26.04 LTS"
uname: Linux 7.0.0-30-generic #30-Ubuntu SMP PREEMPT_DYNAMIC Fri Jul 31 18:22:54 UTC 2026 x86_64
OS uptime: 0 days 6:45 hours
libc: glibc 2.43 NPTL 2.43 
rlimit (soft/hard): STACK 8192k/infinity , CORE 0k/infinity , NPROC 51002/51002 , NOFILE 524288/524288 , AS infinity/infinity , CPU infinity/infinity , DATA infinity/infinity , FSIZE infinity/infinity , MEMLOCK 8192k/8192k
load average: 1,22 1,11 0,92

/proc/meminfo:
MemTotal:       15785408 kB
MemFree:          980992 kB
MemAvailable:    4195888 kB
Buffers:          262100 kB
Cached:          2624656 kB
SwapCached:        92000 kB
Active:          7617664 kB
Inactive:        5387372 kB
Active(anon):    6571880 kB
Inactive(anon):  3540056 kB
Active(file):    1045784 kB
Inactive(file):  1847316 kB
Unevictable:          72 kB
Mlocked:              72 kB
SwapTotal:       4194300 kB
SwapFree:        2502216 kB
Zswap:                 0 kB
Zswapped:              0 kB
Dirty:              3440 kB
Writeback:             0 kB
AnonPages:      10092564 kB
Mapped:           944132 kB
Shmem:            260180 kB
KReclaimable:     659452 kB
Slab:            1035456 kB
SReclaimable:     659452 kB
SUnreclaim:       376004 kB
KernelStack:       29984 kB
PageTables:       106412 kB
SecPageTables:      2568 kB
NFS_Unstable:          0 kB
Bounce:                0 kB
WritebackTmp:          0 kB
CommitLimit:    12087004 kB
Committed_AS:   47595104 kB
VmallocTotal:   34359738367 kB
VmallocUsed:       94632 kB
VmallocChunk:          0 kB
Percpu:            12192 kB
HardwareCorrupted:     0 kB
AnonHugePages:    825344 kB
ShmemHugePages:        0 kB
ShmemPmdMapped:        0 kB
FileHugePages:     40960 kB
FilePmdMapped:      8192 kB
CmaTotal:              0 kB
CmaFree:           20912 kB
Unaccepted:            0 kB
Balloon:               0 kB
HugePages_Total:       0
HugePages_Free:        0
HugePages_Rsvd:        0
HugePages_Surp:        0
Hugepagesize:       2048 kB
Hugetlb:               0 kB
DirectMap4k:      987556 kB
DirectMap2M:    14684160 kB
DirectMap1G:     1048576 kB

/sys/kernel/mm/transparent_hugepage/enabled: always [madvise] never
/sys/kernel/mm/transparent_hugepage/hpage_pmd_size: 2097152
/sys/kernel/mm/transparent_hugepage/shmem_enabled: always within_size advise [never] deny force
/sys/kernel/mm/transparent_hugepage/defrag (defrag/compaction efforts parameter): always defer defer+madvise [madvise] never

Process Memory:
Virtual Size: 8581748K (peak: 8581840K)
Resident Set Size: 410564K (peak: 410564K) (anon: 349848K, file: 59728K, shmem: 988K)
Swapped out: 0K
C-Heap outstanding allocations: 92363K, retained: 109784K
glibc malloc tunables: (default)

/proc/sys/kernel/threads-max (system-wide limit on the number of threads): 102005
/proc/sys/vm/max_map_count (maximum number of memory map areas a process may have): 1048576
/proc/sys/vm/swappiness (control to define how aggressively the kernel swaps out anonymous memory): 60
/proc/sys/kernel/pid_max (system-wide limit on number of process identifiers): 4194304

container information not found.
Steal ticks since vm start: 0
Steal ticks percentage since vm start:  0,000

CPU: total 12 (initial active 12) (12 cores per cpu, 2 threads per core) family 23 model 8 stepping 2 microcode 0x800820e, cx8, cmov, fxsr, ht, mmx, 3dnowpref, sse, sse2, sse3, ssse3, sse4a, sse4.1, sse4.2, popcnt, lzcnt, tsc, tscinvbit, avx, avx2, aes, clmul, bmi1, bmi2, adx, sha, fma, vzeroupper, clflush, clflushopt, rdtscp, f16c
CPU Model and flags from /proc/cpuinfo:
model name	: AMD Ryzen 5 1600 Six-Core Processor
flags		: fpu vme de pse tsc msr pae mce cx8 apic sep mtrr pge mca cmov pat pse36 clflush mmx fxsr sse sse2 ht syscall nx mmxext fxsr_opt pdpe1gb rdtscp lm constant_tsc rep_good nopl nonstop_tsc cpuid extd_apicid aperfmperf rapl pni pclmulqdq monitor ssse3 fma cx16 sse4_1 sse4_2 movbe popcnt aes xsave avx f16c rdrand lahf_lm cmp_legacy svm extapic cr8_legacy abm sse4a misalignsse 3dnowprefetch osvw skinit wdt tce topoext perfctr_core perfctr_nb bpext perfctr_llc mwaitx cpb hw_pstate ssbd ibpb vmmcall fsgsbase bmi1 avx2 smep bmi2 rdseed adx smap clflushopt sha_ni xsaveopt xsavec xgetbv1 clzero xsaveerptr arat npt lbrv svm_lock nrip_save tsc_scale vmcb_clean flushbyasid decodeassists pausefilter pfthreshold avic v_vmsave_vmload vgif overflow_recov succor smca sev sev_es

Online cpus: 0-11
Offline cpus: 
BIOS frequency limitation: 3200000
Frequency switch latency (ns): 0
Available cpu frequencies: 3200000 2800000 1550000 
Current governor: schedutil
Core performance/turbo boost: 1

Memory: 4k page, physical 15785408k(4195888k free), swap 4194300k(2502216k free)
Page Sizes: 4k

vm_info: OpenJDK 64-Bit Server VM (25.0.3+9-LTS) for linux-amd64 JRE (25.0.3+9-LTS), built on 2026-04-21T00:00:00Z with gcc 14.2.0

END.
