#
# A fatal error has been detected by the Java Runtime Environment:
#
#  SIGSEGV (0xb) at pc=0x00007aee9b7779d0, pid=97603, tid=97604
#
# JRE version: OpenJDK Runtime Environment Temurin-25.0.3+9 (25.0.3+9) (build 25.0.3+9-LTS)
# Java VM: OpenJDK 64-Bit Server VM Temurin-25.0.3+9 (25.0.3+9-LTS, mixed mode, tiered, compressed oops, compressed class ptrs, g1 gc, linux-amd64)
# Problematic frame:
# C  [libgtk-3.so.0+0x3779d0]  gtk_widget_realize+0x40
#
# Core dump will be written. Default location: Determined by the following: "/usr/share/apport/apport -p%p -s%s -c%c -d%d -P%P -u%u -g%g -F%F -- %E" (alternatively, falling back to /mnt/SSD_SEC/GIT/TCC/core.97603)
#
# If you would like to submit a bug report, please visit:
#   https://github.com/adoptium/adoptium-support/issues
# The crash happened outside the Java Virtual Machine in native code.
# See problematic frame for where to report the bug.
#

---------------  S U M M A R Y ------------

Command Line: -XX:+IgnoreUnrecognizedVMOptions -Dosgi.requiredJavaVersion=21 -Dfile.encoding=UTF-8 --enable-native-access=ALL-UNNAMED --add-modules=ALL-DEFAULT --add-opens=java.base/java.io=ALL-UNNAMED --add-opens=java.base/java.lang=ALL-UNNAMED --add-opens=java.base/java.lang.reflect=ALL-UNNAMED --add-opens=java.base/java.net=ALL-UNNAMED --add-opens=java.base/java.nio=ALL-UNNAMED --add-opens=java.base/java.nio.charset=ALL-UNNAMED --add-opens=java.base/java.text=ALL-UNNAMED --add-opens=java.base/java.time=ALL-UNNAMED --add-opens=java.base/java.util=ALL-UNNAMED --add-opens=java.base/java.util.concurrent=ALL-UNNAMED --add-opens=java.base/java.util.concurrent.atomic=ALL-UNNAMED --add-opens=java.base/jdk.internal.vm=ALL-UNNAMED --add-opens=java.base/jdk.internal.misc=ALL-UNNAMED --add-opens=java.base/sun.nio.ch=ALL-UNNAMED --add-opens=java.base/sun.nio.fs=ALL-UNNAMED --add-opens=java.base/sun.security.ssl=ALL-UNNAMED --add-opens=java.base/sun.security.util=ALL-UNNAMED --add-opens=java.security.jgss/sun.security.jgss=ALL-UNNAMED --add-opens=java.security.jgss/sun.security.krb5=ALL-UNNAMED --add-opens=java.desktop/java.awt=ALL-UNNAMED --add-opens=java.desktop/java.awt.peer=ALL-UNNAMED --add-opens=java.sql/java.sql=ALL-UNNAMED -Xms64m -Xmx1024m -Ddbeaver.distribution.type=deb -Duser.home=/home/gustaa/snap/dbeaver-ce/543 /snap/dbeaver-ce/543/usr/share/dbeaver-ce//plugins/org.jkiss.dbeaver.launcher_1.0.59.202608181400.jar -os linux -ws gtk -arch x86_64 -showsplash -launcher /snap/dbeaver-ce/543/usr/share/dbeaver-ce/dbeaver -name Dbeaver --launcher.library /snap/dbeaver-ce/543/usr/share/dbeaver-ce//plugins/org.eclipse.equinox.launcher.gtk.linux.x86_64_1.2.1500.v20250801-0854/eclipse_11916.so -startup /snap/dbeaver-ce/543/usr/share/dbeaver-ce//plugins/org.jkiss.dbeaver.launcher_1.0.59.202608181400.jar --launcher.overrideVmargs -exitdata 20009 -vm /snap/dbeaver-ce/543/usr/share/dbeaver-ce/jre/bin/java -vmargs -XX:+IgnoreUnrecognizedVMOptions -Dosgi.requiredJavaVersion=21 -Dfile.encoding=UTF-8 --enable-native-access=ALL-UNNAMED --add-modules=ALL-DEFAULT --add-opens=java.base/java.io=ALL-UNNAMED --add-opens=java.base/java.lang=ALL-UNNAMED --add-opens=java.base/java.lang.reflect=ALL-UNNAMED --add-opens=java.base/java.net=ALL-UNNAMED --add-opens=java.base/java.nio=ALL-UNNAMED --add-opens=java.base/java.nio.charset=ALL-UNNAMED --add-opens=java.base/java.text=ALL-UNNAMED --add-opens=java.base/java.time=ALL-UNNAMED --add-opens=java.base/java.util=ALL-UNNAMED --add-opens=java.base/java.util.concurrent=ALL-UNNAMED --add-opens=java.base/java.util.concurrent.atomic=ALL-UNNAMED --add-opens=java.base/jdk.internal.vm=ALL-UNNAMED --add-opens=java.base/jdk.internal.misc=ALL-UNNAMED --add-opens=java.base/sun.nio.ch=ALL-UNNAMED --add-opens=java.base/sun.nio.fs=ALL-UNNAMED --add-opens=java.base/sun.security.ssl=ALL-UNNAMED --add-opens=java.base/sun.security.util=ALL-UNNAMED --add-opens=java.security.jgss/sun.security.jgss=ALL-UNNAMED --add-opens=java.security.jgss/sun.security.krb5=ALL-UNNAMED --add-opens=java.desktop/java.awt=ALL-UNNAMED --add-opens=java.desktop/java.awt.peer=ALL-UNNAMED --add-opens=java.sql/java.sql=ALL-UNNAMED -Xms64m -Xmx1024m -Ddbeaver.distribution.type=deb -jar /snap/dbeaver-ce/543/usr/share/dbeaver-ce//plugins/org.jkiss.dbeaver.launcher_1.0.59.202608181400.jar

Host: AMD Ryzen 5 1600 Six-Core Processor, 12 cores, 15G, Ubuntu 26.04 LTS
Time: Sat Aug 29 20:43:02 2026 -03 elapsed time: 6.380312 seconds (0d 0h 0m 6s)

---------------  T H R E A D  ---------------

Current thread (0x00007aeefc02e530):  JavaThread "main"             [_thread_in_native, id=97604, stack(0x00007aef021c8000,0x00007aef022c8000) (1024K)]

Stack: [0x00007aef021c8000,0x00007aef022c8000],  sp=0x00007aef022c4c40,  free space=1011k
Native frames: (J=compiled Java code, j=interpreted, Vv=VM code, C=native code)
C  [libgtk-3.so.0+0x3779d0]  gtk_widget_realize+0x40
C  [libswt-pi3-gtk-4973r12.so+0x49e30]  Java_org_eclipse_swt_internal_gtk_GTK_gtk_1widget_1realize+0xc
j  org.eclipse.swt.widgets.Shell.createHandle(I)V+620
j  org.eclipse.swt.widgets.Widget.createWidget(I)V+2
j  org.eclipse.swt.widgets.Control.createWidget(I)V+22
j  org.eclipse.swt.widgets.Scrollable.createWidget(I)V+2
j  org.eclipse.swt.widgets.Decorations.createWidget(I)V+2
j  org.eclipse.swt.widgets.Shell.<init>(Lorg/eclipse/swt/widgets/Display;Lorg/eclipse/swt/widgets/Shell;IJZ)V+167
j  org.eclipse.swt.widgets.Shell.internal_new(Lorg/eclipse/swt/widgets/Display;J)Lorg/eclipse/swt/widgets/Shell;+10
j  org.eclipse.ui.internal.WorkbenchPlugin.getSplashShell(Lorg/eclipse/swt/widgets/Display;)Lorg/eclipse/swt/widgets/Shell;+64
j  org.jkiss.dbeaver.ui.app.standalone.ApplicationWorkbenchWindowAdvisor.runWithSplashHidden(Ljava/lang/Runnable;)V+3
j  org.jkiss.dbeaver.ui.app.standalone.ApplicationWorkbenchWindowAdvisor.showProductConfigDialog()V+22
j  org.jkiss.dbeaver.ui.app.standalone.ApplicationWorkbenchWindowAdvisor.preWindowOpen()V+9
j  org.eclipse.ui.internal.WorkbenchWindow.fireWindowOpening()V+4
j  org.eclipse.ui.internal.WorkbenchWindow.setup()V+419
j  java.lang.invoke.LambdaForm$DMH+0x000000004e089800.invokeVirtual(Ljava/lang/Object;Ljava/lang/Object;)V+10 java.base@25.0.3
j  java.lang.invoke.LambdaForm$MH+0x000000004e379c00.invoke(Ljava/lang/Object;Ljava/lang/Object;)Ljava/lang/Object;+31 java.base@25.0.3
J 1099 c1 jdk.internal.reflect.DirectMethodHandleAccessor.invoke(Ljava/lang/Object;[Ljava/lang/Object;)Ljava/lang/Object; java.base@25.0.3 (92 bytes) @ 0x00007aeee8fe2e04 [0x00007aeee8fe1b80+0x0000000000001284]
J 1098 c1 java.lang.reflect.Method.invoke(Ljava/lang/Object;[Ljava/lang/Object;)Ljava/lang/Object; java.base@25.0.3 (108 bytes) @ 0x00007aeee8fe6fa4 [0x00007aeee8fe6a00+0x00000000000005a4]
j  org.eclipse.e4.core.internal.di.MethodRequestor.execute()Ljava/lang/Object;+77
j  org.eclipse.e4.core.internal.di.InjectorImpl.processAnnotated(Lorg/eclipse/e4/core/internal/di/AnnotationLookup$AnnotationProxy;Ljava/lang/Object;Ljava/lang/Class;Lorg/eclipse/e4/core/di/suppliers/PrimaryObjectSupplier;Lorg/eclipse/e4/core/di/suppliers/PrimaryObjectSupplier;Ljava/util/List;)V+190
j  org.eclipse.e4.core.internal.di.InjectorImpl.internalInject(Ljava/lang/Object;Lorg/eclipse/e4/core/di/suppliers/PrimaryObjectSupplier;Lorg/eclipse/e4/core/di/suppliers/PrimaryObjectSupplier;)V+175
j  org.eclipse.e4.core.internal.di.InjectorImpl.inject(Ljava/lang/Object;Lorg/eclipse/e4/core/di/suppliers/PrimaryObjectSupplier;)V+4
j  org.eclipse.e4.core.contexts.ContextInjectionFactory.inject(Ljava/lang/Object;Lorg/eclipse/e4/core/contexts/IEclipseContext;)V+13
j  org.eclipse.ui.internal.Workbench.createWorkbenchWindow(Lorg/eclipse/core/runtime/IAdaptable;Lorg/eclipse/ui/IPerspectiveDescriptor;Lorg/eclipse/e4/ui/model/application/ui/basic/MWindow;Z)Lorg/eclipse/ui/IWorkbenchWindow;+180
j  org.eclipse.ui.internal.Workbench.getActiveWorkbenchWindow()Lorg/eclipse/ui/IWorkbenchWindow;+179
j  org.jkiss.dbeaver.ui.app.standalone.ApplicationWorkbenchAdvisor.resetPerspectiveIfNeeded()V+3
j  org.jkiss.dbeaver.ui.app.standalone.ApplicationWorkbenchAdvisor.postStartup()V+17
j  org.eclipse.ui.internal.Workbench.lambda$19()V+4
j  org.eclipse.ui.internal.Workbench$$Lambda+0x000000004e6470c8.run()V+4
j  org.eclipse.e4.ui.internal.workbench.swt.PartRenderingEngine$5.run()V+432
j  org.eclipse.core.databinding.observable.Realm.runWithDefault(Lorg/eclipse/core/databinding/observable/Realm;Ljava/lang/Runnable;)V+12
j  org.eclipse.e4.ui.internal.workbench.swt.PartRenderingEngine.run(Lorg/eclipse/e4/ui/model/application/MApplicationElement;Lorg/eclipse/e4/core/contexts/IEclipseContext;)Ljava/lang/Object;+57
j  org.eclipse.e4.ui.internal.workbench.E4Workbench.createAndRunUI(Lorg/eclipse/e4/ui/model/application/MApplicationElement;)V+20
j  org.eclipse.ui.internal.Workbench.lambda$3(Lorg/eclipse/swt/widgets/Display;Lorg/eclipse/ui/application/WorkbenchAdvisor;[I)V+352
j  org.eclipse.ui.internal.Workbench$$Lambda+0x000000004e4c3ba8.run()V+12
j  org.eclipse.core.databinding.observable.Realm.runWithDefault(Lorg/eclipse/core/databinding/observable/Realm;Ljava/lang/Runnable;)V+12
j  org.eclipse.ui.internal.Workbench.createAndRunWorkbench(Lorg/eclipse/swt/widgets/Display;Lorg/eclipse/ui/application/WorkbenchAdvisor;)I+16
j  org.eclipse.ui.PlatformUI.createAndRunWorkbench(Lorg/eclipse/swt/widgets/Display;Lorg/eclipse/ui/application/WorkbenchAdvisor;)I+2
j  org.jkiss.dbeaver.ui.app.standalone.DBeaverApplication.start(Lorg/eclipse/equinox/app/IApplicationContext;)Ljava/lang/Object;+772
j  org.eclipse.equinox.internal.app.EclipseAppHandle.run(Ljava/lang/Object;)Ljava/lang/Object;+138
j  org.eclipse.core.runtime.internal.adaptor.EclipseAppLauncher.runApplication(Ljava/lang/Object;)Ljava/lang/Object;+85
j  org.eclipse.core.runtime.internal.adaptor.EclipseAppLauncher.start(Ljava/lang/Object;)Ljava/lang/Object;+79
j  org.eclipse.core.runtime.adaptor.EclipseStarter.run(Ljava/lang/Object;)Ljava/lang/Object;+99
j  org.eclipse.core.runtime.adaptor.EclipseStarter.run([Ljava/lang/String;Ljava/lang/Runnable;)Ljava/lang/Object;+132
J 462 c1 java.lang.invoke.DirectMethodHandle$Holder.invokeStatic(Ljava/lang/Object;Ljava/lang/Object;Ljava/lang/Object;)Ljava/lang/Object; java.base@25.0.3 (15 bytes) @ 0x00007aeee8f13394 [0x00007aeee8f13100+0x0000000000000294]
j  java.lang.invoke.LambdaForm$MH+0x000000004e146800.invoke(Ljava/lang/Object;Ljava/lang/Object;Ljava/lang/Object;Ljava/lang/Object;)Ljava/lang/Object;+54 java.base@25.0.3
j  java.lang.invoke.LambdaForm$MH+0x000000004e146c00.invokeExact_MT(Ljava/lang/Object;Ljava/lang/Object;Ljava/lang/Object;Ljava/lang/Object;Ljava/lang/Object;)Ljava/lang/Object;+22 java.base@25.0.3
j  jdk.internal.reflect.DirectMethodHandleAccessor.invokeImpl(Ljava/lang/Object;[Ljava/lang/Object;)Ljava/lang/Object;+72 java.base@25.0.3
j  jdk.internal.reflect.DirectMethodHandleAccessor.invoke(Ljava/lang/Object;[Ljava/lang/Object;)Ljava/lang/Object;+23 java.base@25.0.3
j  java.lang.reflect.Method.invoke(Ljava/lang/Object;[Ljava/lang/Object;)Ljava/lang/Object;+102 java.base@25.0.3
j  org.jkiss.dbeaver.launcher.DBeaverLauncher.invokeFramework([Ljava/lang/String;[Ljava/net/URL;)V+205
j  org.jkiss.dbeaver.launcher.DBeaverLauncher.basicRun([Ljava/lang/String;)V+481
j  org.jkiss.dbeaver.launcher.DBeaverLauncher.run([Ljava/lang/String;)I+57
j  org.jkiss.dbeaver.launcher.DBeaverLauncher.main([Ljava/lang/String;)V+10
v  ~StubRoutines::call_stub 0x00007aeef03cffa6
V  [libjvm.so+0xa23840]  JavaCalls::call_helper(JavaValue*, methodHandle const&, JavaCallArguments*, JavaThread*)+0x2b0
V  [libjvm.so+0xaedd96]  jni_invoke_static(JNIEnv_*, JavaValue*, _jobject*, JNICallType, _jmethodID*, JNI_ArgumentPusher*, JavaThread*) [clone .constprop.1]+0x396
V  [libjvm.so+0xaf0c51]  jni_CallStaticVoidMethod+0x161
C  [libjli.so+0xa77a]  invokeStaticMainWithArgs+0x4a
C  [libjli.so+0xb800]  JavaMain+0xeb0
C  [libjli.so+0xed89]  ThreadJavaMain+0x9
C  [libc.so.6+0xa407a]
Java frames: (J=compiled Java code, j=interpreted, Vv=VM code)
J 6894  org.eclipse.swt.internal.gtk.GTK.gtk_widget_realize(J)V (0 bytes) @ 0x00007aeef0b53fc9 [0x00007aeef0b53f80+0x0000000000000049]
j  org.eclipse.swt.widgets.Shell.createHandle(I)V+620
j  org.eclipse.swt.widgets.Widget.createWidget(I)V+2
j  org.eclipse.swt.widgets.Control.createWidget(I)V+22
j  org.eclipse.swt.widgets.Scrollable.createWidget(I)V+2
j  org.eclipse.swt.widgets.Decorations.createWidget(I)V+2
j  org.eclipse.swt.widgets.Shell.<init>(Lorg/eclipse/swt/widgets/Display;Lorg/eclipse/swt/widgets/Shell;IJZ)V+167
j  org.eclipse.swt.widgets.Shell.internal_new(Lorg/eclipse/swt/widgets/Display;J)Lorg/eclipse/swt/widgets/Shell;+10
j  org.eclipse.ui.internal.WorkbenchPlugin.getSplashShell(Lorg/eclipse/swt/widgets/Display;)Lorg/eclipse/swt/widgets/Shell;+64
j  org.jkiss.dbeaver.ui.app.standalone.ApplicationWorkbenchWindowAdvisor.runWithSplashHidden(Ljava/lang/Runnable;)V+3
j  org.jkiss.dbeaver.ui.app.standalone.ApplicationWorkbenchWindowAdvisor.showProductConfigDialog()V+22
j  org.jkiss.dbeaver.ui.app.standalone.ApplicationWorkbenchWindowAdvisor.preWindowOpen()V+9
j  org.eclipse.ui.internal.WorkbenchWindow.fireWindowOpening()V+4
j  org.eclipse.ui.internal.WorkbenchWindow.setup()V+419
j  java.lang.invoke.LambdaForm$DMH+0x000000004e089800.invokeVirtual(Ljava/lang/Object;Ljava/lang/Object;)V+10 java.base@25.0.3
j  java.lang.invoke.LambdaForm$MH+0x000000004e379c00.invoke(Ljava/lang/Object;Ljava/lang/Object;)Ljava/lang/Object;+31 java.base@25.0.3
J 1099 c1 jdk.internal.reflect.DirectMethodHandleAccessor.invoke(Ljava/lang/Object;[Ljava/lang/Object;)Ljava/lang/Object; java.base@25.0.3 (92 bytes) @ 0x00007aeee8fe2e04 [0x00007aeee8fe1b80+0x0000000000001284]
J 1098 c1 java.lang.reflect.Method.invoke(Ljava/lang/Object;[Ljava/lang/Object;)Ljava/lang/Object; java.base@25.0.3 (108 bytes) @ 0x00007aeee8fe6fa4 [0x00007aeee8fe6a00+0x00000000000005a4]
j  org.eclipse.e4.core.internal.di.MethodRequestor.execute()Ljava/lang/Object;+77
j  org.eclipse.e4.core.internal.di.InjectorImpl.processAnnotated(Lorg/eclipse/e4/core/internal/di/AnnotationLookup$AnnotationProxy;Ljava/lang/Object;Ljava/lang/Class;Lorg/eclipse/e4/core/di/suppliers/PrimaryObjectSupplier;Lorg/eclipse/e4/core/di/suppliers/PrimaryObjectSupplier;Ljava/util/List;)V+190
j  org.eclipse.e4.core.internal.di.InjectorImpl.internalInject(Ljava/lang/Object;Lorg/eclipse/e4/core/di/suppliers/PrimaryObjectSupplier;Lorg/eclipse/e4/core/di/suppliers/PrimaryObjectSupplier;)V+175
j  org.eclipse.e4.core.internal.di.InjectorImpl.inject(Ljava/lang/Object;Lorg/eclipse/e4/core/di/suppliers/PrimaryObjectSupplier;)V+4
j  org.eclipse.e4.core.contexts.ContextInjectionFactory.inject(Ljava/lang/Object;Lorg/eclipse/e4/core/contexts/IEclipseContext;)V+13
j  org.eclipse.ui.internal.Workbench.createWorkbenchWindow(Lorg/eclipse/core/runtime/IAdaptable;Lorg/eclipse/ui/IPerspectiveDescriptor;Lorg/eclipse/e4/ui/model/application/ui/basic/MWindow;Z)Lorg/eclipse/ui/IWorkbenchWindow;+180
j  org.eclipse.ui.internal.Workbench.getActiveWorkbenchWindow()Lorg/eclipse/ui/IWorkbenchWindow;+179
j  org.jkiss.dbeaver.ui.app.standalone.ApplicationWorkbenchAdvisor.resetPerspectiveIfNeeded()V+3
j  org.jkiss.dbeaver.ui.app.standalone.ApplicationWorkbenchAdvisor.postStartup()V+17
j  org.eclipse.ui.internal.Workbench.lambda$19()V+4
j  org.eclipse.ui.internal.Workbench$$Lambda+0x000000004e6470c8.run()V+4
j  org.eclipse.e4.ui.internal.workbench.swt.PartRenderingEngine$5.run()V+432
j  org.eclipse.core.databinding.observable.Realm.runWithDefault(Lorg/eclipse/core/databinding/observable/Realm;Ljava/lang/Runnable;)V+12
j  org.eclipse.e4.ui.internal.workbench.swt.PartRenderingEngine.run(Lorg/eclipse/e4/ui/model/application/MApplicationElement;Lorg/eclipse/e4/core/contexts/IEclipseContext;)Ljava/lang/Object;+57
j  org.eclipse.e4.ui.internal.workbench.E4Workbench.createAndRunUI(Lorg/eclipse/e4/ui/model/application/MApplicationElement;)V+20
j  org.eclipse.ui.internal.Workbench.lambda$3(Lorg/eclipse/swt/widgets/Display;Lorg/eclipse/ui/application/WorkbenchAdvisor;[I)V+352
j  org.eclipse.ui.internal.Workbench$$Lambda+0x000000004e4c3ba8.run()V+12
j  org.eclipse.core.databinding.observable.Realm.runWithDefault(Lorg/eclipse/core/databinding/observable/Realm;Ljava/lang/Runnable;)V+12
j  org.eclipse.ui.internal.Workbench.createAndRunWorkbench(Lorg/eclipse/swt/widgets/Display;Lorg/eclipse/ui/application/WorkbenchAdvisor;)I+16
j  org.eclipse.ui.PlatformUI.createAndRunWorkbench(Lorg/eclipse/swt/widgets/Display;Lorg/eclipse/ui/application/WorkbenchAdvisor;)I+2
j  org.jkiss.dbeaver.ui.app.standalone.DBeaverApplication.start(Lorg/eclipse/equinox/app/IApplicationContext;)Ljava/lang/Object;+772
j  org.eclipse.equinox.internal.app.EclipseAppHandle.run(Ljava/lang/Object;)Ljava/lang/Object;+138
j  org.eclipse.core.runtime.internal.adaptor.EclipseAppLauncher.runApplication(Ljava/lang/Object;)Ljava/lang/Object;+85
j  org.eclipse.core.runtime.internal.adaptor.EclipseAppLauncher.start(Ljava/lang/Object;)Ljava/lang/Object;+79
j  org.eclipse.core.runtime.adaptor.EclipseStarter.run(Ljava/lang/Object;)Ljava/lang/Object;+99
j  org.eclipse.core.runtime.adaptor.EclipseStarter.run([Ljava/lang/String;Ljava/lang/Runnable;)Ljava/lang/Object;+132
J 462 c1 java.lang.invoke.DirectMethodHandle$Holder.invokeStatic(Ljava/lang/Object;Ljava/lang/Object;Ljava/lang/Object;)Ljava/lang/Object; java.base@25.0.3 (15 bytes) @ 0x00007aeee8f13394 [0x00007aeee8f13100+0x0000000000000294]
j  java.lang.invoke.LambdaForm$MH+0x000000004e146800.invoke(Ljava/lang/Object;Ljava/lang/Object;Ljava/lang/Object;Ljava/lang/Object;)Ljava/lang/Object;+54 java.base@25.0.3
j  java.lang.invoke.LambdaForm$MH+0x000000004e146c00.invokeExact_MT(Ljava/lang/Object;Ljava/lang/Object;Ljava/lang/Object;Ljava/lang/Object;Ljava/lang/Object;)Ljava/lang/Object;+22 java.base@25.0.3
j  jdk.internal.reflect.DirectMethodHandleAccessor.invokeImpl(Ljava/lang/Object;[Ljava/lang/Object;)Ljava/lang/Object;+72 java.base@25.0.3
j  jdk.internal.reflect.DirectMethodHandleAccessor.invoke(Ljava/lang/Object;[Ljava/lang/Object;)Ljava/lang/Object;+23 java.base@25.0.3
j  java.lang.reflect.Method.invoke(Ljava/lang/Object;[Ljava/lang/Object;)Ljava/lang/Object;+102 java.base@25.0.3
j  org.jkiss.dbeaver.launcher.DBeaverLauncher.invokeFramework([Ljava/lang/String;[Ljava/net/URL;)V+205
j  org.jkiss.dbeaver.launcher.DBeaverLauncher.basicRun([Ljava/lang/String;)V+481
j  org.jkiss.dbeaver.launcher.DBeaverLauncher.run([Ljava/lang/String;)I+57
j  org.jkiss.dbeaver.launcher.DBeaverLauncher.main([Ljava/lang/String;)V+10
v  ~StubRoutines::call_stub 0x00007aeef03cffa6

siginfo: si_signo: 11 (SIGSEGV), si_code: 128 (SI_KERNEL), si_addr: 0x0000000000000000

Registers:
RAX=0x00007aeefc42a310, RBX=0x00007aeefc4f1690, RCX=0xfffffffffffffff5, RDX=0x0000000000000000
RSP=0x00007aef022c4c40, RBP=0x00007aef022c4ce0, RSI=0x00007aeefc42a310, RDI=0x00007aeefc4f1690
R8 =0x0000000000000014, R9 =0x00007aeefd23fd20, R10=0x00007aeef0b53fc9, R11=0x00007aeef0b53f90
R12=0x000f000e00010400, R13=0x00007aef022c4d50, R14=0x00007aef022c4d30, R15=0x00007aeefc02e530
RIP=0x00007aee9b7779d0, EFLAGS=0x0000000000010206, CSGSFS=0x002b000000000033, ERR=0x0000000000000000
  TRAPNO=0x000000000000000d

XMM[0]=0x0000000000000000 0x0000000000000000
XMM[1]=0x00007aef022c4b50 0x00007aef022c4b58
XMM[2]=0x0000000000000000 0x00007aef022c4b50
XMM[3]=0x0000000000000000 0x0000000000000000
XMM[4]=0x0000000000000000 0x0000000000000000
XMM[5]=0x0000000000000000 0x0000000000000000
XMM[6]=0x0000000000000000 0x00007aeefc000038
XMM[7]=0x0000000000000014 0x00007aeefcf08a90
XMM[8]=0x2f676e616c2f6176 0x616a120001120010
XMM[9]=0x262825ab262825ab 0x262825ab33196936
XMM[10]=0x0000000000000000 0x000000000cf1438b
XMM[11]=0xf73533c5f73533c5 0xf73533c52a4e9cfb
XMM[12]=0x0000000000000000 0x0000000033196936
XMM[13]=0x0000000000000000 0x00000000733e1653
XMM[14]=0x0000000000000000 0xa8c24779fb3e2a5a
XMM[15]=0x0000000000000000 0x0000000000000000
  MXCSR=0x00001fa2


Register to memory mapping:

RAX=0x00007aeefc42a310 points into unknown readable memory: 0x0000000000000000 | 00 00 00 00 00 00 00 00
RBX=0x00007aeefc4f1690 points into unknown readable memory: 0x000f000e00010400 | 00 04 01 00 0e 00 0f 00
RCX=0xfffffffffffffff5 is an unknown value
RDX=0x0 is null
RSP=0x00007aef022c4c40 is pointing into the stack for thread: 0x00007aeefc02e530
RBP=0x00007aef022c4ce0 is pointing into the stack for thread: 0x00007aeefc02e530
RSI=0x00007aeefc42a310 points into unknown readable memory: 0x0000000000000000 | 00 00 00 00 00 00 00 00
RDI=0x00007aeefc4f1690 points into unknown readable memory: 0x000f000e00010400 | 00 04 01 00 0e 00 0f 00
R8 =0x0000000000000014 is an unknown value
R9 =0x00007aeefd23fd20 points into unknown readable memory: 0x00007aeefc413340 | 40 33 41 fc ee 7a 00 00
R10=0x00007aeef0b53fc9 is at entry_point+73 in (nmethod*)0x00007aeef0b53e88
Compiled method (n/a) 6386 6894     n 0       org.eclipse.swt.internal.gtk.GTK::gtk_widget_realize (native)
 total in heap  [0x00007aeef0b53e88,0x00007aeef0b540d8] = 592
 main code      [0x00007aeef0b53f80,0x00007aeef0b540d0] = 336
 oops           [0x00007aeef0b540d0,0x00007aeef0b540d8] = 8
 mutable data [0x00007aeefc521c80,0x00007aeefc521ca0] = 32
 relocation     [0x00007aeefc521c80,0x00007aeefc521ca0] = 32
0x00007aeef0b53faf:   48 8b d6 49 be 60 4b d0 c0 00 00 00 00 4c 89 74
0x00007aeef0b53fbf:   24 30 4c 8d 74 24 30 49 8b f6 c5 f8 77 
R11=0x00007aeef0b53f90 is at entry_point+16 in (nmethod*)0x00007aeef0b53e88
Compiled method (n/a) 6386 6894     n 0       org.eclipse.swt.internal.gtk.GTK::gtk_widget_realize (native)
 total in heap  [0x00007aeef0b53e88,0x00007aeef0b540d8] = 592
 main code      [0x00007aeef0b53f80,0x00007aeef0b540d0] = 336
 oops           [0x00007aeef0b540d0,0x00007aeef0b540d8] = 8
 mutable data [0x00007aeefc521c80,0x00007aeefc521ca0] = 32
 relocation     [0x00007aeefc521c80,0x00007aeefc521ca0] = 32
0x00007aeef0b53f90:   89 84 24 00 c0 fe ff 55 48 8b ec 48 83 ec 40 90
0x00007aeef0b53fa0:   41 81 7f 20 07 00 00 00 74 05 
R12=0x000f000e00010400 is an unknown value
R13=0x00007aef022c4d50 is pointing into the stack for thread: 0x00007aeefc02e530
R14=0x00007aef022c4d30 is pointing into the stack for thread: 0x00007aeefc02e530
R15=0x00007aeefc02e530 is a thread

Top of Stack: (sp=0x00007aef022c4c40)
0x00007aef022c4c40:   0000000000000034 0000000000000001   4...............
0x00007aef022c4c50:   0000000000000000 00007aef022c4c80   .........L,..z..
0x00007aef022c4c60:   00007aef022c4d08 00007aeef03d7426   .M,..z..&t=..z..
0x00007aef022c4c70:   00000000c10d8b08 00007aeef03d93d7   ..........=..z..
0x00007aef022c4c80:   0000000000000001 0000000000000000   ................
0x00007aef022c4c90:   0000000000000001 0000000000000001   ................
0x00007aef022c4ca0:   00007aeefc253680 85b7a05b4a8ddd00   .6%..z.....J[...
0x00007aef022c4cb0:   00007aeefd234620 00007aeec58256e0    F#..z...V...z..
0x00007aef022c4cc0:   0000000000000000 00007aef022c4d50   ........PM,..z..
0x00007aef022c4cd0:   00007aef022c4d30 00007aeefc02e530   0M,..z..0....z..
0x00007aef022c4ce0:   00007aef022c4d40 00007aee910d0e30   @M,..z..0....z..
0x00007aef022c4cf0:   fffffffffffffff7 00007aeef0b53ffb   .........?...z..
0x00007aef022c4d00:   0000000000000003 00007aeec5827188   .........q...z..
0x00007aef022c4d10:   0000000000000000 00000000c0d04b60   ........`K......
0x00007aef022c4d20:   00007aeec5826400 0000000000000000   .d...z..........
0x00007aef022c4d30:   00000000c0d04b60 00007aef022c4da8   `K.......M,..z..
0x00007aef022c4d40:   00007aef022c4da8 00007aeef03d7426   .M,..z..&t=..z..
0x00007aef022c4d50:   00007aeefc4f1690 0000000000000000   ..O..z..........
0x00007aef022c4d60:   fffffffffffffff7 00007aeec569dd64   ........d.i..z..
0x00007aef022c4d70:   0000000000000009 00007aeec626aeb0   ..........&..z..
0x00007aef022c4d80:   0000000000000000 00000000c0d0a0c0   ................
0x00007aef022c4d90:   00007aeec569de18 fffffffffffffff5   ..i..z..........
0x00007aef022c4da0:   00007aef022c4de8 00007aef022c4e40   .M,..z..@N,..z..
0x00007aef022c4db0:   00007aeef03d7426 0000000000000000   &t=..z..........
0x00007aef022c4dc0:   0000000000000000 0000000000000000   ................
0x00007aef022c4dd0:   0000000000000000 0000000000000000   ................
0x00007aef022c4de0:   0000000000000000 0000000000000000   ................
0x00007aef022c4df0:   00000000c5962b30 fffffffffffffff7   0+..............
0x00007aef022c4e00:   00007aeec567c8c2 0000000000000003   ..g..z..........
0x00007aef022c4e10:   00007aeec625ec20 0000000000000000    .%..z..........
0x00007aef022c4e20:   00000000c0d0a648 00007aeec567c8f8   H.........g..z..
0x00007aef022c4e30:   fffffffffffffff5 00007aef022c4e50   ........PN,..z..

Instructions: (pc=0x00007aee9b7779d0)
  0x00007aee9b7778d0:   24 18 00 74 65 8b 73 1c 85 f6 75 7f 48 8b 7b 48
  0x00007aee9b7778e0:   80 63 06 f7 48 85 ff 0f 84 96 00 00 00 48 83 c4
  0x00007aee9b7778f0:   08 31 f6 5b 41 5c 41 5e 5d e9 e2 69 f5 ff 66 90
  0x00007aee9b777900:   49 8b 44 24 20 8b 70 10 85 f6 74 bd 48 8b 78 08
  0x00007aee9b777910:   e8 4b 06 d2 ff 49 8b 44 24 20 c7 40 10 00 00 00
  0x00007aee9b777920:   00 49 8b 44 24 20 48 c7 40 08 00 00 00 00 4c 8b
  0x00007aee9b777930:   63 40 49 83 7c 24 18 00 75 9b 4c 89 e7 e8 5e e6
  0x00007aee9b777940:   dc ff 4c 89 e7 48 be 00 00 00 00 08 00 00 00 e8
  0x00007aee9b777950:   bc dc dc ff 8b 73 1c 85 f6 74 81 4c 89 f7 e8 fd
  0x00007aee9b777960:   05 d2 ff c7 43 1c 00 00 00 00 4c 89 f7 e8 ce 21
  0x00007aee9b777970:   d2 ff 48 8b 7b 48 80 63 06 f7 48 85 ff 0f 85 6a
  0x00007aee9b777980:   ff ff ff 48 83 c4 08 5b 41 5c 41 5e 5d c3 66 90
  0x00007aee9b777990:   f3 0f 1e fa 55 48 89 e5 41 57 41 56 41 55 41 54
  0x00007aee9b7779a0:   53 48 83 ec 78 64 48 8b 04 25 28 00 00 00 48 89
  0x00007aee9b7779b0:   45 c8 31 c0 48 85 ff 0f 84 8b 01 00 00 48 89 fb
  0x00007aee9b7779c0:   e8 ab 82 ff ff 4c 8b 23 48 89 c6 4d 85 e4 74 0a
=>0x00007aee9b7779d0:   49 39 04 24 0f 84 ae 01 00 00 48 89 df e8 6e 1f
  0x00007aee9b7779e0:   d2 ff 85 c0 0f 84 5e 01 00 00 4c 8b 6b 18 41 f6
  0x00007aee9b7779f0:   45 02 02 75 26 e8 06 93 e7 ff 4d 85 e4 74 09 49
  0x00007aee9b777a00:   8b 34 24 48 39 c6 74 13 48 89 c6 48 89 df e8 3d
  0x00007aee9b777a10:   1f d2 ff 85 c0 0f 84 6d 02 00 00 41 0f b6 45 02
  0x00007aee9b777a20:   a8 10 0f 85 28 02 00 00 49 8b bd d0 00 00 00 48
  0x00007aee9b777a30:   85 ff 0f 84 c8 02 00 00 48 8b 47 18 f6 40 02 10
  0x00007aee9b777a40:   0f 84 32 02 00 00 48 89 df e8 32 2f 07 00 8b 35
  0x00007aee9b777a50:   80 e8 39 00 31 d2 31 c0 48 89 df e8 d0 ee d1 ff
  0x00007aee9b777a60:   48 89 df e8 78 8c 00 00 ba 01 00 00 00 48 89 df
  0x00007aee9b777a70:   89 c6 e8 29 88 00 00 41 f6 45 04 40 0f 85 2e 02
  0x00007aee9b777a80:   00 00 48 89 df e8 26 76 00 00 41 f6 45 04 20 0f
  0x00007aee9b777a90:   85 4f 02 00 00 8b 35 01 13 3a 00 48 89 df e8 8d
  0x00007aee9b777aa0:   d8 d1 ff 48 85 c0 0f 84 04 01 00 00 48 89 c6 48
  0x00007aee9b777ab0:   8d 7d a0 e8 68 f7 d1 ff eb 26 66 0f 1f 44 00 00
  0x00007aee9b777ac0:   48 89 7d 80 48 8d 4d 80 48 c7 45 88 00 00 00 00


Stack slot to memory mapping:

stack at sp + 0 slots: 0x0000000000000034 is an unknown value
stack at sp + 1 slots: 0x0000000000000001 is an unknown value
stack at sp + 2 slots: 0x0 is null
stack at sp + 3 slots: 0x00007aef022c4c80 is pointing into the stack for thread: 0x00007aeefc02e530
stack at sp + 4 slots: 0x00007aef022c4d08 is pointing into the stack for thread: 0x00007aeefc02e530
stack at sp + 5 slots: 0x00007aeef03d7426 is at code_begin+1254 in an Interpreter codelet
return entry points  [0x00007aeef03d6f40, 0x00007aeef03d7b88]  3144 bytes
stack at sp + 6 slots: 0x00000000c10d8b08 is an oop: java.lang.Class 
{0x00000000c10d8b08} - klass: 'java/lang/Class' - flags: 

 - ---- fields (total size 15 words):
 - private volatile transient 'classRedefinedCount' 'I' @12  0 (0x00000000)
 - injected 'klass' 'J' @16  1311853672 (0x000000004e314c68)
 - injected 'array_klass' 'J' @24  0 (0x0000000000000000)
 - injected 'oop_size' 'I' @32  15 (0x0000000f)
 - injected 'static_oop_field_count' 'I' @36  0 (0x00000000)
 - private final transient 'modifiers' 'C' @40    1 (0x0001)
 - private final transient 'primitive' 'Z' @42  false (0x00)
 - private volatile transient 'cachedConstructor' 'Ljava/lang/reflect/Constructor;' @44  null (0x00000000)
 - private transient 'name' 'Ljava/lang/String;' @48  "org.eclipse.swt.internal.gtk3.GTK3"{0x00000000c10d8b80} (0xc10d8b80)
 - private transient 'module' 'Ljava/lang/Module;' @52  a 'java/lang/Module'{0x00000000c0d04410} (0xc0d04410)
 - private final 'classLoader' 'Ljava/lang/ClassLoader;' @56  a 'org/eclipse/osgi/internal/loader/EquinoxClassLoader'{0x00000000c0d043a0} (0xc0d043a0)
 - private transient 'classData' 'Ljava/lang/Object;' @60  null (0x00000000)
 - private transient 'signers' '[Ljava/lang/Object;' @64  null (0x00000000)
 - private transient 'packageName' 'Ljava/lang/String;' @68  "org.eclipse.swt.internal.gtk3"{0x00000000c10d8bd0} (0xc10d8bd0)
 - private final transient 'componentType' 'Ljava/lang/Class;' @72  null (0x00000000)
 - private final transient 'protectionDomain' 'Ljava/security/ProtectionDomain;' @76  a 'org/eclipse/osgi/internal/loader/ModuleClassLoader$GenerationProtectionDomain'{0x00000000c0d04a20} (0xc0d04a20)
 - private volatile transient 'reflectionData' 'Ljava/lang/ref/SoftReference;' @80  null (0x00000000)
 - private volatile transient 'genericInfo' 'Lsun/reflect/generics/repository/ClassRepository;' @84  null (0x00000000)
 - private volatile transient 'enumConstants' '[Ljava/lang/Object;' @88  null (0x00000000)
 - private volatile transient 'enumConstantDirectory' 'Ljava/util/Map;' @92  null (0x00000000)
 - private volatile transient 'annotationData' 'Ljava/lang/Class$AnnotationData;' @96  null (0x00000000)
 - private volatile transient 'annotationType' 'Lsun/reflect/annotation/AnnotationType;' @100  null (0x00000000)
 - transient 'classValueMap' 'Ljava/lang/ClassValue$ClassValueMap;' @104  null (0x00000000)
 - injected 'source_file' 'Ljava/lang/Object;' @108  null (0x00000000)
 - injected '<init_lock>' 'Ljava/lang/Object;' @112  null (0x00000000)
 - signature: Lorg/eclipse/swt/internal/gtk3/GTK3;
 - ---- static fields (0):
stack at sp + 7 slots: 0x00007aeef03d93d7 is at code_begin+23 in an Interpreter codelet
result handlers for native calls  [0x00007aeef03d93c0, 0x00007aeef03d93e0]  32 bytes

Lock stack of current Java thread (top to bottom):


Compiled method (c1) 6391 1099   !   3       jdk.internal.reflect.DirectMethodHandleAccessor::invoke (92 bytes)
 total in heap  [0x00007aeee8fe1a88,0x00007aeee8fe3900] = 7800
 main code      [0x00007aeee8fe1b80,0x00007aeee8fe37b0] = 7216
 stub code      [0x00007aeee8fe37b0,0x00007aeee8fe38e8] = 312
 oops           [0x00007aeee8fe38e8,0x00007aeee8fe3900] = 24
 mutable data [0x00007aeea46201c0,0x00007aeea46204c0] = 768
 relocation     [0x00007aeea46201c0,0x00007aeea4620460] = 672
 metadata       [0x00007aeea4620460,0x00007aeea46204c0] = 96
 immutable data [0x00007aeea461f2b0,0x00007aeea46201b0] = 3840
 dependencies   [0x00007aeea461f2b0,0x00007aeea461f2d0] = 32
 nul chk table  [0x00007aeea461f2d0,0x00007aeea461f368] = 152
 handler table  [0x00007aeea461f368,0x00007aeea461f9f8] = 1680
 scopes pcs     [0x00007aeea461f9f8,0x00007aeea461fe78] = 1152
 scopes data    [0x00007aeea461fe78,0x00007aeea46201b0] = 824

[Constant Pool (empty)]

[MachCode]
[Instructions begin]
  0x00007aeee8fe1b80: 660f 1f84 | 0000 0000 | 0066 0f1f | 8400 0000 | 0000 448b | 5608 443b 

  0x00007aeee8fe1b98: ;   {runtime_call Shared Runtime ic_miss_blob}
  0x00007aeee8fe1b98: 5008 0f85 | 40b8 4307 
[Verified Entry Point]
  0x00007aeee8fe1ba0: 8984 2400 | c0fe ff55 | 4881 ec20 | 0100 0090 | 4181 7f20 | 0700 0000 

  0x00007aeee8fe1bb8: ;   {runtime_call Stub::method_entry_barrier}
  0x00007aeee8fe1bb8: 7405 e861 | 3342 0748 | 89b4 24a8 | 0000 0048 | 8994 24b8 

  0x00007aeee8fe1bcc: ;   {metadata(method data for {method} {0x00007aeec4466a00} 'invoke' '(Ljava/lang/Object;[Ljava/lang/Object;)Ljava/lang/Object;' in 'jdk/internal/reflect/DirectMethodHandleAccessor')}
  0x00007aeee8fe1bcc: 0000 0048 | bfc0 e6bc | c4ee 7a00 | 008b 9f90 | 0000 0083 | c302 899f | 9000 0000 | 81e3 fe07 
  0x00007aeee8fe1bec: 0000 85db | 0f84 a317 | 0000 488b 

  0x00007aeee8fe1bf8: ;   {metadata(method data for {method} {0x00007aeec4466a00} 'invoke' '(Ljava/lang/Object;[Ljava/lang/Object;)Ljava/lang/Object;' in 'jdk/internal/reflect/DirectMethodHandleAccessor')}
  0x00007aeee8fe1bf8: fe48 bbc0 | e6bc c4ee | 7a00 0048 | 8383 d800 

  0x00007aeee8fe1c08: ;   {metadata(method data for {method} {0x00007aeec4466f10} 'isStatic' '()Z' in 'jdk/internal/reflect/DirectMethodHandleAccessor')}
  0x00007aeee8fe1c08: 0000 0148 | bfb8 e9bc | c4ee 7a00 | 008b 9f90 | 0000 0083 | c302 899f | 9000 0000 | 81e3 feff 
  0x00007aeee8fe1c28: 1f00 85db | 0f84 8817 | 0000 8b7e | 1081 e700 | 0200 0081 | ff00 0200 

  0x00007aeee8fe1c40: ;   {metadata(method data for {method} {0x00007aeec4466f10} 'isStatic' '()Z' in 'jdk/internal/reflect/DirectMethodHandleAccessor')}
  0x00007aeee8fe1c40: 0048 bfb8 | e9bc c4ee | 7a00 00bb | d800 0000 | 7505 bbe8 | 0000 0048 | 8b04 1f48 | 8d40 0148 
  0x00007aeee8fe1c60: 8904 1f0f | 851a 0000 

  0x00007aeee8fe1c68: ;   {metadata(method data for {method} {0x00007aeec4466f10} 'isStatic' '()Z' in 'jdk/internal/reflect/DirectMethodHandleAccessor')}
  0x00007aeee8fe1c68: 0048 bfb8 | e9bc c4ee | 7a00 00ff | 87f8 0000 | 00bf 0100 | 0000 e905 | 0000 00bf | 0000 0000 
  0x00007aeee8fe1c88: 83e7 0185 

  0x00007aeee8fe1c8c: ;   {metadata(method data for {method} {0x00007aeec4466a00} 'invoke' '(Ljava/lang/Object;[Ljava/lang/Object;)Ljava/lang/Object;' in 'jdk/internal/reflect/DirectMethodHandleAccessor')}
  0x00007aeee8fe1c8c: ff48 bfc0 | e6bc c4ee | 7a00 00bb | 0801 0000 | 7505 bb18 | 0100 0048 | 8b04 1f48 | 8d40 0148 
  0x00007aeee8fe1cac: 8904 1f48 | 898c 24b0 | 0000 000f | 8537 0000 | 0048 8bfe 

  0x00007aeee8fe1cc0: ;   {metadata(method data for {method} {0x00007aeec4466a00} 'invoke' '(Ljava/lang/Object;[Ljava/lang/Object;)Ljava/lang/Object;' in 'jdk/internal/reflect/DirectMethodHandleAccessor')}
  0x00007aeee8fe1cc0: 48bb c0e6 | bcc4 ee7a | 0000 4883 | 8328 0100 | 0001 488b | fa48 8bd7 | 488b de48 

  0x00007aeee8fe1cdc: ;   {optimized virtual_call}
  0x00007aeee8fe1cdc: 8bf3 90e8 

  0x00007aeee8fe1ce0: ; ImmutableOopMap {[168]=Oop [176]=Oop [184]=Oop }
                      ;*invokevirtual checkReceiver {reexecute=0 rethrow=0 return_oop=0}
                      ; - jdk.internal.reflect.DirectMethodHandleAccessor::invoke@9
  0x00007aeee8fe1ce0: 3c81 0000 

  0x00007aeee8fe1ce4: ;   {post_call_nop}
  0x00007aeee8fe1ce4: 0f1f 8400 | 5c02 0000 | 488b b424 | a800 0000 

  0x00007aeee8fe1cf4: ;   {metadata(method data for {method} {0x00007aeec4466a00} 'invoke' '(Ljava/lang/Object;[Ljava/lang/Object;)Ljava/lang/Object;' in 'jdk/internal/reflect/DirectMethodHandleAccessor')}
  0x00007aeee8fe1cf4: 8b56 0c48 | bfc0 e6bc | c4ee 7a00 | 0048 8387 | 5801 0000 | 0148 8bf2 | 488b 9424 | b000 0000 
  0x00007aeee8fe1d14: ;   {static_call}
  0x00007aeee8fe1d14: 6666 90e8 

  0x00007aeee8fe1d18: ; ImmutableOopMap {[168]=Oop [176]=Oop [184]=Oop }
                      ;*invokestatic checkArgumentCount {reexecute=0 rethrow=0 return_oop=0}
                      ; - jdk.internal.reflect.DirectMethodHandleAccessor::invoke@17
  0x00007aeee8fe1d18: e457 0000 

  0x00007aeee8fe1d1c: ;   {post_call_nop}
  0x00007aeee8fe1d1c: 0f1f 8400 | 9402 0001 | 488b b424 | a800 0000 

  0x00007aeee8fe1d2c: ;   {metadata(method data for {method} {0x00007aeec4466a00} 'invoke' '(Ljava/lang/Object;[Ljava/lang/Object;)Ljava/lang/Object;' in 'jdk/internal/reflect/DirectMethodHandleAccessor')}
  0x00007aeee8fe1d2c: 488b d648 | b9c0 e6bc | c4ee 7a00 | 0048 8381 | 6801 0000 

  0x00007aeee8fe1d40: ;   {metadata(method data for {method} {0x00007aeec4466cd8} 'invokeImpl' '(Ljava/lang/Object;[Ljava/lang/Object;)Ljava/lang/Object;' in 'jdk/internal/reflect/DirectMethodHandleAccessor')}
  0x00007aeee8fe1d40: 0148 ba78 | edbc c4ee | 7a00 008b | 8a90 0000 | 0083 c102 | 898a 9000 | 0000 81e1 | feff 1f00 
  0x00007aeee8fe1d60: 85c9 0f84 | 7316 0000 

  0x00007aeee8fe1d68: ;   {metadata(method data for {method} {0x00007aeec4466cd8} 'invokeImpl' '(Ljava/lang/Object;[Ljava/lang/Object;)Ljava/lang/Object;' in 'jdk/internal/reflect/DirectMethodHandleAccessor')}
  0x00007aeee8fe1d68: 8b56 0c48 | b978 edbc | c4ee 7a00 | 0041 b8e0 | 0000 0085 | d249 8bf8 | 41b8 f000 | 0000 4c0f 
  0x00007aeee8fe1d88: 45c7 83fa | 0149 8bf8 | 41b8 0001 | 0000 4c0f | 45c7 83fa | 0249 8bf8 | 41b8 1001 | 0000 4c0f 
  0x00007aeee8fe1da8: 45c7 83fa | 0349 8bf8 | 41b8 2001 | 0000 4c0f | 45c7 4a8b | 3c01 41ba | 0100 0000 | 4903 fa4a 
  0x00007aeee8fe1dc8: 893c 0185 | d20f 847f | 0c00 0083 | fa01 0f84 | 7f0a 0000 | 83fa 020f | 8405 0400 | 0083 fa03 
  0x00007aeee8fe1de8: 0f84 db01 | 0000 488b | 8c24 b000 | 0000 488b | 9424 b800 | 0000 8b7e | 180f 1f80 | 0000 0000 
  0x00007aeee8fe1e08: ;   {other}
  0x00007aeee8fe1e08: e9fe 1500 | 0090 9090 | 9090 483b 

  0x00007aeee8fe1e14: ;   {metadata(method data for {method} {0x00007aeec4466cd8} 'invokeImpl' '(Ljava/lang/Object;[Ljava/lang/Object;)Ljava/lang/Object;' in 'jdk/internal/reflect/DirectMethodHandleAccessor')}
  0x00007aeee8fe1e14: 0748 bb78 | edbc c4ee | 7a00 0048 | 8d9b 3803 | 0000 4885 | d275 0ef6 | 4308 0175 | 42f0 4883 
  0x00007aeee8fe1e34: 4b08 01eb | 3a8b 4208 | 4c8b d048 | 3343 0848 | a9fc ffff | ff74 28a8 | 0275 2448 | f743 08fe 
  0x00007aeee8fe1e54: ffff ff74 | 1649 8bc2 | 4833 4308 | 48a9 fcff | ffff 740b | 4883 4b08 | 02eb 0448 | 8943 0848 
  0x00007aeee8fe1e74: 85c9 750e | f643 1801 | 7542 f048 | 834b 1801 | eb3a 8b41 | 084c 8bd0 | 4833 4318 | 48a9 fcff 
  0x00007aeee8fe1e94: ffff 7428 | a802 7524 | 48f7 4318 | feff ffff | 7416 498b | c248 3343 | 1848 a9fc | ffff ff74 
  0x00007aeee8fe1eb4: 0b48 834b | 1802 eb04 | 4889 4318 

  0x00007aeee8fe1ec0: ;   {metadata(method data for {method} {0x00007aeec4466cd8} 'invokeImpl' '(Ljava/lang/Object;[Ljava/lang/Object;)Ljava/lang/Object;' in 'jdk/internal/reflect/DirectMethodHandleAccessor')}
  0x00007aeee8fe1ec0: 488b df48 | b878 edbc | c4ee 7a00 | 008b 5b08 | 483b 9810 | 0300 0075 | 0d48 8380 | 1803 0000 
  0x00007aeee8fe1ee0: 01e9 6000 | 0000 483b | 9820 0300 | 0075 0d48 | 8380 2803 | 0000 01e9 | 4a00 0000 | 4883 b810 
  0x00007aeee8fe1f00: 0300 0000 | 7517 4889 | 9810 0300 | 0048 c780 | 1803 0000 | 0100 0000 | e929 0000 | 0048 83b8 
  0x00007aeee8fe1f20: 2003 0000 | 0075 1748 | 8998 2003 | 0000 48c7 | 8028 0300 | 0001 0000 | 00e9 0800 | 0000 4883 
  0x00007aeee8fe1f40: 8008 0300 | 0001 488b | f766 0f1f 

  0x00007aeee8fe1f4c: ;   {optimized virtual_call}
  0x00007aeee8fe1f4c: 4400 00e8 

  0x00007aeee8fe1f50: ; ImmutableOopMap {[168]=Oop }
                      ;*invokevirtual invokeExact {reexecute=0 rethrow=0 return_oop=0}
                      ; - jdk.internal.reflect.DirectMethodHandleAccessor::invokeImpl@104
                      ; - jdk.internal.reflect.DirectMethodHandleAccessor::invoke@23
  0x00007aeee8fe1f50: 8cb7 4307 

  0x00007aeee8fe1f54: ;   {post_call_nop}
  0x00007aeee8fe1f54: 0f1f 8400 | cc04 0002 

  0x00007aeee8fe1f5c: ;   {metadata(method data for {method} {0x00007aeec4466cd8} 'invokeImpl' '(Ljava/lang/Object;[Ljava/lang/Object;)Ljava/lang/Object;' in 'jdk/internal/reflect/DirectMethodHandleAccessor')}
  0x00007aeee8fe1f5c: 48ba 78ed | bcc4 ee7a | 0000 488d | 9258 0300 | 0048 85c0 | 750c f602 | 0175 3ff0 | 4883 0a01 
  0x00007aeee8fe1f7c: eb38 8b48 | 084c 8bd1 | 4833 0a48 | f7c1 fcff | ffff 7426 | f6c1 0275 | 2148 f702 | feff ffff 
  0x00007aeee8fe1f9c: 7415 498b | ca48 330a | 48f7 c1fc | ffff ff74 | 0948 830a | 02eb 0348 | 890a 4881 | c420 0100 
  0x00007aeee8fe1fbc: ;   {poll_return}
  0x00007aeee8fe1fbc: 005d 493b | 6728 0f87 | 5214 0000 | c348 8b8c | 24b0 0000 | 0048 8b94 | 24b8 0000 | 008b 5e18 
  0x00007aeee8fe1fdc: ; implicit exception: dispatches to 0x00007aeee8fe3430
  0x00007aeee8fe1fdc: 8379 0c00 | 0f86 5414 | 0000 448b | 4110 8379 | 0c01 0f86 | 5814 0000 | 448b 4914 | 8379 0c02 
  0x00007aeee8fe1ffc: 0f86 5c14 | 0000 8b79 | 1866 6690 

  0x00007aeee8fe2008: ;   {oop(a 'java/lang/invoke/MethodType'{0x00000000c01164d8} = (Ljava/lang/Object;Ljava/lang/Object;Ljava/lang/Object;Ljava/lang/Object;)Ljava/lang/Object;)}
  0x00007aeee8fe2008: 48b8 d864 | 11c0 0000 | 0000 483b 

  0x00007aeee8fe2014: ;   {metadata(method data for {method} {0x00007aeec4466cd8} 'invokeImpl' '(Ljava/lang/Object;[Ljava/lang/Object;)Ljava/lang/Object;' in 'jdk/internal/reflect/DirectMethodHandleAccessor')}
  0x00007aeee8fe2014: 0348 b978 | edbc c4ee | 7a00 0048 | 8d89 c002 | 0000 4885 | d275 0ef6 | 4108 0175 | 47f0 4883 
  0x00007aeee8fe2034: 4908 01eb | 3f44 8b5a | 084d 8bd3 | 4c33 5908 | 49f7 c3fc | ffff ff74 | 2b41 f6c3 | 0275 2548 
  0x00007aeee8fe2054: f741 08fe | ffff ff74 | 174d 8bda | 4c33 5908 | 49f7 c3fc | ffff ff74 | 0b48 8349 | 0802 eb04 
  0x00007aeee8fe2074: 4c89 5908 | 4d85 c075 | 0ef6 4118 | 0175 47f0 | 4883 4918 | 01eb 3f45 | 8b58 084d | 8bd3 4c33 
  0x00007aeee8fe2094: 5918 49f7 | c3fc ffff | ff74 2b41 | f6c3 0275 | 2548 f741 | 18fe ffff | ff74 174d | 8bda 4c33 
  0x00007aeee8fe20b4: 5918 49f7 | c3fc ffff | ff74 0b48 | 8349 1802 | eb04 4c89 | 5918 488b 

  0x00007aeee8fe20cc: ;   {metadata(method data for {method} {0x00007aeec4466cd8} 'invokeImpl' '(Ljava/lang/Object;[Ljava/lang/Object;)Ljava/lang/Object;' in 'jdk/internal/reflect/DirectMethodHandleAccessor')}
  0x00007aeee8fe20cc: cb49 bb78 | edbc c4ee | 7a00 008b | 4908 493b | 8b98 0200 | 0075 0d49 | 8383 a002 | 0000 01e9 
  0x00007aeee8fe20ec: 6000 0000 | 493b 8ba8 | 0200 0075 | 0d49 8383 | b002 0000 | 01e9 4a00 | 0000 4983 | bb98 0200 
  0x00007aeee8fe210c: 0000 7517 | 4989 8b98 | 0200 0049 | c783 a002 | 0000 0100 | 0000 e929 | 0000 0049 | 83bb a802 
  0x00007aeee8fe212c: 0000 0075 | 1749 898b | a802 0000 | 49c7 83b0 | 0200 0001 | 0000 00e9 | 0800 0000 | 4983 8390 
  0x00007aeee8fe214c: 0200 0001 | 498b c84d | 8bc1 4c8b | cf48 8bf8 

  0x00007aeee8fe215c: ;   {optimized virtual_call}
  0x00007aeee8fe215c: 488b f3e8 

  0x00007aeee8fe2160: ; ImmutableOopMap {[168]=Oop }
                      ;*invokevirtual invokeExact {reexecute=0 rethrow=0 return_oop=0}
                      ; - jdk.internal.reflect.DirectMethodHandleAccessor::invokeImpl@92
                      ; - jdk.internal.reflect.DirectMethodHandleAccessor::invoke@23
  0x00007aeee8fe2160: 6116 0000 

  0x00007aeee8fe2164: ;   {post_call_nop}
  0x00007aeee8fe2164: 0f1f 8400 | dc06 0003 

  0x00007aeee8fe216c: ;   {metadata(method data for {method} {0x00007aeec4466cd8} 'invokeImpl' '(Ljava/lang/Object;[Ljava/lang/Object;)Ljava/lang/Object;' in 'jdk/internal/reflect/DirectMethodHandleAccessor')}
  0x00007aeee8fe216c: 48be 78ed | bcc4 ee7a | 0000 488d | b6e0 0200 | 0048 85c0 | 750c f606 | 0175 40f0 | 4883 0e01 
  0x00007aeee8fe218c: eb39 8b78 | 084c 8bd7 | 4833 3e48 | f7c7 fcff | ffff 7427 | 40f6 c702 | 7521 48f7 | 06fe ffff 
  0x00007aeee8fe21ac: ff74 1549 | 8bfa 4833 | 3e48 f7c7 | fcff ffff | 7409 4883 | 0e02 eb03 

  0x00007aeee8fe21c4: ;   {metadata(method data for {method} {0x00007aeec4466cd8} 'invokeImpl' '(Ljava/lang/Object;[Ljava/lang/Object;)Ljava/lang/Object;' in 'jdk/internal/reflect/DirectMethodHandleAccessor')}
  0x00007aeee8fe21c4: 4889 3e48 | be78 edbc | c4ee 7a00 | 00ff 86f0 | 0200 0048 | 81c4 2001 

  0x00007aeee8fe21dc: ;   {poll_return}
  0x00007aeee8fe21dc: 0000 5d49 | 3b67 280f | 87a5 1200 | 00c3 488b | 8c24 b000 | 0000 488b | 9424 b800 | 0000 8b7e 
  0x00007aeee8fe21fc: 1848 89bc | 24c8 0000 | 0083 790c | 000f 869f | 1200 008b | 5910 4889 | 9c24 c000 | 0000 8379 
  0x00007aeee8fe221c: 0c01 0f86 | 9c12 0000 | 8b41 1448 | 8984 24d0 

  0x00007aeee8fe222c: ;   {metadata(method data for {method} {0x00007aeec4466cd8} 'invokeImpl' '(Ljava/lang/Object;[Ljava/lang/Object;)Ljava/lang/Object;' in 'jdk/internal/reflect/DirectMethodHandleAccessor')}
  0x00007aeee8fe222c: 0000 0048 | b978 edbc | c4ee 7a00 | 0048 8d89 | 4802 0000 | 4885 d275 | 0ef6 4108 | 0175 47f0 
  0x00007aeee8fe224c: 4883 4908 | 01eb 3f44 | 8b42 084d | 8bd0 4c33 | 4108 49f7 | c0fc ffff | ff74 2b41 | f6c0 0275 
  0x00007aeee8fe226c: 2548 f741 | 08fe ffff | ff74 174d | 8bc2 4c33 | 4108 49f7 | c0fc ffff | ff74 0b48 | 8349 0802 
  0x00007aeee8fe228c: eb04 4c89 

  0x00007aeee8fe2290: ;   {metadata(method data for {method} {0x00007aeec4b19ab0} 'invokeExact_MT' '(Ljava/lang/Object;Ljava/lang/Object;Ljava/lang/Object;Ljava/lang/Object;Ljava/lang/Object;)Ljava/lang/Object;' in 'java/lang/invoke/LambdaForm$MH+0x000000004e146c00')}
  0x00007aeee8fe2290: 4108 48b9 | 209d b1c4 | ee7a 0000 | 488d 8970 | 0200 0048 | 85ff 750c | f601 0175 | 41f0 4883 
  0x00007aeee8fe22b0: 0901 eb3a | 448b 4708 | 4d8b d04c | 3301 49f7 | c0fc ffff | ff74 2741 | f6c0 0275 | 2148 f701 
  0x00007aeee8fe22d0: feff ffff | 7415 4d8b | c24c 3301 | 49f7 c0fc | ffff ff74 | 0948 8309 | 02eb 034c | 8901 4885 
  0x00007aeee8fe22f0: d275 0ef6 | 4110 0175 | 47f0 4883 | 4910 01eb | 3f44 8b42 | 084d 8bd0 | 4c33 4110 | 49f7 c0fc 
  0x00007aeee8fe2310: ffff ff74 | 2b41 f6c0 | 0275 2548 | f741 10fe | ffff ff74 | 174d 8bc2 | 4c33 4110 | 49f7 c0fc 
  0x00007aeee8fe2330: ffff ff74 | 0b48 8349 | 1002 eb04 | 4c89 4110 

  0x00007aeee8fe2340: ;   {metadata(method data for {method} {0x00007aeec4466cd8} 'invokeImpl' '(Ljava/lang/Object;[Ljava/lang/Object;)Ljava/lang/Object;' in 'jdk/internal/reflect/DirectMethodHandleAccessor')}
  0x00007aeee8fe2340: 48b9 78ed | bcc4 ee7a | 0000 4883 | 8118 0200 

  0x00007aeee8fe2350: ;   {metadata(method data for {method} {0x00007aeec4b19ab0} 'invokeExact_MT' '(Ljava/lang/Object;Ljava/lang/Object;Ljava/lang/Object;Ljava/lang/Object;Ljava/lang/Object;)Ljava/lang/Object;' in 'java/lang/invoke/LambdaForm$MH+0x000000004e146c00')}
  0x00007aeee8fe2350: 0001 48b9 | 209d b1c4 | ee7a 0000 | 448b 8190 | 0000 0041 | 83c0 0244 | 8981 9000 | 0000 4181 
  0x00007aeee8fe2370: e0fe ff1f | 0045 85c0 | 0f84 5411 

  0x00007aeee8fe237c: ;   {metadata(method data for {method} {0x00007aeec4b19ab0} 'invokeExact_MT' '(Ljava/lang/Object;Ljava/lang/Object;Ljava/lang/Object;Ljava/lang/Object;Ljava/lang/Object;)Ljava/lang/Object;' in 'java/lang/invoke/LambdaForm$MH+0x000000004e146c00')}
  0x00007aeee8fe237c: 0000 48b9 | 209d b1c4 | ee7a 0000 | 488d 8948 | 0100 0048 | 85ff 750e | f641 0801 | 7547 f048 
  0x00007aeee8fe239c: 8349 0801 | eb3f 448b | 4708 4d8b | d04c 3341 | 0849 f7c0 | fcff ffff | 742b 41f6 | c002 7525 
  0x00007aeee8fe23bc: 48f7 4108 | feff ffff | 7417 4d8b | c24c 3341 | 0849 f7c0 | fcff ffff | 740b 4883 | 4908 02eb 
  0x00007aeee8fe23dc: 044c 8941 

  0x00007aeee8fe23e0: ;   {metadata(method data for {method} {0x00007aeec4b19ab0} 'invokeExact_MT' '(Ljava/lang/Object;Ljava/lang/Object;Ljava/lang/Object;Ljava/lang/Object;Ljava/lang/Object;)Ljava/lang/Object;' in 'java/lang/invoke/LambdaForm$MH+0x000000004e146c00')}
  0x00007aeee8fe23e0: 0848 b920 | 9db1 c4ee | 7a00 0048 | 8381 3801 

  0x00007aeee8fe23f0: ;   {metadata(method data for {method} {0x00007aeec436a778} 'checkExactType' '(Ljava/lang/invoke/MethodHandle;Ljava/lang/invoke/MethodType;)V' in 'java/lang/invoke/Invokers')}
  0x00007aeee8fe23f0: 0000 0148 | b998 10bc | c4ee 7a00 | 0044 8b81 | 9000 0000 | 4183 c002 | 4489 8190 | 0000 0041 
  0x00007aeee8fe2410: 81e0 feff | 1f00 4585 | c00f 84d4 | 1000 0048 | 3b07 488b 

  0x00007aeee8fe2424: ;   {metadata(method data for {method} {0x00007aeec436a778} 'checkExactType' '(Ljava/lang/invoke/MethodHandle;Ljava/lang/invoke/MethodType;)V' in 'java/lang/invoke/Invokers')}
  0x00007aeee8fe2424: cf49 b898 | 10bc c4ee | 7a00 008b | 4908 493b | 88e0 0000 | 0075 0d49 | 8380 e800 | 0000 01e9 
  0x00007aeee8fe2444: 6000 0000 | 493b 88f0 | 0000 0075 | 0d49 8380 | f800 0000 | 01e9 4a00 | 0000 4983 | b8e0 0000 
  0x00007aeee8fe2464: 0000 7517 | 4989 88e0 | 0000 0049 | c780 e800 | 0000 0100 | 0000 e929 | 0000 0049 | 83b8 f000 
  0x00007aeee8fe2484: 0000 0075 | 1749 8988 | f000 0000 | 49c7 80f8 | 0000 0001 | 0000 00e9 | 0800 0000 | 4983 80d8 
  0x00007aeee8fe24a4: 0000 0001 

  0x00007aeee8fe24a8: ;   {oop(a 'java/lang/invoke/MethodType'{0x00000000c0101798} = (Ljava/lang/Object;Ljava/lang/Object;Ljava/lang/Object;)Ljava/lang/Object;)}
  0x00007aeee8fe24a8: 8b4f 1049 | b898 1710 | c000 0000 | 0049 3bc8 

  0x00007aeee8fe24b8: ;   {metadata(method data for {method} {0x00007aeec436a778} 'checkExactType' '(Ljava/lang/invoke/MethodHandle;Ljava/lang/invoke/MethodType;)V' in 'java/lang/invoke/Invokers')}
  0x00007aeee8fe24b8: 49b8 9810 | bcc4 ee7a | 0000 41b9 | 1801 0000 | 7506 41b9 | 0801 0000 | 4f8b 1c08 | 4d8d 5b01 
  0x00007aeee8fe24d8: 4f89 1c08 | 0f85 d509 

  0x00007aeee8fe24e0: ;   {metadata(method data for {method} {0x00007aeec4b19ab0} 'invokeExact_MT' '(Ljava/lang/Object;Ljava/lang/Object;Ljava/lang/Object;Ljava/lang/Object;Ljava/lang/Object;)Ljava/lang/Object;' in 'java/lang/invoke/LambdaForm$MH+0x000000004e146c00')}
  0x00007aeee8fe24e0: 0000 48b9 | 209d b1c4 | ee7a 0000 | 488d 8980 | 0100 0044 | 8b47 084d | 8bd0 4c33 | 4108 49f7 
  0x00007aeee8fe2500: c0fc ffff | ff74 2b41 | f6c0 0275 | 2548 f741 | 08fe ffff | ff74 174d | 8bc2 4c33 | 4108 49f7 
  0x00007aeee8fe2520: c0fc ffff | ff74 0b48 | 8349 0802 | eb04 4c89 

  0x00007aeee8fe2530: ;   {metadata(method data for {method} {0x00007aeec4b19ab0} 'invokeExact_MT' '(Ljava/lang/Object;Ljava/lang/Object;Ljava/lang/Object;Ljava/lang/Object;Ljava/lang/Object;)Ljava/lang/Object;' in 'java/lang/invoke/LambdaForm$MH+0x000000004e146c00')}
  0x00007aeee8fe2530: 4108 48b9 | 209d b1c4 | ee7a 0000 | 4883 8170 | 0100 0001 

  0x00007aeee8fe2544: ;   {metadata(method data for {method} {0x00007aeec436adc0} 'checkCustomized' '(Ljava/lang/invoke/MethodHandle;)V' in 'java/lang/invoke/Invokers')}
  0x00007aeee8fe2544: 48b9 300e | bcc4 ee7a | 0000 448b | 8190 0000 | 0041 83c0 | 0244 8981 | 9000 0000 | 4181 e0fe 
  0x00007aeee8fe2564: ff1f 0045 | 85c0 0f84 | a90f 0000 

  0x00007aeee8fe2570: ;   {metadata(method data for {method} {0x00007aeec436adc0} 'checkCustomized' '(Ljava/lang/invoke/MethodHandle;)V' in 'java/lang/invoke/Invokers')}
  0x00007aeee8fe2570: 48b9 300e | bcc4 ee7a | 0000 4883 | 81d8 0000 

  0x00007aeee8fe2580: ;   {metadata(method data for {method} {0x00007aeec408fb80} 'isCompileConstant' '(Ljava/lang/Object;)Z' in 'java/lang/invoke/MethodHandleImpl')}
  0x00007aeee8fe2580: 0001 48b9 | a80f bcc4 | ee7a 0000 | 448b 8190 | 0000 0041 | 83c0 0244 | 8981 9000 | 0000 4181 
  0x00007aeee8fe25a0: e0fe ff1f | 0045 85c0 | 0f84 8c0f 

  0x00007aeee8fe25ac: ;   {metadata(method data for {method} {0x00007aeec436adc0} 'checkCustomized' '(Ljava/lang/invoke/MethodHandle;)V' in 'java/lang/invoke/Invokers')}
  0x00007aeee8fe25ac: 0000 48b9 | 300e bcc4 | ee7a 0000 | ff81 e800 | 0000 8b4f | 148b 491c 

  0x00007aeee8fe25c4: ;   {metadata(method data for {method} {0x00007aeec436adc0} 'checkCustomized' '(Ljava/lang/invoke/MethodHandle;)V' in 'java/lang/invoke/Invokers')}
  0x00007aeee8fe25c4: 4885 c948 | b930 0ebc | c4ee 7a00 | 0041 b808 | 0100 0075 | 0641 b818 | 0100 004e | 8b0c 014d 
  0x00007aeee8fe25e4: 8d49 014e | 890c 010f | 8523 0000 

  0x00007aeee8fe25f0: ;   {metadata(method data for {method} {0x00007aeec436adc0} 'checkCustomized' '(Ljava/lang/invoke/MethodHandle;)V' in 'java/lang/invoke/Invokers')}
  0x00007aeee8fe25f0: 0048 b930 | 0ebc c4ee | 7a00 0048 | 8381 2801 | 0000 0148 

  0x00007aeee8fe2604: ;   {static_call}
  0x00007aeee8fe2604: 8bf7 90e8 

  0x00007aeee8fe2608: ; ImmutableOopMap {[168]=Oop [184]=Oop [192]=Oop [200]=Oop [208]=Oop }
                      ;*invokestatic maybeCustomize {reexecute=0 rethrow=0 return_oop=0}
                      ; - java.lang.invoke.Invokers::checkCustomized@19
                      ; - java.lang.invoke.LambdaForm$MH/0x000000004e146c00::invokeExact_MT@15
                      ; - jdk.internal.reflect.DirectMethodHandleAccessor::invokeImpl@72
                      ; - jdk.internal.reflect.DirectMethodHandleAccessor::invoke@23
  0x00007aeee8fe2608: 74db ffff 

  0x00007aeee8fe260c: ;   {post_call_nop}
  0x00007aeee8fe260c: 0f1f 8400 | 840b 0004 | 488b 9c24 | c000 0000 | 488b 9424 | b800 0000 

  0x00007aeee8fe2624: ;   {metadata(method data for {method} {0x00007aeec4b19ab0} 'invokeExact_MT' '(Ljava/lang/Object;Ljava/lang/Object;Ljava/lang/Object;Ljava/lang/Object;Ljava/lang/Object;)Ljava/lang/Object;' in 'java/lang/invoke/LambdaForm$MH+0x000000004e146c00')}
  0x00007aeee8fe2624: 48b9 209d | b1c4 ee7a | 0000 488d | 89c8 0100 | 0048 85d2 | 750e f641 | 0801 7547 | f048 8349 
  0x00007aeee8fe2644: 0801 eb3f | 448b 4208 | 4d8b d04c | 3341 0849 | f7c0 fcff | ffff 742b | 41f6 c002 | 7525 48f7 
  0x00007aeee8fe2664: 4108 feff | ffff 7417 | 4d8b c24c | 3341 0849 | f7c0 fcff | ffff 740b | 4883 4908 | 02eb 044c 
  0x00007aeee8fe2684: 8941 0848 | 85db 750e | f641 1801 | 7547 f048 | 8349 1801 | eb3f 448b | 4308 4d8b | d04c 3341 
  0x00007aeee8fe26a4: 1849 f7c0 | fcff ffff | 742b 41f6 | c002 7525 | 48f7 4118 | feff ffff | 7417 4d8b | c24c 3341 
  0x00007aeee8fe26c4: 1849 f7c0 | fcff ffff | 740b 4883 | 4918 02eb | 044c 8941 | 1848 8bbc | 24c8 0000 

  0x00007aeee8fe26e0: ;   {metadata(method data for {method} {0x00007aeec4b19ab0} 'invokeExact_MT' '(Ljava/lang/Object;Ljava/lang/Object;Ljava/lang/Object;Ljava/lang/Object;Ljava/lang/Object;)Ljava/lang/Object;' in 'java/lang/invoke/LambdaForm$MH+0x000000004e146c00')}
  0x00007aeee8fe26e0: 0048 b920 | 9db1 c4ee | 7a00 008b | 7f08 483b | b9a0 0100 | 0075 0d48 | 8381 a801 | 0000 01e9 
  0x00007aeee8fe2700: 6000 0000 | 483b b9b0 | 0100 0075 | 0d48 8381 | b801 0000 | 01e9 4a00 | 0000 4883 | b9a0 0100 
  0x00007aeee8fe2720: 0000 7517 | 4889 b9a0 | 0100 0048 | c781 a801 | 0000 0100 | 0000 e929 | 0000 0048 | 83b9 b001 
  0x00007aeee8fe2740: 0000 0075 | 1748 89b9 | b001 0000 | 48c7 81b8 | 0100 0001 | 0000 00e9 | 0800 0000 | 4883 8198 
  0x00007aeee8fe2760: 0100 0001 | 488b cb4c | 8b84 24d0 | 0000 0048 | 8bb4 24c8 

  0x00007aeee8fe2774: ;   {optimized virtual_call}
  0x00007aeee8fe2774: 0000 00e8 

  0x00007aeee8fe2778: ; ImmutableOopMap {[168]=Oop }
                      ;*invokevirtual invokeBasic {reexecute=0 rethrow=0 return_oop=0}
                      ; - java.lang.invoke.LambdaForm$MH/0x000000004e146c00::invokeExact_MT@22
                      ; - jdk.internal.reflect.DirectMethodHandleAccessor::invokeImpl@72
                      ; - jdk.internal.reflect.DirectMethodHandleAccessor::invoke@23
  0x00007aeee8fe2778: 0433 9907 

  0x00007aeee8fe277c: ;   {post_call_nop}
  0x00007aeee8fe277c: 0f1f 8400 | f40c 0005 

  0x00007aeee8fe2784: ;   {metadata(method data for {method} {0x00007aeec4b19ab0} 'invokeExact_MT' '(Ljava/lang/Object;Ljava/lang/Object;Ljava/lang/Object;Ljava/lang/Object;Ljava/lang/Object;)Ljava/lang/Object;' in 'java/lang/invoke/LambdaForm$MH+0x000000004e146c00')}
  0x00007aeee8fe2784: 48ba 209d | b1c4 ee7a | 0000 488d | 92e8 0100 | 0048 85c0 | 750c f602 | 0175 3ff0 | 4883 0a01 
  0x00007aeee8fe27a4: eb38 8b48 | 084c 8bd1 | 4833 0a48 | f7c1 fcff | ffff 7426 | f6c1 0275 | 2148 f702 | feff ffff 
  0x00007aeee8fe27c4: 7415 498b | ca48 330a | 48f7 c1fc | ffff ff74 | 0948 830a | 02eb 0348 

  0x00007aeee8fe27dc: ;   {metadata(method data for {method} {0x00007aeec4466cd8} 'invokeImpl' '(Ljava/lang/Object;[Ljava/lang/Object;)Ljava/lang/Object;' in 'jdk/internal/reflect/DirectMethodHandleAccessor')}
  0x00007aeee8fe27dc: 890a 48ba | 78ed bcc4 | ee7a 0000 | 488d 9268 | 0200 0048 | 85c0 750c | f602 0175 | 3ff0 4883 
  0x00007aeee8fe27fc: 0a01 eb38 | 8b48 084c | 8bd1 4833 | 0a48 f7c1 | fcff ffff | 7426 f6c1 | 0275 2148 | f702 feff 
  0x00007aeee8fe281c: ffff 7415 | 498b ca48 | 330a 48f7 | c1fc ffff | ff74 0948 | 830a 02eb | 0348 890a 

  0x00007aeee8fe2838: ;   {metadata(method data for {method} {0x00007aeec4466cd8} 'invokeImpl' '(Ljava/lang/Object;[Ljava/lang/Object;)Ljava/lang/Object;' in 'jdk/internal/reflect/DirectMethodHandleAccessor')}
  0x00007aeee8fe2838: 48ba 78ed | bcc4 ee7a | 0000 ff82 | 7802 0000 | 4881 c420 | 0100 005d 

  0x00007aeee8fe2850: ;   {poll_return}
  0x00007aeee8fe2850: 493b 6728 | 0f87 060d | 0000 c348 | 8b8c 24b0 | 0000 0048 | 8b94 24b8 | 0000 008b | 7e18 8379 
  0x00007aeee8fe2870: 0c00 0f86 | 080d 0000 | 8b49 100f | 1f44 0000 

  0x00007aeee8fe2880: ;   {oop(a 'java/lang/invoke/MethodType'{0x00000000c01161f0} = (Ljava/lang/Object;Ljava/lang/Object;)Ljava/lang/Object;)}
  0x00007aeee8fe2880: 49b8 f061 | 11c0 0000 | 0000 483b 

  0x00007aeee8fe288c: ;   {metadata(method data for {method} {0x00007aeec4466cd8} 'invokeImpl' '(Ljava/lang/Object;[Ljava/lang/Object;)Ljava/lang/Object;' in 'jdk/internal/reflect/DirectMethodHandleAccessor')}
  0x00007aeee8fe288c: 0748 bb78 | edbc c4ee | 7a00 0048 | 8d9b d001 | 0000 4885 | d275 0ef6 | 4308 0175 | 42f0 4883 
  0x00007aeee8fe28ac: 4b08 01eb | 3a8b 4208 | 4c8b d048 | 3343 0848 | a9fc ffff | ff74 28a8 | 0275 2448 | f743 08fe 
  0x00007aeee8fe28cc: ffff ff74 | 1649 8bc2 | 4833 4308 | 48a9 fcff | ffff 740b | 4883 4b08 | 02eb 0448 | 8943 0848 
  0x00007aeee8fe28ec: 85c9 750e | f643 1801 | 7542 f048 | 834b 1801 | eb3a 8b41 | 084c 8bd0 | 4833 4318 | 48a9 fcff 
  0x00007aeee8fe290c: ffff 7428 | a802 7524 | 48f7 4318 | feff ffff | 7416 498b | c248 3343 | 1848 a9fc | ffff ff74 
  0x00007aeee8fe292c: 0b48 834b | 1802 eb04 | 4889 4318 

  0x00007aeee8fe2938: ;   {metadata(method data for {method} {0x00007aeec4466cd8} 'invokeImpl' '(Ljava/lang/Object;[Ljava/lang/Object;)Ljava/lang/Object;' in 'jdk/internal/reflect/DirectMethodHandleAccessor')}
  0x00007aeee8fe2938: 488b df48 | b878 edbc | c4ee 7a00 | 008b 5b08 | 483b 98a8 | 0100 0075 | 0d48 8380 | b001 0000 
  0x00007aeee8fe2958: 01e9 6000 | 0000 483b | 98b8 0100 | 0075 0d48 | 8380 c001 | 0000 01e9 | 4a00 0000 | 4883 b8a8 
  0x00007aeee8fe2978: 0100 0000 | 7517 4889 | 98a8 0100 | 0048 c780 | b001 0000 | 0100 0000 | e929 0000 | 0048 83b8 
  0x00007aeee8fe2998: b801 0000 | 0075 1748 | 8998 b801 | 0000 48c7 | 80c0 0100 | 0001 0000 | 00e9 0800 | 0000 4883 
  0x00007aeee8fe29b8: 80a0 0100 | 0001 488b | f766 0f1f 

  0x00007aeee8fe29c4: ;   {optimized virtual_call}
  0x00007aeee8fe29c4: 4400 00e8 

  0x00007aeee8fe29c8: ; ImmutableOopMap {[168]=Oop }
                      ;*invokevirtual invokeExact {reexecute=0 rethrow=0 return_oop=0}
                      ; - jdk.internal.reflect.DirectMethodHandleAccessor::invokeImpl@55
                      ; - jdk.internal.reflect.DirectMethodHandleAccessor::invoke@23
  0x00007aeee8fe29c8: 090e 0000 

  0x00007aeee8fe29cc: ;   {post_call_nop}
  0x00007aeee8fe29cc: 0f1f 8400 | 440f 0006 

  0x00007aeee8fe29d4: ;   {metadata(method data for {method} {0x00007aeec4466cd8} 'invokeImpl' '(Ljava/lang/Object;[Ljava/lang/Object;)Ljava/lang/Object;' in 'jdk/internal/reflect/DirectMethodHandleAccessor')}
  0x00007aeee8fe29d4: 48be 78ed | bcc4 ee7a | 0000 488d | b6f0 0100 | 0048 85c0 | 750c f606 | 0175 40f0 | 4883 0e01 
  0x00007aeee8fe29f4: eb39 8b78 | 084c 8bd7 | 4833 3e48 | f7c7 fcff | ffff 7427 | 40f6 c702 | 7521 48f7 | 06fe ffff 
  0x00007aeee8fe2a14: ff74 1549 | 8bfa 4833 | 3e48 f7c7 | fcff ffff | 7409 4883 | 0e02 eb03 

  0x00007aeee8fe2a2c: ;   {metadata(method data for {method} {0x00007aeec4466cd8} 'invokeImpl' '(Ljava/lang/Object;[Ljava/lang/Object;)Ljava/lang/Object;' in 'jdk/internal/reflect/DirectMethodHandleAccessor')}
  0x00007aeee8fe2a2c: 4889 3e48 | be78 edbc | c4ee 7a00 | 00ff 8600 | 0200 0048 | 81c4 2001 

  0x00007aeee8fe2a44: ;   {poll_return}
  0x00007aeee8fe2a44: 0000 5d49 | 3b67 280f | 875f 0b00 | 00c3 488b | 9424 b800 | 0000 8b7e | 1848 89bc | 24d8 0000 
  0x00007aeee8fe2a64: ;   {metadata(method data for {method} {0x00007aeec4466cd8} 'invokeImpl' '(Ljava/lang/Object;[Ljava/lang/Object;)Ljava/lang/Object;' in 'jdk/internal/reflect/DirectMethodHandleAccessor')}
  0x00007aeee8fe2a64: 0048 bb78 | edbc c4ee | 7a00 0048 | 8d9b 6801 | 0000 4885 | d275 0ef6 | 4308 0175 | 23f0 4883 
  0x00007aeee8fe2a84: 4b08 01eb | 1b8b 4208 | 4c8b d048 | 3343 0848 | a9fc ffff | ff74 09a8 | 0275 0548 | 834b 0802 
  0x00007aeee8fe2aa4: ;   {metadata(method data for {method} {0x00007aeec43c2000} 'invokeExact_MT' '(Ljava/lang/Object;Ljava/lang/Object;Ljava/lang/Object;)Ljava/lang/Object;' in 'java/lang/invoke/Invokers$Holder')}
  0x00007aeee8fe2aa4: 48bb 30f1 | bcc4 ee7a | 0000 488d | 9b50 0200 | 0048 85ff | 750a f603 | 0175 05f0 | 4883 0b01 
  0x00007aeee8fe2ac4: 4885 d275 | 0ef6 4310 | 0175 23f0 | 4883 4b10 | 01eb 1b8b | 4208 4c8b | d048 3343 | 1048 a9fc 
  0x00007aeee8fe2ae4: ffff ff74 | 09a8 0275 | 0548 834b 

  0x00007aeee8fe2af0: ;   {metadata(method data for {method} {0x00007aeec4466cd8} 'invokeImpl' '(Ljava/lang/Object;[Ljava/lang/Object;)Ljava/lang/Object;' in 'jdk/internal/reflect/DirectMethodHandleAccessor')}
  0x00007aeee8fe2af0: 1002 48bb | 78ed bcc4 | ee7a 0000 | 4883 8338 | 0100 0001 

  0x00007aeee8fe2b04: ;   {metadata(method data for {method} {0x00007aeec43c2000} 'invokeExact_MT' '(Ljava/lang/Object;Ljava/lang/Object;Ljava/lang/Object;)Ljava/lang/Object;' in 'java/lang/invoke/Invokers$Holder')}
  0x00007aeee8fe2b04: 48bb 30f1 | bcc4 ee7a | 0000 8b83 | 9000 0000 | 83c0 0289 | 8390 0000 | 0025 feff | 1f00 85c0 
  0x00007aeee8fe2b24: 0f84 9c0a 

  0x00007aeee8fe2b28: ;   {metadata(method data for {method} {0x00007aeec43c2000} 'invokeExact_MT' '(Ljava/lang/Object;Ljava/lang/Object;Ljava/lang/Object;)Ljava/lang/Object;' in 'java/lang/invoke/Invokers$Holder')}
  0x00007aeee8fe2b28: 0000 48bb | 30f1 bcc4 | ee7a 0000 | 488d 9b48 | 0100 0048 | 85ff 750c | f643 0801 | 7506 f048 
  0x00007aeee8fe2b48: 834b 0801 

  0x00007aeee8fe2b4c: ;   {metadata(method data for {method} {0x00007aeec43c2000} 'invokeExact_MT' '(Ljava/lang/Object;Ljava/lang/Object;Ljava/lang/Object;)Ljava/lang/Object;' in 'java/lang/invoke/Invokers$Holder')}
  0x00007aeee8fe2b4c: 48bb 30f1 | bcc4 ee7a | 0000 4883 | 8338 0100 

  0x00007aeee8fe2b5c: ;   {metadata(method data for {method} {0x00007aeec436a778} 'checkExactType' '(Ljava/lang/invoke/MethodHandle;Ljava/lang/invoke/MethodType;)V' in 'java/lang/invoke/Invokers')}
  0x00007aeee8fe2b5c: 0001 48bb | 9810 bcc4 | ee7a 0000 | 8b83 9000 | 0000 83c0 | 0289 8390 | 0000 0025 | feff 1f00 
  0x00007aeee8fe2b7c: 85c0 0f84 | 630a 0000 

  0x00007aeee8fe2b84: ; implicit exception: dispatches to 0x00007aeee8fe3608
  0x00007aeee8fe2b84: 483b 0748 

  0x00007aeee8fe2b88: ;   {metadata(method data for {method} {0x00007aeec436a778} 'checkExactType' '(Ljava/lang/invoke/MethodHandle;Ljava/lang/invoke/MethodType;)V' in 'java/lang/invoke/Invokers')}
  0x00007aeee8fe2b88: 8bdf 48b8 | 9810 bcc4 | ee7a 0000 | 8b5b 0848 | 3b98 e000 | 0000 750d | 4883 80e8 | 0000 0001 
  0x00007aeee8fe2ba8: e960 0000 | 0048 3b98 | f000 0000 | 750d 4883 | 80f8 0000 | 0001 e94a | 0000 0048 | 83b8 e000 
  0x00007aeee8fe2bc8: 0000 0075 | 1748 8998 | e000 0000 | 48c7 80e8 | 0000 0001 | 0000 00e9 | 2900 0000 | 4883 b8f0 
  0x00007aeee8fe2be8: 0000 0000 | 7517 4889 | 98f0 0000 | 0048 c780 | f800 0000 | 0100 0000 | e908 0000 | 0048 8380 
  0x00007aeee8fe2c08: d800 0000 | 018b 5f10 

  0x00007aeee8fe2c10: ;   {oop(a 'java/lang/invoke/MethodType'{0x00000000c0102d98} = (Ljava/lang/Object;)Ljava/lang/Object;)}
  0x00007aeee8fe2c10: 48b8 982d | 10c0 0000 | 0000 483b 

  0x00007aeee8fe2c1c: ;   {metadata(method data for {method} {0x00007aeec436a778} 'checkExactType' '(Ljava/lang/invoke/MethodHandle;Ljava/lang/invoke/MethodType;)V' in 'java/lang/invoke/Invokers')}
  0x00007aeee8fe2c1c: d848 b898 | 10bc c4ee | 7a00 00b9 | 1801 0000 | 7505 b908 | 0100 004c | 8b04 084d | 8d40 014c 
  0x00007aeee8fe2c3c: 8904 080f | 852a 0200 

  0x00007aeee8fe2c44: ;   {metadata(method data for {method} {0x00007aeec43c2000} 'invokeExact_MT' '(Ljava/lang/Object;Ljava/lang/Object;Ljava/lang/Object;)Ljava/lang/Object;' in 'java/lang/invoke/Invokers$Holder')}
  0x00007aeee8fe2c44: 0048 bb30 | f1bc c4ee | 7a00 0048 | 8383 7001 

  0x00007aeee8fe2c54: ;   {metadata(method data for {method} {0x00007aeec436adc0} 'checkCustomized' '(Ljava/lang/invoke/MethodHandle;)V' in 'java/lang/invoke/Invokers')}
  0x00007aeee8fe2c54: 0000 0148 | bb30 0ebc | c4ee 7a00 | 008b 8390 | 0000 0083 | c002 8983 | 9000 0000 | 25fe ff1f 
  0x00007aeee8fe2c74: 0085 c00f | 8490 0900 

  0x00007aeee8fe2c7c: ;   {metadata(method data for {method} {0x00007aeec436adc0} 'checkCustomized' '(Ljava/lang/invoke/MethodHandle;)V' in 'java/lang/invoke/Invokers')}
  0x00007aeee8fe2c7c: 0048 bb30 | 0ebc c4ee | 7a00 0048 | 8383 d800 

  0x00007aeee8fe2c8c: ;   {metadata(method data for {method} {0x00007aeec408fb80} 'isCompileConstant' '(Ljava/lang/Object;)Z' in 'java/lang/invoke/MethodHandleImpl')}
  0x00007aeee8fe2c8c: 0000 0148 | bba8 0fbc | c4ee 7a00 | 008b 8390 | 0000 0083 | c002 8983 | 9000 0000 | 25fe ff1f 
  0x00007aeee8fe2cac: 0085 c00f | 8479 0900 

  0x00007aeee8fe2cb4: ;   {metadata(method data for {method} {0x00007aeec436adc0} 'checkCustomized' '(Ljava/lang/invoke/MethodHandle;)V' in 'java/lang/invoke/Invokers')}
  0x00007aeee8fe2cb4: 0048 bb30 | 0ebc c4ee | 7a00 00ff | 83e8 0000 | 008b 5f14 

  0x00007aeee8fe2cc8: ; implicit exception: dispatches to 0x00007aeee8fe364f
  0x00007aeee8fe2cc8: 8b5b 1c48 

  0x00007aeee8fe2ccc: ;   {metadata(method data for {method} {0x00007aeec436adc0} 'checkCustomized' '(Ljava/lang/invoke/MethodHandle;)V' in 'java/lang/invoke/Invokers')}
  0x00007aeee8fe2ccc: 85db 48bb | 300e bcc4 | ee7a 0000 | b808 0100 | 0075 05b8 | 1801 0000 | 488b 0c03 | 488d 4901 
  0x00007aeee8fe2cec: 4889 0c03 | 0f85 2600 

  0x00007aeee8fe2cf4: ;   {metadata(method data for {method} {0x00007aeec436adc0} 'checkCustomized' '(Ljava/lang/invoke/MethodHandle;)V' in 'java/lang/invoke/Invokers')}
  0x00007aeee8fe2cf4: 0000 48bb | 300e bcc4 | ee7a 0000 | 4883 8328 | 0100 0001 | 488b f70f 

  0x00007aeee8fe2d0c: ;   {static_call}
  0x00007aeee8fe2d0c: 1f40 00e8 

  0x00007aeee8fe2d10: ; ImmutableOopMap {[168]=Oop [184]=Oop [216]=Oop }
                      ;*invokestatic maybeCustomize {reexecute=0 rethrow=0 return_oop=0}
                      ; - java.lang.invoke.Invokers::checkCustomized@19
                      ; - java.lang.invoke.Invokers$Holder::invokeExact_MT@14
                      ; - jdk.internal.reflect.DirectMethodHandleAccessor::invokeImpl@41
                      ; - jdk.internal.reflect.DirectMethodHandleAccessor::invoke@23
  0x00007aeee8fe2d10: 6cd4 ffff 

  0x00007aeee8fe2d14: ;   {post_call_nop}
  0x00007aeee8fe2d14: 0f1f 8400 | 8c12 0007 | 488b 9424 | b800 0000 

  0x00007aeee8fe2d24: ;   {metadata(method data for {method} {0x00007aeec43c2000} 'invokeExact_MT' '(Ljava/lang/Object;Ljava/lang/Object;Ljava/lang/Object;)Ljava/lang/Object;' in 'java/lang/invoke/Invokers$Holder')}
  0x00007aeee8fe2d24: 48be 30f1 | bcc4 ee7a | 0000 488d | b6c8 0100 | 0048 85d2 | 750e f646 | 0801 7526 | f048 834e 
  0x00007aeee8fe2d44: 0801 eb1e | 8b7a 084c | 8bd7 4833 | 7e08 48f7 | c7fc ffff | ff74 0b40 | f6c7 0275 | 0548 834e 
  0x00007aeee8fe2d64: 0802 488b | bc24 d800 

  0x00007aeee8fe2d6c: ;   {metadata(method data for {method} {0x00007aeec43c2000} 'invokeExact_MT' '(Ljava/lang/Object;Ljava/lang/Object;Ljava/lang/Object;)Ljava/lang/Object;' in 'java/lang/invoke/Invokers$Holder')}
  0x00007aeee8fe2d6c: 0000 48be | 30f1 bcc4 | ee7a 0000 | 8b7f 0848 | 3bbe a001 | 0000 750d | 4883 86a8 | 0100 0001 
  0x00007aeee8fe2d8c: e960 0000 | 0048 3bbe | b001 0000 | 750d 4883 | 86b8 0100 | 0001 e94a | 0000 0048 | 83be a001 
  0x00007aeee8fe2dac: 0000 0075 | 1748 89be | a001 0000 | 48c7 86a8 | 0100 0001 | 0000 00e9 | 2900 0000 | 4883 beb0 
  0x00007aeee8fe2dcc: 0100 0000 | 7517 4889 | beb0 0100 | 0048 c786 | b801 0000 | 0100 0000 | e908 0000 | 0048 8386 
  0x00007aeee8fe2dec: 9801 0000 | 0148 8bb4 | 24d8 0000 | 0066 0f1f 

  0x00007aeee8fe2dfc: ;   {optimized virtual_call}
  0x00007aeee8fe2dfc: 4400 00e8 

  0x00007aeee8fe2e00: ; ImmutableOopMap {[168]=Oop }
                      ;*invokevirtual invokeBasic {reexecute=0 rethrow=0 return_oop=0}
                      ; - java.lang.invoke.Invokers$Holder::invokeExact_MT@19
                      ; - jdk.internal.reflect.DirectMethodHandleAccessor::invokeImpl@41
                      ; - jdk.internal.reflect.DirectMethodHandleAccessor::invoke@23
  0x00007aeee8fe2e00: 7c11 9807 

  0x00007aeee8fe2e04: ;   {post_call_nop}
  0x00007aeee8fe2e04: 0f1f 8400 | 7c13 0008 

  0x00007aeee8fe2e0c: ;   {metadata(method data for {method} {0x00007aeec43c2000} 'invokeExact_MT' '(Ljava/lang/Object;Ljava/lang/Object;Ljava/lang/Object;)Ljava/lang/Object;' in 'java/lang/invoke/Invokers$Holder')}
  0x00007aeee8fe2e0c: 48be 30f1 | bcc4 ee7a | 0000 488d | b6d8 0100 | 0048 85c0 | 750a f606 | 0175 05f0 | 4883 0e01 
  0x00007aeee8fe2e2c: ;   {metadata(method data for {method} {0x00007aeec4466cd8} 'invokeImpl' '(Ljava/lang/Object;[Ljava/lang/Object;)Ljava/lang/Object;' in 'jdk/internal/reflect/DirectMethodHandleAccessor')}
  0x00007aeee8fe2e2c: 48be 78ed | bcc4 ee7a | 0000 488d | b678 0100 | 0048 85c0 | 750a f606 | 0175 05f0 | 4883 0e01 
  0x00007aeee8fe2e4c: ;   {metadata(method data for {method} {0x00007aeec4466cd8} 'invokeImpl' '(Ljava/lang/Object;[Ljava/lang/Object;)Ljava/lang/Object;' in 'jdk/internal/reflect/DirectMethodHandleAccessor')}
  0x00007aeee8fe2e4c: 48be 78ed | bcc4 ee7a | 0000 ff86 | 8801 0000 | 4881 c420 | 0100 005d 

  0x00007aeee8fe2e64: ;   {poll_return}
  0x00007aeee8fe2e64: 493b 6728 | 0f87 e607 

  0x00007aeee8fe2e6c: ;   {metadata(method data for {method} {0x00007aeec436a778} 'checkExactType' '(Ljava/lang/invoke/MethodHandle;Ljava/lang/invoke/MethodType;)V' in 'java/lang/invoke/Invokers')}
  0x00007aeee8fe2e6c: 0000 c348 | be98 10bc | c4ee 7a00 | 0048 8386 | 2801 0000 

  0x00007aeee8fe2e80: ;   {oop(a 'java/lang/invoke/MethodType'{0x00000000c0102d98} = (Ljava/lang/Object;)Ljava/lang/Object;)}
  0x00007aeee8fe2e80: 0148 b898 | 2d10 c000 | 0000 0048 | 8bf3 488b | d066 0f1f 

  0x00007aeee8fe2e94: ;   {static_call}
  0x00007aeee8fe2e94: 4400 00e8 

  0x00007aeee8fe2e98: ; ImmutableOopMap {[168]=Oop [184]=Oop [216]=Oop }
                      ;*invokestatic newWrongMethodTypeException {reexecute=0 rethrow=0 return_oop=0}
                      ; - java.lang.invoke.Invokers::checkExactType@12
                      ; - java.lang.invoke.Invokers$Holder::invokeExact_MT@10
                      ; - jdk.internal.reflect.DirectMethodHandleAccessor::invokeImpl@41
                      ; - jdk.internal.reflect.DirectMethodHandleAccessor::invoke@23
  0x00007aeee8fe2e98: 44ae 4307 

  0x00007aeee8fe2e9c: ;   {post_call_nop}
  0x00007aeee8fe2e9c: 0f1f 8400 | 1414 0009 

  0x00007aeee8fe2ea4: ; implicit exception: dispatches to 0x00007aeee8fe366a
                      ; ImmutableOopMap {rax=Oop [168]=Oop [184]=Oop [216]=Oop }
                      ;*athrow {reexecute=1 rethrow=0 return_oop=0}
                      ; - (reexecute) java.lang.invoke.Invokers::checkExactType@15
                      ; - java.lang.invoke.Invokers$Holder::invokeExact_MT@10
                      ; - jdk.internal.reflect.DirectMethodHandleAccessor::invokeImpl@41
                      ; - jdk.internal.reflect.DirectMethodHandleAccessor::invoke@23
                      ;   {section_word}
  0x00007aeee8fe2ea4: 483b 0048 | baa7 2efe | e8ee 7a00 

  0x00007aeee8fe2eb0: ;   {runtime_call C1 Runtime handle_exception_nofpu_blob}
  0x00007aeee8fe2eb0: 00e8 2a65 

  0x00007aeee8fe2eb4: ;   {metadata(method data for {method} {0x00007aeec436a778} 'checkExactType' '(Ljava/lang/invoke/MethodHandle;Ljava/lang/invoke/MethodType;)V' in 'java/lang/invoke/Invokers')}
  0x00007aeee8fe2eb4: 5007 9048 | be98 10bc | c4ee 7a00 | 0048 8386 | 2801 0000 

  0x00007aeee8fe2ec8: ;   {oop(a 'java/lang/invoke/MethodType'{0x00000000c0101798} = (Ljava/lang/Object;Ljava/lang/Object;Ljava/lang/Object;)Ljava/lang/Object;)}
  0x00007aeee8fe2ec8: 0149 b898 | 1710 c000 | 0000 0048 | 8bf1 498b | d066 0f1f 

  0x00007aeee8fe2edc: ;   {static_call}
  0x00007aeee8fe2edc: 4400 00e8 

  0x00007aeee8fe2ee0: ; ImmutableOopMap {[168]=Oop [184]=Oop [192]=Oop [200]=Oop [208]=Oop }
                      ;*invokestatic newWrongMethodTypeException {reexecute=0 rethrow=0 return_oop=0}
                      ; - java.lang.invoke.Invokers::checkExactType@12
                      ; - java.lang.invoke.LambdaForm$MH/0x000000004e146c00::invokeExact_MT@11
                      ; - jdk.internal.reflect.DirectMethodHandleAccessor::invokeImpl@72
                      ; - jdk.internal.reflect.DirectMethodHandleAccessor::invoke@23
  0x00007aeee8fe2ee0: fcad 4307 

  0x00007aeee8fe2ee4: ;   {post_call_nop}
  0x00007aeee8fe2ee4: 0f1f 8400 | 5c14 000b 

  0x00007aeee8fe2eec: ; implicit exception: dispatches to 0x00007aeee8fe366f
                      ; ImmutableOopMap {rax=Oop [168]=Oop [184]=Oop [192]=Oop [200]=Oop [208]=Oop }
                      ;*athrow {reexecute=1 rethrow=0 return_oop=0}
                      ; - (reexecute) java.lang.invoke.Invokers::checkExactType@15
                      ; - java.lang.invoke.LambdaForm$MH/0x000000004e146c00::invokeExact_MT@11
                      ; - jdk.internal.reflect.DirectMethodHandleAccessor::invokeImpl@72
                      ; - jdk.internal.reflect.DirectMethodHandleAccessor::invoke@23
                      ;   {section_word}
  0x00007aeee8fe2eec: 483b 0048 | baef 2efe | e8ee 7a00 

  0x00007aeee8fe2ef8: ;   {runtime_call C1 Runtime handle_exception_nofpu_blob}
  0x00007aeee8fe2ef8: 00e8 e264 | 5007 9049 | 8b87 e005 | 0000 4d33 | d24d 8997 | e005 0000 | 4d33 d24d | 8997 e805 
  0x00007aeee8fe2f18: 0000 488b | b424 a800 

  0x00007aeee8fe2f20: ;   {metadata(method data for {method} {0x00007aeec4466a00} 'invoke' '(Ljava/lang/Object;[Ljava/lang/Object;)Ljava/lang/Object;' in 'jdk/internal/reflect/DirectMethodHandleAccessor')}
  0x00007aeee8fe2f20: 0000 48ba | c0e6 bcc4 | ee7a 0000 | 4883 8208 | 0200 0001 

  0x00007aeee8fe2f34: ;   {metadata(method data for {method} {0x00007aeec4467070} 'isIllegalArgument' '(Ljava/lang/RuntimeException;)Z' in 'jdk/internal/reflect/DirectMethodHandleAccessor')}
  0x00007aeee8fe2f34: 48be d8f6 | bcc4 ee7a | 0000 8b96 | 9000 0000 | 83c2 0289 | 9690 0000 | 0081 e2fe | ff1f 0085 
  0x00007aeee8fe2f54: d20f 8419 

  0x00007aeee8fe2f58: ;   {oop(a 'java/lang/Class'{0x00000000c02d2490} = 'jdk/internal/reflect/DirectMethodHandleAccessor')}
  0x00007aeee8fe2f58: 0700 0048 | be90 242d | c000 0000 | 0048 8bd0 | 4889 8424 | e000 0000 | 0f1f 8000 

  0x00007aeee8fe2f74: ;   {static_call}
  0x00007aeee8fe2f74: 0000 00e8 

  0x00007aeee8fe2f78: ; ImmutableOopMap {[224]=Oop }
                      ;*invokestatic isIllegalArgument {reexecute=0 rethrow=0 return_oop=0}
                      ; - jdk.internal.reflect.DirectMethodHandleAccessor::isIllegalArgument@3
                      ; - jdk.internal.reflect.DirectMethodHandleAccessor::invoke@58
  0x00007aeee8fe2f78: 64ad 4307 

  0x00007aeee8fe2f7c: ;   {post_call_nop}
  0x00007aeee8fe2f7c: 0f1f 8400 | f414 000d | 83e0 0185 

  0x00007aeee8fe2f88: ;   {metadata(method data for {method} {0x00007aeec4466a00} 'invoke' '(Ljava/lang/Object;[Ljava/lang/Object;)Ljava/lang/Object;' in 'jdk/internal/reflect/DirectMethodHandleAccessor')}
  0x00007aeee8fe2f88: c048 b8c0 | e6bc c4ee | 7a00 00be | 3802 0000 | 7405 be48 | 0200 0048 | 8b14 3048 | 8d52 0148 
  0x00007aeee8fe2fa8: 8914 300f | 8488 0200 | 00e9 eb01 | 0000 488b | b424 a800 | 0000 498b | 87e0 0500 | 004d 33d2 
  0x00007aeee8fe2fc8: 4d89 97e0 | 0500 004d | 33d2 4d89 | 97e8 0500 

  0x00007aeee8fe2fd8: ;   {metadata(method data for {method} {0x00007aeec4466a00} 'invoke' '(Ljava/lang/Object;[Ljava/lang/Object;)Ljava/lang/Object;' in 'jdk/internal/reflect/DirectMethodHandleAccessor')}
  0x00007aeee8fe2fd8: 0048 bac0 | e6bc c4ee | 7a00 0048 | 8382 9801 

  0x00007aeee8fe2fe8: ;   {metadata(method data for {method} {0x00007aeec4467070} 'isIllegalArgument' '(Ljava/lang/RuntimeException;)Z' in 'jdk/internal/reflect/DirectMethodHandleAccessor')}
  0x00007aeee8fe2fe8: 0000 0148 | bed8 f6bc | c4ee 7a00 | 008b 9690 | 0000 0083 | c202 8996 | 9000 0000 | 81e2 feff 
  0x00007aeee8fe3008: 1f00 85d2 | 0f84 8306 

  0x00007aeee8fe3010: ;   {oop(a 'java/lang/Class'{0x00000000c02d2490} = 'jdk/internal/reflect/DirectMethodHandleAccessor')}
  0x00007aeee8fe3010: 0000 48be | 9024 2dc0 | 0000 0000 | 488b d048 | 8984 24e8 

  0x00007aeee8fe3024: ;   {static_call}
  0x00007aeee8fe3024: 0000 00e8 

  0x00007aeee8fe3028: ; ImmutableOopMap {[232]=Oop }
                      ;*invokestatic isIllegalArgument {reexecute=0 rethrow=0 return_oop=0}
                      ; - jdk.internal.reflect.DirectMethodHandleAccessor::isIllegalArgument@3
                      ; - jdk.internal.reflect.DirectMethodHandleAccessor::invoke@30
  0x00007aeee8fe3028: b4ac 4307 

  0x00007aeee8fe302c: ;   {post_call_nop}
  0x00007aeee8fe302c: 0f1f 8400 | a415 000e | 83e0 0185 

  0x00007aeee8fe3038: ;   {metadata(method data for {method} {0x00007aeec4466a00} 'invoke' '(Ljava/lang/Object;[Ljava/lang/Object;)Ljava/lang/Object;' in 'jdk/internal/reflect/DirectMethodHandleAccessor')}
  0x00007aeee8fe3038: c048 bac0 | e6bc c4ee | 7a00 00be | c801 0000 | 7405 bed8 | 0100 0048 | 8b3c 3248 | 8d7f 0148 
  0x00007aeee8fe3058: 893c 320f | 8498 0000 | 000f 1f80 | 0000 0000 

  0x00007aeee8fe3068: ;   {other}
  0x00007aeee8fe3068: e958 0600 | 0000 0000 | 0000 498b | 87c8 0100 | 0048 8d78 | 2849 3bbf | d801 0000 | 0f87 4506 
  0x00007aeee8fe3088: 0000 4989 | bfc8 0100 | 0048 c700 | 0100 0000 | 488b ca89 | 4808 4833 | c989 480c | 4833 c948 
  0x00007aeee8fe30a8: 8948 1048 | 8948 1848 | 8948 2048 

  0x00007aeee8fe30b4: ;   {metadata(method data for {method} {0x00007aeec4466a00} 'invoke' '(Ljava/lang/Object;[Ljava/lang/Object;)Ljava/lang/Object;' in 'jdk/internal/reflect/DirectMethodHandleAccessor')}
  0x00007aeee8fe30b4: 8bd0 48be | c0e6 bcc4 | ee7a 0000 | 4883 86e8 | 0100 0001 

  0x00007aeee8fe30c8: ;   {oop("argument type mismatch"{0x00000000c02b1610})}
  0x00007aeee8fe30c8: 48ba 1016 | 2bc0 0000 | 0000 488b | f048 8984 | 24f0 0000 

  0x00007aeee8fe30dc: ;   {optimized virtual_call}
  0x00007aeee8fe30dc: 0066 90e8 

  0x00007aeee8fe30e0: ; ImmutableOopMap {[240]=Oop }
                      ;*invokespecial <init> {reexecute=0 rethrow=0 return_oop=0}
                      ; - jdk.internal.reflect.DirectMethodHandleAccessor::invoke@42
  0x00007aeee8fe30e0: fca5 4307 

  0x00007aeee8fe30e4: ;   {post_call_nop}
  0x00007aeee8fe30e4: 0f1f 8400 | 5c16 000f | 488b 8424 | f000 0000 | e9a7 0600 | 0048 8b9c | 24e8 0000 | 000f 1f80 
  0x00007aeee8fe3104: 0000 0000 

  0x00007aeee8fe3108: ;   {other}
  0x00007aeee8fe3108: e9de 0500 | 0000 0000 | 0000 80ba | 3001 0000 | 040f 85db | 0500 0049 | 8b87 c801 | 0000 488d 
  0x00007aeee8fe3128: 7828 493b | bfd8 0100 | 000f 87c3 | 0500 0049 | 89bf c801 | 0000 48c7 | 0001 0000 | 0048 8bca 
  0x00007aeee8fe3148: 8948 0848 | 33c9 8948 | 0c48 33c9 | 4889 4810 | 4889 4818 | 4889 4820 

  0x00007aeee8fe3160: ;   {metadata(method data for {method} {0x00007aeec4466a00} 'invoke' '(Ljava/lang/Object;[Ljava/lang/Object;)Ljava/lang/Object;' in 'jdk/internal/reflect/DirectMethodHandleAccessor')}
  0x00007aeee8fe3160: 488b d048 | bec0 e6bc | c4ee 7a00 | 0048 8386 | f801 0000 | 0148 8bd3 | 488b f048 | 8984 24f8 
  0x00007aeee8fe3180: 0000 000f 

  0x00007aeee8fe3184: ;   {optimized virtual_call}
  0x00007aeee8fe3184: 1f40 00e8 

  0x00007aeee8fe3188: ; ImmutableOopMap {[248]=Oop }
                      ;*invokespecial <init> {reexecute=0 rethrow=0 return_oop=0}
                      ; - jdk.internal.reflect.DirectMethodHandleAccessor::invoke@51
  0x00007aeee8fe3188: 54a5 4307 

  0x00007aeee8fe318c: ;   {post_call_nop}
  0x00007aeee8fe318c: 0f1f 8400 | 0417 0010 | 488b 8424 | f800 0000 | e9ff 0500 | 000f 1f80 | 0000 0000 

  0x00007aeee8fe31a8: ;   {other}
  0x00007aeee8fe31a8: e969 0500 | 0000 0000 | 0000 498b | 87c8 0100 | 0048 8d78 | 2849 3bbf | d801 0000 | 0f87 5605 
  0x00007aeee8fe31c8: 0000 4989 | bfc8 0100 | 0048 c700 | 0100 0000 | 488b ca89 | 4808 4833 | c989 480c | 4833 c948 
  0x00007aeee8fe31e8: 8948 1048 | 8948 1848 | 8948 2048 

  0x00007aeee8fe31f4: ;   {metadata(method data for {method} {0x00007aeec4466a00} 'invoke' '(Ljava/lang/Object;[Ljava/lang/Object;)Ljava/lang/Object;' in 'jdk/internal/reflect/DirectMethodHandleAccessor')}
  0x00007aeee8fe31f4: 8bd0 48be | c0e6 bcc4 | ee7a 0000 | 4883 8658 | 0200 0001 | 488b 9424 | e000 0000 | 488b f048 
  0x00007aeee8fe3214: 8984 2400 | 0100 000f 

  0x00007aeee8fe321c: ;   {optimized virtual_call}
  0x00007aeee8fe321c: 1f40 00e8 

  0x00007aeee8fe3220: ; ImmutableOopMap {[256]=Oop }
                      ;*invokespecial <init> {reexecute=0 rethrow=0 return_oop=0}
                      ; - jdk.internal.reflect.DirectMethodHandleAccessor::invoke@69
  0x00007aeee8fe3220: bca4 4307 

  0x00007aeee8fe3224: ;   {post_call_nop}
  0x00007aeee8fe3224: 0f1f 8400 | 9c17 0011 | 488b 8424 | 0001 0000 | e967 0500 | 0048 8b9c | 24e0 0000 | 000f 1f80 
  0x00007aeee8fe3244: 0000 0000 

  0x00007aeee8fe3248: ;   {other}
  0x00007aeee8fe3248: e9ef 0400 | 0000 0000 | 0000 80ba | 3001 0000 | 040f 85ec | 0400 0049 | 8b87 c801 | 0000 488d 
  0x00007aeee8fe3268: 7828 493b | bfd8 0100 | 000f 87d4 | 0400 0049 | 89bf c801 | 0000 48c7 | 0001 0000 | 0048 8bca 
  0x00007aeee8fe3288: 8948 0848 | 33c9 8948 | 0c48 33c9 | 4889 4810 | 4889 4818 | 4889 4820 

  0x00007aeee8fe32a0: ;   {metadata(method data for {method} {0x00007aeec4466a00} 'invoke' '(Ljava/lang/Object;[Ljava/lang/Object;)Ljava/lang/Object;' in 'jdk/internal/reflect/DirectMethodHandleAccessor')}
  0x00007aeee8fe32a0: 488b d048 | bec0 e6bc | c4ee 7a00 | 0048 8386 | 6802 0000 | 0148 8bd3 | 488b f048 | 8984 2408 
  0x00007aeee8fe32c0: 0100 000f 

  0x00007aeee8fe32c4: ;   {optimized virtual_call}
  0x00007aeee8fe32c4: 1f40 00e8 

  0x00007aeee8fe32c8: ; ImmutableOopMap {[264]=Oop }
                      ;*invokespecial <init> {reexecute=0 rethrow=0 return_oop=0}
                      ; - jdk.internal.reflect.DirectMethodHandleAccessor::invoke@78
  0x00007aeee8fe32c8: 14a4 4307 

  0x00007aeee8fe32cc: ;   {post_call_nop}
  0x00007aeee8fe32cc: 0f1f 8400 | 4418 0012 | 488b 8424 | 0801 0000 | e9bf 0400 | 0049 8b87 | e005 0000 | 4d33 d24d 
  0x00007aeee8fe32ec: 8997 e005 | 0000 4d33 | d24d 8997 | e805 0000 | 488b d890 

  0x00007aeee8fe3300: ;   {metadata('java/lang/reflect/InvocationTargetException')}
  0x00007aeee8fe3300: 48ba a85d | 0d4e 0000 | 0000 80ba | 3001 0000 | 040f 855f | 0400 0049 | 8b87 c801 | 0000 488d 
  0x00007aeee8fe3320: 7828 493b | bfd8 0100 | 000f 8747 | 0400 0049 | 89bf c801 | 0000 48c7 | 0001 0000 | 0048 8bca 
  0x00007aeee8fe3340: 8948 0848 | 33c9 8948 | 0c48 33c9 | 4889 4810 | 4889 4818 | 4889 4820 

  0x00007aeee8fe3358: ;   {metadata(method data for {method} {0x00007aeec4466a00} 'invoke' '(Ljava/lang/Object;[Ljava/lang/Object;)Ljava/lang/Object;' in 'jdk/internal/reflect/DirectMethodHandleAccessor')}
  0x00007aeee8fe3358: 488b d048 | bec0 e6bc | c4ee 7a00 | 0048 8386 | 7802 0000 | 0148 8bd3 | 488b f048 | 8984 2410 
  0x00007aeee8fe3378: 0100 000f 

  0x00007aeee8fe337c: ;   {optimized virtual_call}
  0x00007aeee8fe337c: 1f40 00e8 

  0x00007aeee8fe3380: ; ImmutableOopMap {[272]=Oop }
                      ;*invokespecial <init> {reexecute=0 rethrow=0 return_oop=0}
                      ; - jdk.internal.reflect.DirectMethodHandleAccessor::invoke@88
  0x00007aeee8fe3380: a104 0000 

  0x00007aeee8fe3384: ;   {post_call_nop}
  0x00007aeee8fe3384: 0f1f 8400 | fc18 0013 | 488b 8424 | 1001 0000 | e907 0400 

  0x00007aeee8fe3398: ;   {metadata({method} {0x00007aeec4466a00} 'invoke' '(Ljava/lang/Object;[Ljava/lang/Object;)Ljava/lang/Object;' in 'jdk/internal/reflect/DirectMethodHandleAccessor')}
  0x00007aeee8fe3398: 0049 ba00 | 6a46 c4ee | 7a00 004c | 8954 2408 | 48c7 0424 | ffff ffff 

  0x00007aeee8fe33b0: ;   {runtime_call C1 Runtime counter_overflow_blob}
  0x00007aeee8fe33b0: e82b 9a50 

  0x00007aeee8fe33b4: ; ImmutableOopMap {rsi=Oop rdx=Oop rcx=Oop [168]=Oop [184]=Oop }
                      ;*synchronization entry
                      ; - jdk.internal.reflect.DirectMethodHandleAccessor::invoke@-1
  0x00007aeee8fe33b4: 07e9 3ce8 

  0x00007aeee8fe33b8: ;   {metadata({method} {0x00007aeec4466f10} 'isStatic' '()Z' in 'jdk/internal/reflect/DirectMethodHandleAccessor')}
  0x00007aeee8fe33b8: ffff 49ba | 106f 46c4 | ee7a 0000 | 4c89 5424 | 0848 c704 | 24ff ffff 

  0x00007aeee8fe33d0: ;   {runtime_call C1 Runtime counter_overflow_blob}
  0x00007aeee8fe33d0: ffe8 0a9a 

  0x00007aeee8fe33d4: ; ImmutableOopMap {rsi=Oop rdx=Oop rcx=Oop [168]=Oop [184]=Oop }
                      ;*synchronization entry
                      ; - jdk.internal.reflect.DirectMethodHandleAccessor::isStatic@-1
                      ; - jdk.internal.reflect.DirectMethodHandleAccessor::invoke@1
  0x00007aeee8fe33d4: 5007 e957 

  0x00007aeee8fe33d8: ;   {metadata({method} {0x00007aeec4466cd8} 'invokeImpl' '(Ljava/lang/Object;[Ljava/lang/Object;)Ljava/lang/Object;' in 'jdk/internal/reflect/DirectMethodHandleAccessor')}
  0x00007aeee8fe33d8: e8ff ff49 | bad8 6c46 | c4ee 7a00 | 004c 8954 | 2408 48c7 | 0424 ffff 

  0x00007aeee8fe33f0: ;   {runtime_call C1 Runtime counter_overflow_blob}
  0x00007aeee8fe33f0: ffff e8e9 

  0x00007aeee8fe33f4: ; ImmutableOopMap {rsi=Oop [168]=Oop [176]=Oop [184]=Oop }
                      ;*synchronization entry
                      ; - jdk.internal.reflect.DirectMethodHandleAccessor::invokeImpl@-1
                      ; - jdk.internal.reflect.DirectMethodHandleAccessor::invoke@23
  0x00007aeee8fe33f4: 9950 07e9 | 6ce9 ffff | 49b8 0000 | 0000 0000 | 0000 b800 

  0x00007aeee8fe3408: ;   {runtime_call C1 Runtime load_appendix_patching_blob}
  0x00007aeee8fe3408: 0f05 0ae8 

  0x00007aeee8fe340c: ; ImmutableOopMap {rsi=Oop rdx=Oop rcx=Oop rdi=Oop [168]=Oop [184]=Oop }
                      ;*invokevirtual invokeExact {reexecute=1 rethrow=0 return_oop=0}
                      ; - (reexecute) jdk.internal.reflect.DirectMethodHandleAccessor::invokeImpl@104
                      ; - jdk.internal.reflect.DirectMethodHandleAccessor::invoke@23
  0x00007aeee8fe340c: d092 5007 | e9f3 e9ff 

  0x00007aeee8fe3414: ;   {runtime_call C1 Runtime throw_null_pointer_exception_blob}
  0x00007aeee8fe3414: ffe8 c647 

  0x00007aeee8fe3418: ; ImmutableOopMap {rsi=Oop rdx=Oop rcx=Oop rdi=Oop r8=Oop [168]=Oop [184]=Oop }
                      ;*invokevirtual invokeExact {reexecute=0 rethrow=0 return_oop=0}
                      ; - jdk.internal.reflect.DirectMethodHandleAccessor::invokeImpl@104
                      ; - jdk.internal.reflect.DirectMethodHandleAccessor::invoke@23
                      ;   {internal_word}
  0x00007aeee8fe3418: 5007 49ba | be1f fee8 | ee7a 0000 | 4d89 9738 

  0x00007aeee8fe3428: ;   {runtime_call SafepointBlob}
  0x00007aeee8fe3428: 0500 00e9 | 30c4 4307 

  0x00007aeee8fe3430: ;   {runtime_call C1 Runtime throw_null_pointer_exception_blob}
  0x00007aeee8fe3430: e8ab 4750 

  0x00007aeee8fe3434: ; ImmutableOopMap {rsi=Oop rdx=Oop rcx=Oop rbx=Oop [168]=Oop [184]=Oop }
                      ;*aaload {reexecute=0 rethrow=0 return_oop=0}
                      ; - jdk.internal.reflect.DirectMethodHandleAccessor::invokeImpl@85
                      ; - jdk.internal.reflect.DirectMethodHandleAccessor::invoke@23
                      ;   {runtime_call C1 Runtime throw_null_pointer_exception_blob}
  0x00007aeee8fe3434: 07e8 a647 

  0x00007aeee8fe3438: ; ImmutableOopMap {rsi=Oop rdx=Oop rcx=Oop rbx=Oop [168]=Oop [184]=Oop }
                      ;*aaload {reexecute=0 rethrow=0 return_oop=0}
                      ; - jdk.internal.reflect.DirectMethodHandleAccessor::invokeImpl@85
                      ; - jdk.internal.reflect.DirectMethodHandleAccessor::invoke@23
  0x00007aeee8fe3438: 5007 48c7 | 0424 0000 | 0000 4889 

  0x00007aeee8fe3444: ;   {runtime_call C1 Runtime throw_range_check_failed_blob}
  0x00007aeee8fe3444: 4c24 08e8 

  0x00007aeee8fe3448: ; ImmutableOopMap {rsi=Oop rdx=Oop rcx=Oop rbx=Oop [168]=Oop [184]=Oop }
                      ;*aaload {reexecute=0 rethrow=0 return_oop=0}
                      ; - jdk.internal.reflect.DirectMethodHandleAccessor::invokeImpl@85
                      ; - jdk.internal.reflect.DirectMethodHandleAccessor::invoke@23
  0x00007aeee8fe3448: 943e 5007 | 48c7 0424 | 0100 0000 | 4889 4c24 

  0x00007aeee8fe3458: ;   {runtime_call C1 Runtime throw_range_check_failed_blob}
  0x00007aeee8fe3458: 08e8 823e 

  0x00007aeee8fe345c: ; ImmutableOopMap {rsi=Oop rdx=Oop rcx=Oop rbx=Oop r8=Oop [168]=Oop [184]=Oop }
                      ;*aaload {reexecute=0 rethrow=0 return_oop=0}
                      ; - jdk.internal.reflect.DirectMethodHandleAccessor::invokeImpl@88
                      ; - jdk.internal.reflect.DirectMethodHandleAccessor::invoke@23
  0x00007aeee8fe345c: 5007 48c7 | 0424 0200 | 0000 4889 

  0x00007aeee8fe3468: ;   {runtime_call C1 Runtime throw_range_check_failed_blob}
  0x00007aeee8fe3468: 4c24 08e8 

  0x00007aeee8fe346c: ; ImmutableOopMap {rsi=Oop rdx=Oop rcx=Oop rbx=Oop r8=Oop r9=Oop [168]=Oop [184]=Oop }
                      ;*aaload {reexecute=0 rethrow=0 return_oop=0}
                      ; - jdk.internal.reflect.DirectMethodHandleAccessor::invokeImpl@91
                      ; - jdk.internal.reflect.DirectMethodHandleAccessor::invoke@23
  0x00007aeee8fe346c: 703e 5007 | 48b8 d864 | 11c0 0000 | 0000 b800 

  0x00007aeee8fe347c: ;   {runtime_call C1 Runtime load_appendix_patching_blob}
  0x00007aeee8fe347c: 0f05 0ae8 

  0x00007aeee8fe3480: ; ImmutableOopMap {rsi=Oop rdx=Oop rbx=Oop r8=Oop r9=Oop rdi=Oop [168]=Oop [184]=Oop }
                      ;*invokevirtual invokeExact {reexecute=1 rethrow=0 return_oop=0}
                      ; - (reexecute) jdk.internal.reflect.DirectMethodHandleAccessor::invokeImpl@92
                      ; - jdk.internal.reflect.DirectMethodHandleAccessor::invoke@23
  0x00007aeee8fe3480: 5c92 5007 | e97f ebff 

  0x00007aeee8fe3488: ;   {runtime_call C1 Runtime throw_null_pointer_exception_blob}
  0x00007aeee8fe3488: ffe8 5247 

  0x00007aeee8fe348c: ; ImmutableOopMap {rsi=Oop rdx=Oop rbx=Oop r8=Oop r9=Oop rdi=Oop rax=Oop [168]=Oop [184]=Oop }
                      ;*invokevirtual invokeExact {reexecute=0 rethrow=0 return_oop=0}
                      ; - jdk.internal.reflect.DirectMethodHandleAccessor::invokeImpl@92
                      ; - jdk.internal.reflect.DirectMethodHandleAccessor::invoke@23
                      ;   {internal_word}
  0x00007aeee8fe348c: 5007 49ba | df21 fee8 | ee7a 0000 | 4d89 9738 

  0x00007aeee8fe349c: ;   {runtime_call SafepointBlob}
  0x00007aeee8fe349c: 0500 00e9 | bcc3 4307 

  0x00007aeee8fe34a4: ;   {runtime_call C1 Runtime throw_null_pointer_exception_blob}
  0x00007aeee8fe34a4: e837 4750 

  0x00007aeee8fe34a8: ; ImmutableOopMap {rsi=Oop rcx=Oop rdx=Oop rdi=Oop [168]=Oop [184]=Oop [200]=Oop }
                      ;*aaload {reexecute=0 rethrow=0 return_oop=0}
                      ; - jdk.internal.reflect.DirectMethodHandleAccessor::invokeImpl@68
                      ; - jdk.internal.reflect.DirectMethodHandleAccessor::invoke@23
                      ;   {runtime_call C1 Runtime throw_null_pointer_exception_blob}
  0x00007aeee8fe34a8: 07e8 3247 

  0x00007aeee8fe34ac: ; ImmutableOopMap {rsi=Oop rcx=Oop rdx=Oop rdi=Oop [168]=Oop [184]=Oop [200]=Oop }
                      ;*aaload {reexecute=0 rethrow=0 return_oop=0}
                      ; - jdk.internal.reflect.DirectMethodHandleAccessor::invokeImpl@68
                      ; - jdk.internal.reflect.DirectMethodHandleAccessor::invoke@23
  0x00007aeee8fe34ac: 5007 48c7 | 0424 0000 | 0000 4889 

  0x00007aeee8fe34b8: ;   {runtime_call C1 Runtime throw_range_check_failed_blob}
  0x00007aeee8fe34b8: 4c24 08e8 

  0x00007aeee8fe34bc: ; ImmutableOopMap {rsi=Oop rcx=Oop rdx=Oop rdi=Oop [168]=Oop [184]=Oop [200]=Oop }
                      ;*aaload {reexecute=0 rethrow=0 return_oop=0}
                      ; - jdk.internal.reflect.DirectMethodHandleAccessor::invokeImpl@68
                      ; - jdk.internal.reflect.DirectMethodHandleAccessor::invoke@23
  0x00007aeee8fe34bc: 203e 5007 | 48c7 0424 | 0100 0000 | 4889 4c24 

  0x00007aeee8fe34cc: ;   {runtime_call C1 Runtime throw_range_check_failed_blob}
  0x00007aeee8fe34cc: 08e8 0e3e 

  0x00007aeee8fe34d0: ; ImmutableOopMap {rsi=Oop rcx=Oop rdx=Oop rdi=Oop rbx=Oop [168]=Oop [184]=Oop [192]=Oop [200]=Oop }
                      ;*aaload {reexecute=0 rethrow=0 return_oop=0}
                      ; - jdk.internal.reflect.DirectMethodHandleAccessor::invokeImpl@71
                      ; - jdk.internal.reflect.DirectMethodHandleAccessor::invoke@23
                      ;   {metadata({method} {0x00007aeec4b19ab0} 'invokeExact_MT' '(Ljava/lang/Object;Ljava/lang/Object;Ljava/lang/Object;Ljava/lang/Object;Ljava/lang/Object;)Ljava/lang/Object;' in 'java/lang/invoke/LambdaForm$MH+0x000000004e146c00')}
  0x00007aeee8fe34d0: 5007 49ba | b09a b1c4 | ee7a 0000 | 4c89 5424 | 0848 c704 | 24ff ffff 

  0x00007aeee8fe34e8: ;   {runtime_call C1 Runtime counter_overflow_blob}
  0x00007aeee8fe34e8: ffe8 f298 

  0x00007aeee8fe34ec: ; ImmutableOopMap {rsi=Oop rdx=Oop rdi=Oop rbx=Oop rax=Oop [168]=Oop [184]=Oop [192]=Oop [200]=Oop [208]=Oop }
                      ;*synchronization entry
                      ; - java.lang.invoke.LambdaForm$MH/0x000000004e146c00::invokeExact_MT@-1
                      ; - jdk.internal.reflect.DirectMethodHandleAccessor::invokeImpl@72
                      ; - jdk.internal.reflect.DirectMethodHandleAccessor::invoke@23
  0x00007aeee8fe34ec: 5007 e98b 

  0x00007aeee8fe34f0: ;   {metadata({method} {0x00007aeec436a778} 'checkExactType' '(Ljava/lang/invoke/MethodHandle;Ljava/lang/invoke/MethodType;)V' in 'java/lang/invoke/Invokers')}
  0x00007aeee8fe34f0: eeff ff49 | ba78 a736 | c4ee 7a00 | 004c 8954 | 2408 48c7 | 0424 ffff 

  0x00007aeee8fe3508: ;   {runtime_call C1 Runtime counter_overflow_blob}
  0x00007aeee8fe3508: ffff e8d1 

  0x00007aeee8fe350c: ; ImmutableOopMap {rsi=Oop rdx=Oop rdi=Oop rbx=Oop rax=Oop [168]=Oop [184]=Oop [192]=Oop [200]=Oop [208]=Oop }
                      ;*synchronization entry
                      ; - java.lang.invoke.Invokers::checkExactType@-1
                      ; - java.lang.invoke.LambdaForm$MH/0x000000004e146c00::invokeExact_MT@11
                      ; - jdk.internal.reflect.DirectMethodHandleAccessor::invokeImpl@72
                      ; - jdk.internal.reflect.DirectMethodHandleAccessor::invoke@23
  0x00007aeee8fe350c: 9850 07e9 | 0bef ffff 

  0x00007aeee8fe3514: ;   {runtime_call C1 Runtime throw_null_pointer_exception_blob}
  0x00007aeee8fe3514: e8c7 4650 

  0x00007aeee8fe3518: ; ImmutableOopMap {rsi=Oop rdx=Oop rdi=Oop rbx=Oop rax=Oop [168]=Oop [184]=Oop [192]=Oop [200]=Oop [208]=Oop }
                      ;*invokevirtual type {reexecute=0 rethrow=0 return_oop=0}
                      ; - java.lang.invoke.Invokers::checkExactType@1
                      ; - java.lang.invoke.LambdaForm$MH/0x000000004e146c00::invokeExact_MT@11
                      ; - jdk.internal.reflect.DirectMethodHandleAccessor::invokeImpl@72
                      ; - jdk.internal.reflect.DirectMethodHandleAccessor::invoke@23
                      ;   {metadata({method} {0x00007aeec436adc0} 'checkCustomized' '(Ljava/lang/invoke/MethodHandle;)V' in 'java/lang/invoke/Invokers')}
  0x00007aeee8fe3518: 0749 bac0 | ad36 c4ee | 7a00 004c | 8954 2408 | 48c7 0424 | ffff ffff 

  0x00007aeee8fe3530: ;   {runtime_call C1 Runtime counter_overflow_blob}
  0x00007aeee8fe3530: e8ab 9850 

  0x00007aeee8fe3534: ; ImmutableOopMap {rsi=Oop rdx=Oop rdi=Oop rbx=Oop rax=Oop [168]=Oop [184]=Oop [192]=Oop [200]=Oop [208]=Oop }
                      ;*synchronization entry
                      ; - java.lang.invoke.Invokers::checkCustomized@-1
                      ; - java.lang.invoke.LambdaForm$MH/0x000000004e146c00::invokeExact_MT@15
                      ; - jdk.internal.reflect.DirectMethodHandleAccessor::invokeImpl@72
                      ; - jdk.internal.reflect.DirectMethodHandleAccessor::invoke@23
  0x00007aeee8fe3534: 07e9 36f0 

  0x00007aeee8fe3538: ;   {metadata({method} {0x00007aeec408fb80} 'isCompileConstant' '(Ljava/lang/Object;)Z' in 'java/lang/invoke/MethodHandleImpl')}
  0x00007aeee8fe3538: ffff 49ba | 80fb 08c4 | ee7a 0000 | 4c89 5424 | 0848 c704 | 24ff ffff 

  0x00007aeee8fe3550: ;   {runtime_call C1 Runtime counter_overflow_blob}
  0x00007aeee8fe3550: ffe8 8a98 

  0x00007aeee8fe3554: ; ImmutableOopMap {rsi=Oop rdx=Oop rdi=Oop rbx=Oop rax=Oop [168]=Oop [184]=Oop [192]=Oop [200]=Oop [208]=Oop }
                      ;*synchronization entry
                      ; - java.lang.invoke.MethodHandleImpl::isCompileConstant@-1
                      ; - java.lang.invoke.Invokers::checkCustomized@1
                      ; - java.lang.invoke.LambdaForm$MH/0x000000004e146c00::invokeExact_MT@15
                      ; - jdk.internal.reflect.DirectMethodHandleAccessor::invokeImpl@72
                      ; - jdk.internal.reflect.DirectMethodHandleAccessor::invoke@23
  0x00007aeee8fe3554: 5007 e953 

  0x00007aeee8fe3558: ;   {runtime_call C1 Runtime throw_null_pointer_exception_blob}
  0x00007aeee8fe3558: f0ff ffe8 

  0x00007aeee8fe355c: ; ImmutableOopMap {rsi=Oop rdx=Oop rdi=Oop rbx=Oop rax=Oop [168]=Oop [184]=Oop [192]=Oop [200]=Oop [208]=Oop }
                      ;*getfield customized {reexecute=1 rethrow=0 return_oop=0}
                      ; - (reexecute) java.lang.invoke.Invokers::checkCustomized@12
                      ; - java.lang.invoke.LambdaForm$MH/0x000000004e146c00::invokeExact_MT@15
                      ; - jdk.internal.reflect.DirectMethodHandleAccessor::invokeImpl@72
                      ; - jdk.internal.reflect.DirectMethodHandleAccessor::invoke@23
  0x00007aeee8fe355c: 8046 5007 

  0x00007aeee8fe3560: ;   {internal_word}
  0x00007aeee8fe3560: 49ba 5028 | fee8 ee7a | 0000 4d89 | 9738 0500 

  0x00007aeee8fe3570: ;   {runtime_call SafepointBlob}
  0x00007aeee8fe3570: 00e9 eac2 

  0x00007aeee8fe3574: ;   {runtime_call C1 Runtime throw_null_pointer_exception_blob}
  0x00007aeee8fe3574: 4307 e865 

  0x00007aeee8fe3578: ; ImmutableOopMap {rsi=Oop rcx=Oop rdx=Oop rdi=Oop [168]=Oop [184]=Oop }
                      ;*aaload {reexecute=0 rethrow=0 return_oop=0}
                      ; - jdk.internal.reflect.DirectMethodHandleAccessor::invokeImpl@54
                      ; - jdk.internal.reflect.DirectMethodHandleAccessor::invoke@23
                      ;   {runtime_call C1 Runtime throw_null_pointer_exception_blob}
  0x00007aeee8fe3578: 4650 07e8 

  0x00007aeee8fe357c: ; ImmutableOopMap {rsi=Oop rcx=Oop rdx=Oop rdi=Oop [168]=Oop [184]=Oop }
                      ;*aaload {reexecute=0 rethrow=0 return_oop=0}
                      ; - jdk.internal.reflect.DirectMethodHandleAccessor::invokeImpl@54
                      ; - jdk.internal.reflect.DirectMethodHandleAccessor::invoke@23
  0x00007aeee8fe357c: 6046 5007 | 48c7 0424 | 0000 0000 | 4889 4c24 

  0x00007aeee8fe358c: ;   {runtime_call C1 Runtime throw_range_check_failed_blob}
  0x00007aeee8fe358c: 08e8 4e3d 

  0x00007aeee8fe3590: ; ImmutableOopMap {rsi=Oop rcx=Oop rdx=Oop rdi=Oop [168]=Oop [184]=Oop }
                      ;*aaload {reexecute=0 rethrow=0 return_oop=0}
                      ; - jdk.internal.reflect.DirectMethodHandleAccessor::invokeImpl@54
                      ; - jdk.internal.reflect.DirectMethodHandleAccessor::invoke@23
  0x00007aeee8fe3590: 5007 49b8 | c0c5 f5c3 | 0000 0000 | b800 0f05 

  0x00007aeee8fe35a0: ;   {runtime_call C1 Runtime load_appendix_patching_blob}
  0x00007aeee8fe35a0: 0ae8 3a91 

  0x00007aeee8fe35a4: ; ImmutableOopMap {rsi=Oop rdx=Oop rdi=Oop rcx=Oop [168]=Oop [184]=Oop }
                      ;*invokevirtual invokeExact {reexecute=1 rethrow=0 return_oop=0}
                      ; - (reexecute) jdk.internal.reflect.DirectMethodHandleAccessor::invokeImpl@55
                      ; - jdk.internal.reflect.DirectMethodHandleAccessor::invoke@23
  0x00007aeee8fe35a4: 5007 e9d5 

  0x00007aeee8fe35a8: ;   {runtime_call C1 Runtime throw_null_pointer_exception_blob}
  0x00007aeee8fe35a8: f2ff ffe8 

  0x00007aeee8fe35ac: ; ImmutableOopMap {rsi=Oop rdx=Oop rdi=Oop rcx=Oop r8=Oop [168]=Oop [184]=Oop }
                      ;*invokevirtual invokeExact {reexecute=0 rethrow=0 return_oop=0}
                      ; - jdk.internal.reflect.DirectMethodHandleAccessor::invokeImpl@55
                      ; - jdk.internal.reflect.DirectMethodHandleAccessor::invoke@23
  0x00007aeee8fe35ac: 3046 5007 

  0x00007aeee8fe35b0: ;   {internal_word}
  0x00007aeee8fe35b0: 49ba 472a | fee8 ee7a | 0000 4d89 | 9738 0500 

  0x00007aeee8fe35c0: ;   {runtime_call SafepointBlob}
  0x00007aeee8fe35c0: 00e9 9ac2 

  0x00007aeee8fe35c4: ;   {metadata({method} {0x00007aeec43c2000} 'invokeExact_MT' '(Ljava/lang/Object;Ljava/lang/Object;Ljava/lang/Object;)Ljava/lang/Object;' in 'java/lang/invoke/Invokers$Holder')}
  0x00007aeee8fe35c4: 4307 49ba | 0020 3cc4 | ee7a 0000 | 4c89 5424 | 0848 c704 | 24ff ffff 

  0x00007aeee8fe35dc: ;   {runtime_call C1 Runtime counter_overflow_blob}
  0x00007aeee8fe35dc: ffe8 fe97 

  0x00007aeee8fe35e0: ; ImmutableOopMap {rsi=Oop rdx=Oop rdi=Oop [168]=Oop [184]=Oop [216]=Oop }
                      ;*synchronization entry
                      ; - java.lang.invoke.Invokers$Holder::invokeExact_MT@-1
                      ; - jdk.internal.reflect.DirectMethodHandleAccessor::invokeImpl@41
                      ; - jdk.internal.reflect.DirectMethodHandleAccessor::invoke@23
  0x00007aeee8fe35e0: 5007 e943 

  0x00007aeee8fe35e4: ;   {metadata({method} {0x00007aeec436a778} 'checkExactType' '(Ljava/lang/invoke/MethodHandle;Ljava/lang/invoke/MethodType;)V' in 'java/lang/invoke/Invokers')}
  0x00007aeee8fe35e4: f5ff ff49 | ba78 a736 | c4ee 7a00 | 004c 8954 | 2408 48c7 | 0424 ffff 

  0x00007aeee8fe35fc: ;   {runtime_call C1 Runtime counter_overflow_blob}
  0x00007aeee8fe35fc: ffff e8dd 

  0x00007aeee8fe3600: ; ImmutableOopMap {rsi=Oop rdx=Oop rdi=Oop [168]=Oop [184]=Oop [216]=Oop }
                      ;*synchronization entry
                      ; - java.lang.invoke.Invokers::checkExactType@-1
                      ; - java.lang.invoke.Invokers$Holder::invokeExact_MT@10
                      ; - jdk.internal.reflect.DirectMethodHandleAccessor::invokeImpl@41
                      ; - jdk.internal.reflect.DirectMethodHandleAccessor::invoke@23
  0x00007aeee8fe3600: 9750 07e9 | 7cf5 ffff 

  0x00007aeee8fe3608: ;   {runtime_call C1 Runtime throw_null_pointer_exception_blob}
  0x00007aeee8fe3608: e8d3 4550 

  0x00007aeee8fe360c: ; ImmutableOopMap {rsi=Oop rdx=Oop rdi=Oop [168]=Oop [184]=Oop [216]=Oop }
                      ;*invokevirtual type {reexecute=0 rethrow=0 return_oop=0}
                      ; - java.lang.invoke.Invokers::checkExactType@1
                      ; - java.lang.invoke.Invokers$Holder::invokeExact_MT@10
                      ; - jdk.internal.reflect.DirectMethodHandleAccessor::invokeImpl@41
                      ; - jdk.internal.reflect.DirectMethodHandleAccessor::invoke@23
                      ;   {metadata({method} {0x00007aeec436adc0} 'checkCustomized' '(Ljava/lang/invoke/MethodHandle;)V' in 'java/lang/invoke/Invokers')}
  0x00007aeee8fe360c: 0749 bac0 | ad36 c4ee | 7a00 004c | 8954 2408 | 48c7 0424 | ffff ffff 

  0x00007aeee8fe3624: ;   {runtime_call C1 Runtime counter_overflow_blob}
  0x00007aeee8fe3624: e8b7 9750 

  0x00007aeee8fe3628: ; ImmutableOopMap {rsi=Oop rdx=Oop rdi=Oop [168]=Oop [184]=Oop [216]=Oop }
                      ;*synchronization entry
                      ; - java.lang.invoke.Invokers::checkCustomized@-1
                      ; - java.lang.invoke.Invokers$Holder::invokeExact_MT@14
                      ; - jdk.internal.reflect.DirectMethodHandleAccessor::invokeImpl@41
                      ; - jdk.internal.reflect.DirectMethodHandleAccessor::invoke@23
  0x00007aeee8fe3628: 07e9 4ff6 

  0x00007aeee8fe362c: ;   {metadata({method} {0x00007aeec408fb80} 'isCompileConstant' '(Ljava/lang/Object;)Z' in 'java/lang/invoke/MethodHandleImpl')}
  0x00007aeee8fe362c: ffff 49ba | 80fb 08c4 | ee7a 0000 | 4c89 5424 | 0848 c704 | 24ff ffff 

  0x00007aeee8fe3644: ;   {runtime_call C1 Runtime counter_overflow_blob}
  0x00007aeee8fe3644: ffe8 9697 

  0x00007aeee8fe3648: ; ImmutableOopMap {rsi=Oop rdx=Oop rdi=Oop [168]=Oop [184]=Oop [216]=Oop }
                      ;*synchronization entry
                      ; - java.lang.invoke.MethodHandleImpl::isCompileConstant@-1
                      ; - java.lang.invoke.Invokers::checkCustomized@1
                      ; - java.lang.invoke.Invokers$Holder::invokeExact_MT@14
                      ; - jdk.internal.reflect.DirectMethodHandleAccessor::invokeImpl@41
                      ; - jdk.internal.reflect.DirectMethodHandleAccessor::invoke@23
  0x00007aeee8fe3648: 5007 e966 

  0x00007aeee8fe364c: ;   {runtime_call C1 Runtime throw_null_pointer_exception_blob}
  0x00007aeee8fe364c: f6ff ffe8 

  0x00007aeee8fe3650: ; ImmutableOopMap {rsi=Oop rdx=Oop rdi=Oop [168]=Oop [184]=Oop [216]=Oop }
                      ;*getfield customized {reexecute=1 rethrow=0 return_oop=0}
                      ; - (reexecute) java.lang.invoke.Invokers::checkCustomized@12
                      ; - java.lang.invoke.Invokers$Holder::invokeExact_MT@14
                      ; - jdk.internal.reflect.DirectMethodHandleAccessor::invokeImpl@41
                      ; - jdk.internal.reflect.DirectMethodHandleAccessor::invoke@23
  0x00007aeee8fe3650: 8c45 5007 

  0x00007aeee8fe3654: ;   {internal_word}
  0x00007aeee8fe3654: 49ba 642e | fee8 ee7a | 0000 4d89 | 9738 0500 

  0x00007aeee8fe3664: ;   {runtime_call SafepointBlob}
  0x00007aeee8fe3664: 00e9 f6c1 

  0x00007aeee8fe3668: ;   {runtime_call C1 Runtime throw_null_pointer_exception_blob}
  0x00007aeee8fe3668: 4307 e871 

  0x00007aeee8fe366c: ; ImmutableOopMap {rax=Oop [168]=Oop [184]=Oop [216]=Oop }
                      ;*athrow {reexecute=1 rethrow=0 return_oop=0}
                      ; - (reexecute) java.lang.invoke.Invokers::checkExactType@15
                      ; - java.lang.invoke.Invokers$Holder::invokeExact_MT@10
                      ; - jdk.internal.reflect.DirectMethodHandleAccessor::invokeImpl@41
                      ; - jdk.internal.reflect.DirectMethodHandleAccessor::invoke@23
                      ;   {runtime_call C1 Runtime throw_null_pointer_exception_blob}
  0x00007aeee8fe366c: 4550 07e8 

  0x00007aeee8fe3670: ; ImmutableOopMap {rax=Oop [168]=Oop [184]=Oop [192]=Oop [200]=Oop [208]=Oop }
                      ;*athrow {reexecute=1 rethrow=0 return_oop=0}
                      ; - (reexecute) java.lang.invoke.Invokers::checkExactType@15
                      ; - java.lang.invoke.LambdaForm$MH/0x000000004e146c00::invokeExact_MT@11
                      ; - jdk.internal.reflect.DirectMethodHandleAccessor::invokeImpl@72
                      ; - jdk.internal.reflect.DirectMethodHandleAccessor::invoke@23
  0x00007aeee8fe3670: 6c45 5007 

  0x00007aeee8fe3674: ;   {metadata({method} {0x00007aeec4467070} 'isIllegalArgument' '(Ljava/lang/RuntimeException;)Z' in 'jdk/internal/reflect/DirectMethodHandleAccessor')}
  0x00007aeee8fe3674: 49ba 7070 | 46c4 ee7a | 0000 4c89 | 5424 0848 | c704 24ff 

  0x00007aeee8fe3688: ;   {runtime_call C1 Runtime counter_overflow_blob}
  0x00007aeee8fe3688: ffff ffe8 

  0x00007aeee8fe368c: ; ImmutableOopMap {rax=Oop }
                      ;*synchronization entry
                      ; - jdk.internal.reflect.DirectMethodHandleAccessor::isIllegalArgument@-1
                      ; - jdk.internal.reflect.DirectMethodHandleAccessor::invoke@58
  0x00007aeee8fe368c: 5097 5007 | e9c6 f8ff 

  0x00007aeee8fe3694: ;   {metadata({method} {0x00007aeec4467070} 'isIllegalArgument' '(Ljava/lang/RuntimeException;)Z' in 'jdk/internal/reflect/DirectMethodHandleAccessor')}
  0x00007aeee8fe3694: ff49 ba70 | 7046 c4ee | 7a00 004c | 8954 2408 | 48c7 0424 | ffff ffff 

  0x00007aeee8fe36ac: ;   {runtime_call C1 Runtime counter_overflow_blob}
  0x00007aeee8fe36ac: e82f 9750 

  0x00007aeee8fe36b0: ; ImmutableOopMap {rax=Oop }
                      ;*synchronization entry
                      ; - jdk.internal.reflect.DirectMethodHandleAccessor::isIllegalArgument@-1
                      ; - jdk.internal.reflect.DirectMethodHandleAccessor::invoke@30
  0x00007aeee8fe36b0: 07e9 5cf9 

  0x00007aeee8fe36b4: ;   {metadata(nullptr)}
  0x00007aeee8fe36b4: ffff 48ba | 0000 0000 | 0000 0000 | b800 0f05 

  0x00007aeee8fe36c4: ;   {runtime_call C1 Runtime load_klass_patching_blob}
  0x00007aeee8fe36c4: 0ae8 1688 

  0x00007aeee8fe36c8: ; ImmutableOopMap {}
                      ;*new {reexecute=1 rethrow=0 return_oop=0}
                      ; - (reexecute) jdk.internal.reflect.DirectMethodHandleAccessor::invoke@36
  0x00007aeee8fe36c8: 5007 e999 | f9ff ff48 

  0x00007aeee8fe36d0: ;   {runtime_call C1 Runtime fast_new_instance_blob}
  0x00007aeee8fe36d0: 8bd2 e809 

  0x00007aeee8fe36d4: ; ImmutableOopMap {}
                      ;*new {reexecute=0 rethrow=0 return_oop=0}
                      ; - jdk.internal.reflect.DirectMethodHandleAccessor::invoke@36
  0x00007aeee8fe36d4: 4e50 07e9 | d7f9 ffff 

  0x00007aeee8fe36dc: ;   {metadata(nullptr)}
  0x00007aeee8fe36dc: 48ba 0000 | 0000 0000 | 0000 b800 

  0x00007aeee8fe36e8: ;   {runtime_call C1 Runtime load_klass_patching_blob}
  0x00007aeee8fe36e8: 0f05 0ae8 

  0x00007aeee8fe36ec: ; ImmutableOopMap {rbx=Oop }
                      ;*new {reexecute=1 rethrow=0 return_oop=0}
                      ; - (reexecute) jdk.internal.reflect.DirectMethodHandleAccessor::invoke@46
  0x00007aeee8fe36ec: f087 5007 | e913 faff 

  0x00007aeee8fe36f4: ;   {runtime_call C1 Runtime throw_null_pointer_exception_blob}
  0x00007aeee8fe36f4: ffe8 e644 

  0x00007aeee8fe36f8: ; ImmutableOopMap {rbx=Oop }
                      ;*new {reexecute=0 rethrow=0 return_oop=0}
                      ; - jdk.internal.reflect.DirectMethodHandleAccessor::invoke@46
  0x00007aeee8fe36f8: 5007 488b 

  0x00007aeee8fe36fc: ;   {runtime_call C1 Runtime fast_new_instance_init_check_blob}
  0x00007aeee8fe36fc: d2e8 de50 

  0x00007aeee8fe3700: ; ImmutableOopMap {rbx=Oop }
                      ;*new {reexecute=0 rethrow=0 return_oop=0}
                      ; - jdk.internal.reflect.DirectMethodHandleAccessor::invoke@46
  0x00007aeee8fe3700: 5007 e959 

  0x00007aeee8fe3704: ;   {metadata(nullptr)}
  0x00007aeee8fe3704: faff ff48 | ba00 0000 | 0000 0000 | 00b8 000f 

  0x00007aeee8fe3714: ;   {runtime_call C1 Runtime load_klass_patching_blob}
  0x00007aeee8fe3714: 050a e8c5 

  0x00007aeee8fe3718: ; ImmutableOopMap {[224]=Oop }
                      ;*new {reexecute=1 rethrow=0 return_oop=0}
                      ; - (reexecute) jdk.internal.reflect.DirectMethodHandleAccessor::invoke@64
  0x00007aeee8fe3718: 8750 07e9 | 88fa ffff 

  0x00007aeee8fe3720: ;   {runtime_call C1 Runtime fast_new_instance_blob}
  0x00007aeee8fe3720: 488b d2e8 

  0x00007aeee8fe3724: ; ImmutableOopMap {[224]=Oop }
                      ;*new {reexecute=0 rethrow=0 return_oop=0}
                      ; - jdk.internal.reflect.DirectMethodHandleAccessor::invoke@64
  0x00007aeee8fe3724: b84d 5007 | e9c6 faff 

  0x00007aeee8fe372c: ;   {metadata(nullptr)}
  0x00007aeee8fe372c: ff48 ba00 | 0000 0000 | 0000 00b8 | 000f 050a 

  0x00007aeee8fe373c: ;   {runtime_call C1 Runtime load_klass_patching_blob}
  0x00007aeee8fe373c: e89f 8750 

  0x00007aeee8fe3740: ; ImmutableOopMap {rbx=Oop }
                      ;*new {reexecute=1 rethrow=0 return_oop=0}
                      ; - (reexecute) jdk.internal.reflect.DirectMethodHandleAccessor::invoke@73
  0x00007aeee8fe3740: 07e9 02fb 

  0x00007aeee8fe3744: ;   {runtime_call C1 Runtime throw_null_pointer_exception_blob}
  0x00007aeee8fe3744: ffff e895 

  0x00007aeee8fe3748: ; ImmutableOopMap {rbx=Oop }
                      ;*new {reexecute=0 rethrow=0 return_oop=0}
                      ; - jdk.internal.reflect.DirectMethodHandleAccessor::invoke@73
  0x00007aeee8fe3748: 4450 0748 

  0x00007aeee8fe374c: ;   {runtime_call C1 Runtime fast_new_instance_init_check_blob}
  0x00007aeee8fe374c: 8bd2 e88d 

  0x00007aeee8fe3750: ; ImmutableOopMap {rbx=Oop }
                      ;*new {reexecute=0 rethrow=0 return_oop=0}
                      ; - jdk.internal.reflect.DirectMethodHandleAccessor::invoke@73
  0x00007aeee8fe3750: 5050 07e9 | 48fb ffff 

  0x00007aeee8fe3758: ;   {metadata('java/lang/reflect/InvocationTargetException')}
  0x00007aeee8fe3758: 48ba a85d | 0d4e 0000 | 0000 b800 

  0x00007aeee8fe3764: ;   {runtime_call C1 Runtime load_klass_patching_blob}
  0x00007aeee8fe3764: 0f05 0ae8 

  0x00007aeee8fe3768: ; ImmutableOopMap {rbx=Oop }
                      ;*new {reexecute=1 rethrow=0 return_oop=0}
                      ; - (reexecute) jdk.internal.reflect.DirectMethodHandleAccessor::invoke@83
  0x00007aeee8fe3768: 7487 5007 | e98f fbff 

  0x00007aeee8fe3770: ;   {runtime_call C1 Runtime throw_null_pointer_exception_blob}
  0x00007aeee8fe3770: ffe8 6a44 

  0x00007aeee8fe3774: ; ImmutableOopMap {rbx=Oop }
                      ;*new {reexecute=0 rethrow=0 return_oop=0}
                      ; - jdk.internal.reflect.DirectMethodHandleAccessor::invoke@83
  0x00007aeee8fe3774: 5007 488b 

  0x00007aeee8fe3778: ;   {runtime_call C1 Runtime fast_new_instance_init_check_blob}
  0x00007aeee8fe3778: d2e8 6250 

  0x00007aeee8fe377c: ; ImmutableOopMap {rbx=Oop }
                      ;*new {reexecute=0 rethrow=0 return_oop=0}
                      ; - jdk.internal.reflect.DirectMethodHandleAccessor::invoke@83
  0x00007aeee8fe377c: 5007 e9d5 | fbff ff49 | 8b87 e005 | 0000 49c7 | 87e0 0500 | 0000 0000 | 0049 c787 | e805 0000 
  0x00007aeee8fe379c: 0000 0000 | 4881 c420 | 0100 005d 

  0x00007aeee8fe37a8: ;   {runtime_call C1 Runtime unwind_exception_blob}
  0x00007aeee8fe37a8: e9b3 894e | 07f4 f4f4 
[Stub Code]
  0x00007aeee8fe37b0: ;   {other}
  0x00007aeee8fe37b0: 0f1f 4400 

  0x00007aeee8fe37b4: ;   {static_stub}
  0x00007aeee8fe37b4: 0048 bb00 | 0000 0000 

  0x00007aeee8fe37bc: ;   {runtime_call nmethod}
  0x00007aeee8fe37bc: 0000 00e9 | fbff ffff 

  0x00007aeee8fe37c4: ;   {static_stub}
  0x00007aeee8fe37c4: 9048 bbb0 | 8a73 c6ee 

  0x00007aeee8fe37cc: ;   {runtime_call I2C/C2I adapters}
  0x00007aeee8fe37cc: 7a00 00e9 | f284 4307 

  0x00007aeee8fe37d4: ;   {static_stub}
  0x00007aeee8fe37d4: 9048 bb90 | 213c c4ee 

  0x00007aeee8fe37dc: ;   {runtime_call I2C/C2I adapters}
  0x00007aeee8fe37dc: 7a00 00e9 | daf4 4207 

  0x00007aeee8fe37e4: ;   {static_stub}
  0x00007aeee8fe37e4: 9048 bb00 | 0000 0000 

  0x00007aeee8fe37ec: ;   {runtime_call nmethod}
  0x00007aeee8fe37ec: 0000 00e9 | fbff ffff 

  0x00007aeee8fe37f4: ;   {static_stub}
  0x00007aeee8fe37f4: 9048 bb00 | 0000 0000 

  0x00007aeee8fe37fc: ;   {runtime_call nmethod}
  0x00007aeee8fe37fc: 0000 00e9 | fbff ffff 

  0x00007aeee8fe3804: ;   {static_stub}
  0x00007aeee8fe3804: 9048 bb00 | 0000 0000 

  0x00007aeee8fe380c: ;   {runtime_call nmethod}
  0x00007aeee8fe380c: 0000 00e9 | fbff ffff 

  0x00007aeee8fe3814: ;   {static_stub}
  0x00007aeee8fe3814: 9048 bb00 | 0000 0000 

  0x00007aeee8fe381c: ;   {runtime_call nmethod}
  0x00007aeee8fe381c: 0000 00e9 | fbff ffff 

  0x00007aeee8fe3824: ;   {static_stub}
  0x00007aeee8fe3824: 9048 bbe0 | 3252 c4ee 

  0x00007aeee8fe382c: ;   {runtime_call I2C/C2I adapters}
  0x00007aeee8fe382c: 7a00 00e9 | 0212 4407 

  0x00007aeee8fe3834: ;   {static_stub}
  0x00007aeee8fe3834: 48bb 0000 | 0000 0000 

  0x00007aeee8fe383c: ;   {runtime_call nmethod}
  0x00007aeee8fe383c: 0000 e9fb 

  0x00007aeee8fe3840: ;   {static_stub}
  0x00007aeee8fe3840: ffff ff48 | bb00 0000 | 0000 0000 

  0x00007aeee8fe384c: ;   {runtime_call nmethod}
  0x00007aeee8fe384c: 00e9 fbff 

  0x00007aeee8fe3850: ;   {static_stub}
  0x00007aeee8fe3850: ffff 48bb | 0000 0000 | 0000 0000 

  0x00007aeee8fe385c: ;   {runtime_call nmethod}
  0x00007aeee8fe385c: e9fb ffff 

  0x00007aeee8fe3860: ;   {static_stub}
  0x00007aeee8fe3860: ff48 bb00 | 0000 0000 

  0x00007aeee8fe3868: ;   {runtime_call nmethod}
  0x00007aeee8fe3868: 0000 00e9 | fbff ffff 

  0x00007aeee8fe3870: ;   {static_stub}
  0x00007aeee8fe3870: 48bb 0000 | 0000 0000 

  0x00007aeee8fe3878: ;   {runtime_call nmethod}
  0x00007aeee8fe3878: 0000 e9fb 

  0x00007aeee8fe387c: ;   {static_stub}
  0x00007aeee8fe387c: ffff ff48 | bb00 0000 | 0000 0000 

  0x00007aeee8fe3888: ;   {runtime_call nmethod}
  0x00007aeee8fe3888: 00e9 fbff 

  0x00007aeee8fe388c: ;   {static_stub}
  0x00007aeee8fe388c: ffff 48bb | 0000 0000 | 0000 0000 

  0x00007aeee8fe3898: ;   {runtime_call nmethod}
  0x00007aeee8fe3898: e9fb ffff 

  0x00007aeee8fe389c: ;   {static_stub}
  0x00007aeee8fe389c: ff48 bb00 | 0000 0000 

  0x00007aeee8fe38a4: ;   {runtime_call nmethod}
  0x00007aeee8fe38a4: 0000 00e9 | fbff ffff 
[Exception Handler]
  0x00007aeee8fe38ac: ;   {runtime_call C1 Runtime handle_exception_from_callee_blob}
  0x00007aeee8fe38ac: e82f 6150 

  0x00007aeee8fe38b0: ;   {external_word}
  0x00007aeee8fe38b0: 0748 bf3c | 7776 03ef | 7a00 0048 

  0x00007aeee8fe38bc: ;   {runtime_call MacroAssembler::debug64(char*, long, long*)}
  0x00007aeee8fe38bc: 83e4 f0e8 | fc6c 151a 

  0x00007aeee8fe38c4: ;   {section_word}
  0x00007aeee8fe38c4: f449 bac5 | 38fe e8ee | 7a00 0041 

  0x00007aeee8fe38d0: ;   {runtime_call DeoptimizationBlob}
  0x00007aeee8fe38d0: 52e9 8ac2 

  0x00007aeee8fe38d4: ;   {section_word}
  0x00007aeee8fe38d4: 4307 49ba | d638 fee8 | ee7a 0000 

  0x00007aeee8fe38e0: ;   {runtime_call DeoptimizationBlob}
  0x00007aeee8fe38e0: 4152 e979 | c243 07f4 
[/MachCode]


Compiled method (c1) 6432 1098       3       java.lang.reflect.Method::invoke (108 bytes)
 total in heap  [0x00007aeee8fe6908,0x00007aeee8fe70f8] = 2032
 main code      [0x00007aeee8fe6a00,0x00007aeee8fe7068] = 1640
 stub code      [0x00007aeee8fe7068,0x00007aeee8fe70f8] = 144
 mutable data [0x00007aeea4622cd0,0x00007aeea4622da8] = 216
 relocation     [0x00007aeea4622cd0,0x00007aeea4622d90] = 192
 metadata       [0x00007aeea4622d90,0x00007aeea4622da8] = 24
 immutable data [0x00007aeea4622b10,0x00007aeea4622cc8] = 440
 dependencies   [0x00007aeea4622b10,0x00007aeea4622b18] = 8
 nul chk table  [0x00007aeea4622b18,0x00007aeea4622b38] = 32
 scopes pcs     [0x00007aeea4622b38,0x00007aeea4622c08] = 208
 scopes data    [0x00007aeea4622c08,0x00007aeea4622cc8] = 192

[Constant Pool (empty)]

[MachCode]
[Instructions begin]
  0x00007aeee8fe6a00: 660f 1f84 | 0000 0000 | 0066 0f1f | 8400 0000 | 0000 448b | 5608 443b 

  0x00007aeee8fe6a18: ;   {runtime_call Shared Runtime ic_miss_blob}
  0x00007aeee8fe6a18: 5008 0f85 | c069 4307 
[Verified Entry Point]
  0x00007aeee8fe6a20: 8984 2400 | c0fe ff55 | 4881 ec80 | 0000 0090 | 4181 7f20 | 0700 0000 

  0x00007aeee8fe6a38: ;   {runtime_call Stub::method_entry_barrier}
  0x00007aeee8fe6a38: 7405 e8e1 | e441 0748 | 8974 2448 | 4889 5424 

  0x00007aeee8fe6a48: ;   {metadata(method data for {method} {0x00007aeec4066808} 'invoke' '(Ljava/lang/Object;[Ljava/lang/Object;)Ljava/lang/Object;' in 'java/lang/reflect/Method')}
  0x00007aeee8fe6a48: 5048 bf68 | e3bc c4ee | 7a00 008b | 9f90 0000 | 0083 c302 | 899f 9000 | 0000 81e3 | fe07 0000 
  0x00007aeee8fe6a68: 85db 0f84 | 4f05 0000 | 4889 4c24 | 5848 8bfe 

  0x00007aeee8fe6a78: ;   {metadata(method data for {method} {0x00007aeec4066808} 'invoke' '(Ljava/lang/Object;[Ljava/lang/Object;)Ljava/lang/Object;' in 'java/lang/reflect/Method')}
  0x00007aeee8fe6a78: 48bb 68e3 | bcc4 ee7a | 0000 4883 | 83d8 0000 | 0001 488b | fe48 8bf7 | 0f1f 8000 

  0x00007aeee8fe6a94: ;   {optimized virtual_call}
  0x00007aeee8fe6a94: 0000 00e8 

  0x00007aeee8fe6a98: ; ImmutableOopMap {[72]=Oop [80]=Oop [88]=Oop }
                      ;*invokevirtual isCallerSensitive {reexecute=0 rethrow=0 return_oop=0}
                      ; - java.lang.reflect.Method::invoke@1
  0x00007aeee8fe6a98: 84f6 ffff 

  0x00007aeee8fe6a9c: ;   {post_call_nop}
  0x00007aeee8fe6a9c: 0f1f 8400 | 9401 0000 | 488b 7424 | 480f be7e 

  0x00007aeee8fe6aac: ;   {metadata(method data for {method} {0x00007aeec4066808} 'invoke' '(Ljava/lang/Object;[Ljava/lang/Object;)Ljava/lang/Object;' in 'java/lang/reflect/Method')}
  0x00007aeee8fe6aac: 0c85 ff48 | bf68 e3bc | c4ee 7a00 | 00bb 0801 | 0000 7405 | bb18 0100 | 0048 8b14 | 1f48 8d52 
  0x00007aeee8fe6acc: 0148 8914 | 1f0f 843d | 0000 0085 

  0x00007aeee8fe6ad8: ;   {metadata(method data for {method} {0x00007aeec4066808} 'invoke' '(Ljava/lang/Object;[Ljava/lang/Object;)Ljava/lang/Object;' in 'java/lang/reflect/Method')}
  0x00007aeee8fe6ad8: c048 bf68 | e3bc c4ee | 7a00 00bb | 3801 0000 | 7505 bb28 | 0100 0048 | 8b14 1f48 | 8d52 0148 
  0x00007aeee8fe6af8: 8914 1f0f | 8513 0000 

  0x00007aeee8fe6b00: ;   {oop(nullptr)}
  0x00007aeee8fe6b00: 0048 bf00 | 0000 0000 | 0000 0089 | 4424 60e9 | 3000 0000 | 8944 2460 

  0x00007aeee8fe6b18: ;   {metadata(method data for {method} {0x00007aeec4066808} 'invoke' '(Ljava/lang/Object;[Ljava/lang/Object;)Ljava/lang/Object;' in 'java/lang/reflect/Method')}
  0x00007aeee8fe6b18: 48bf 68e3 | bcc4 ee7a | 0000 4883 | 8748 0100 | 0001 0f1f 

  0x00007aeee8fe6b2c: ;   {static_call}
  0x00007aeee8fe6b2c: 4400 00e8 

  0x00007aeee8fe6b30: ; ImmutableOopMap {[72]=Oop [80]=Oop [88]=Oop }
                      ;*invokestatic getCallerClass {reexecute=0 rethrow=0 return_oop=0}
                      ; - java.lang.reflect.Method::invoke@19
  0x00007aeee8fe6b30: 5c8f 9b07 

  0x00007aeee8fe6b34: ;   {post_call_nop}
  0x00007aeee8fe6b34: 0f1f 8400 | 2c02 0001 | 488b f848 | 8b74 2448 | 0fbe 560c 

  0x00007aeee8fe6b48: ;   {metadata(method data for {method} {0x00007aeec4066808} 'invoke' '(Ljava/lang/Object;[Ljava/lang/Object;)Ljava/lang/Object;' in 'java/lang/reflect/Method')}
  0x00007aeee8fe6b48: 85d2 48ba | 68e3 bcc4 | ee7a 0000 | b968 0100 | 0074 05b9 | 5801 0000 | 4c8b 040a | 4d8d 4001 
  0x00007aeee8fe6b68: 4c89 040a | 0f84 0a00 | 0000 4889 | 7c24 68e9 | 2502 0000 | 8b4e 1c44 

  0x00007aeee8fe6b80: ;   {metadata(method data for {method} {0x00007aeec4066808} 'invoke' '(Ljava/lang/Object;[Ljava/lang/Object;)Ljava/lang/Object;' in 'java/lang/reflect/Method')}
  0x00007aeee8fe6b80: 8b4e 5048 | ba68 e3bc | c4ee 7a00 | 0048 8382 | 7801 0000 

  0x00007aeee8fe6b94: ;   {metadata(method data for {method} {0x00007aeec42703b0} 'isStatic' '(I)Z' in 'java/lang/reflect/Modifier')}
  0x00007aeee8fe6b94: 0148 ba68 | 1f8b c4ee | 7a00 0044 | 8b82 9000 | 0000 4183 | c002 4489 | 8290 0000 | 0041 81e0 
  0x00007aeee8fe6bb4: feff 1f00 | 4585 c00f | 841f 0400 | 0049 8bd1 | 83e2 0885 

  0x00007aeee8fe6bc8: ;   {metadata(method data for {method} {0x00007aeec42703b0} 'isStatic' '(I)Z' in 'java/lang/reflect/Modifier')}
  0x00007aeee8fe6bc8: d248 ba68 | 1f8b c4ee | 7a00 0041 | b8d8 0000 | 0074 0641 | b8e8 0000 | 004a 8b1c | 0248 8d5b 
  0x00007aeee8fe6be8: 014a 891c | 020f 841a 

  0x00007aeee8fe6bf0: ;   {metadata(method data for {method} {0x00007aeec42703b0} 'isStatic' '(I)Z' in 'java/lang/reflect/Modifier')}
  0x00007aeee8fe6bf0: 0000 0048 | ba68 1f8b | c4ee 7a00 | 00ff 82f8 | 0000 00ba | 0100 0000 | e905 0000 | 00ba 0000 
  0x00007aeee8fe6c10: 0000 83e2 

  0x00007aeee8fe6c14: ;   {metadata(method data for {method} {0x00007aeec4066808} 'invoke' '(Ljava/lang/Object;[Ljava/lang/Object;)Ljava/lang/Object;' in 'java/lang/reflect/Method')}
  0x00007aeee8fe6c14: 0185 d248 | ba68 e3bc | c4ee 7a00 | 0041 b888 | 0100 0074 | 0641 b898 | 0100 004a | 8b1c 0248 
  0x00007aeee8fe6c34: 8d5b 014a | 891c 020f | 841f 0000 

  0x00007aeee8fe6c40: ;   {metadata(method data for {method} {0x00007aeec4066808} 'invoke' '(Ljava/lang/Object;[Ljava/lang/Object;)Ljava/lang/Object;' in 'java/lang/reflect/Method')}
  0x00007aeee8fe6c40: 0048 ba68 | e3bc c4ee | 7a00 00ff | 82a8 0100 

  0x00007aeee8fe6c50: ;   {oop(nullptr)}
  0x00007aeee8fe6c50: 0049 b800 | 0000 0000 | 0000 00e9 | 9a00 0000 | 488b 5424 | 5048 3b02 

  0x00007aeee8fe6c68: ;   {metadata(method data for {method} {0x00007aeec4066808} 'invoke' '(Ljava/lang/Object;[Ljava/lang/Object;)Ljava/lang/Object;' in 'java/lang/reflect/Method')}
  0x00007aeee8fe6c68: 4c8b c248 | bb68 e3bc | c4ee 7a00 | 0045 8b40 | 084c 3b83 | c801 0000 | 750d 4883 | 83d0 0100 
  0x00007aeee8fe6c88: 0001 e960 | 0000 004c | 3b83 d801 | 0000 750d | 4883 83e0 | 0100 0001 | e94a 0000 | 0048 83bb 
  0x00007aeee8fe6ca8: c801 0000 | 0075 174c | 8983 c801 | 0000 48c7 | 83d0 0100 | 0001 0000 | 00e9 2900 | 0000 4883 
  0x00007aeee8fe6cc8: bbd8 0100 | 0000 7517 | 4c89 83d8 | 0100 0048 | c783 e001 | 0000 0100 | 0000 e908 | 0000 0048 
  0x00007aeee8fe6ce8: 8383 c001 | 0000 0144 | 8b42 084d | 8b40 704d | 8b00 488b 

  0x00007aeee8fe6cfc: ;   {metadata(method data for {method} {0x00007aeec4066808} 'invoke' '(Ljava/lang/Object;[Ljava/lang/Object;)Ljava/lang/Object;' in 'java/lang/reflect/Method')}
  0x00007aeee8fe6cfc: de48 b868 | e3bc c4ee | 7a00 008b | 5b08 483b | 98f8 0100 | 0075 0d48 | 8380 0002 | 0000 01e9 
  0x00007aeee8fe6d1c: 6000 0000 | 483b 9808 | 0200 0075 | 0d48 8380 | 1002 0000 | 01e9 4a00 | 0000 4883 | b8f8 0100 
  0x00007aeee8fe6d3c: 0000 7517 | 4889 98f8 | 0100 0048 | c780 0002 | 0000 0100 | 0000 e929 | 0000 0048 | 83b8 0802 
  0x00007aeee8fe6d5c: 0000 0075 | 1748 8998 | 0802 0000 | 48c7 8010 | 0200 0001 | 0000 00e9 | 0800 0000 | 4883 80f0 
  0x00007aeee8fe6d7c: 0100 0001 | 488b d748 | 8bc6 488b | f048 897c 

  0x00007aeee8fe6d8c: ;   {optimized virtual_call}
  0x00007aeee8fe6d8c: 2468 90e8 

  0x00007aeee8fe6d90: ; ImmutableOopMap {[72]=Oop [80]=Oop [88]=Oop [104]=Oop }
                      ;*invokevirtual checkAccess {reexecute=0 rethrow=0 return_oop=0}
                      ; - java.lang.reflect.Method::invoke@60
  0x00007aeee8fe6d90: 0c8f ffff 

  0x00007aeee8fe6d94: ;   {post_call_nop}
  0x00007aeee8fe6d94: 0f1f 8400 | 8c04 0002 | 488b 7424 | 488b 7e48 

  0x00007aeee8fe6da4: ;   {metadata(method data for {method} {0x00007aeec4066808} 'invoke' '(Ljava/lang/Object;[Ljava/lang/Object;)Ljava/lang/Object;' in 'java/lang/reflect/Method')}
  0x00007aeee8fe6da4: 4885 ff48 | bb68 e3bc | c4ee 7a00 | 00b8 2002 | 0000 7505 | b830 0200 | 0048 8b14 | 0348 8d52 
  0x00007aeee8fe6dc4: 0148 8914 | 030f 8528 | 0000 0048 

  0x00007aeee8fe6dd0: ;   {metadata(method data for {method} {0x00007aeec4066808} 'invoke' '(Ljava/lang/Object;[Ljava/lang/Object;)Ljava/lang/Object;' in 'java/lang/reflect/Method')}
  0x00007aeee8fe6dd0: 8bfe 48bb | 68e3 bcc4 | ee7a 0000 | 4883 8340 | 0200 0001 

  0x00007aeee8fe6de4: ;   {optimized virtual_call}
  0x00007aeee8fe6de4: 6666 90e8 

  0x00007aeee8fe6de8: ; ImmutableOopMap {[80]=Oop [88]=Oop [104]=Oop }
                      ;*invokevirtual acquireMethodAccessor {reexecute=0 rethrow=0 return_oop=0}
                      ; - java.lang.reflect.Method::invoke@75
  0x00007aeee8fe6de8: cd02 0000 

  0x00007aeee8fe6dec: ;   {post_call_nop}
  0x00007aeee8fe6dec: 0f1f 8400 | e404 0003 | 488b f88b | 4424 6085 

  0x00007aeee8fe6dfc: ;   {metadata(method data for {method} {0x00007aeec4066808} 'invoke' '(Ljava/lang/Object;[Ljava/lang/Object;)Ljava/lang/Object;' in 'java/lang/reflect/Method')}
  0x00007aeee8fe6dfc: c048 ba68 | e3bc c4ee | 7a00 00b9 | 7002 0000 | 7405 b980 | 0200 004c | 8b04 0a4d | 8d40 014c 
  0x00007aeee8fe6e1c: 8904 0a0f | 84da 0000 | 004c 8b44 | 2468 483b | 0748 8bd7 

  0x00007aeee8fe6e30: ;   {metadata(method data for {method} {0x00007aeec4066808} 'invoke' '(Ljava/lang/Object;[Ljava/lang/Object;)Ljava/lang/Object;' in 'java/lang/reflect/Method')}
  0x00007aeee8fe6e30: 48b9 68e3 | bcc4 ee7a | 0000 8b52 | 0848 3b91 | 9802 0000 | 750d 4883 | 81a0 0200 | 0001 e960 
  0x00007aeee8fe6e50: 0000 0048 | 3b91 a802 | 0000 750d | 4883 81b0 | 0200 0001 | e94a 0000 | 0048 83b9 | 9802 0000 
  0x00007aeee8fe6e70: 0075 1748 | 8991 9802 | 0000 48c7 | 81a0 0200 | 0001 0000 | 00e9 2900 | 0000 4883 | b9a8 0200 
  0x00007aeee8fe6e90: 0000 7517 | 4889 91a8 | 0200 0048 | c781 b002 | 0000 0100 | 0000 e908 | 0000 0048 | 8381 9002 
  0x00007aeee8fe6eb0: 0000 0148 | 8b54 2450 | 488b 4c24 | 5848 8bf7 | 0f1f 4400 | 0048 b830 | 2f62 a4ee 

  0x00007aeee8fe6ecc: ;   {virtual_call}
  0x00007aeee8fe6ecc: 7a00 00e8 

  0x00007aeee8fe6ed0: ; ImmutableOopMap {}
                      ;*invokeinterface invoke {reexecute=0 rethrow=0 return_oop=0}
                      ; - java.lang.reflect.Method::invoke@90
  0x00007aeee8fe6ed0: 0c6b 4307 

  0x00007aeee8fe6ed4: ;   {post_call_nop}
  0x00007aeee8fe6ed4: 0f1f 8400 | cc05 0004 

  0x00007aeee8fe6edc: ;   {metadata(method data for {method} {0x00007aeec4066808} 'invoke' '(Ljava/lang/Object;[Ljava/lang/Object;)Ljava/lang/Object;' in 'java/lang/reflect/Method')}
  0x00007aeee8fe6edc: 48ba 68e3 | bcc4 ee7a | 0000 ff82 | c002 0000 | 4881 c480 | 0000 005d 

  0x00007aeee8fe6ef4: ;   {poll_return}
  0x00007aeee8fe6ef4: 493b 6728 | 0f87 0d01 | 0000 c348 | 8b4c 2458 | 488b 5424 | 5048 3b07 

  0x00007aeee8fe6f0c: ;   {metadata(method data for {method} {0x00007aeec4066808} 'invoke' '(Ljava/lang/Object;[Ljava/lang/Object;)Ljava/lang/Object;' in 'java/lang/reflect/Method')}
  0x00007aeee8fe6f0c: 488b f748 | bb68 e3bc | c4ee 7a00 | 008b 7608 | 483b b3e0 | 0200 0075 | 0d48 8383 | e802 0000 
  0x00007aeee8fe6f2c: 01e9 6000 | 0000 483b | b3f0 0200 | 0075 0d48 | 8383 f802 | 0000 01e9 | 4a00 0000 | 4883 bbe0 
  0x00007aeee8fe6f4c: 0200 0000 | 7517 4889 | b3e0 0200 | 0048 c783 | e802 0000 | 0100 0000 | e929 0000 | 0048 83bb 
  0x00007aeee8fe6f6c: f002 0000 | 0075 1748 | 89b3 f002 | 0000 48c7 | 83f8 0200 | 0001 0000 | 00e9 0800 | 0000 4883 
  0x00007aeee8fe6f8c: 83d8 0200 | 0001 488b | f748 b858 | 2f62 a4ee 

  0x00007aeee8fe6f9c: ;   {virtual_call}
  0x00007aeee8fe6f9c: 7a00 00e8 

  0x00007aeee8fe6fa0: ; ImmutableOopMap {}
                      ;*invokeinterface invoke {reexecute=0 rethrow=0 return_oop=0}
                      ; - java.lang.reflect.Method::invoke@102
  0x00007aeee8fe6fa0: eeab ffff 

  0x00007aeee8fe6fa4: ;   {post_call_nop}
  0x00007aeee8fe6fa4: 0f1f 8400 | 9c06 0005 | 4881 c480 | 0000 005d 

  0x00007aeee8fe6fb4: ;   {poll_return}
  0x00007aeee8fe6fb4: 493b 6728 | 0f87 6800 

  0x00007aeee8fe6fbc: ;   {metadata({method} {0x00007aeec4066808} 'invoke' '(Ljava/lang/Object;[Ljava/lang/Object;)Ljava/lang/Object;' in 'java/lang/reflect/Method')}
  0x00007aeee8fe6fbc: 0000 c349 | ba08 6806 | c4ee 7a00 | 004c 8954 | 2408 48c7 | 0424 ffff 

  0x00007aeee8fe6fd4: ;   {runtime_call C1 Runtime counter_overflow_blob}
  0x00007aeee8fe6fd4: ffff e805 

  0x00007aeee8fe6fd8: ; ImmutableOopMap {rsi=Oop rdx=Oop rcx=Oop [72]=Oop [80]=Oop }
                      ;*synchronization entry
                      ; - java.lang.reflect.Method::invoke@-1
  0x00007aeee8fe6fd8: 5e50 07e9 | 90fa ffff 

  0x00007aeee8fe6fe0: ;   {metadata({method} {0x00007aeec42703b0} 'isStatic' '(I)Z' in 'java/lang/reflect/Modifier')}
  0x00007aeee8fe6fe0: 49ba b003 | 27c4 ee7a | 0000 4c89 | 5424 0848 | c704 24ff 

  0x00007aeee8fe6ff4: ;   {runtime_call C1 Runtime counter_overflow_blob}
  0x00007aeee8fe6ff4: ffff ffe8 

  0x00007aeee8fe6ff8: ; ImmutableOopMap {rdi=Oop rsi=Oop rcx=Oop [72]=Oop [80]=Oop [88]=Oop }
                      ;*synchronization entry
                      ; - java.lang.reflect.Modifier::isStatic@-1
                      ; - java.lang.reflect.Method::invoke@42
  0x00007aeee8fe6ff8: e45d 5007 | e9c0 fbff 

  0x00007aeee8fe7000: ;   {runtime_call C1 Runtime throw_null_pointer_exception_blob}
  0x00007aeee8fe7000: ffe8 da0b 

  0x00007aeee8fe7004: ; ImmutableOopMap {rdi=Oop rsi=Oop rcx=Oop rdx=Oop [72]=Oop [80]=Oop [88]=Oop }
                      ;*invokevirtual getClass {reexecute=0 rethrow=0 return_oop=0}
                      ; - java.lang.reflect.Method::invoke@53
                      ;   {runtime_call C1 Runtime throw_null_pointer_exception_blob}
  0x00007aeee8fe7004: 5007 e8d5 

  0x00007aeee8fe7008: ; ImmutableOopMap {rdi=Oop r8=Oop [80]=Oop [88]=Oop }
                      ;*invokeinterface invoke {reexecute=0 rethrow=0 return_oop=0}
                      ; - java.lang.reflect.Method::invoke@90
                      ;   {internal_word}
  0x00007aeee8fe7008: 0b50 0749 | baf4 6efe | e8ee 7a00 | 004d 8997 | 3805 0000 

  0x00007aeee8fe701c: ;   {runtime_call SafepointBlob}
  0x00007aeee8fe701c: e93f 8843 

  0x00007aeee8fe7020: ;   {runtime_call C1 Runtime throw_null_pointer_exception_blob}
  0x00007aeee8fe7020: 07e8 ba0b 

  0x00007aeee8fe7024: ; ImmutableOopMap {rdx=Oop rcx=Oop rdi=Oop [80]=Oop }
                      ;*invokeinterface invoke {reexecute=0 rethrow=0 return_oop=0}
                      ; - java.lang.reflect.Method::invoke@102
                      ;   {internal_word}
  0x00007aeee8fe7024: 5007 49ba | b46f fee8 | ee7a 0000 | 4d89 9738 

  0x00007aeee8fe7034: ;   {runtime_call SafepointBlob}
  0x00007aeee8fe7034: 0500 00e9 | 2488 4307 | 498b 87e0 | 0500 0049 | c787 e005 | 0000 0000 | 0000 49c7 | 87e8 0500 
  0x00007aeee8fe7054: 0000 0000 | 0048 81c4 | 8000 0000 

  0x00007aeee8fe7060: ;   {runtime_call C1 Runtime unwind_exception_blob}
  0x00007aeee8fe7060: 5de9 fa50 | 4e07 f4f4 
[Stub Code]
  0x00007aeee8fe7068: ;   {other}
  0x00007aeee8fe7068: 0f1f 4400 

  0x00007aeee8fe706c: ;   {static_stub}
  0x00007aeee8fe706c: 0048 bb00 | 0000 0000 

  0x00007aeee8fe7074: ;   {runtime_call nmethod}
  0x00007aeee8fe7074: 0000 00e9 | fbff ffff 

  0x00007aeee8fe707c: ;   {static_stub}
  0x00007aeee8fe707c: 9048 bb00 | 0000 0000 

  0x00007aeee8fe7084: ;   {runtime_call nmethod}
  0x00007aeee8fe7084: 0000 00e9 | fbff ffff 

  0x00007aeee8fe708c: ;   {static_stub}
  0x00007aeee8fe708c: 48bb 0000 | 0000 0000 

  0x00007aeee8fe7094: ;   {runtime_call nmethod}
  0x00007aeee8fe7094: 0000 e9fb 

  0x00007aeee8fe7098: ;   {static_stub}
  0x00007aeee8fe7098: ffff ff48 | bb00 0000 | 0000 0000 

  0x00007aeee8fe70a4: ;   {runtime_call nmethod}
  0x00007aeee8fe70a4: 00e9 fbff 

  0x00007aeee8fe70a8: ;   {static_stub}
  0x00007aeee8fe70a8: ffff 48bb | 0000 0000 | 0000 0000 

  0x00007aeee8fe70b4: ;   {runtime_call nmethod}
  0x00007aeee8fe70b4: e9fb ffff 

  0x00007aeee8fe70b8: ;   {static_stub}
  0x00007aeee8fe70b8: ff48 bb20 | 6e06 c4ee 

  0x00007aeee8fe70c0: ;   {runtime_call I2C/C2I adapters}
  0x00007aeee8fe70c0: 7a00 00e9 | 6a7b 4307 
[Exception Handler]
  0x00007aeee8fe70c8: ;   {runtime_call C1 Runtime handle_exception_from_callee_blob}
  0x00007aeee8fe70c8: e813 2950 

  0x00007aeee8fe70cc: ;   {external_word}
  0x00007aeee8fe70cc: 0748 bf3c | 7776 03ef | 7a00 0048 

  0x00007aeee8fe70d8: ;   {runtime_call MacroAssembler::debug64(char*, long, long*)}
  0x00007aeee8fe70d8: 83e4 f0e8 | e034 151a 

  0x00007aeee8fe70e0: ;   {section_word}
  0x00007aeee8fe70e0: f449 bae1 | 70fe e8ee | 7a00 0041 

  0x00007aeee8fe70ec: ;   {runtime_call DeoptimizationBlob}
  0x00007aeee8fe70ec: 52e9 6e8a | 4307 f4f4 | f4f4 f4f4 
[/MachCode]


Compiled method (c1) 6441  462       3       java.lang.invoke.DirectMethodHandle$Holder::invokeStatic (15 bytes)
 total in heap  [0x00007aeee8f13008,0x00007aeee8f134c8] = 1216
 main code      [0x00007aeee8f13100,0x00007aeee8f13478] = 888
 stub code      [0x00007aeee8f13478,0x00007aeee8f134c8] = 80
 mutable data [0x00007aeea4099a20,0x00007aeea4099a90] = 112
 relocation     [0x00007aeea4099a20,0x00007aeea4099a80] = 96
 metadata       [0x00007aeea4099a80,0x00007aeea4099a90] = 16
 immutable data [0x00007aeea4099940,0x00007aeea4099a10] = 208
 dependencies   [0x00007aeea4099940,0x00007aeea4099948] = 8
 nul chk table  [0x00007aeea4099948,0x00007aeea4099958] = 16
 scopes pcs     [0x00007aeea4099958,0x00007aeea40999c8] = 112
 scopes data    [0x00007aeea40999c8,0x00007aeea4099a10] = 72

[Constant Pool (empty)]

[MachCode]
[Verified Entry Point]
  # {method} {0x00007aeec43577d8} 'invokeStatic' '(Ljava/lang/Object;Ljava/lang/Object;Ljava/lang/Object;)Ljava/lang/Object;' in 'java/lang/invoke/DirectMethodHandle$Holder'
  # parm0:    rsi:rsi   = 'java/lang/Object'
  # parm1:    rdx:rdx   = 'java/lang/Object'
  # parm2:    rcx:rcx   = 'java/lang/Object'
  #           [sp+0x50]  (sp of caller)
  0x00007aeee8f13100: e95b 314c | 07fe ff55 | 4883 ec40 | 4181 7f20 | 0700 0000 

  0x00007aeee8f13114: ;   {runtime_call Stub::method_entry_barrier}
  0x00007aeee8f13114: 7405 e805 

  0x00007aeee8f13118: ;   {metadata(method data for {method} {0x00007aeec43577d8} 'invokeStatic' '(Ljava/lang/Object;Ljava/lang/Object;Ljava/lang/Object;)Ljava/lang/Object;' in 'java/lang/invoke/DirectMethodHandle$Holder')}
  0x00007aeee8f13118: 1e4f 0748 | bf50 a68c | c4ee 7a00 | 0048 8dbf | e001 0000 | 4885 f675 | 0cf6 0701 | 7522 f048 
  0x00007aeee8f13138: 830f 01eb | 1b8b 5e08 | 4c8b d348 | 331f 48f7 | c3fc ffff | ff74 09f6 | c302 7504 | 4883 0f02 
  0x00007aeee8f13158: 4885 d275 | 0ef6 4710 | 0175 25f0 | 4883 4f10 | 01eb 1d8b | 5a08 4c8b | d348 335f | 1048 f7c3 
  0x00007aeee8f13178: fcff ffff | 740a f6c3 | 0275 0548 | 834f 1002 

  0x00007aeee8f13188: ;   {metadata(method data for {method} {0x00007aeec43577d8} 'invokeStatic' '(Ljava/lang/Object;Ljava/lang/Object;Ljava/lang/Object;)Ljava/lang/Object;' in 'java/lang/invoke/DirectMethodHandle$Holder')}
  0x00007aeee8f13188: 48bf 50a6 | 8cc4 ee7a | 0000 8b9f | 9000 0000 | 83c3 0289 | 9f90 0000 | 0081 e3fe | 0700 0085 
  0x00007aeee8f131a8: db0f 843b 

  0x00007aeee8f131ac: ;   {metadata(method data for {method} {0x00007aeec43577d8} 'invokeStatic' '(Ljava/lang/Object;Ljava/lang/Object;Ljava/lang/Object;)Ljava/lang/Object;' in 'java/lang/invoke/DirectMethodHandle$Holder')}
  0x00007aeee8f131ac: 0200 0048 | bf50 a68c | c4ee 7a00 | 0048 8dbf | e800 0000 | 4885 f675 | 0ef6 4708 | 0175 25f0 
  0x00007aeee8f131cc: 4883 4f08 | 01eb 1d8b | 5e08 4c8b | d348 335f | 0848 f7c3 | fcff ffff | 740a f6c3 | 0275 0548 
  0x00007aeee8f131ec: 834f 0802 

  0x00007aeee8f131f0: ;   {metadata(method data for {method} {0x00007aeec43577d8} 'invokeStatic' '(Ljava/lang/Object;Ljava/lang/Object;Ljava/lang/Object;)Ljava/lang/Object;' in 'java/lang/invoke/DirectMethodHandle$Holder')}
  0x00007aeee8f131f0: 48bf 50a6 | 8cc4 ee7a | 0000 4883 | 87d8 0000 

  0x00007aeee8f13200: ;   {metadata(method data for {method} {0x00007aeec4079a70} 'internalMemberName' '(Ljava/lang/Object;)Ljava/lang/Object;' in 'java/lang/invoke/DirectMethodHandle')}
  0x00007aeee8f13200: 0001 48bf | 70ab 8ac4 | ee7a 0000 | 8b9f 9000 | 0000 83c3 | 0289 9f90 | 0000 0081 | e3fe ff1f 
  0x00007aeee8f13220: 0085 db0f | 84e2 0100 | 0048 85f6 

  0x00007aeee8f1322c: ;   {metadata(method data for {method} {0x00007aeec4079a70} 'internalMemberName' '(Ljava/lang/Object;)Ljava/lang/Object;' in 'java/lang/invoke/DirectMethodHandle')}
  0x00007aeee8f1322c: 48bb 70ab | 8ac4 ee7a | 0000 750c | 808b d100 | 0000 01e9 | 9500 0000 | 8b46 0848 | 3b83 e000 
  0x00007aeee8f1324c: 0000 750d | 4883 83e8 | 0000 0001 | e960 0000 | 0048 3b83 | f000 0000 | 750d 4883 | 83f8 0000 
  0x00007aeee8f1326c: 0001 e94a | 0000 0048 | 83bb e000 | 0000 0075 | 1748 8983 | e000 0000 | 48c7 83e8 | 0000 0001 
  0x00007aeee8f1328c: 0000 00e9 | 2900 0000 | 4883 bbf0 | 0000 0000 | 7517 4889 | 83f0 0000 | 0048 c783 | f800 0000 
  0x00007aeee8f132ac: 0100 0000 | e908 0000 | 0048 8383 | d800 0000 

  0x00007aeee8f132bc: ;   {metadata('java/lang/invoke/DirectMethodHandle')}
  0x00007aeee8f132bc: 0148 b850 | cb00 4e00 | 0000 008b | 5e08 483b | 4340 0f85 | 5801 0000 | e900 0000 | 008b 7e20 
  0x00007aeee8f132dc: ;   {metadata(method data for {method} {0x00007aeec43577d8} 'invokeStatic' '(Ljava/lang/Object;Ljava/lang/Object;Ljava/lang/Object;)Ljava/lang/Object;' in 'java/lang/invoke/DirectMethodHandle$Holder')}
  0x00007aeee8f132dc: 48be 50a6 | 8cc4 ee7a | 0000 488d | b6f8 0000 | 0048 85ff | 750a f606 | 0175 05f0 | 4883 0e01 
  0x00007aeee8f132fc: ;   {metadata(method data for {method} {0x00007aeec43577d8} 'invokeStatic' '(Ljava/lang/Object;Ljava/lang/Object;Ljava/lang/Object;)Ljava/lang/Object;' in 'java/lang/invoke/DirectMethodHandle$Holder')}
  0x00007aeee8f132fc: 48be 50a6 | 8cc4 ee7a | 0000 488d | b648 0100 | 0048 85d2 | 750e f646 | 0801 7525 | f048 834e 
  0x00007aeee8f1331c: 0801 eb1d | 8b5a 084c | 8bd3 4833 | 5e08 48f7 | c3fc ffff | ff74 0af6 | c302 7505 | 4883 4e08 
  0x00007aeee8f1333c: 0248 85c9 | 750e f646 | 1801 7525 | f048 834e | 1801 eb1d | 8b59 084c | 8bd3 4833 | 5e18 48f7 
  0x00007aeee8f1335c: c3fc ffff | ff74 0af6 | c302 7505 | 4883 4e18 

  0x00007aeee8f1336c: ;   {metadata(method data for {method} {0x00007aeec43577d8} 'invokeStatic' '(Ljava/lang/Object;Ljava/lang/Object;Ljava/lang/Object;)Ljava/lang/Object;' in 'java/lang/invoke/DirectMethodHandle$Holder')}
  0x00007aeee8f1336c: 0248 be50 | a68c c4ee | 7a00 0048 | 8386 3801 | 0000 0148 | 8bf2 488b | d148 8bcf | 0f1f 8000 
  0x00007aeee8f1338c: ;   {static_call}
  0x00007aeee8f1338c: 0000 00e8 

  0x00007aeee8f13390: ; ImmutableOopMap {}
                      ;*invokestatic linkToStatic {reexecute=0 rethrow=0 return_oop=0}
                      ; - java.lang.invoke.DirectMethodHandle$Holder::invokeStatic@11
  0x00007aeee8f13390: ecfc a407 

  0x00007aeee8f13394: ;   {post_call_nop}
  0x00007aeee8f13394: 0f1f 8400 | 8c03 0000 

  0x00007aeee8f1339c: ;   {metadata(method data for {method} {0x00007aeec43577d8} 'invokeStatic' '(Ljava/lang/Object;Ljava/lang/Object;Ljava/lang/Object;)Ljava/lang/Object;' in 'java/lang/invoke/DirectMethodHandle$Holder')}
  0x00007aeee8f1339c: 48be 50a6 | 8cc4 ee7a | 0000 488d | b668 0100 | 0048 85c0 | 750c f606 | 0175 23f0 | 4883 0e01 
  0x00007aeee8f133bc: eb1c 8b78 | 084c 8bd7 | 4833 3e48 | f7c7 fcff | ffff 740a | 40f6 c702 | 7504 4883 | 0e02 4883 
  0x00007aeee8f133dc: ;   {poll_return}
  0x00007aeee8f133dc: c440 5d49 | 3b67 280f | 8751 0000 

  0x00007aeee8f133e8: ;   {metadata({method} {0x00007aeec43577d8} 'invokeStatic' '(Ljava/lang/Object;Ljava/lang/Object;Ljava/lang/Object;)Ljava/lang/Object;' in 'java/lang/invoke/DirectMethodHandle$Holder')}
  0x00007aeee8f133e8: 00c3 49ba | d877 35c4 | ee7a 0000 | 4c89 5424 | 0848 c704 | 24ff ffff 

  0x00007aeee8f13400: ;   {runtime_call C1 Runtime counter_overflow_blob}
  0x00007aeee8f13400: ffe8 da99 

  0x00007aeee8f13404: ; ImmutableOopMap {rsi=Oop rdx=Oop rcx=Oop }
                      ;*synchronization entry
                      ; - java.lang.invoke.DirectMethodHandle$Holder::invokeStatic@-1
  0x00007aeee8f13404: 5d07 e9a4 

  0x00007aeee8f13408: ;   {metadata({method} {0x00007aeec4079a70} 'internalMemberName' '(Ljava/lang/Object;)Ljava/lang/Object;' in 'java/lang/invoke/DirectMethodHandle')}
  0x00007aeee8f13408: fdff ff49 | ba70 9a07 | c4ee 7a00 | 004c 8954 | 2408 48c7 | 0424 ffff 

  0x00007aeee8f13420: ;   {runtime_call C1 Runtime counter_overflow_blob}
  0x00007aeee8f13420: ffff e8b9 

  0x00007aeee8f13424: ; ImmutableOopMap {rsi=Oop rdx=Oop rcx=Oop }
                      ;*synchronization entry
                      ; - java.lang.invoke.DirectMethodHandle::internalMemberName@-1
                      ; - java.lang.invoke.DirectMethodHandle$Holder::invokeStatic@1
  0x00007aeee8f13424: 995d 07e9 | fdfd ffff | 4889 3424 

  0x00007aeee8f13430: ;   {runtime_call C1 Runtime throw_class_cast_exception_blob}
  0x00007aeee8f13430: e8ab 6b5d 

  0x00007aeee8f13434: ; ImmutableOopMap {rdx=Oop rcx=Oop }
                      ;*checkcast {reexecute=0 rethrow=0 return_oop=0}
                      ; - java.lang.invoke.DirectMethodHandle::internalMemberName@1
                      ; - java.lang.invoke.DirectMethodHandle$Holder::invokeStatic@1
                      ;   {runtime_call C1 Runtime throw_null_pointer_exception_blob}
  0x00007aeee8f13434: 07e8 a647 

  0x00007aeee8f13438: ; ImmutableOopMap {rdx=Oop rcx=Oop }
                      ;*getfield member {reexecute=1 rethrow=0 return_oop=0}
                      ; - (reexecute) java.lang.invoke.DirectMethodHandle::internalMemberName@4
                      ; - java.lang.invoke.DirectMethodHandle$Holder::invokeStatic@1
                      ;   {internal_word}
  0x00007aeee8f13438: 5d07 49ba | df33 f1e8 | ee7a 0000 | 4d89 9738 

  0x00007aeee8f13448: ;   {runtime_call SafepointBlob}
  0x00007aeee8f13448: 0500 00e9 | 10c4 5007 | 498b 87e0 | 0500 0049 | c787 e005 | 0000 0000 | 0000 49c7 | 87e8 0500 
  0x00007aeee8f13468: 0000 0000 | 0048 83c4 

  0x00007aeee8f13470: ;   {runtime_call C1 Runtime unwind_exception_blob}
  0x00007aeee8f13470: 405d e9e9 | 8c5b 07f4 
[Stub Code]
  0x00007aeee8f13478: ;   {static_stub}
  0x00007aeee8f13478: 48bb 0000 | 0000 0000 

  0x00007aeee8f13480: ;   {runtime_call nmethod}
  0x00007aeee8f13480: 0000 e9fb 

  0x00007aeee8f13484: ;   {runtime_call C1 Runtime handle_exception_from_callee_blob}
  0x00007aeee8f13484: ffff ffe8 | 5465 5d07 

  0x00007aeee8f1348c: ;   {external_word}
  0x00007aeee8f1348c: 48bf 3c77 | 7603 ef7a | 0000 4883 

  0x00007aeee8f13498: ;   {runtime_call MacroAssembler::debug64(char*, long, long*)}
  0x00007aeee8f13498: e4f0 e821 | 7122 1af4 
[Deopt Handler Code]
  0x00007aeee8f134a0: ;   {section_word}
  0x00007aeee8f134a0: 49ba a034 | f1e8 ee7a | 0000 4152 

  0x00007aeee8f134ac: ;   {runtime_call DeoptimizationBlob}
  0x00007aeee8f134ac: e9af c650 

  0x00007aeee8f134b0: ;   {section_word}
  0x00007aeee8f134b0: 0749 bab1 | 34f1 e8ee | 7a00 0041 

  0x00007aeee8f134bc: ;   {runtime_call DeoptimizationBlob}
  0x00007aeee8f134bc: 52e9 9ec6 | 5007 f4f4 | f4f4 f4f4 
[/MachCode]


---------------  P R O C E S S  ---------------

Threads class SMR info:
_java_thread_list=0x00007aeda400b2a0, length=46, elements={
0x00007aeefc02e530, 0x00007aeefc1491b0, 0x00007aeefc14a960, 0x00007aeefc14c390,
0x00007aeefc14dbe0, 0x00007aeefc14f390, 0x00007aeefc1510c0, 0x00007aeefc1529e0,
0x00007aeefc20eb60, 0x00007aeefc211300, 0x00007aeefc95d5f0, 0x00007aee64001930,
0x00007aeefc95ed90, 0x00007aeefc9606e0, 0x00007aeefc9613b0, 0x00007aeefc9640d0,
0x00007aeefc96cba0, 0x00007aeefc9a4ce0, 0x00007aeefc9a6060, 0x00007aeefc9b2bd0,
0x00007aee680058c0, 0x00007aee70001130, 0x00007aee68006c10, 0x00007aee68007fd0,
0x00007aee680094a0, 0x00007aee6800a980, 0x00007aeefc9bd730, 0x00007aee60022a00,
0x00007aee601a6a20, 0x00007aeefc9e1e70, 0x00007aee5404c2f0, 0x00007aeefcc4d530,
0x00007aeefccd4b40, 0x00007aeefcd0f350, 0x00007aeefcdcfa60, 0x00007aedf800a8a0,
0x00007aedf8007cd0, 0x00007aede8000f40, 0x00007aeefd00d3b0, 0x00007aeefd0110a0,
0x00007aeea4f38660, 0x00007aeea4f83cb0, 0x00007aeefd20e200, 0x00007aeefcf2ed20,
0x00007aeda4006bf0, 0x00007aeda400a0f0
}

Java Threads: ( => current thread )
=>0x00007aeefc02e530 JavaThread "main"                              [_thread_in_native, id=97604, stack(0x00007aef021c8000,0x00007aef022c8000) (1024K)]
  0x00007aeefc1491b0 JavaThread "Reference Handler"          daemon [_thread_blocked, id=97612, stack(0x00007aeee5900000,0x00007aeee5a00000) (1024K)]
  0x00007aeefc14a960 JavaThread "Finalizer"                  daemon [_thread_blocked, id=97613, stack(0x00007aeee5800000,0x00007aeee5900000) (1024K)]
  0x00007aeefc14c390 JavaThread "Signal Dispatcher"          daemon [_thread_blocked, id=97614, stack(0x00007aeee5700000,0x00007aeee5800000) (1024K)]
  0x00007aeefc14dbe0 JavaThread "Service Thread"             daemon [_thread_blocked, id=97615, stack(0x00007aeee5600000,0x00007aeee5700000) (1024K)]
  0x00007aeefc14f390 JavaThread "Monitor Deflation Thread"   daemon [_thread_blocked, id=97616, stack(0x00007aeee5500000,0x00007aeee5600000) (1024K)]
  0x00007aeefc1510c0 JavaThread "C2 CompilerThread0"         daemon [_thread_blocked, id=97617, stack(0x00007aeee5400000,0x00007aeee5500000) (1024K)]
  0x00007aeefc1529e0 JavaThread "C1 CompilerThread0"         daemon [_thread_blocked, id=97618, stack(0x00007aeee5300000,0x00007aeee5400000) (1024K)]
  0x00007aeefc20eb60 JavaThread "Notification Thread"        daemon [_thread_blocked, id=97619, stack(0x00007aeee5200000,0x00007aeee5300000) (1024K)]
  0x00007aeefc211300 JavaThread "Common-Cleaner"             daemon [_thread_blocked, id=97620, stack(0x00007aeee5100000,0x00007aeee5200000) (1024K)]
  0x00007aeefc95d5f0 JavaThread "Equinox resolver thread - Equinox Container: 395ad89f-71bd-4d6a-b04d-2fa9f8b3f6ed" daemon [_thread_blocked, id=97653, stack(0x00007aee939ca000,0x00007aee93bcb000) (2052K)]
  0x00007aee64001930 JavaThread "Equinox resolver thread - Equinox Container: 395ad89f-71bd-4d6a-b04d-2fa9f8b3f6ed" daemon [_thread_blocked, id=97654, stack(0x00007aee927c1000,0x00007aee929c2000) (2052K)]
  0x00007aeefc95ed90 JavaThread "Equinox resolver thread - Equinox Container: 395ad89f-71bd-4d6a-b04d-2fa9f8b3f6ed" daemon [_thread_blocked, id=97655, stack(0x00007aee92dc4000,0x00007aee92fc5000) (2052K)]
  0x00007aeefc9606e0 JavaThread "Equinox resolver thread - Equinox Container: 395ad89f-71bd-4d6a-b04d-2fa9f8b3f6ed" daemon [_thread_blocked, id=97656, stack(0x00007aee93dcc000,0x00007aee93fcd000) (2052K)]
  0x00007aeefc9613b0 JavaThread "Equinox resolver thread - Equinox Container: 395ad89f-71bd-4d6a-b04d-2fa9f8b3f6ed" daemon [_thread_blocked, id=97657, stack(0x00007aee929c2000,0x00007aee92bc3000) (2052K)]
  0x00007aeefc9640d0 JavaThread "Equinox resolver thread - Equinox Container: 395ad89f-71bd-4d6a-b04d-2fa9f8b3f6ed" daemon [_thread_blocked, id=97658, stack(0x00007aee92fc5000,0x00007aee931c6000) (2052K)]
  0x00007aeefc96cba0 JavaThread "Active Thread: Equinox Container: 395ad89f-71bd-4d6a-b04d-2fa9f8b3f6ed"        [_thread_blocked, id=97659, stack(0x00007aee935c8000,0x00007aee937c9000) (2052K)]
  0x00007aeefc9a4ce0 JavaThread "Framework Event Dispatcher: Equinox Container: 395ad89f-71bd-4d6a-b04d-2fa9f8b3f6ed" daemon [_thread_blocked, id=97660, stack(0x00007aee931c6000,0x00007aee933c7000) (2052K)]
  0x00007aeefc9a6060 JavaThread "Start Level: Equinox Container: 395ad89f-71bd-4d6a-b04d-2fa9f8b3f6ed" daemon [_thread_blocked, id=97661, stack(0x00007aee933c7000,0x00007aee935c8000) (2052K)]
  0x00007aeefc9b2bd0 JavaThread "Refresh Thread: Equinox Container: 395ad89f-71bd-4d6a-b04d-2fa9f8b3f6ed" daemon [_thread_blocked, id=97662, stack(0x00007aee937c9000,0x00007aee939ca000) (2052K)]
  0x00007aee680058c0 JavaThread "Equinox resolver thread - Equinox Container: 395ad89f-71bd-4d6a-b04d-2fa9f8b3f6ed" daemon [_thread_blocked, id=97663, stack(0x00007aee93bcb000,0x00007aee93dcc000) (2052K)]
  0x00007aee70001130 JavaThread "Equinox resolver thread - Equinox Container: 395ad89f-71bd-4d6a-b04d-2fa9f8b3f6ed" daemon [_thread_blocked, id=97664, stack(0x00007aee924b1000,0x00007aee925b1000) (1024K)]
  0x00007aee68006c10 JavaThread "Equinox resolver thread - Equinox Container: 395ad89f-71bd-4d6a-b04d-2fa9f8b3f6ed" daemon [_thread_blocked, id=97665, stack(0x00007aee923b1000,0x00007aee924b1000) (1024K)]
  0x00007aee68007fd0 JavaThread "Equinox resolver thread - Equinox Container: 395ad89f-71bd-4d6a-b04d-2fa9f8b3f6ed" daemon [_thread_blocked, id=97666, stack(0x00007aee922b1000,0x00007aee923b1000) (1024K)]
  0x00007aee680094a0 JavaThread "Equinox resolver thread - Equinox Container: 395ad89f-71bd-4d6a-b04d-2fa9f8b3f6ed" daemon [_thread_blocked, id=97667, stack(0x00007aee921b1000,0x00007aee922b1000) (1024K)]
  0x00007aee6800a980 JavaThread "Equinox resolver thread - Equinox Container: 395ad89f-71bd-4d6a-b04d-2fa9f8b3f6ed" daemon [_thread_blocked, id=97668, stack(0x00007aee920b1000,0x00007aee921b1000) (1024K)]
  0x00007aeefc9bd730 JavaThread "Bundle File Closer"         daemon [_thread_blocked, id=97678, stack(0x00007aee98301000,0x00007aee98502000) (2052K)]
  0x00007aee60022a00 JavaThread "SCR Component Actor"        daemon [_thread_blocked, id=97682, stack(0x00007aee915a7000,0x00007aee916a7000) (1024K)]
  0x00007aee601a6a20 JavaThread "EMF Reference Cleaner"      daemon [_thread_blocked, id=97684, stack(0x00007aee914a7000,0x00007aee915a7000) (1024K)]
  0x00007aeefc9e1e70 JavaThread "Gogo shell"                        [_thread_blocked, id=97685, stack(0x00007aee913a7000,0x00007aee914a7000) (1024K)]
  0x00007aee5404c2f0 JavaThread "Worker-JM"                         [_thread_blocked, id=97688, stack(0x00007aee912a7000,0x00007aee913a7000) (1024K)]
  0x00007aeefcc4d530 JavaThread "Worker-0"                          [_thread_blocked, id=97689, stack(0x00007aee911a7000,0x00007aee912a7000) (1024K)]
  0x00007aeefccd4b40 JavaThread "Java2D Disposer"            daemon [_thread_blocked, id=97690, stack(0x00007aee90ba6000,0x00007aee90ca6000) (1024K)]
  0x00007aeefcd0f350 JavaThread "AWT-XAWT"                   daemon [_thread_in_native, id=97691, stack(0x00007aee90aa6000,0x00007aee90ba6000) (1024K)]
  0x00007aeefcdcfa60 JavaThread "Database navigator events processor"        [_thread_blocked, id=97692, stack(0x00007aee909a6000,0x00007aee90aa6000) (1024K)]
  0x00007aedf800a8a0 JavaThread "Worker-2"                          [_thread_blocked, id=97693, stack(0x00007aee908a6000,0x00007aee909a6000) (1024K)]
  0x00007aedf8007cd0 JavaThread "Worker-3"                          [_thread_blocked, id=97699, stack(0x00007aee9047a000,0x00007aee9057a000) (1024K)]
  0x00007aede8000f40 JavaThread "Worker-4"                          [_thread_blocked, id=97700, stack(0x00007aee9037a000,0x00007aee9047a000) (1024K)]
  0x00007aeefd00d3b0 JavaThread "idle-timeout-task"          daemon [_thread_blocked, id=97703, stack(0x00007aeee5000000,0x00007aeee5100000) (1024K)]
  0x00007aeefd0110a0 JavaThread "HTTP-Dispatcher"                   [_thread_in_native, id=97704, stack(0x00007aee9027a000,0x00007aee9037a000) (1024K)]
  0x00007aeea4f38660 JavaThread "C2 CompilerThread1"         daemon [_thread_blocked, id=97705, stack(0x00007aee9017a000,0x00007aee9027a000) (1024K)]
  0x00007aeea4f83cb0 JavaThread "C2 CompilerThread2"         daemon [_thread_blocked, id=97707, stack(0x00007aee92bc3000,0x00007aee92dc4000) (2052K)]
  0x00007aeefd20e200 JavaThread "SWTResourceTracker"         daemon [_thread_blocked, id=97708, stack(0x00007aee9007a000,0x00007aee9017a000) (1024K)]
  0x00007aeefcf2ed20 JavaThread "EventAdmin Async Event Dispatcher Thread" daemon [_thread_blocked, id=97759, stack(0x00007aede1f77000,0x00007aede2178000) (2052K)]
  0x00007aeda4006bf0 JavaThread "pool-2-thread-1"                   [_thread_blocked, id=97760, stack(0x00007aed8bdff000,0x00007aed8c000000) (2052K)]
  0x00007aeda400a0f0 JavaThread "pool-3-thread-1"                   [_thread_blocked, id=97761, stack(0x00007aede1d76000,0x00007aede1f77000) (2052K)]
Total: 46

Other Threads:
  0x00007aeefc113540 VMThread "VM Thread"                           [id=97611, stack(0x00007aeee5d00000,0x00007aeee5e00000) (1024K)]
  0x00007aeefc0d7920 WatcherThread "VM Periodic Task Thread"        [id=97610, stack(0x00007aef00071000,0x00007aef00171000) (1024K)]
  0x00007aeefc071b60 WorkerThread "GC Thread#0"                     [id=97605, stack(0x00007aef014e8000,0x00007aef015e8000) (1024K)]
  0x00007aeecc0084e0 WorkerThread "GC Thread#1"                     [id=97669, stack(0x00007aee91fb1000,0x00007aee920b1000) (1024K)]
  0x00007aeecc009290 WorkerThread "GC Thread#2"                     [id=97670, stack(0x00007aee91eb0000,0x00007aee91fb0000) (1024K)]
  0x00007aeecc00a440 WorkerThread "GC Thread#3"                     [id=97671, stack(0x00007aee91daf000,0x00007aee91eaf000) (1024K)]
  0x00007aeecc010b30 WorkerThread "GC Thread#4"                     [id=97672, stack(0x00007aee91cae000,0x00007aee91dae000) (1024K)]
  0x00007aeecc011750 WorkerThread "GC Thread#5"                     [id=97673, stack(0x00007aee91bad000,0x00007aee91cad000) (1024K)]
  0x00007aeecc012500 WorkerThread "GC Thread#6"                     [id=97674, stack(0x00007aee91aac000,0x00007aee91bac000) (1024K)]
  0x00007aeecc0132b0 WorkerThread "GC Thread#7"                     [id=97675, stack(0x00007aee919ab000,0x00007aee91aab000) (1024K)]
  0x00007aeecc014080 WorkerThread "GC Thread#8"                     [id=97676, stack(0x00007aee918aa000,0x00007aee919aa000) (1024K)]
  0x00007aeecc015270 WorkerThread "GC Thread#9"                     [id=97677, stack(0x00007aee917a9000,0x00007aee918a9000) (1024K)]
  0x00007aeefc07f410 ConcurrentGCThread "G1 Main Marker"            [id=97606, stack(0x00007aef00f00000,0x00007aef01000000) (1024K)]
  0x00007aeefc0805e0 WorkerThread "G1 Conc#0"                       [id=97607, stack(0x00007aef00dff000,0x00007aef00eff000) (1024K)]
  0x00007aeed8000ce0 WorkerThread "G1 Conc#1"                       [id=97680, stack(0x00007aee98503000,0x00007aee98703000) (2048K)]
  0x00007aeed80018c0 WorkerThread "G1 Conc#2"                       [id=97681, stack(0x00007aee916a8000,0x00007aee917a8000) (1024K)]
  0x00007aeefc0ca620 ConcurrentGCThread "G1 Refine#0"               [id=97608, stack(0x00007aef002f4000,0x00007aef003f4000) (1024K)]
  0x00007aeefc0cb810 ConcurrentGCThread "G1 Service"                [id=97609, stack(0x00007aef001f3000,0x00007aef002f3000) (1024K)]
Total: 18

Threads with active compile tasks:
Total: 0

VM state: not at safepoint (normal execution)

VM Mutex/Monitor currently owned by a thread: None

Heap address: 0x00000000c0000000, size: 1024 MB, Compressed Oops mode: 32-bit

CDS archive(s) not mapped
Compressed class space mapped at: 0x000000004e000000-0x000000008e000000, reserved size: 1073741824
UseCompressedClassPointers 1, UseCompactObjectHeaders 0
Narrow klass pointer bits 32, Max shift 3
Narrow klass base: 0x0000000000000000, Narrow klass shift: 0
Encoding Range: [0x0000000000000000 - 0x0000000100000000), (4294967296 bytes)
Klass Range:    [0x000000004e000000 - 0x000000008e000000), (1073741824 bytes)
Klass ID Range:  [1308622848 - 2382364665) (1073741817)
No protection zone.

GC Precious Log:
 CardTable entry size: 512
 Card Set container configuration: InlinePtr #cards 5 size 8 Array Of Cards #cards 10 size 36 Howl #buckets 4 coarsen threshold 1843 Howl Bitmap #cards 512 size 80 coarsen threshold 460 Card regions per heap region 1 cards per card region 2048
 CPUs: 12 total, 12 available
 Memory: 15415M
 Large Page Support: Disabled
 NUMA Support: Disabled
 Compressed Oops: Enabled (32-bit)
 Heap Region Size: 1M
 Heap Min Capacity: 64M
 Heap Initial Capacity: 64M
 Heap Max Capacity: 1G
 Pre-touch: Disabled
 Parallel Workers: 10
 Concurrent Workers: 3
 Concurrent Refinement Workers: 10
 Periodic GC: Disabled

Heap:
 garbage-first heap   total reserved 1048576K, committed 130048K, used 78519K [0x00000000c0000000, 0x0000000100000000)
  region size 1024K, 38 young (38912K), 2 survivors (2048K)

Heap Regions: E=young(eden), S=young(survivor), O=old, HS=humongous(starts), HC=humongous(continues), CS=collection set, F=free, TAMS=top-at-mark-start, PB=parsable bottom
|   0|0x00000000c0000000, 0x00000000c0100000, 0x00000000c0100000|100%| O|  |TAMS 0x00000000c0000000| PB 0x00000000c0000000| Untracked |  0
|   1|0x00000000c0100000, 0x00000000c0200000, 0x00000000c0200000|100%| O|  |TAMS 0x00000000c0100000| PB 0x00000000c0100000| Untracked |  0
|   2|0x00000000c0200000, 0x00000000c0300000, 0x00000000c0300000|100%| O|  |TAMS 0x00000000c0200000| PB 0x00000000c0200000| Untracked |  0
|   3|0x00000000c0300000, 0x00000000c0400000, 0x00000000c0400000|100%| O|  |TAMS 0x00000000c0300000| PB 0x00000000c0300000| Untracked |  0
|   4|0x00000000c0400000, 0x00000000c0500000, 0x00000000c0500000|100%| O|  |TAMS 0x00000000c0400000| PB 0x00000000c0400000| Untracked |  0
|   5|0x00000000c0500000, 0x00000000c0600000, 0x00000000c0600000|100%| O|  |TAMS 0x00000000c0500000| PB 0x00000000c0500000| Untracked |  0
|   6|0x00000000c0600000, 0x00000000c0700000, 0x00000000c0700000|100%| O|  |TAMS 0x00000000c0600000| PB 0x00000000c0600000| Untracked |  0
|   7|0x00000000c0700000, 0x00000000c0800000, 0x00000000c0800000|100%| O|  |TAMS 0x00000000c0700000| PB 0x00000000c0700000| Untracked |  0
|   8|0x00000000c0800000, 0x00000000c0900000, 0x00000000c0900000|100%| O|  |TAMS 0x00000000c0800000| PB 0x00000000c0800000| Untracked |  0
|   9|0x00000000c0900000, 0x00000000c0a00000, 0x00000000c0a00000|100%| O|  |TAMS 0x00000000c0900000| PB 0x00000000c0900000| Untracked |  0
|  10|0x00000000c0a00000, 0x00000000c0b00000, 0x00000000c0b00000|100%| O|Cm|TAMS 0x00000000c0a00000| PB 0x00000000c0a00000| Complete |  0
|  11|0x00000000c0b00000, 0x00000000c0c00000, 0x00000000c0c00000|100%|HS|  |TAMS 0x00000000c0b00000| PB 0x00000000c0b00000| Complete |  0
|  12|0x00000000c0c00000, 0x00000000c0d00000, 0x00000000c0d00000|100%| O|  |TAMS 0x00000000c0c00000| PB 0x00000000c0c00000| Untracked |  0
|  13|0x00000000c0d00000, 0x00000000c0e00000, 0x00000000c0e00000|100%| O|  |TAMS 0x00000000c0d00000| PB 0x00000000c0d00000| Untracked |  0
|  14|0x00000000c0e00000, 0x00000000c0f00000, 0x00000000c0f00000|100%| O|  |TAMS 0x00000000c0e00000| PB 0x00000000c0e00000| Untracked |  0
|  15|0x00000000c0f00000, 0x00000000c1000000, 0x00000000c1000000|100%| O|  |TAMS 0x00000000c0f00000| PB 0x00000000c0f00000| Untracked |  0
|  16|0x00000000c1000000, 0x00000000c1100000, 0x00000000c1100000|100%| O|  |TAMS 0x00000000c1000000| PB 0x00000000c1000000| Untracked |  0
|  17|0x00000000c1100000, 0x00000000c1200000, 0x00000000c1200000|100%|HS|  |TAMS 0x00000000c1100000| PB 0x00000000c1100000| Complete |  0
|  18|0x00000000c1200000, 0x00000000c1300000, 0x00000000c1300000|100%| O|  |TAMS 0x00000000c1200000| PB 0x00000000c1200000| Untracked |  0
|  19|0x00000000c1300000, 0x00000000c1400000, 0x00000000c1400000|100%| O|  |TAMS 0x00000000c1300000| PB 0x00000000c1300000| Untracked |  0
|  20|0x00000000c1400000, 0x00000000c1500000, 0x00000000c1500000|100%| O|Cm|TAMS 0x00000000c1400000| PB 0x00000000c1400000| Complete |  0
|  21|0x00000000c1500000, 0x00000000c1600000, 0x00000000c1600000|100%| O|  |TAMS 0x00000000c1500000| PB 0x00000000c1500000| Untracked |  0
|  22|0x00000000c1600000, 0x00000000c1700000, 0x00000000c1700000|100%| O|  |TAMS 0x00000000c1600000| PB 0x00000000c1600000| Untracked |  0
|  23|0x00000000c1700000, 0x00000000c1800000, 0x00000000c1800000|100%| O|  |TAMS 0x00000000c1700000| PB 0x00000000c1700000| Untracked |  0
|  24|0x00000000c1800000, 0x00000000c1900000, 0x00000000c1900000|100%| O|  |TAMS 0x00000000c1800000| PB 0x00000000c1800000| Untracked |  0
|  25|0x00000000c1900000, 0x00000000c1a00000, 0x00000000c1a00000|100%| O|  |TAMS 0x00000000c1900000| PB 0x00000000c1900000| Untracked |  0
|  26|0x00000000c1a00000, 0x00000000c1b00000, 0x00000000c1b00000|100%| O|  |TAMS 0x00000000c1a00000| PB 0x00000000c1a00000| Untracked |  0
|  27|0x00000000c1b00000, 0x00000000c1b82920, 0x00000000c1c00000| 51%| O|  |TAMS 0x00000000c1b00000| PB 0x00000000c1b00000| Untracked |  0
|  28|0x00000000c1c00000, 0x00000000c1d00000, 0x00000000c1d00000|100%|HS|  |TAMS 0x00000000c1c00000| PB 0x00000000c1c00000| Complete |  0
|  29|0x00000000c1d00000, 0x00000000c1e00000, 0x00000000c1e00000|100%|HS|  |TAMS 0x00000000c1d00000| PB 0x00000000c1d00000| Complete |  0
|  30|0x00000000c1e00000, 0x00000000c1f00000, 0x00000000c1f00000|100%|HS|  |TAMS 0x00000000c1e00000| PB 0x00000000c1e00000| Complete |  0
|  31|0x00000000c1f00000, 0x00000000c1f00000, 0x00000000c2000000|  0%| F|  |TAMS 0x00000000c1f00000| PB 0x00000000c1f00000| Untracked |  0
|  32|0x00000000c2000000, 0x00000000c2000000, 0x00000000c2100000|  0%| F|  |TAMS 0x00000000c2000000| PB 0x00000000c2000000| Untracked |  0
|  33|0x00000000c2100000, 0x00000000c2100000, 0x00000000c2200000|  0%| F|  |TAMS 0x00000000c2100000| PB 0x00000000c2100000| Untracked |  0
|  34|0x00000000c2200000, 0x00000000c2200000, 0x00000000c2300000|  0%| F|  |TAMS 0x00000000c2200000| PB 0x00000000c2200000| Untracked |  0
|  35|0x00000000c2300000, 0x00000000c2300000, 0x00000000c2400000|  0%| F|  |TAMS 0x00000000c2300000| PB 0x00000000c2300000| Untracked |  0
|  36|0x00000000c2400000, 0x00000000c2400000, 0x00000000c2500000|  0%| F|  |TAMS 0x00000000c2400000| PB 0x00000000c2400000| Untracked |  0
|  37|0x00000000c2500000, 0x00000000c2500000, 0x00000000c2600000|  0%| F|  |TAMS 0x00000000c2500000| PB 0x00000000c2500000| Untracked |  0
|  38|0x00000000c2600000, 0x00000000c2600000, 0x00000000c2700000|  0%| F|  |TAMS 0x00000000c2600000| PB 0x00000000c2600000| Untracked |  0
|  39|0x00000000c2700000, 0x00000000c2700000, 0x00000000c2800000|  0%| F|  |TAMS 0x00000000c2700000| PB 0x00000000c2700000| Untracked |  0
|  40|0x00000000c2800000, 0x00000000c2800000, 0x00000000c2900000|  0%| F|  |TAMS 0x00000000c2800000| PB 0x00000000c2800000| Untracked |  0
|  41|0x00000000c2900000, 0x00000000c2a00000, 0x00000000c2a00000|100%| O|  |TAMS 0x00000000c2900000| PB 0x00000000c2900000| Untracked |  0
|  42|0x00000000c2a00000, 0x00000000c2a00000, 0x00000000c2b00000|  0%| F|  |TAMS 0x00000000c2a00000| PB 0x00000000c2a00000| Untracked |  0
|  43|0x00000000c2b00000, 0x00000000c2b00000, 0x00000000c2c00000|  0%| F|  |TAMS 0x00000000c2b00000| PB 0x00000000c2b00000| Untracked |  0
|  44|0x00000000c2c00000, 0x00000000c2c00000, 0x00000000c2d00000|  0%| F|  |TAMS 0x00000000c2c00000| PB 0x00000000c2c00000| Untracked |  0
|  45|0x00000000c2d00000, 0x00000000c2d00000, 0x00000000c2e00000|  0%| F|  |TAMS 0x00000000c2d00000| PB 0x00000000c2d00000| Untracked |  0
|  46|0x00000000c2e00000, 0x00000000c2e00000, 0x00000000c2f00000|  0%| F|  |TAMS 0x00000000c2e00000| PB 0x00000000c2e00000| Untracked |  0
|  47|0x00000000c2f00000, 0x00000000c2f00000, 0x00000000c3000000|  0%| F|  |TAMS 0x00000000c2f00000| PB 0x00000000c2f00000| Untracked |  0
|  48|0x00000000c3000000, 0x00000000c3000000, 0x00000000c3100000|  0%| F|  |TAMS 0x00000000c3000000| PB 0x00000000c3000000| Untracked |  0
|  49|0x00000000c3100000, 0x00000000c3200000, 0x00000000c3200000|100%| O|  |TAMS 0x00000000c3100000| PB 0x00000000c3100000| Untracked |  0
|  50|0x00000000c3200000, 0x00000000c3200000, 0x00000000c3300000|  0%| F|  |TAMS 0x00000000c3200000| PB 0x00000000c3200000| Untracked |  0
|  51|0x00000000c3300000, 0x00000000c3300000, 0x00000000c3400000|  0%| F|  |TAMS 0x00000000c3300000| PB 0x00000000c3300000| Untracked |  0
|  52|0x00000000c3400000, 0x00000000c3400000, 0x00000000c3500000|  0%| F|  |TAMS 0x00000000c3400000| PB 0x00000000c3400000| Untracked |  0
|  53|0x00000000c3500000, 0x00000000c3500000, 0x00000000c3600000|  0%| F|  |TAMS 0x00000000c3500000| PB 0x00000000c3500000| Untracked |  0
|  54|0x00000000c3600000, 0x00000000c3600000, 0x00000000c3700000|  0%| F|  |TAMS 0x00000000c3600000| PB 0x00000000c3600000| Untracked |  0
|  55|0x00000000c3700000, 0x00000000c3700000, 0x00000000c3800000|  0%| F|  |TAMS 0x00000000c3700000| PB 0x00000000c3700000| Untracked |  0
|  56|0x00000000c3800000, 0x00000000c3900000, 0x00000000c3900000|100%| O|  |TAMS 0x00000000c3800000| PB 0x00000000c3800000| Untracked |  0
|  57|0x00000000c3900000, 0x00000000c3a00000, 0x00000000c3a00000|100%| O|  |TAMS 0x00000000c3900000| PB 0x00000000c3900000| Untracked |  0
|  58|0x00000000c3a00000, 0x00000000c3b00000, 0x00000000c3b00000|100%| O|  |TAMS 0x00000000c3a00000| PB 0x00000000c3a00000| Untracked |  0
|  59|0x00000000c3b00000, 0x00000000c3c00000, 0x00000000c3c00000|100%| O|  |TAMS 0x00000000c3b00000| PB 0x00000000c3b00000| Untracked |  0
|  60|0x00000000c3c00000, 0x00000000c3d00000, 0x00000000c3d00000|100%| O|  |TAMS 0x00000000c3c00000| PB 0x00000000c3c00000| Untracked |  0
|  61|0x00000000c3d00000, 0x00000000c3e00000, 0x00000000c3e00000|100%| O|  |TAMS 0x00000000c3d00000| PB 0x00000000c3d00000| Untracked |  0
|  62|0x00000000c3e00000, 0x00000000c3f00000, 0x00000000c3f00000|100%| O|  |TAMS 0x00000000c3e00000| PB 0x00000000c3e00000| Untracked |  0
|  63|0x00000000c3f00000, 0x00000000c3fa9880, 0x00000000c4000000| 66%| O|  |TAMS 0x00000000c3f00000| PB 0x00000000c3f00000| Untracked |  0
|  64|0x00000000c4000000, 0x00000000c4000000, 0x00000000c4100000|  0%| F|  |TAMS 0x00000000c4000000| PB 0x00000000c4000000| Untracked |  0
|  65|0x00000000c4100000, 0x00000000c4100000, 0x00000000c4200000|  0%| F|  |TAMS 0x00000000c4100000| PB 0x00000000c4100000| Untracked |  0
|  66|0x00000000c4200000, 0x00000000c4200000, 0x00000000c4300000|  0%| F|  |TAMS 0x00000000c4200000| PB 0x00000000c4200000| Untracked |  0
|  67|0x00000000c4300000, 0x00000000c4300000, 0x00000000c4400000|  0%| F|  |TAMS 0x00000000c4300000| PB 0x00000000c4300000| Untracked |  0
|  68|0x00000000c4400000, 0x00000000c4400000, 0x00000000c4500000|  0%| F|  |TAMS 0x00000000c4400000| PB 0x00000000c4400000| Untracked |  0
|  69|0x00000000c4500000, 0x00000000c4500000, 0x00000000c4600000|  0%| F|  |TAMS 0x00000000c4500000| PB 0x00000000c4500000| Untracked |  0
|  70|0x00000000c4600000, 0x00000000c4600000, 0x00000000c4700000|  0%| F|  |TAMS 0x00000000c4600000| PB 0x00000000c4600000| Untracked |  0
|  71|0x00000000c4700000, 0x00000000c4700000, 0x00000000c4800000|  0%| F|  |TAMS 0x00000000c4700000| PB 0x00000000c4700000| Untracked |  0
|  72|0x00000000c4800000, 0x00000000c4800000, 0x00000000c4900000|  0%| F|  |TAMS 0x00000000c4800000| PB 0x00000000c4800000| Untracked |  0
|  73|0x00000000c4900000, 0x00000000c4900000, 0x00000000c4a00000|  0%| F|  |TAMS 0x00000000c4900000| PB 0x00000000c4900000| Untracked |  0
|  74|0x00000000c4a00000, 0x00000000c4a00000, 0x00000000c4b00000|  0%| F|  |TAMS 0x00000000c4a00000| PB 0x00000000c4a00000| Untracked |  0
|  75|0x00000000c4b00000, 0x00000000c4b00000, 0x00000000c4c00000|  0%| F|  |TAMS 0x00000000c4b00000| PB 0x00000000c4b00000| Untracked |  0
|  76|0x00000000c4c00000, 0x00000000c4c00000, 0x00000000c4d00000|  0%| F|  |TAMS 0x00000000c4c00000| PB 0x00000000c4c00000| Untracked |  0
|  77|0x00000000c4d00000, 0x00000000c4d00000, 0x00000000c4e00000|  0%| F|  |TAMS 0x00000000c4d00000| PB 0x00000000c4d00000| Untracked |  0
|  78|0x00000000c4e00000, 0x00000000c4e00000, 0x00000000c4f00000|  0%| F|  |TAMS 0x00000000c4e00000| PB 0x00000000c4e00000| Untracked |  0
|  79|0x00000000c4f00000, 0x00000000c4f00000, 0x00000000c5000000|  0%| F|  |TAMS 0x00000000c4f00000| PB 0x00000000c4f00000| Untracked |  0
|  80|0x00000000c5000000, 0x00000000c5000000, 0x00000000c5100000|  0%| F|  |TAMS 0x00000000c5000000| PB 0x00000000c5000000| Untracked |  0
|  81|0x00000000c5100000, 0x00000000c5100000, 0x00000000c5200000|  0%| F|  |TAMS 0x00000000c5100000| PB 0x00000000c5100000| Untracked |  0
|  82|0x00000000c5200000, 0x00000000c5200000, 0x00000000c5300000|  0%| F|  |TAMS 0x00000000c5200000| PB 0x00000000c5200000| Untracked |  0
|  83|0x00000000c5300000, 0x00000000c5300000, 0x00000000c5400000|  0%| F|  |TAMS 0x00000000c5300000| PB 0x00000000c5300000| Untracked |  0
|  84|0x00000000c5400000, 0x00000000c5400000, 0x00000000c5500000|  0%| F|  |TAMS 0x00000000c5400000| PB 0x00000000c5400000| Untracked |  0
|  85|0x00000000c5500000, 0x00000000c5500000, 0x00000000c5600000|  0%| F|  |TAMS 0x00000000c5500000| PB 0x00000000c5500000| Untracked |  0
|  86|0x00000000c5600000, 0x00000000c5600000, 0x00000000c5700000|  0%| F|  |TAMS 0x00000000c5600000| PB 0x00000000c5600000| Untracked |  0
|  87|0x00000000c5700000, 0x00000000c5700000, 0x00000000c5800000|  0%| F|  |TAMS 0x00000000c5700000| PB 0x00000000c5700000| Untracked |  0
|  88|0x00000000c5800000, 0x00000000c5800000, 0x00000000c5900000|  0%| F|  |TAMS 0x00000000c5800000| PB 0x00000000c5800000| Untracked |  0
|  89|0x00000000c5900000, 0x00000000c5980000, 0x00000000c5a00000| 50%| E|  |TAMS 0x00000000c5900000| PB 0x00000000c5900000| Complete |  0
|  90|0x00000000c5a00000, 0x00000000c5b00000, 0x00000000c5b00000|100%| E|CS|TAMS 0x00000000c5a00000| PB 0x00000000c5a00000| Complete |  0
|  91|0x00000000c5b00000, 0x00000000c5c00000, 0x00000000c5c00000|100%| E|CS|TAMS 0x00000000c5b00000| PB 0x00000000c5b00000| Complete |  0
|  92|0x00000000c5c00000, 0x00000000c5d00000, 0x00000000c5d00000|100%| E|CS|TAMS 0x00000000c5c00000| PB 0x00000000c5c00000| Complete |  0
|  93|0x00000000c5d00000, 0x00000000c5e00000, 0x00000000c5e00000|100%| E|CS|TAMS 0x00000000c5d00000| PB 0x00000000c5d00000| Complete |  0
|  94|0x00000000c5e00000, 0x00000000c5f00000, 0x00000000c5f00000|100%| E|CS|TAMS 0x00000000c5e00000| PB 0x00000000c5e00000| Complete |  0
|  95|0x00000000c5f00000, 0x00000000c6000000, 0x00000000c6000000|100%| E|CS|TAMS 0x00000000c5f00000| PB 0x00000000c5f00000| Complete |  0
|  96|0x00000000c6000000, 0x00000000c6100000, 0x00000000c6100000|100%| E|CS|TAMS 0x00000000c6000000| PB 0x00000000c6000000| Complete |  0
|  97|0x00000000c6100000, 0x00000000c6200000, 0x00000000c6200000|100%| E|CS|TAMS 0x00000000c6100000| PB 0x00000000c6100000| Complete |  0
|  98|0x00000000c6200000, 0x00000000c6300000, 0x00000000c6300000|100%| E|CS|TAMS 0x00000000c6200000| PB 0x00000000c6200000| Complete |  0
|  99|0x00000000c6300000, 0x00000000c6400000, 0x00000000c6400000|100%| E|CS|TAMS 0x00000000c6300000| PB 0x00000000c6300000| Complete |  0
| 100|0x00000000c6400000, 0x00000000c6500000, 0x00000000c6500000|100%| E|CS|TAMS 0x00000000c6400000| PB 0x00000000c6400000| Complete |  0
| 101|0x00000000c6500000, 0x00000000c6600000, 0x00000000c6600000|100%| E|CS|TAMS 0x00000000c6500000| PB 0x00000000c6500000| Complete |  0
| 102|0x00000000c6600000, 0x00000000c6700000, 0x00000000c6700000|100%| E|CS|TAMS 0x00000000c6600000| PB 0x00000000c6600000| Complete |  0
| 103|0x00000000c6700000, 0x00000000c6800000, 0x00000000c6800000|100%| E|CS|TAMS 0x00000000c6700000| PB 0x00000000c6700000| Complete |  0
| 104|0x00000000c6800000, 0x00000000c6900000, 0x00000000c6900000|100%| E|CS|TAMS 0x00000000c6800000| PB 0x00000000c6800000| Complete |  0
| 105|0x00000000c6900000, 0x00000000c6a00000, 0x00000000c6a00000|100%| E|CS|TAMS 0x00000000c6900000| PB 0x00000000c6900000| Complete |  0
| 106|0x00000000c6a00000, 0x00000000c6b00000, 0x00000000c6b00000|100%| E|CS|TAMS 0x00000000c6a00000| PB 0x00000000c6a00000| Complete |  0
| 107|0x00000000c6b00000, 0x00000000c6c00000, 0x00000000c6c00000|100%| E|CS|TAMS 0x00000000c6b00000| PB 0x00000000c6b00000| Complete |  0
| 108|0x00000000c6c00000, 0x00000000c6d00000, 0x00000000c6d00000|100%| E|CS|TAMS 0x00000000c6c00000| PB 0x00000000c6c00000| Complete |  0
| 109|0x00000000c6d00000, 0x00000000c6e00000, 0x00000000c6e00000|100%| E|CS|TAMS 0x00000000c6d00000| PB 0x00000000c6d00000| Complete |  0
| 110|0x00000000c6e00000, 0x00000000c6f00000, 0x00000000c6f00000|100%| E|CS|TAMS 0x00000000c6e00000| PB 0x00000000c6e00000| Complete |  0
| 111|0x00000000c6f00000, 0x00000000c7000000, 0x00000000c7000000|100%| E|CS|TAMS 0x00000000c6f00000| PB 0x00000000c6f00000| Complete |  0
| 112|0x00000000c7000000, 0x00000000c7100000, 0x00000000c7100000|100%| E|CS|TAMS 0x00000000c7000000| PB 0x00000000c7000000| Complete |  0
| 113|0x00000000c7100000, 0x00000000c7200000, 0x00000000c7200000|100%| E|CS|TAMS 0x00000000c7100000| PB 0x00000000c7100000| Complete |  0
| 114|0x00000000c7200000, 0x00000000c7300000, 0x00000000c7300000|100%| E|CS|TAMS 0x00000000c7200000| PB 0x00000000c7200000| Complete |  0
| 115|0x00000000c7300000, 0x00000000c7400000, 0x00000000c7400000|100%| E|CS|TAMS 0x00000000c7300000| PB 0x00000000c7300000| Complete |  0
| 116|0x00000000c7400000, 0x00000000c7500000, 0x00000000c7500000|100%| E|CS|TAMS 0x00000000c7400000| PB 0x00000000c7400000| Complete |  0
| 117|0x00000000c7500000, 0x00000000c7600000, 0x00000000c7600000|100%| E|CS|TAMS 0x00000000c7500000| PB 0x00000000c7500000| Complete |  0
| 118|0x00000000c7600000, 0x00000000c7700000, 0x00000000c7700000|100%| E|CS|TAMS 0x00000000c7600000| PB 0x00000000c7600000| Complete |  0
| 119|0x00000000c7700000, 0x00000000c7800000, 0x00000000c7800000|100%| E|CS|TAMS 0x00000000c7700000| PB 0x00000000c7700000| Complete |  0
| 120|0x00000000c7800000, 0x00000000c7900000, 0x00000000c7900000|100%| E|CS|TAMS 0x00000000c7800000| PB 0x00000000c7800000| Complete |  0
| 121|0x00000000c7900000, 0x00000000c7a00000, 0x00000000c7a00000|100%| E|CS|TAMS 0x00000000c7900000| PB 0x00000000c7900000| Complete |  0
| 122|0x00000000c7a00000, 0x00000000c7a81dd0, 0x00000000c7b00000| 50%| S|CS|TAMS 0x00000000c7a00000| PB 0x00000000c7a00000| Complete |  0
| 123|0x00000000c7b00000, 0x00000000c7c00000, 0x00000000c7c00000|100%| S|CS|TAMS 0x00000000c7b00000| PB 0x00000000c7b00000| Complete |  0
| 124|0x00000000c7c00000, 0x00000000c7d00000, 0x00000000c7d00000|100%| E|CS|TAMS 0x00000000c7c00000| PB 0x00000000c7c00000| Complete |  0
| 125|0x00000000c7d00000, 0x00000000c7e00000, 0x00000000c7e00000|100%| E|CS|TAMS 0x00000000c7d00000| PB 0x00000000c7d00000| Complete |  0
| 127|0x00000000c7f00000, 0x00000000c8000000, 0x00000000c8000000|100%| E|CS|TAMS 0x00000000c7f00000| PB 0x00000000c7f00000| Complete |  0

Card table byte_map: [0x00007aef01000000,0x00007aef01200000] _byte_map_base: 0x00007aef00a00000

Marking Bits: (CMBitMap*) 0x00007aeefc0728b0
 Bits: [0x00007aeee7e00000, 0x00007aeee8e00000)

Polling page: 0x00007aef03ee2000

Metaspace:
Metaspace        used 54745K, committed 56064K, reserved 1114112K
 class space     used 6435K, committed 6976K, reserved 1048576K

Usage:
  Non-class:     47,18 MB used.
      Class:      6,29 MB used.
       Both:     53,46 MB used.

Virtual space:
  Non-class space:       64,00 MB reserved,      47,94 MB ( 75%) committed,  1 nodes.
      Class space:        1,00 GB reserved,       6,81 MB ( <1%) committed,  1 nodes.
             Both:        1,06 GB reserved,      54,75 MB (  5%) committed. 

Chunk freelists:
   Non-Class:  15,23 MB
       Class:  9,12 MB
        Both:  24,36 MB

MaxMetaspaceSize: unlimited
CompressedClassSpaceSize: 1,00 GB
Initial GC threshold: 21,00 MB
Current GC threshold: 81,19 MB
CDS: off
 - commit_granule_bytes: 65536.
 - commit_granule_words: 8192.
 - virtual_space_node_default_size: 8388608.
 - enlarge_chunks_in_place: 1.
UseCompressedClassPointers 1, UseCompactObjectHeaders 0
Narrow klass pointer bits 32, Max shift 3
Narrow klass base: 0x0000000000000000, Narrow klass shift: 0
Encoding Range: [0x0000000000000000 - 0x0000000100000000), (4294967296 bytes)
Klass Range:    [0x000000004e000000 - 0x000000008e000000), (1073741824 bytes)
Klass ID Range:  [1308622848 - 2382364665) (1073741817)
No protection zone.


Internal statistics:

num_allocs_failed_limit: 6.
num_arena_births: 620.
num_arena_deaths: 0.
num_vsnodes_births: 2.
num_vsnodes_deaths: 0.
num_space_committed: 876.
num_space_uncommitted: 0.
num_chunks_returned_to_freelist: 6.
num_chunks_taken_from_freelist: 2661.
num_chunk_merges: 3.
num_chunk_splits: 1664.
num_chunks_enlarged: 1020.
num_inconsistent_stats: 0.

CodeHeap 'non-profiled nmethods': size=120032Kb used=3039Kb max_used=3039Kb free=116992Kb
 bounds [0x00007aeef0961000, 0x00007aeef0c61000, 0x00007aeef7e99000]
CodeHeap 'profiled nmethods': size=120032Kb used=9344Kb max_used=9344Kb free=110687Kb
 bounds [0x00007aeee8e97000, 0x00007aeee97c7000, 0x00007aeef03cf000]
CodeHeap 'non-nmethods': size=5704Kb used=1884Kb max_used=2037Kb free=3819Kb
 bounds [0x00007aeef03cf000, 0x00007aeef063f000, 0x00007aeef0961000]
CodeCache: size=245768Kb, used=14267Kb, max_used=14420Kb, free=231498Kb
 total_blobs=7072, nmethods=6175, adapters=798, full_count=0
Compilation: enabled, stopped_count=0, restarted_count=0

Compilation events (20 events):
Event: 6,365 Thread 0x00007aeefc1529e0 nmethod 6987 0x00007aeee97b3788 code [0x00007aeee97b3880, 0x00007aeee97b3aa8]
Event: 6,365 Thread 0x00007aeefc1529e0 6992   !   3       jdk.internal.loader.AbstractClassLoaderValue::computeIfAbsent (113 bytes)
Event: 6,366 Thread 0x00007aeefc1529e0 nmethod 6992 0x00007aeee97b3b08 code [0x00007aeee97b3c00, 0x00007aeee97b4b20]
Event: 6,366 Thread 0x00007aeefc1529e0 6990       3       jdk.internal.loader.AbstractClassLoaderValue::sub (10 bytes)
Event: 6,366 Thread 0x00007aeefc1529e0 nmethod 6990 0x00007aeee97b4b88 code [0x00007aeee97b4c80, 0x00007aeee97b5010]
Event: 6,366 Thread 0x00007aeefc1529e0 6991       3       jdk.internal.loader.AbstractClassLoaderValue$Sub::<init> (20 bytes)
Event: 6,366 Thread 0x00007aeefc1529e0 nmethod 6991 0x00007aeee97b5088 code [0x00007aeee97b5180, 0x00007aeee97b5548]
Event: 6,366 Thread 0x00007aeefc1529e0 6993       3       java.lang.Class::isAnnotation (17 bytes)
Event: 6,367 Thread 0x00007aeefc1529e0 nmethod 6993 0x00007aeee97b5588 code [0x00007aeee97b5680, 0x00007aeee97b5860]
Event: 6,367 Thread 0x00007aeefc1529e0 6986       3       org.eclipse.e4.core.internal.di.Requestor::hashCode (80 bytes)
Event: 6,367 Thread 0x00007aeefc1529e0 nmethod 6986 0x00007aeee97b5888 code [0x00007aeee97b5980, 0x00007aeee97b6038]
Event: 6,369 Thread 0x00007aeefc1529e0 6994       3       org.eclipse.e4.core.internal.contexts.ConcurrentNeutralValueMap::get (13 bytes)
Event: 6,369 Thread 0x00007aeefc1529e0 nmethod 6994 0x00007aeee97b6088 code [0x00007aeee97b6180, 0x00007aeee97b6378]
Event: 6,369 Thread 0x00007aeefc1529e0 6995       3       org.eclipse.emf.ecore.impl.EClassImpl::getEStructuralFeature (23 bytes)
Event: 6,370 Thread 0x00007aeefc1529e0 nmethod 6995 0x00007aeee97b6388 code [0x00007aeee97b6480, 0x00007aeee97b6718]
Event: 6,370 Thread 0x00007aeefc1510c0 6996       4       org.eclipse.e4.core.internal.contexts.EclipseContext::internalGet (187 bytes)
Event: 6,372 Thread 0x00007aeefc1529e0 6997       3       org.eclipse.e4.ui.model.application.impl.ApplicationElementImpl::eIsSet (191 bytes)
Event: 6,373 Thread 0x00007aeefc1529e0 nmethod 6997 0x00007aeee97b6788 code [0x00007aeee97b6880, 0x00007aeee97b6fc8]
Event: 6,374 Thread 0x00007aeefc1529e0 6998       3       org.eclipse.swt.graphics.Point::<init> (15 bytes)
Event: 6,374 Thread 0x00007aeefc1529e0 nmethod 6998 0x00007aeee97b7008 code [0x00007aeee97b7100, 0x00007aeee97b7260]

GC Heap Usage History (20 events):
Event: 1,719 {heap Before GC invocations=4 (full 0):
 garbage-first heap   total reserved 1048576K, committed 65536K, used 43933K [0x00000000c0000000, 0x0000000100000000)
  region size 1024K, 24 young (24576K), 5 survivors (5120K)
}
Event: 1,730 {heap After GC invocations=5 (full 0):
 garbage-first heap   total reserved 1048576K, committed 65536K, used 40960K [0x00000000c0000000, 0x0000000100000000)
  region size 1024K, 3 young (3072K), 3 survivors (3072K)
}
Event: 1,759 {heap Before GC invocations=5 (full 0):
 garbage-first heap   total reserved 1048576K, committed 65536K, used 50176K [0x00000000c0000000, 0x0000000100000000)
  region size 1024K, 13 young (13312K), 3 survivors (3072K)
}
Event: 1,765 {heap After GC invocations=6 (full 0):
 garbage-first heap   total reserved 1048576K, committed 131072K, used 47104K [0x00000000c0000000, 0x0000000100000000)
  region size 1024K, 2 young (2048K), 2 survivors (2048K)
}
Event: 1,861 {heap Before GC invocations=7 (full 0):
 garbage-first heap   total reserved 1048576K, committed 131072K, used 81920K [0x00000000c0000000, 0x0000000100000000)
  region size 1024K, 36 young (36864K), 2 survivors (2048K)
}
Event: 1,869 {heap After GC invocations=8 (full 0):
 garbage-first heap   total reserved 1048576K, committed 131072K, used 55106K [0x00000000c0000000, 0x0000000100000000)
  region size 1024K, 5 young (5120K), 5 survivors (5120K)
}
Event: 2,339 {heap Before GC invocations=8 (full 0):
 garbage-first heap   total reserved 1048576K, committed 131072K, used 88898K [0x00000000c0000000, 0x0000000100000000)
  region size 1024K, 38 young (38912K), 5 survivors (5120K)
}
Event: 2,348 {heap After GC invocations=9 (full 0):
 garbage-first heap   total reserved 1048576K, committed 131072K, used 60683K [0x00000000c0000000, 0x0000000100000000)
  region size 1024K, 5 young (5120K), 5 survivors (5120K)
}
Event: 2,912 {heap Before GC invocations=9 (full 0):
 garbage-first heap   total reserved 1048576K, committed 131072K, used 93451K [0x00000000c0000000, 0x0000000100000000)
  region size 1024K, 38 young (38912K), 5 survivors (5120K)
}
Event: 2,923 {heap After GC invocations=10 (full 0):
 garbage-first heap   total reserved 1048576K, committed 131072K, used 65536K [0x00000000c0000000, 0x0000000100000000)
  region size 1024K, 5 young (5120K), 5 survivors (5120K)
}
Event: 3,739 {heap Before GC invocations=10 (full 0):
 garbage-first heap   total reserved 1048576K, committed 131072K, used 87040K [0x00000000c0000000, 0x0000000100000000)
  region size 1024K, 27 young (27648K), 5 survivors (5120K)
}
Event: 3,744 {heap After GC invocations=11 (full 0):
 garbage-first heap   total reserved 1048576K, committed 131072K, used 69879K [0x00000000c0000000, 0x0000000100000000)
  region size 1024K, 5 young (5120K), 5 survivors (5120K)
}
Event: 4,124 {heap Before GC invocations=12 (full 0):
 garbage-first heap   total reserved 1048576K, committed 130048K, used 69879K [0x00000000c0000000, 0x0000000100000000)
  region size 1024K, 36 young (36864K), 5 survivors (5120K)
}
Event: 4,129 {heap After GC invocations=13 (full 0):
 garbage-first heap   total reserved 1048576K, committed 130048K, used 41315K [0x00000000c0000000, 0x0000000100000000)
  region size 1024K, 3 young (3072K), 3 survivors (3072K)
}
Event: 4,186 {heap Before GC invocations=13 (full 0):
 garbage-first heap   total reserved 1048576K, committed 130048K, used 90467K [0x00000000c0000000, 0x0000000100000000)
  region size 1024K, 51 young (52224K), 3 survivors (3072K)
}
Event: 4,189 {heap After GC invocations=14 (full 0):
 garbage-first heap   total reserved 1048576K, committed 130048K, used 30290K [0x00000000c0000000, 0x0000000100000000)
  region size 1024K, 3 young (3072K), 3 survivors (3072K)
}
Event: 5,669 {heap Before GC invocations=14 (full 0):
 garbage-first heap   total reserved 1048576K, committed 130048K, used 105042K [0x00000000c0000000, 0x0000000100000000)
  region size 1024K, 71 young (72704K), 3 survivors (3072K)
}
Event: 5,675 {heap After GC invocations=15 (full 0):
 garbage-first heap   total reserved 1048576K, committed 130048K, used 38385K [0x00000000c0000000, 0x0000000100000000)
  region size 1024K, 9 young (9216K), 9 survivors (9216K)
}
Event: 5,701 {heap Before GC invocations=15 (full 0):
 garbage-first heap   total reserved 1048576K, committed 130048K, used 40433K [0x00000000c0000000, 0x0000000100000000)
  region size 1024K, 12 young (12288K), 9 survivors (9216K)
}
Event: 5,705 {heap After GC invocations=16 (full 0):
 garbage-first heap   total reserved 1048576K, committed 130048K, used 39607K [0x00000000c0000000, 0x0000000100000000)
  region size 1024K, 2 young (2048K), 2 survivors (2048K)
}

Metaspace Usage History (20 events):
Event: 1,719 {metaspace Before GC invocations=4 (full 0):
 Metaspace       used 17569K, committed 17792K, reserved 1114112K
  class space    used 1734K, committed 1856K, reserved 1048576K
}
Event: 1,730 {metaspace After GC invocations=5 (full 0):
 Metaspace       used 17569K, committed 17792K, reserved 1114112K
  class space    used 1734K, committed 1856K, reserved 1048576K
}
Event: 1,759 {metaspace Before GC invocations=5 (full 0):
 Metaspace       used 17592K, committed 17792K, reserved 1114112K
  class space    used 1734K, committed 1856K, reserved 1048576K
}
Event: 1,765 {metaspace After GC invocations=6 (full 0):
 Metaspace       used 17592K, committed 17792K, reserved 1114112K
  class space    used 1734K, committed 1856K, reserved 1048576K
}
Event: 1,861 {metaspace Before GC invocations=7 (full 0):
 Metaspace       used 17596K, committed 17792K, reserved 1114112K
  class space    used 1734K, committed 1856K, reserved 1048576K
}
Event: 1,869 {metaspace After GC invocations=8 (full 0):
 Metaspace       used 17596K, committed 17792K, reserved 1114112K
  class space    used 1734K, committed 1856K, reserved 1048576K
}
Event: 2,339 {metaspace Before GC invocations=8 (full 0):
 Metaspace       used 20573K, committed 20864K, reserved 1114112K
  class space    used 2066K, committed 2176K, reserved 1048576K
}
Event: 2,348 {metaspace After GC invocations=9 (full 0):
 Metaspace       used 20573K, committed 20864K, reserved 1114112K
  class space    used 2066K, committed 2176K, reserved 1048576K
}
Event: 2,912 {metaspace Before GC invocations=9 (full 0):
 Metaspace       used 21671K, committed 21952K, reserved 1114112K
  class space    used 2174K, committed 2304K, reserved 1048576K
}
Event: 2,923 {metaspace After GC invocations=10 (full 0):
 Metaspace       used 21671K, committed 21952K, reserved 1114112K
  class space    used 2174K, committed 2304K, reserved 1048576K
}
Event: 3,739 {metaspace Before GC invocations=10 (full 0):
 Metaspace       used 29019K, committed 29696K, reserved 1114112K
  class space    used 2999K, committed 3264K, reserved 1048576K
}
Event: 3,744 {metaspace After GC invocations=11 (full 0):
 Metaspace       used 29019K, committed 29696K, reserved 1114112K
  class space    used 2999K, committed 3264K, reserved 1048576K
}
Event: 4,124 {metaspace Before GC invocations=12 (full 0):
 Metaspace       used 33200K, committed 33984K, reserved 1114112K
  class space    used 3562K, committed 3904K, reserved 1048576K
}
Event: 4,129 {metaspace After GC invocations=13 (full 0):
 Metaspace       used 33200K, committed 33984K, reserved 1114112K
  class space    used 3562K, committed 3904K, reserved 1048576K
}
Event: 4,186 {metaspace Before GC invocations=13 (full 0):
 Metaspace       used 33380K, committed 34176K, reserved 1114112K
  class space    used 3583K, committed 3904K, reserved 1048576K
}
Event: 4,189 {metaspace After GC invocations=14 (full 0):
 Metaspace       used 33380K, committed 34176K, reserved 1114112K
  class space    used 3583K, committed 3904K, reserved 1048576K
}
Event: 5,669 {metaspace Before GC invocations=14 (full 0):
 Metaspace       used 48377K, committed 49600K, reserved 1114112K
  class space    used 5616K, committed 6208K, reserved 1048576K
}
Event: 5,675 {metaspace After GC invocations=15 (full 0):
 Metaspace       used 48377K, committed 49600K, reserved 1114112K
  class space    used 5616K, committed 6208K, reserved 1048576K
}
Event: 5,701 {metaspace Before GC invocations=15 (full 0):
 Metaspace       used 48533K, committed 49728K, reserved 1114112K
  class space    used 5628K, committed 6208K, reserved 1048576K
}
Event: 5,705 {metaspace After GC invocations=16 (full 0):
 Metaspace       used 48533K, committed 49728K, reserved 1114112K
  class space    used 5628K, committed 6208K, reserved 1048576K
}

Dll operation events (18 events):
Event: 0,013 Loaded shared library /snap/dbeaver-ce/543/usr/share/dbeaver-ce/jre/lib/libjava.so
Event: 0,297 Loaded shared library /snap/dbeaver-ce/543/usr/share/dbeaver-ce/jre/lib/libsimdsort.so
Event: 0,484 Loaded shared library /snap/dbeaver-ce/543/usr/share/dbeaver-ce/jre/lib/libnio.so
Event: 0,496 Loaded shared library /snap/dbeaver-ce/543/usr/share/dbeaver-ce/jre/lib/libzip.so
Event: 0,547 Loaded shared library /snap/dbeaver-ce/543/usr/share/dbeaver-ce/jre/lib/libnet.so
Event: 0,595 Loaded shared library /snap/dbeaver-ce/543/usr/share/dbeaver-ce/jre/lib/libjimage.so
Event: 0,680 Loaded shared library /snap/dbeaver-ce/543/usr/share/dbeaver-ce/plugins/org.eclipse.equinox.launcher.gtk.linux.x86_64_1.2.1500.v20250801-0854/eclipse_11916.so
Event: 3,323 Loaded shared library /snap/dbeaver-ce/543/usr/share/dbeaver-ce/jre/lib/libverify.so
Event: 3,360 Loaded shared library /home/gustaa/snap/dbeaver-ce/543/.local/share/DBeaverData/install-data/org.jkiss.dbeaver.product/26.1.5-202608181400/org.eclipse.osgi/152/0/.cp/libswt-gtk-4973r12.so
Event: 3,361 Loaded shared library /home/gustaa/snap/dbeaver-ce/543/.local/share/DBeaverData/install-data/org.jkiss.dbeaver.product/26.1.5-202608181400/org.eclipse.osgi/152/0/.cp/libswt-pi3-gtk-4973r12.so
Event: 3,585 Loaded shared library /snap/dbeaver-ce/543/usr/share/dbeaver-ce/jre/lib/libawt.so
Event: 3,589 Loaded shared library /snap/dbeaver-ce/543/usr/share/dbeaver-ce/jre/lib/libawt_xawt.so
Event: 3,675 Loaded shared library /snap/dbeaver-ce/543/usr/share/dbeaver-ce/jre/lib/libfontmanager.so
Event: 4,400 Loaded shared library /snap/dbeaver-ce/543/usr/share/dbeaver-ce/jre/lib/libjaas.so
Event: 4,417 Loaded shared library /home/gustaa/snap/dbeaver-ce/543/.local/share/DBeaverData/install-data/org.jkiss.dbeaver.product/26.1.5-202608181400/org.eclipse.osgi/49/0/.cp/os/linux/x86_64/libunixfile_1_0_0.so
Event: 4,570 Loaded shared library /home/gustaa/snap/dbeaver-ce/543/.local/share/DBeaverData/install-data/org.jkiss.dbeaver.product/26.1.5-202608181400/org.eclipse.osgi/152/0/.cp/libswt-cairo-gtk-4973r12.so
Event: 4,753 Loaded shared library /snap/dbeaver-ce/543/usr/share/dbeaver-ce/jre/lib/libextnet.so
Event: 5,468 Loaded shared library /home/gustaa/snap/dbeaver-ce/543/.local/share/DBeaverData/install-data/org.jkiss.dbeaver.product/26.1.5-202608181400/org.eclipse.osgi/152/0/.cp/libswt-atk-gtk-4973r12.so

Deoptimization events (20 events):
Event: 6,243 Thread 0x00007aeefc02e530 Uncommon trap: trap_request=0xffffff45 fr.pc=0x00007aeef0bd2098 relative=0x0000000000000398
Event: 6,243 Thread 0x00007aeefc02e530 Uncommon trap: reason=unstable_if action=reinterpret pc=0x00007aeef0bd2098 method=java.lang.invoke.MethodType.methodType(Ljava/lang/Class;[Ljava/lang/Class;Z)Ljava/lang/invoke/MethodType; @ 53 c2
Event: 6,243 Thread 0x00007aeefc02e530 DEOPT PACKING pc=0x00007aeef0bd2098 sp=0x00007aef022c1c70
Event: 6,244 Thread 0x00007aeefc02e530 DEOPT UNPACKING pc=0x00007aeef04ef9f9 sp=0x00007aef022c1c10 mode 2
Event: 6,256 Thread 0x00007aeefc02e530 Uncommon trap: trap_request=0xffffffde fr.pc=0x00007aeef0be5184 relative=0x0000000000000084
Event: 6,256 Thread 0x00007aeefc02e530 Uncommon trap: reason=class_check action=maybe_recompile pc=0x00007aeef0be5184 method=org.eclipse.emf.common.notify.impl.BasicNotifierImpl.eNotificationRequired()Z @ 8 c2
Event: 6,256 Thread 0x00007aeefc02e530 DEOPT PACKING pc=0x00007aeef0be5184 sp=0x00007aef022c5810
Event: 6,256 Thread 0x00007aeefc02e530 DEOPT UNPACKING pc=0x00007aeef04ef9f9 sp=0x00007aef022c57c0 mode 2
Event: 6,306 Thread 0x00007aeefc02e530 Uncommon trap: trap_request=0xffffffde fr.pc=0x00007aeef0be5184 relative=0x0000000000000084
Event: 6,306 Thread 0x00007aeefc02e530 Uncommon trap: reason=class_check action=maybe_recompile pc=0x00007aeef0be5184 method=org.eclipse.emf.common.notify.impl.BasicNotifierImpl.eNotificationRequired()Z @ 8 c2
Event: 6,306 Thread 0x00007aeefc02e530 DEOPT PACKING pc=0x00007aeef0be5184 sp=0x00007aef022c3d70
Event: 6,306 Thread 0x00007aeefc02e530 DEOPT UNPACKING pc=0x00007aeef04ef9f9 sp=0x00007aef022c3d20 mode 2
Event: 6,323 Thread 0x00007aeefc02e530 DEOPT PACKING pc=0x00007aeee9382c2f sp=0x00007aef022c4ef0
Event: 6,323 Thread 0x00007aeefc02e530 DEOPT UNPACKING pc=0x00007aeef041ffef sp=0x00007aef022c43c0 mode 0
Event: 6,324 Thread 0x00007aeefc02e530 DEOPT PACKING pc=0x00007aeee9382c2f sp=0x00007aef022c4f70
Event: 6,324 Thread 0x00007aeefc02e530 DEOPT UNPACKING pc=0x00007aeef041ffef sp=0x00007aef022c4440 mode 0
Event: 6,362 Thread 0x00007aeefc02e530 Uncommon trap: trap_request=0xfffffff4 fr.pc=0x00007aeef0c500cc relative=0x000000000000174c
Event: 6,362 Thread 0x00007aeefc02e530 Uncommon trap: reason=null_check action=make_not_entrant pc=0x00007aeef0c500cc method=org.eclipse.e4.core.internal.contexts.osgi.EclipseContextOSGi.lookup(Ljava/lang/String;Lorg/eclipse/e4/core/internal/contexts/EclipseContext;)Ljava/lang/Object; @ 29 c2
Event: 6,362 Thread 0x00007aeefc02e530 DEOPT PACKING pc=0x00007aeef0c500cc sp=0x00007aef022c4e80
Event: 6,362 Thread 0x00007aeefc02e530 DEOPT UNPACKING pc=0x00007aeef04ef9f9 sp=0x00007aef022c4dc8 mode 2

Classes loaded (20 events):
Event: 6,319 Loading class java/util/concurrent/CompletableFuture$AsyncSupply
Event: 6,319 Loading class java/util/concurrent/CompletableFuture$AsyncSupply done
Event: 6,319 Loading class java/util/concurrent/ForkJoinTask$Aux
Event: 6,319 Loading class java/util/concurrent/ForkJoinTask$Aux done
Event: 6,320 Loading class java/util/concurrent/CompletableFuture$UniAccept
Event: 6,320 Loading class java/util/concurrent/CompletableFuture$UniCompletion
Event: 6,320 Loading class java/util/concurrent/CompletableFuture$UniCompletion done
Event: 6,320 Loading class java/util/concurrent/CompletableFuture$UniAccept done
Event: 6,329 Loading class java/text/CollationElementIterator
Event: 6,329 Loading class java/text/CollationElementIterator done
Event: 6,329 Loading class sun/text/CollatorUtilities
Event: 6,329 Loading class sun/text/CollatorUtilities done
Event: 6,329 Loading class jdk/internal/icu/text/UCharacterIterator
Event: 6,330 Loading class jdk/internal/icu/text/UCharacterIterator done
Event: 6,330 Loading class jdk/internal/icu/impl/ReplaceableUCharacterIterator
Event: 6,330 Loading class jdk/internal/icu/impl/ReplaceableUCharacterIterator done
Event: 6,330 Loading class jdk/internal/icu/text/ReplaceableString
Event: 6,330 Loading class jdk/internal/icu/text/Replaceable
Event: 6,330 Loading class jdk/internal/icu/text/Replaceable done
Event: 6,330 Loading class jdk/internal/icu/text/ReplaceableString done

Classes unloaded (0 events):
No events

Classes redefined (0 events):
No events

Internal exceptions (20 events):
Event: 6,166 Thread 0x00007aeefc02e530 Exception <a 'java/io/FileNotFoundException'{0x00000000c66a56e0}> (0x00000000c66a56e0) 
thrown [src/hotspot/share/prims/jni.cpp, line 516]
Event: 6,166 Thread 0x00007aeefc02e530 Exception <a 'java/io/FileNotFoundException'{0x00000000c66a69f0}> (0x00000000c66a69f0) 
thrown [src/hotspot/share/prims/jni.cpp, line 516]
Event: 6,166 Thread 0x00007aeefc02e530 Exception <a 'java/io/FileNotFoundException'{0x00000000c66a7c98}> (0x00000000c66a7c98) 
thrown [src/hotspot/share/prims/jni.cpp, line 516]
Event: 6,166 Thread 0x00007aeefc02e530 Exception <a 'java/io/FileNotFoundException'{0x00000000c66a8fa8}> (0x00000000c66a8fa8) 
thrown [src/hotspot/share/prims/jni.cpp, line 516]
Event: 6,166 Thread 0x00007aeefc02e530 Exception <a 'java/io/FileNotFoundException'{0x00000000c66aa2f8}> (0x00000000c66aa2f8) 
thrown [src/hotspot/share/prims/jni.cpp, line 516]
Event: 6,167 Thread 0x00007aeefc02e530 Exception <a 'java/io/FileNotFoundException'{0x00000000c66ab650}> (0x00000000c66ab650) 
thrown [src/hotspot/share/prims/jni.cpp, line 516]
Event: 6,167 Thread 0x00007aeefc02e530 Exception <a 'java/io/FileNotFoundException'{0x00000000c66ac918}> (0x00000000c66ac918) 
thrown [src/hotspot/share/prims/jni.cpp, line 516]
Event: 6,167 Thread 0x00007aeefc02e530 Exception <a 'java/io/FileNotFoundException'{0x00000000c66adc20}> (0x00000000c66adc20) 
thrown [src/hotspot/share/prims/jni.cpp, line 516]
Event: 6,167 Thread 0x00007aeefc02e530 Exception <a 'java/io/FileNotFoundException'{0x00000000c66aeed8}> (0x00000000c66aeed8) 
thrown [src/hotspot/share/prims/jni.cpp, line 516]
Event: 6,167 Thread 0x00007aeefc02e530 Exception <a 'java/io/FileNotFoundException'{0x00000000c66b0180}> (0x00000000c66b0180) 
thrown [src/hotspot/share/prims/jni.cpp, line 516]
Event: 6,167 Thread 0x00007aeefc02e530 Exception <a 'java/io/FileNotFoundException'{0x00000000c66b1560}> (0x00000000c66b1560) 
thrown [src/hotspot/share/prims/jni.cpp, line 516]
Event: 6,167 Thread 0x00007aeefc02e530 Exception <a 'java/io/FileNotFoundException'{0x00000000c66b2b98}> (0x00000000c66b2b98) 
thrown [src/hotspot/share/prims/jni.cpp, line 516]
Event: 6,167 Thread 0x00007aeefc02e530 Exception <a 'java/io/FileNotFoundException'{0x00000000c66b3ef0}> (0x00000000c66b3ef0) 
thrown [src/hotspot/share/prims/jni.cpp, line 516]
Event: 6,199 Thread 0x00007aeefc02e530 Implicit null exception at 0x00007aeef0ab76a1 to 0x00007aeef0ab77e0
Event: 6,220 Thread 0x00007aeefc02e530 Exception <a 'java/lang/NoSuchMethodError'{0x00000000c6096640}: 'void java.lang.invoke.DirectMethodHandle$Holder.invokeVirtual(java.lang.Object, java.lang.Object, java.lang.Object, int)'> (0x00000000c6096640) 
thrown [src/hotspot/share/interpreter/linkResolver.cpp, line 803]
Event: 6,220 Thread 0x00007aeefc02e530 Exception <a 'java/lang/NoSuchMethodError'{0x00000000c60a6d78}: 'java.lang.Object java.lang.invoke.DirectMethodHandle$Holder.invokeVirtual(java.lang.Object, java.lang.Object, java.lang.Object)'> (0x00000000c60a6d78) 
thrown [src/hotspot/share/interpreter/linkResolver.cpp, line 803]
Event: 6,223 Thread 0x00007aeefc02e530 Exception <a 'java/lang/NoSuchMethodError'{0x00000000c60bf818}: 'java.lang.Object java.lang.invoke.DirectMethodHandle$Holder.newInvokeSpecial(java.lang.Object, java.lang.Object, int)'> (0x00000000c60bf818) 
thrown [src/hotspot/share/interpreter/linkResolver.cpp, line 803]
Event: 6,223 Thread 0x00007aeefc02e530 Exception <a 'java/lang/NoSuchMethodError'{0x00000000c60c8220}: 'java.lang.Object java.lang.invoke.Invokers$Holder.invoke_MT(java.lang.Object, java.lang.Object, java.lang.Object, java.lang.Object, java.lang.Object)'> (0x00000000c60c8220) 
thrown [src/hotspot/share/interpreter/linkResolver.cpp, line 803]
Event: 6,314 Thread 0x00007aeefc02e530 Exception <a 'java/io/FileNotFoundException'{0x00000000c5d6d158}> (0x00000000c5d6d158) 
thrown [src/hotspot/share/prims/jni.cpp, line 516]
Event: 6,362 Thread 0x00007aeefc02e530 Implicit null exception at 0x00007aeef0c4f033 to 0x00007aeef0c500a8

VM Operations (20 events):
Event: 5,669 Executing safepoint VM operation: G1CollectForAllocation (G1 Evacuation Pause)
Event: 5,675 Executing safepoint VM operation: G1CollectForAllocation (G1 Evacuation Pause) done
Event: 5,701 Executing safepoint VM operation: CollectForMetadataAllocation (Metadata GC Threshold)
Event: 5,706 Executing safepoint VM operation: CollectForMetadataAllocation (Metadata GC Threshold) done
Event: 5,725 Executing safepoint VM operation: G1PauseRemark
Event: 5,728 Executing safepoint VM operation: G1PauseRemark done
Event: 5,736 Executing safepoint VM operation: G1PauseCleanup
Event: 5,736 Executing safepoint VM operation: G1PauseCleanup done
Event: 5,765 Executing non-safepoint VM operation: HandshakeAllThreads (Deoptimize)
Event: 5,765 Executing non-safepoint VM operation: HandshakeAllThreads (Deoptimize) done
Event: 5,784 Executing non-safepoint VM operation: HandshakeAllThreads (Deoptimize)
Event: 5,784 Executing non-safepoint VM operation: HandshakeAllThreads (Deoptimize) done
Event: 6,211 Executing non-safepoint VM operation: HandshakeAllThreads (Deoptimize)
Event: 6,211 Executing non-safepoint VM operation: HandshakeAllThreads (Deoptimize) done
Event: 6,222 Executing non-safepoint VM operation: HandshakeAllThreads (Deoptimize)
Event: 6,222 Executing non-safepoint VM operation: HandshakeAllThreads (Deoptimize) done
Event: 6,226 Executing non-safepoint VM operation: HandshakeAllThreads (Deoptimize)
Event: 6,226 Executing non-safepoint VM operation: HandshakeAllThreads (Deoptimize) done
Event: 6,247 Executing non-safepoint VM operation: HandshakeAllThreads (Deoptimize)
Event: 6,247 Executing non-safepoint VM operation: HandshakeAllThreads (Deoptimize) done

Memory protections (20 events):
Event: 3,088 Protecting memory [0x00007aee913a7000,0x00007aee913ab000] with protection modes 0
Event: 3,095 Protecting memory [0x00007aee912a7000,0x00007aee912ab000] with protection modes 0
Event: 3,095 Protecting memory [0x00007aee911a7000,0x00007aee911ab000] with protection modes 0
Event: 3,231 Protecting memory [0x00007aee912a7000,0x00007aee912ab000] with protection modes 0
Event: 3,370 Protecting memory [0x00007aee911a7000,0x00007aee911ab000] with protection modes 0
Event: 3,715 Protecting memory [0x00007aee90ba6000,0x00007aee90baa000] with protection modes 0
Event: 3,721 Protecting memory [0x00007aee90aa6000,0x00007aee90aaa000] with protection modes 0
Event: 4,372 Protecting memory [0x00007aee909a6000,0x00007aee909aa000] with protection modes 0
Event: 4,546 Protecting memory [0x00007aee908a6000,0x00007aee908aa000] with protection modes 0
Event: 4,616 Protecting memory [0x00007aee9047a000,0x00007aee9047e000] with protection modes 0
Event: 4,617 Protecting memory [0x00007aee9037a000,0x00007aee9037e000] with protection modes 0
Event: 4,765 Protecting memory [0x00007aeee5000000,0x00007aeee5004000] with protection modes 0
Event: 4,770 Protecting memory [0x00007aee9027a000,0x00007aee9027e000] with protection modes 0
Event: 4,897 Protecting memory [0x00007aee9017a000,0x00007aee9017e000] with protection modes 0
Event: 5,175 Protecting memory [0x00007aee92bc3000,0x00007aee92bc7000] with protection modes 0
Event: 5,342 Protecting memory [0x00007aee9007a000,0x00007aee9007e000] with protection modes 0
Event: 5,963 Protecting memory [0x00007aede1f77000,0x00007aede1f7b000] with protection modes 0
Event: 6,314 Protecting memory [0x00007aede1f77000,0x00007aede1f7b000] with protection modes 0
Event: 6,319 Protecting memory [0x00007aed8bdff000,0x00007aed8be03000] with protection modes 0
Event: 6,320 Protecting memory [0x00007aede1d76000,0x00007aede1d7a000] with protection modes 0

Nmethod flushes (20 events):
Event: 5,728 Thread 0x00007aeefc113540 flushing  nmethod 0x00007aeee9381688
Event: 5,728 Thread 0x00007aeefc113540 flushing  nmethod 0x00007aeee9382188
Event: 5,728 Thread 0x00007aeefc113540 flushing  nmethod 0x00007aeee9386788
Event: 5,728 Thread 0x00007aeefc113540 flushing  nmethod 0x00007aeee9386d08
Event: 5,728 Thread 0x00007aeefc113540 flushing  nmethod 0x00007aeee9388088
Event: 5,728 Thread 0x00007aeefc113540 flushing  nmethod 0x00007aeee9389e88
Event: 5,728 Thread 0x00007aeefc113540 flushing  nmethod 0x00007aeee938a308
Event: 5,728 Thread 0x00007aeefc113540 flushing  nmethod 0x00007aeee938a788
Event: 5,728 Thread 0x00007aeefc113540 flushing  nmethod 0x00007aeee938cd08
Event: 5,728 Thread 0x00007aeefc113540 flushing  nmethod 0x00007aeee93d8908
Event: 5,728 Thread 0x00007aeefc113540 flushing  nmethod 0x00007aeee941ac08
Event: 5,728 Thread 0x00007aeefc113540 flushing  nmethod 0x00007aeee941bc88
Event: 5,728 Thread 0x00007aeefc113540 flushing  nmethod 0x00007aeee9482588
Event: 5,728 Thread 0x00007aeefc113540 flushing  nmethod 0x00007aeee9483488
Event: 5,728 Thread 0x00007aeefc113540 flushing  nmethod 0x00007aeee9483b08
Event: 5,728 Thread 0x00007aeefc113540 flushing  nmethod 0x00007aeee9484108
Event: 5,728 Thread 0x00007aeefc113540 flushing  nmethod 0x00007aeee9486f88
Event: 5,728 Thread 0x00007aeefc113540 flushing  nmethod 0x00007aeee94cf208
Event: 5,728 Thread 0x00007aeefc113540 flushing  nmethod 0x00007aeee952c408
Event: 5,728 Thread 0x00007aeefc113540 flushing  nmethod 0x00007aeee9535588

Events (20 events):
Event: 3,231 Thread 0x00007aeefc9a4ce0 Thread added: 0x00007aee5404c2f0
Event: 3,370 Thread 0x00007aeefc02e530 Thread added: 0x00007aeefcc4d530
Event: 3,715 Thread 0x00007aeefc02e530 Thread added: 0x00007aeefccd4b40
Event: 3,721 Thread 0x00007aeefc02e530 Thread added: 0x00007aeefcd0f350
Event: 4,372 Thread 0x00007aeefc02e530 Thread added: 0x00007aeefcdcfa60
Event: 4,546 Thread 0x00007aeefcc4d530 Thread added: 0x00007aedf800a8a0
Event: 4,616 Thread 0x00007aeefcc4d530 Thread added: 0x00007aedf8007cd0
Event: 4,617 Thread 0x00007aedf800a8a0 Thread added: 0x00007aede8000f40
Event: 4,617 Thread 0x00007aeea4d2eaf0 Thread exited: 0x00007aeea4d2eaf0
Event: 4,733 Thread 0x00007aeea42c87c0 Thread exited: 0x00007aeea42c87c0
Event: 4,765 Thread 0x00007aeefc02e530 Thread added: 0x00007aeefd00d3b0
Event: 4,770 Thread 0x00007aeefc02e530 Thread added: 0x00007aeefd0110a0
Event: 4,897 Thread 0x00007aeefc1529e0 Thread added: 0x00007aeea4f38660
Event: 5,175 Thread 0x00007aeefc1529e0 Thread added: 0x00007aeea4f83cb0
Event: 5,342 Thread 0x00007aeefc02e530 Thread added: 0x00007aeefd20e200
Event: 5,963 Thread 0x00007aeefc02e530 Thread added: 0x00007aeefd499f00
Event: 5,969 Thread 0x00007aeefd499f00 Thread exited: 0x00007aeefd499f00
Event: 6,314 Thread 0x00007aeefc02e530 Thread added: 0x00007aeefcf2ed20
Event: 6,319 Thread 0x00007aeefcf2ed20 Thread added: 0x00007aeda4006bf0
Event: 6,320 Thread 0x00007aeefcf2ed20 Thread added: 0x00007aeda400a0f0


Dynamic libraries:
4e000000-4e080000 rw-p 00000000 00:00 0 
4e080000-4e0a0000 rw-p 00000000 00:00 0 
4e0a0000-4e0c0000 rw-p 00000000 00:00 0 
4e0c0000-4e140000 rw-p 00000000 00:00 0 
4e140000-4e1c0000 rw-p 00000000 00:00 0 
4e1c0000-4e200000 rw-p 00000000 00:00 0 
4e200000-4e2c0000 rw-p 00000000 00:00 0 
4e2c0000-4e300000 rw-p 00000000 00:00 0 
4e300000-4e440000 rw-p 00000000 00:00 0 
4e440000-4e470000 rw-p 00000000 00:00 0 
4e470000-4e480000 ---p 00000000 00:00 0 
4e480000-4e6e0000 rw-p 00000000 00:00 0 
4e6e0000-8e000000 ---p 00000000 00:00 0 
c0000000-c7e00000 rw-p 00000000 00:00 0 
c7e00000-c7f00000 ---p 00000000 00:00 0 
c7f00000-c8000000 rw-p 00000000 00:00 0 
c8000000-100000000 ---p 00000000 00:00 0 
64612797f000-646127980000 r--p 00000000 07:23 1615                       /snap/dbeaver-ce/543/usr/share/dbeaver-ce/jre/bin/java
646127980000-646127981000 r-xp 00001000 07:23 1615                       /snap/dbeaver-ce/543/usr/share/dbeaver-ce/jre/bin/java
646127981000-646127982000 r--p 00002000 07:23 1615                       /snap/dbeaver-ce/543/usr/share/dbeaver-ce/jre/bin/java
646127982000-646127983000 r--p 00002000 07:23 1615                       /snap/dbeaver-ce/543/usr/share/dbeaver-ce/jre/bin/java
646127983000-646127984000 rw-p 00003000 07:23 1615                       /snap/dbeaver-ce/543/usr/share/dbeaver-ce/jre/bin/java
64613eb66000-64613ebb1000 rw-p 00000000 00:00 0                          [heap]
7aed64000000-7aed64021000 rw-p 00000000 00:00 0 
7aed64021000-7aed68000000 ---p 00000000 00:00 0 
7aed6c000000-7aed6c021000 rw-p 00000000 00:00 0 
7aed6c021000-7aed70000000 ---p 00000000 00:00 0 
7aed70000000-7aed70021000 rw-p 00000000 00:00 0 
7aed70021000-7aed74000000 ---p 00000000 00:00 0 
7aed74000000-7aed74021000 rw-p 00000000 00:00 0 
7aed74021000-7aed78000000 ---p 00000000 00:00 0 
7aed78000000-7aed78021000 rw-p 00000000 00:00 0 
7aed78021000-7aed7c000000 ---p 00000000 00:00 0 
7aed7c000000-7aed80000000 rw-s 00000000 00:01 23161                      /memfd:pulseaudio (deleted)
7aed80000000-7aed80021000 rw-p 00000000 00:00 0 
7aed80021000-7aed84000000 ---p 00000000 00:00 0 
7aed84000000-7aed84070000 rw-p 00000000 00:00 0 
7aed84070000-7aed88000000 ---p 00000000 00:00 0 
7aed8a7fc000-7aed8b600000 rw-p 00000000 00:00 0 
7aed8b600000-7aed8b607000 r--p 00000000 08:05 936474                     /usr/lib/x86_64-linux-gnu/libopus.so.0.11.1
7aed8b607000-7aed8b679000 r-xp 00007000 08:05 936474                     /usr/lib/x86_64-linux-gnu/libopus.so.0.11.1
7aed8b679000-7aed8ba12000 r--p 00079000 08:05 936474                     /usr/lib/x86_64-linux-gnu/libopus.so.0.11.1
7aed8ba12000-7aed8ba15000 r--p 00412000 08:05 936474                     /usr/lib/x86_64-linux-gnu/libopus.so.0.11.1
7aed8ba15000-7aed8ba16000 rw-p 00415000 08:05 936474                     /usr/lib/x86_64-linux-gnu/libopus.so.0.11.1
7aed8bbfe000-7aed8bdff000 rw-p 00000000 00:00 0 
7aed8bdff000-7aed8be03000 ---p 00000000 00:00 0 
7aed8be03000-7aed8c000000 rw-p 00000000 00:00 0 
7aed8c000000-7aed8c034000 rw-p 00000000 00:00 0 
7aed8c034000-7aed90000000 ---p 00000000 00:00 0 
7aed90000000-7aed90034000 rw-p 00000000 00:00 0 
7aed90034000-7aed94000000 ---p 00000000 00:00 0 
7aed94000000-7aed94034000 rw-p 00000000 00:00 0 
7aed94034000-7aed98000000 ---p 00000000 00:00 0 
7aed98000000-7aed98034000 rw-p 00000000 00:00 0 
7aed98034000-7aed9c000000 ---p 00000000 00:00 0 
7aed9c000000-7aed9c034000 rw-p 00000000 00:00 0 
7aed9c034000-7aeda0000000 ---p 00000000 00:00 0 
7aeda0000000-7aeda0034000 rw-p 00000000 00:00 0 
7aeda0034000-7aeda4000000 ---p 00000000 00:00 0 
7aeda4000000-7aeda4034000 rw-p 00000000 00:00 0 
7aeda4034000-7aeda8000000 ---p 00000000 00:00 0 
7aeda8000000-7aeda8034000 rw-p 00000000 00:00 0 
7aeda8034000-7aedac000000 ---p 00000000 00:00 0 
7aedac000000-7aedac034000 rw-p 00000000 00:00 0 
7aedac034000-7aedb0000000 ---p 00000000 00:00 0 
7aedb0000000-7aedb0034000 rw-p 00000000 00:00 0 
7aedb0034000-7aedb4000000 ---p 00000000 00:00 0 
7aedb4000000-7aedb4034000 rw-p 00000000 00:00 0 
7aedb4034000-7aedb8000000 ---p 00000000 00:00 0 
7aedb8000000-7aedb8021000 rw-p 00000000 00:00 0 
7aedb8021000-7aedbc000000 ---p 00000000 00:00 0 
7aedbc000000-7aedbc021000 rw-p 00000000 00:00 0 
7aedbc021000-7aedc0000000 ---p 00000000 00:00 0 
7aedc0000000-7aedc0021000 rw-p 00000000 00:00 0 
7aedc0021000-7aedc4000000 ---p 00000000 00:00 0 
7aedc4000000-7aedc59ee000 rw-p 00000000 00:00 0 
7aedc59ee000-7aedc8000000 ---p 00000000 00:00 0 
7aedc8000000-7aedc8021000 rw-p 00000000 00:00 0 
7aedc8021000-7aedcc000000 ---p 00000000 00:00 0 
7aedcc000000-7aedcc034000 rw-p 00000000 00:00 0 
7aedcc034000-7aedd0000000 ---p 00000000 00:00 0 
7aedd0000000-7aedd0021000 rw-p 00000000 00:00 0 
7aedd0021000-7aedd4000000 ---p 00000000 00:00 0 
7aedd4000000-7aedd4021000 rw-p 00000000 00:00 0 
7aedd4021000-7aedd8000000 ---p 00000000 00:00 0 
7aedd8000000-7aedd8021000 rw-p 00000000 00:00 0 
7aedd8021000-7aeddc000000 ---p 00000000 00:00 0 
7aeddc000000-7aeddc021000 rw-p 00000000 00:00 0 
7aeddc021000-7aede0000000 ---p 00000000 00:00 0 
7aede00c1000-7aede00d5000 r--p 00000000 08:05 936688                     /usr/lib/x86_64-linux-gnu/libvorbisenc.so.2.0.12
7aede00d5000-7aede00d8000 r-xp 00014000 08:05 936688                     /usr/lib/x86_64-linux-gnu/libvorbisenc.so.2.0.12
7aede00d8000-7aede014f000 r--p 00017000 08:05 936688                     /usr/lib/x86_64-linux-gnu/libvorbisenc.so.2.0.12
7aede014f000-7aede016b000 r--p 0008d000 08:05 936688                     /usr/lib/x86_64-linux-gnu/libvorbisenc.so.2.0.12
7aede016b000-7aede016c000 rw-p 000a9000 08:05 936688                     /usr/lib/x86_64-linux-gnu/libvorbisenc.so.2.0.12
7aede016c000-7aede096c000 rw-s 00000000 00:01 131086                     /SYSV00000000 (deleted)
7aede096c000-7aede1d76000 rw-p 00000000 00:00 0 
7aede1d76000-7aede1d7a000 ---p 00000000 00:00 0 
7aede1d7a000-7aede1f77000 rw-p 00000000 00:00 0 
7aede1f77000-7aede1f7b000 ---p 00000000 00:00 0 
7aede1f7b000-7aede2178000 rw-p 00000000 00:00 0 
7aede21ad000-7aede21b3000 r--p 00000000 08:05 936403                     /usr/lib/x86_64-linux-gnu/libmp3lame.so.0.0.0
7aede21b3000-7aede21dc000 r-xp 00006000 08:05 936403                     /usr/lib/x86_64-linux-gnu/libmp3lame.so.0.0.0
7aede21dc000-7aede21e9000 r--p 0002f000 08:05 936403                     /usr/lib/x86_64-linux-gnu/libmp3lame.so.0.0.0
7aede21e9000-7aede21ea000 r--p 0003b000 08:05 936403                     /usr/lib/x86_64-linux-gnu/libmp3lame.so.0.0.0
7aede21ea000-7aede21eb000 rw-p 0003c000 08:05 936403                     /usr/lib/x86_64-linux-gnu/libmp3lame.so.0.0.0
7aede21eb000-7aede21fc000 rw-p 00000000 00:00 0 
7aede21fc000-7aede23fd000 rw-p 00000000 00:00 0 
7aede241c000-7aede2421000 r--p 00000000 08:05 936406                     /usr/lib/x86_64-linux-gnu/libmpg123.so.0.49.4
7aede2421000-7aede245f000 r-xp 00005000 08:05 936406                     /usr/lib/x86_64-linux-gnu/libmpg123.so.0.49.4
7aede245f000-7aede2479000 r--p 00043000 08:05 936406                     /usr/lib/x86_64-linux-gnu/libmpg123.so.0.49.4
7aede2479000-7aede247a000 r--p 0005d000 08:05 936406                     /usr/lib/x86_64-linux-gnu/libmpg123.so.0.49.4
7aede247a000-7aede247b000 rw-p 0005e000 08:05 936406                     /usr/lib/x86_64-linux-gnu/libmpg123.so.0.49.4
7aede247b000-7aede2484000 r--p 00000000 08:05 935863                     /usr/lib/x86_64-linux-gnu/libFLAC.so.14.0.0
7aede2484000-7aede24cc000 r-xp 00009000 08:05 935863                     /usr/lib/x86_64-linux-gnu/libFLAC.so.14.0.0
7aede24cc000-7aede24dd000 r--p 00051000 08:05 935863                     /usr/lib/x86_64-linux-gnu/libFLAC.so.14.0.0
7aede24dd000-7aede24de000 r--p 00062000 08:05 935863                     /usr/lib/x86_64-linux-gnu/libFLAC.so.14.0.0
7aede24de000-7aede24df000 rw-p 00063000 08:05 935863                     /usr/lib/x86_64-linux-gnu/libFLAC.so.14.0.0
7aede24df000-7aede24e8000 r--p 00000000 08:05 936591                     /usr/lib/x86_64-linux-gnu/libsndfile.so.1.0.37
7aede24e8000-7aede2550000 r-xp 00009000 08:05 936591                     /usr/lib/x86_64-linux-gnu/libsndfile.so.1.0.37
7aede2550000-7aede2569000 r--p 00071000 08:05 936591                     /usr/lib/x86_64-linux-gnu/libsndfile.so.1.0.37
7aede2569000-7aede256c000 r--p 0008a000 08:05 936591                     /usr/lib/x86_64-linux-gnu/libsndfile.so.1.0.37
7aede256c000-7aede256d000 rw-p 0008d000 08:05 936591                     /usr/lib/x86_64-linux-gnu/libsndfile.so.1.0.37
7aede256d000-7aede256f000 rw-p 00000000 00:00 0 
7aede256f000-7aede2581000 r--p 00000000 08:05 1063963                    /usr/lib/x86_64-linux-gnu/pulseaudio/libpulsecommon-17.0.so
7aede2581000-7aede25cb000 r-xp 00012000 08:05 1063963                    /usr/lib/x86_64-linux-gnu/pulseaudio/libpulsecommon-17.0.so
7aede25cb000-7aede25ea000 r--p 0005c000 08:05 1063963                    /usr/lib/x86_64-linux-gnu/pulseaudio/libpulsecommon-17.0.so
7aede25ea000-7aede25ec000 r--p 0007a000 08:05 1063963                    /usr/lib/x86_64-linux-gnu/pulseaudio/libpulsecommon-17.0.so
7aede25ec000-7aede25ed000 rw-p 0007c000 08:05 1063963                    /usr/lib/x86_64-linux-gnu/pulseaudio/libpulsecommon-17.0.so
7aede25ed000-7aede26f5000 r--p 00000000 08:05 1195712                    /usr/share/fonts/truetype/ubuntu/UbuntuSans[wdth,wght].ttf
7aede26f5000-7aede27fd000 r--p 00000000 08:05 1195712                    /usr/share/fonts/truetype/ubuntu/UbuntuSans[wdth,wght].ttf
7aede27fd000-7aede4000000 rw-p 00000000 00:00 0 
7aede4000000-7aede4021000 rw-p 00000000 00:00 0 
7aede4021000-7aede8000000 ---p 00000000 00:00 0 
7aede8000000-7aede8021000 rw-p 00000000 00:00 0 
7aede8021000-7aedec000000 ---p 00000000 00:00 0 
7aedec000000-7aedec021000 rw-p 00000000 00:00 0 
7aedec021000-7aedf0000000 ---p 00000000 00:00 0 
7aedf0000000-7aedf0021000 rw-p 00000000 00:00 0 
7aedf0021000-7aedf4000000 ---p 00000000 00:00 0 
7aedf4000000-7aedf4021000 rw-p 00000000 00:00 0 
7aedf4021000-7aedf8000000 ---p 00000000 00:00 0 
7aedf8000000-7aedf8033000 rw-p 00000000 00:00 0 
7aedf8033000-7aedfc000000 ---p 00000000 00:00 0 
7aedfc000000-7aedfc021000 rw-p 00000000 00:00 0 
7aedfc021000-7aee00000000 ---p 00000000 00:00 0 
7aee00000000-7aee00021000 rw-p 00000000 00:00 0 
7aee00021000-7aee04000000 ---p 00000000 00:00 0 
7aee04000000-7aee04021000 rw-p 00000000 00:00 0 
7aee04021000-7aee08000000 ---p 00000000 00:00 0 
7aee08000000-7aee08021000 rw-p 00000000 00:00 0 
7aee08021000-7aee0c000000 ---p 00000000 00:00 0 
7aee0c000000-7aee0c021000 rw-p 00000000 00:00 0 
7aee0c021000-7aee10000000 ---p 00000000 00:00 0 
7aee10000000-7aee10021000 rw-p 00000000 00:00 0 
7aee10021000-7aee14000000 ---p 00000000 00:00 0 
7aee14000000-7aee14021000 rw-p 00000000 00:00 0 
7aee14021000-7aee18000000 ---p 00000000 00:00 0 
7aee18000000-7aee18021000 rw-p 00000000 00:00 0 
7aee18021000-7aee1c000000 ---p 00000000 00:00 0 
7aee1c000000-7aee1c021000 rw-p 00000000 00:00 0 
7aee1c021000-7aee20000000 ---p 00000000 00:00 0 
7aee20000000-7aee20021000 rw-p 00000000 00:00 0 
7aee20021000-7aee24000000 ---p 00000000 00:00 0 
7aee24000000-7aee24021000 rw-p 00000000 00:00 0 
7aee24021000-7aee28000000 ---p 00000000 00:00 0 
7aee28000000-7aee28021000 rw-p 00000000 00:00 0 
7aee28021000-7aee2c000000 ---p 00000000 00:00 0 
7aee2c000000-7aee2c021000 rw-p 00000000 00:00 0 
7aee2c021000-7aee30000000 ---p 00000000 00:00 0 
7aee30000000-7aee30021000 rw-p 00000000 00:00 0 
7aee30021000-7aee34000000 ---p 00000000 00:00 0 
7aee34000000-7aee34021000 rw-p 00000000 00:00 0 
7aee34021000-7aee38000000 ---p 00000000 00:00 0 
7aee38000000-7aee38021000 rw-p 00000000 00:00 0 
7aee38021000-7aee3c000000 ---p 00000000 00:00 0 
7aee3c000000-7aee3c021000 rw-p 00000000 00:00 0 
7aee3c021000-7aee40000000 ---p 00000000 00:00 0 
7aee40000000-7aee40021000 rw-p 00000000 00:00 0 
7aee40021000-7aee44000000 ---p 00000000 00:00 0 
7aee44000000-7aee44034000 rw-p 00000000 00:00 0 
7aee44034000-7aee48000000 ---p 00000000 00:00 0 
7aee48000000-7aee48034000 rw-p 00000000 00:00 0 
7aee48034000-7aee4c000000 ---p 00000000 00:00 0 
7aee4c000000-7aee4c034000 rw-p 00000000 00:00 0 
7aee4c034000-7aee50000000 ---p 00000000 00:00 0 
7aee50000000-7aee51d81000 rw-p 00000000 00:00 0 
7aee51d81000-7aee54000000 ---p 00000000 00:00 0 
7aee54000000-7aee5407f000 rw-p 00000000 00:00 0 
7aee5407f000-7aee58000000 ---p 00000000 00:00 0 
7aee58000000-7aee58034000 rw-p 00000000 00:00 0 
7aee58034000-7aee5c000000 ---p 00000000 00:00 0 
7aee5c000000-7aee5c034000 rw-p 00000000 00:00 0 
7aee5c034000-7aee60000000 ---p 00000000 00:00 0 
7aee60000000-7aee607a0000 rw-p 00000000 00:00 0 
7aee607a0000-7aee64000000 ---p 00000000 00:00 0 
7aee64000000-7aee64034000 rw-p 00000000 00:00 0 
7aee64034000-7aee68000000 ---p 00000000 00:00 0 
7aee68000000-7aee68034000 rw-p 00000000 00:00 0 
7aee68034000-7aee6c000000 ---p 00000000 00:00 0 
7aee6c000000-7aee6c034000 rw-p 00000000 00:00 0 
7aee6c034000-7aee70000000 ---p 00000000 00:00 0 
7aee70000000-7aee70034000 rw-p 00000000 00:00 0 
7aee70034000-7aee74000000 ---p 00000000 00:00 0 
7aee74000000-7aee74072000 rw-p 00000000 00:00 0 
7aee74072000-7aee78000000 ---p 00000000 00:00 0 
7aee78000000-7aee78021000 rw-p 00000000 00:00 0 
7aee78021000-7aee7c000000 ---p 00000000 00:00 0 
7aee7c000000-7aee7c021000 rw-p 00000000 00:00 0 
7aee7c021000-7aee80000000 ---p 00000000 00:00 0 
7aee80000000-7aee80021000 rw-p 00000000 00:00 0 
7aee80021000-7aee84000000 ---p 00000000 00:00 0 
7aee84000000-7aee84021000 rw-p 00000000 00:00 0 
7aee84021000-7aee88000000 ---p 00000000 00:00 0 
7aee88000000-7aee88021000 rw-p 00000000 00:00 0 
7aee88021000-7aee8c000000 ---p 00000000 00:00 0 
7aee8c000000-7aee8c021000 rw-p 00000000 00:00 0 
7aee8c021000-7aee90000000 ---p 00000000 00:00 0 
7aee90029000-7aee90035000 r--p 00000000 08:05 936539                     /usr/lib/x86_64-linux-gnu/libpulse.so.0.24.3
7aee90035000-7aee90066000 r-xp 0000c000 08:05 936539                     /usr/lib/x86_64-linux-gnu/libpulse.so.0.24.3
7aee90066000-7aee90077000 r--p 0003d000 08:05 936539                     /usr/lib/x86_64-linux-gnu/libpulse.so.0.24.3
7aee90077000-7aee90079000 r--p 0004d000 08:05 936539                     /usr/lib/x86_64-linux-gnu/libpulse.so.0.24.3
7aee90079000-7aee9007a000 rw-p 0004f000 08:05 936539                     /usr/lib/x86_64-linux-gnu/libpulse.so.0.24.3
7aee9007a000-7aee9007e000 ---p 00000000 00:00 0 
7aee9007e000-7aee9017a000 rw-p 00000000 00:00 0 
7aee9017a000-7aee9017e000 ---p 00000000 00:00 0 
7aee9017e000-7aee9027a000 rw-p 00000000 00:00 0 
7aee9027a000-7aee9027e000 ---p 00000000 00:00 0 
7aee9027e000-7aee9037a000 rw-p 00000000 00:00 0 
7aee9037a000-7aee9037e000 ---p 00000000 00:00 0 
7aee9037e000-7aee9047a000 rw-p 00000000 00:00 0 
7aee9047a000-7aee9047e000 ---p 00000000 00:00 0 
7aee9047e000-7aee9057a000 rw-p 00000000 00:00 0 
7aee9057a000-7aee9058b000 r--p 00000000 08:05 936305                     /usr/lib/x86_64-linux-gnu/libibus-1.0.so.5.0.534
7aee9058b000-7aee905c1000 r-xp 00011000 08:05 936305                     /usr/lib/x86_64-linux-gnu/libibus-1.0.so.5.0.534
7aee905c1000-7aee905fc000 r--p 00047000 08:05 936305                     /usr/lib/x86_64-linux-gnu/libibus-1.0.so.5.0.534
7aee905fc000-7aee905ff000 r--p 00081000 08:05 936305                     /usr/lib/x86_64-linux-gnu/libibus-1.0.so.5.0.534
7aee905ff000-7aee90600000 rw-p 00084000 08:05 936305                     /usr/lib/x86_64-linux-gnu/libibus-1.0.so.5.0.534
7aee90600000-7aee90602000 r-xp 00000000 08:05 660844                     /home/gustaa/snap/dbeaver-ce/543/.local/share/DBeaverData/install-data/org.jkiss.dbeaver.product/26.1.5-202608181400/org.eclipse.osgi/49/0/.cp/os/linux/x86_64/libunixfile_1_0_0.so
7aee90602000-7aee90801000 ---p 00002000 08:05 660844                     /home/gustaa/snap/dbeaver-ce/543/.local/share/DBeaverData/install-data/org.jkiss.dbeaver.product/26.1.5-202608181400/org.eclipse.osgi/49/0/.cp/os/linux/x86_64/libunixfile_1_0_0.so
7aee90801000-7aee90802000 r--p 00001000 08:05 660844                     /home/gustaa/snap/dbeaver-ce/543/.local/share/DBeaverData/install-data/org.jkiss.dbeaver.product/26.1.5-202608181400/org.eclipse.osgi/49/0/.cp/os/linux/x86_64/libunixfile_1_0_0.so
7aee90802000-7aee90803000 rw-p 00002000 08:05 660844                     /home/gustaa/snap/dbeaver-ce/543/.local/share/DBeaverData/install-data/org.jkiss.dbeaver.product/26.1.5-202608181400/org.eclipse.osgi/49/0/.cp/os/linux/x86_64/libunixfile_1_0_0.so
7aee90845000-7aee90849000 r--p 00000000 08:05 1062006                    /usr/lib/x86_64-linux-gnu/gtk-3.0/3.0.0/immodules/im-ibus.so
7aee90849000-7aee9084e000 r-xp 00004000 08:05 1062006                    /usr/lib/x86_64-linux-gnu/gtk-3.0/3.0.0/immodules/im-ibus.so
7aee9084e000-7aee90850000 r--p 00009000 08:05 1062006                    /usr/lib/x86_64-linux-gnu/gtk-3.0/3.0.0/immodules/im-ibus.so
7aee90850000-7aee90851000 r--p 0000a000 08:05 1062006                    /usr/lib/x86_64-linux-gnu/gtk-3.0/3.0.0/immodules/im-ibus.so
7aee90851000-7aee90852000 rw-p 0000b000 08:05 1062006                    /usr/lib/x86_64-linux-gnu/gtk-3.0/3.0.0/immodules/im-ibus.so
7aee90852000-7aee908a6000 r--p 00000000 08:05 1195365                    /usr/share/fonts/truetype/dejavu/DejaVuSansMono.ttf
7aee908a6000-7aee908aa000 ---p 00000000 00:00 0 
7aee908aa000-7aee909a6000 rw-p 00000000 00:00 0 
7aee909a6000-7aee909aa000 ---p 00000000 00:00 0 
7aee909aa000-7aee90aa6000 rw-p 00000000 00:00 0 
7aee90aa6000-7aee90aaa000 ---p 00000000 00:00 0 
7aee90aaa000-7aee90ba6000 rw-p 00000000 00:00 0 
7aee90ba6000-7aee90baa000 ---p 00000000 00:00 0 
7aee90baa000-7aee90ca6000 rw-p 00000000 00:00 0 
7aee90ca6000-7aee90cb1000 r--p 00000000 07:23 1833                       /snap/dbeaver-ce/543/usr/share/dbeaver-ce/jre/lib/libfreetype.so
7aee90cb1000-7aee90d29000 r-xp 0000b000 07:23 1833                       /snap/dbeaver-ce/543/usr/share/dbeaver-ce/jre/lib/libfreetype.so
7aee90d29000-7aee90d4d000 r--p 00083000 07:23 1833                       /snap/dbeaver-ce/543/usr/share/dbeaver-ce/jre/lib/libfreetype.so
7aee90d4d000-7aee90d53000 r--p 000a7000 07:23 1833                       /snap/dbeaver-ce/543/usr/share/dbeaver-ce/jre/lib/libfreetype.so
7aee90d53000-7aee90d54000 rw-p 000ad000 07:23 1833                       /snap/dbeaver-ce/543/usr/share/dbeaver-ce/jre/lib/libfreetype.so
7aee90d54000-7aee90d5b000 r--p 00000000 07:23 1832                       /snap/dbeaver-ce/543/usr/share/dbeaver-ce/jre/lib/libfontmanager.so
7aee90d5b000-7aee90ede000 r-xp 00007000 07:23 1832                       /snap/dbeaver-ce/543/usr/share/dbeaver-ce/jre/lib/libfontmanager.so
7aee90ede000-7aee90f1a000 r--p 0018a000 07:23 1832                       /snap/dbeaver-ce/543/usr/share/dbeaver-ce/jre/lib/libfontmanager.so
7aee90f1a000-7aee90f1c000 r--p 001c6000 07:23 1832                       /snap/dbeaver-ce/543/usr/share/dbeaver-ce/jre/lib/libfontmanager.so
7aee90f1c000-7aee90f1d000 rw-p 001c8000 07:23 1832                       /snap/dbeaver-ce/543/usr/share/dbeaver-ce/jre/lib/libfontmanager.so
7aee90f1d000-7aee90f1e000 rw-p 00000000 00:00 0 
7aee90f1e000-7aee90f2f000 r--p 00000000 07:23 1830                       /snap/dbeaver-ce/543/usr/share/dbeaver-ce/jre/lib/libawt_xawt.so
7aee90f2f000-7aee90f72000 r-xp 00011000 07:23 1830                       /snap/dbeaver-ce/543/usr/share/dbeaver-ce/jre/lib/libawt_xawt.so
7aee90f72000-7aee90f86000 r--p 00054000 07:23 1830                       /snap/dbeaver-ce/543/usr/share/dbeaver-ce/jre/lib/libawt_xawt.so
7aee90f86000-7aee90f88000 r--p 00067000 07:23 1830                       /snap/dbeaver-ce/543/usr/share/dbeaver-ce/jre/lib/libawt_xawt.so
7aee90f88000-7aee90f8a000 rw-p 00069000 07:23 1830                       /snap/dbeaver-ce/543/usr/share/dbeaver-ce/jre/lib/libawt_xawt.so
7aee90f8a000-7aee90f8c000 rw-p 00000000 00:00 0 
7aee90f8c000-7aee90fab000 r--p 00000000 07:23 1828                       /snap/dbeaver-ce/543/usr/share/dbeaver-ce/jre/lib/libawt.so
7aee90fab000-7aee91049000 r-xp 0001f000 07:23 1828                       /snap/dbeaver-ce/543/usr/share/dbeaver-ce/jre/lib/libawt.so
7aee91049000-7aee91056000 r--p 000bd000 07:23 1828                       /snap/dbeaver-ce/543/usr/share/dbeaver-ce/jre/lib/libawt.so
7aee91056000-7aee91057000 r--p 000c9000 07:23 1828                       /snap/dbeaver-ce/543/usr/share/dbeaver-ce/jre/lib/libawt.so
7aee91057000-7aee91062000 rw-p 000ca000 07:23 1828                       /snap/dbeaver-ce/543/usr/share/dbeaver-ce/jre/lib/libawt.so
7aee91062000-7aee91087000 rw-p 00000000 00:00 0 
7aee91087000-7aee910c2000 r--p 00000000 08:05 660806                     /home/gustaa/snap/dbeaver-ce/543/.local/share/DBeaverData/install-data/org.jkiss.dbeaver.product/26.1.5-202608181400/org.eclipse.osgi/152/0/.cp/libswt-pi3-gtk-4973r12.so
7aee910c2000-7aee910e3000 r-xp 0003b000 08:05 660806                     /home/gustaa/snap/dbeaver-ce/543/.local/share/DBeaverData/install-data/org.jkiss.dbeaver.product/26.1.5-202608181400/org.eclipse.osgi/152/0/.cp/libswt-pi3-gtk-4973r12.so
7aee910e3000-7aee910f6000 r--p 0005c000 08:05 660806                     /home/gustaa/snap/dbeaver-ce/543/.local/share/DBeaverData/install-data/org.jkiss.dbeaver.product/26.1.5-202608181400/org.eclipse.osgi/152/0/.cp/libswt-pi3-gtk-4973r12.so
7aee910f6000-7aee910f7000 r--p 0006e000 08:05 660806                     /home/gustaa/snap/dbeaver-ce/543/.local/share/DBeaverData/install-data/org.jkiss.dbeaver.product/26.1.5-202608181400/org.eclipse.osgi/152/0/.cp/libswt-pi3-gtk-4973r12.so
7aee910f7000-7aee910fa000 rw-p 0006f000 08:05 660806                     /home/gustaa/snap/dbeaver-ce/543/.local/share/DBeaverData/install-data/org.jkiss.dbeaver.product/26.1.5-202608181400/org.eclipse.osgi/152/0/.cp/libswt-pi3-gtk-4973r12.so
7aee910fa000-7aee910fb000 rw-p 00000000 00:00 0 
7aee910fb000-7aee9113a000 r--p 00000000 08:05 660805                     /home/gustaa/snap/dbeaver-ce/543/.local/share/DBeaverData/install-data/org.jkiss.dbeaver.product/26.1.5-202608181400/org.eclipse.osgi/152/0/.cp/libswt-gtk-4973r12.so
7aee9113a000-7aee91163000 r-xp 0003f000 08:05 660805                     /home/gustaa/snap/dbeaver-ce/543/.local/share/DBeaverData/install-data/org.jkiss.dbeaver.product/26.1.5-202608181400/org.eclipse.osgi/152/0/.cp/libswt-gtk-4973r12.so
7aee91163000-7aee91188000 r--p 00068000 08:05 660805                     /home/gustaa/snap/dbeaver-ce/543/.local/share/DBeaverData/install-data/org.jkiss.dbeaver.product/26.1.5-202608181400/org.eclipse.osgi/152/0/.cp/libswt-gtk-4973r12.so
7aee91188000-7aee91189000 r--p 0008c000 08:05 660805                     /home/gustaa/snap/dbeaver-ce/543/.local/share/DBeaverData/install-data/org.jkiss.dbeaver.product/26.1.5-202608181400/org.eclipse.osgi/152/0/.cp/libswt-gtk-4973r12.so
7aee91189000-7aee91191000 rw-p 0008d000 08:05 660805                     /home/gustaa/snap/dbeaver-ce/543/.local/share/DBeaverData/install-data/org.jkiss.dbeaver.product/26.1.5-202608181400/org.eclipse.osgi/152/0/.cp/libswt-gtk-4973r12.so
7aee91191000-7aee91195000 rw-p 00000000 00:00 0 
7aee91195000-7aee91199000 r--p 00000000 07:23 1855                       /snap/dbeaver-ce/543/usr/share/dbeaver-ce/jre/lib/libverify.so
7aee91199000-7aee911a2000 r-xp 00004000 07:23 1855                       /snap/dbeaver-ce/543/usr/share/dbeaver-ce/jre/lib/libverify.so
7aee911a2000-7aee911a4000 r--p 0000d000 07:23 1855                       /snap/dbeaver-ce/543/usr/share/dbeaver-ce/jre/lib/libverify.so
7aee911a4000-7aee911a6000 r--p 0000e000 07:23 1855                       /snap/dbeaver-ce/543/usr/share/dbeaver-ce/jre/lib/libverify.so
7aee911a6000-7aee911a7000 rw-p 00010000 07:23 1855                       /snap/dbeaver-ce/543/usr/share/dbeaver-ce/jre/lib/libverify.so
7aee911a7000-7aee911ab000 ---p 00000000 00:00 0 
7aee911ab000-7aee912a7000 rw-p 00000000 00:00 0 
7aee912a7000-7aee912ab000 ---p 00000000 00:00 0 
7aee912ab000-7aee913a7000 rw-p 00000000 00:00 0 
7aee913a7000-7aee913ab000 ---p 00000000 00:00 0 
7aee913ab000-7aee914a7000 rw-p 00000000 00:00 0 
7aee914a7000-7aee914ab000 ---p 00000000 00:00 0 
7aee914ab000-7aee915a7000 rw-p 00000000 00:00 0 
7aee915a7000-7aee915ab000 ---p 00000000 00:00 0 
7aee915ab000-7aee920b1000 rw-p 00000000 00:00 0 
7aee920b1000-7aee920b5000 ---p 00000000 00:00 0 
7aee920b5000-7aee921b1000 rw-p 00000000 00:00 0 
7aee921b1000-7aee921b5000 ---p 00000000 00:00 0 
7aee921b5000-7aee922b1000 rw-p 00000000 00:00 0 
7aee922b1000-7aee922b5000 ---p 00000000 00:00 0 
7aee922b5000-7aee923b1000 rw-p 00000000 00:00 0 
7aee923b1000-7aee923b5000 ---p 00000000 00:00 0 
7aee923b5000-7aee924b1000 rw-p 00000000 00:00 0 
7aee924b1000-7aee924b5000 ---p 00000000 00:00 0 
7aee924b5000-7aee925b1000 rw-p 00000000 00:00 0 
7aee925b1000-7aee926b9000 r--p 00000000 08:05 1195712                    /usr/share/fonts/truetype/ubuntu/UbuntuSans[wdth,wght].ttf
7aee926b9000-7aee927c1000 r--p 00000000 08:05 1195712                    /usr/share/fonts/truetype/ubuntu/UbuntuSans[wdth,wght].ttf
7aee927c1000-7aee927c5000 ---p 00000000 00:00 0 
7aee927c5000-7aee929c2000 rw-p 00000000 00:00 0 
7aee929c2000-7aee929c6000 ---p 00000000 00:00 0 
7aee929c6000-7aee92bc3000 rw-p 00000000 00:00 0 
7aee92bc3000-7aee92bc7000 ---p 00000000 00:00 0 
7aee92bc7000-7aee92dc4000 rw-p 00000000 00:00 0 
7aee92dc4000-7aee92dc8000 ---p 00000000 00:00 0 
7aee92dc8000-7aee92fc5000 rw-p 00000000 00:00 0 
7aee92fc5000-7aee92fc9000 ---p 00000000 00:00 0 
7aee92fc9000-7aee931c6000 rw-p 00000000 00:00 0 
7aee931c6000-7aee931ca000 ---p 00000000 00:00 0 
7aee931ca000-7aee933c7000 rw-p 00000000 00:00 0 
7aee933c7000-7aee933cb000 ---p 00000000 00:00 0 
7aee933cb000-7aee935c8000 rw-p 00000000 00:00 0 
7aee935c8000-7aee935cc000 ---p 00000000 00:00 0 
7aee935cc000-7aee937c9000 rw-p 00000000 00:00 0 
7aee937c9000-7aee937cd000 ---p 00000000 00:00 0 
7aee937cd000-7aee939ca000 rw-p 00000000 00:00 0 
7aee939ca000-7aee939ce000 ---p 00000000 00:00 0 
7aee939ce000-7aee93bcb000 rw-p 00000000 00:00 0 
7aee93bcb000-7aee93bcf000 ---p 00000000 00:00 0 
7aee93bcf000-7aee93dcc000 rw-p 00000000 00:00 0 
7aee93dcc000-7aee93dd0000 ---p 00000000 00:00 0 
7aee93dd0000-7aee93fcd000 rw-p 00000000 00:00 0 
7aee93fcd000-7aee94000000 r--p 00000000 08:05 1334545                    /usr/share/locale-langpack/pt_BR/LC_MESSAGES/gtk30-properties.mo
7aee94000000-7aee94080000 rw-p 00000000 00:00 0 
7aee94080000-7aee98000000 ---p 00000000 00:00 0 
7aee98003000-7aee98009000 r--p 00000000 08:05 660867                     /home/gustaa/snap/dbeaver-ce/543/.local/share/DBeaverData/install-data/org.jkiss.dbeaver.product/26.1.5-202608181400/org.eclipse.osgi/152/0/.cp/libswt-cairo-gtk-4973r12.so
7aee98009000-7aee9800c000 r-xp 00006000 08:05 660867                     /home/gustaa/snap/dbeaver-ce/543/.local/share/DBeaverData/install-data/org.jkiss.dbeaver.product/26.1.5-202608181400/org.eclipse.osgi/152/0/.cp/libswt-cairo-gtk-4973r12.so
7aee9800c000-7aee9800e000 r--p 00009000 08:05 660867                     /home/gustaa/snap/dbeaver-ce/543/.local/share/DBeaverData/install-data/org.jkiss.dbeaver.product/26.1.5-202608181400/org.eclipse.osgi/152/0/.cp/libswt-cairo-gtk-4973r12.so
7aee9800e000-7aee9800f000 r--p 0000a000 08:05 660867                     /home/gustaa/snap/dbeaver-ce/543/.local/share/DBeaverData/install-data/org.jkiss.dbeaver.product/26.1.5-202608181400/org.eclipse.osgi/152/0/.cp/libswt-cairo-gtk-4973r12.so
7aee9800f000-7aee98010000 rw-p 0000b000 08:05 660867                     /home/gustaa/snap/dbeaver-ce/543/.local/share/DBeaverData/install-data/org.jkiss.dbeaver.product/26.1.5-202608181400/org.eclipse.osgi/152/0/.cp/libswt-cairo-gtk-4973r12.so
7aee98038000-7aee9803c000 r--p 00000000 08:05 918823                     /usr/lib/x86_64-linux-gnu/libapparmor.so.1.30.7
7aee9803c000-7aee98046000 r-xp 00004000 08:05 918823                     /usr/lib/x86_64-linux-gnu/libapparmor.so.1.30.7
7aee98046000-7aee9804d000 r--p 0000e000 08:05 918823                     /usr/lib/x86_64-linux-gnu/libapparmor.so.1.30.7
7aee9804d000-7aee9804e000 r--p 00014000 08:05 918823                     /usr/lib/x86_64-linux-gnu/libapparmor.so.1.30.7
7aee9804e000-7aee9804f000 rw-p 00015000 08:05 918823                     /usr/lib/x86_64-linux-gnu/libapparmor.so.1.30.7
7aee9804f000-7aee98051000 r--p 00000000 08:05 936011                     /usr/lib/x86_64-linux-gnu/libasyncns.so.0.3.1
7aee98051000-7aee98054000 r-xp 00002000 08:05 936011                     /usr/lib/x86_64-linux-gnu/libasyncns.so.0.3.1
7aee98054000-7aee98055000 r--p 00005000 08:05 936011                     /usr/lib/x86_64-linux-gnu/libasyncns.so.0.3.1
7aee98055000-7aee98056000 r--p 00006000 08:05 936011                     /usr/lib/x86_64-linux-gnu/libasyncns.so.0.3.1
7aee98056000-7aee98057000 rw-p 00007000 08:05 936011                     /usr/lib/x86_64-linux-gnu/libasyncns.so.0.3.1
7aee98057000-7aee98058000 r--p 00000000 08:05 935879                     /usr/lib/x86_64-linux-gnu/libX11-xcb.so.1.0.0
7aee98058000-7aee98059000 r-xp 00001000 08:05 935879                     /usr/lib/x86_64-linux-gnu/libX11-xcb.so.1.0.0
7aee98059000-7aee9805a000 r--p 00002000 08:05 935879                     /usr/lib/x86_64-linux-gnu/libX11-xcb.so.1.0.0
7aee9805a000-7aee9805b000 r--p 00002000 08:05 935879                     /usr/lib/x86_64-linux-gnu/libX11-xcb.so.1.0.0
7aee9805b000-7aee9805c000 rw-p 00003000 08:05 935879                     /usr/lib/x86_64-linux-gnu/libX11-xcb.so.1.0.0
7aee98062000-7aee98073000 r--p 00000000 08:05 1334669                    /usr/share/locale-langpack/pt_BR/LC_MESSAGES/pulseaudio.mo
7aee98073000-7aee98075000 r--p 00000000 08:05 1062204                    /usr/lib/x86_64-linux-gnu/libcanberra-0.30/libcanberra-pulse.so
7aee98075000-7aee98079000 r-xp 00002000 08:05 1062204                    /usr/lib/x86_64-linux-gnu/libcanberra-0.30/libcanberra-pulse.so
7aee98079000-7aee9807a000 r--p 00006000 08:05 1062204                    /usr/lib/x86_64-linux-gnu/libcanberra-0.30/libcanberra-pulse.so
7aee9807a000-7aee9807b000 r--p 00006000 08:05 1062204                    /usr/lib/x86_64-linux-gnu/libcanberra-0.30/libcanberra-pulse.so
7aee9807b000-7aee9807c000 rw-p 00007000 08:05 1062204                    /usr/lib/x86_64-linux-gnu/libcanberra-0.30/libcanberra-pulse.so
7aee9807c000-7aee9807f000 r--p 00000000 08:05 660886                     /home/gustaa/snap/dbeaver-ce/543/.local/share/DBeaverData/install-data/org.jkiss.dbeaver.product/26.1.5-202608181400/org.eclipse.osgi/152/0/.cp/libswt-atk-gtk-4973r12.so
7aee9807f000-7aee98083000 r-xp 00003000 08:05 660886                     /home/gustaa/snap/dbeaver-ce/543/.local/share/DBeaverData/install-data/org.jkiss.dbeaver.product/26.1.5-202608181400/org.eclipse.osgi/152/0/.cp/libswt-atk-gtk-4973r12.so
7aee98083000-7aee98085000 r--p 00007000 08:05 660886                     /home/gustaa/snap/dbeaver-ce/543/.local/share/DBeaverData/install-data/org.jkiss.dbeaver.product/26.1.5-202608181400/org.eclipse.osgi/152/0/.cp/libswt-atk-gtk-4973r12.so
7aee98085000-7aee98086000 r--p 00008000 08:05 660886                     /home/gustaa/snap/dbeaver-ce/543/.local/share/DBeaverData/install-data/org.jkiss.dbeaver.product/26.1.5-202608181400/org.eclipse.osgi/152/0/.cp/libswt-atk-gtk-4973r12.so
7aee98086000-7aee98087000 rw-p 00009000 08:05 660886                     /home/gustaa/snap/dbeaver-ce/543/.local/share/DBeaverData/install-data/org.jkiss.dbeaver.product/26.1.5-202608181400/org.eclipse.osgi/152/0/.cp/libswt-atk-gtk-4973r12.so
7aee98087000-7aee9808f000 r--s 00000000 08:05 5022611                    /home/gustaa/.local/share/gvfs-metadata/root-0818a8a2.log
7aee9808f000-7aee98090000 r--p 00000000 07:23 1831                       /snap/dbeaver-ce/543/usr/share/dbeaver-ce/jre/lib/libextnet.so
7aee98090000-7aee98091000 r-xp 00001000 07:23 1831                       /snap/dbeaver-ce/543/usr/share/dbeaver-ce/jre/lib/libextnet.so
7aee98091000-7aee98092000 r--p 00002000 07:23 1831                       /snap/dbeaver-ce/543/usr/share/dbeaver-ce/jre/lib/libextnet.so
7aee98092000-7aee98093000 r--p 00002000 07:23 1831                       /snap/dbeaver-ce/543/usr/share/dbeaver-ce/jre/lib/libextnet.so
7aee98093000-7aee98094000 rw-p 00003000 07:23 1831                       /snap/dbeaver-ce/543/usr/share/dbeaver-ce/jre/lib/libextnet.so
7aee98094000-7aee9809e000 r--p 00000000 08:05 918825                     /usr/lib/x86_64-linux-gnu/libnss_systemd.so.2
7aee9809e000-7aee980e6000 r-xp 0000a000 08:05 918825                     /usr/lib/x86_64-linux-gnu/libnss_systemd.so.2
7aee980e6000-7aee980f9000 r--p 00052000 08:05 918825                     /usr/lib/x86_64-linux-gnu/libnss_systemd.so.2
7aee980f9000-7aee980ff000 r--p 00065000 08:05 918825                     /usr/lib/x86_64-linux-gnu/libnss_systemd.so.2
7aee980ff000-7aee98100000 rw-p 0006b000 08:05 918825                     /usr/lib/x86_64-linux-gnu/libnss_systemd.so.2
7aee98100000-7aee98301000 rw-p 00000000 00:00 0 
7aee98301000-7aee98305000 ---p 00000000 00:00 0 
7aee98305000-7aee98b05000 rw-p 00000000 00:00 0 
7aee98b05000-7aee98b0b000 r--p 00000000 08:05 919043                     /usr/lib/x86_64-linux-gnu/libmvec.so.1
7aee98b0b000-7aee98b2e000 r-xp 00006000 08:05 919043                     /usr/lib/x86_64-linux-gnu/libmvec.so.1
7aee98b2e000-7aee98bfe000 r--p 00029000 08:05 919043                     /usr/lib/x86_64-linux-gnu/libmvec.so.1
7aee98bfe000-7aee98bff000 r--p 000f8000 08:05 919043                     /usr/lib/x86_64-linux-gnu/libmvec.so.1
7aee98bff000-7aee98c00000 rw-p 000f9000 08:05 919043                     /usr/lib/x86_64-linux-gnu/libmvec.so.1
7aee98c00000-7aee98f4a000 r--s 00000000 08:05 6037217                    /var/cache/fontconfig/0bd3dc0958fa2205aaaa8ebb13e2872b-le64.cache-9
7aee98f4c000-7aee98f4e000 r--p 00000000 08:05 920458                     /usr/lib/x86_64-linux-gnu/libnss_sss.so.2
7aee98f4e000-7aee98f56000 r-xp 00002000 08:05 920458                     /usr/lib/x86_64-linux-gnu/libnss_sss.so.2
7aee98f56000-7aee98f58000 r--p 0000a000 08:05 920458                     /usr/lib/x86_64-linux-gnu/libnss_sss.so.2
7aee98f58000-7aee98f59000 r--p 0000b000 08:05 920458                     /usr/lib/x86_64-linux-gnu/libnss_sss.so.2
7aee98f59000-7aee98f5a000 rw-p 0000c000 08:05 920458                     /usr/lib/x86_64-linux-gnu/libnss_sss.so.2
7aee98f5a000-7aee98f84000 r--s 00000000 08:05 1048779                    /usr/share/mime/mime.cache
7aee98f84000-7aee98f86000 r--p 00000000 08:05 936469                     /usr/lib/x86_64-linux-gnu/libogg.so.0.8.6
7aee98f86000-7aee98f89000 r-xp 00002000 08:05 936469                     /usr/lib/x86_64-linux-gnu/libogg.so.0.8.6
7aee98f89000-7aee98f8c000 r--p 00005000 08:05 936469                     /usr/lib/x86_64-linux-gnu/libogg.so.0.8.6
7aee98f8c000-7aee98f8d000 r--p 00008000 08:05 936469                     /usr/lib/x86_64-linux-gnu/libogg.so.0.8.6
7aee98f8d000-7aee98f8e000 rw-p 00009000 08:05 936469                     /usr/lib/x86_64-linux-gnu/libogg.so.0.8.6
7aee98f8e000-7aee98f91000 r--p 00000000 08:05 936687                     /usr/lib/x86_64-linux-gnu/libvorbis.so.0.4.9
7aee98f91000-7aee98faa000 r-xp 00003000 08:05 936687                     /usr/lib/x86_64-linux-gnu/libvorbis.so.0.4.9
7aee98faa000-7aee98fbb000 r--p 0001c000 08:05 936687                     /usr/lib/x86_64-linux-gnu/libvorbis.so.0.4.9
7aee98fbb000-7aee98fbc000 r--p 0002c000 08:05 936687                     /usr/lib/x86_64-linux-gnu/libvorbis.so.0.4.9
7aee98fbc000-7aee98fbd000 rw-p 0002d000 08:05 936687                     /usr/lib/x86_64-linux-gnu/libvorbis.so.0.4.9
7aee98fbd000-7aee98fbf000 r--p 00000000 08:05 936371                     /usr/lib/x86_64-linux-gnu/libltdl.so.7.3.3
7aee98fbf000-7aee98fc4000 r-xp 00002000 08:05 936371                     /usr/lib/x86_64-linux-gnu/libltdl.so.7.3.3
7aee98fc4000-7aee98fc6000 r--p 00007000 08:05 936371                     /usr/lib/x86_64-linux-gnu/libltdl.so.7.3.3
7aee98fc6000-7aee98fc7000 r--p 00009000 08:05 936371                     /usr/lib/x86_64-linux-gnu/libltdl.so.7.3.3
7aee98fc7000-7aee98fc8000 rw-p 0000a000 08:05 936371                     /usr/lib/x86_64-linux-gnu/libltdl.so.7.3.3
7aee98fc8000-7aee98fcc000 r--p 00000000 08:05 920417                     /usr/lib/x86_64-linux-gnu/libtdb.so.1.4.14
7aee98fcc000-7aee98fda000 r-xp 00004000 08:05 920417                     /usr/lib/x86_64-linux-gnu/libtdb.so.1.4.14
7aee98fda000-7aee98fdf000 r--p 00012000 08:05 920417                     /usr/lib/x86_64-linux-gnu/libtdb.so.1.4.14
7aee98fdf000-7aee98fe0000 r--p 00016000 08:05 920417                     /usr/lib/x86_64-linux-gnu/libtdb.so.1.4.14
7aee98fe0000-7aee98fe1000 rw-p 00017000 08:05 920417                     /usr/lib/x86_64-linux-gnu/libtdb.so.1.4.14
7aee98fe1000-7aee98fe3000 r--p 00000000 08:05 936689                     /usr/lib/x86_64-linux-gnu/libvorbisfile.so.3.3.8
7aee98fe3000-7aee98fe9000 r-xp 00002000 08:05 936689                     /usr/lib/x86_64-linux-gnu/libvorbisfile.so.3.3.8
7aee98fe9000-7aee98fea000 r--p 00008000 08:05 936689                     /usr/lib/x86_64-linux-gnu/libvorbisfile.so.3.3.8
7aee98fea000-7aee98feb000 r--p 00008000 08:05 936689                     /usr/lib/x86_64-linux-gnu/libvorbisfile.so.3.3.8
7aee98feb000-7aee98fec000 rw-p 00009000 08:05 936689                     /usr/lib/x86_64-linux-gnu/libvorbisfile.so.3.3.8
7aee98fec000-7aee98fef000 r--p 00000000 08:05 936070                     /usr/lib/x86_64-linux-gnu/libcanberra.so.0.2.5
7aee98fef000-7aee98ff9000 r-xp 00003000 08:05 936070                     /usr/lib/x86_64-linux-gnu/libcanberra.so.0.2.5
7aee98ff9000-7aee98ffc000 r--p 0000d000 08:05 936070                     /usr/lib/x86_64-linux-gnu/libcanberra.so.0.2.5
7aee98ffc000-7aee98ffd000 r--p 0000f000 08:05 936070                     /usr/lib/x86_64-linux-gnu/libcanberra.so.0.2.5
7aee98ffd000-7aee98ffe000 rw-p 00010000 08:05 936070                     /usr/lib/x86_64-linux-gnu/libcanberra.so.0.2.5
7aee98ffe000-7aee99000000 r--p 00000000 08:05 936069                     /usr/lib/x86_64-linux-gnu/libcanberra-gtk3.so.0.1.9
7aee99000000-7aee99002000 r-xp 00002000 08:05 936069                     /usr/lib/x86_64-linux-gnu/libcanberra-gtk3.so.0.1.9
7aee99002000-7aee99003000 r--p 00004000 08:05 936069                     /usr/lib/x86_64-linux-gnu/libcanberra-gtk3.so.0.1.9
7aee99003000-7aee99004000 r--p 00004000 08:05 936069                     /usr/lib/x86_64-linux-gnu/libcanberra-gtk3.so.0.1.9
7aee99004000-7aee99005000 rw-p 00005000 08:05 936069                     /usr/lib/x86_64-linux-gnu/libcanberra-gtk3.so.0.1.9
7aee99009000-7aee9900a000 r--p 00000000 07:23 1836                       /snap/dbeaver-ce/543/usr/share/dbeaver-ce/jre/lib/libjaas.so
7aee9900a000-7aee9900b000 r-xp 00001000 07:23 1836                       /snap/dbeaver-ce/543/usr/share/dbeaver-ce/jre/lib/libjaas.so
7aee9900b000-7aee9900c000 r--p 00002000 07:23 1836                       /snap/dbeaver-ce/543/usr/share/dbeaver-ce/jre/lib/libjaas.so
7aee9900c000-7aee9900d000 r--p 00002000 07:23 1836                       /snap/dbeaver-ce/543/usr/share/dbeaver-ce/jre/lib/libjaas.so
7aee9900d000-7aee9900e000 rw-p 00003000 07:23 1836                       /snap/dbeaver-ce/543/usr/share/dbeaver-ce/jre/lib/libjaas.so
7aee9900e000-7aee99010000 r--p 00000000 08:05 935900                     /usr/lib/x86_64-linux-gnu/libXtst.so.6.1.0
7aee99010000-7aee99013000 r-xp 00002000 08:05 935900                     /usr/lib/x86_64-linux-gnu/libXtst.so.6.1.0
7aee99013000-7aee99014000 r--p 00005000 08:05 935900                     /usr/lib/x86_64-linux-gnu/libXtst.so.6.1.0
7aee99014000-7aee99015000 r--p 00005000 08:05 935900                     /usr/lib/x86_64-linux-gnu/libXtst.so.6.1.0
7aee99015000-7aee99016000 rw-p 00006000 08:05 935900                     /usr/lib/x86_64-linux-gnu/libXtst.so.6.1.0
7aee99016000-7aee9901c000 r--p 00000000 08:05 1334487                    /usr/share/locale-langpack/pt_BR/LC_MESSAGES/gdk-pixbuf.mo
7aee9901c000-7aee9901e000 r--p 00000000 08:05 1062018                    /usr/lib/x86_64-linux-gnu/gtk-3.0/modules/libcanberra-gtk3-module.so
7aee9901e000-7aee99021000 r-xp 00002000 08:05 1062018                    /usr/lib/x86_64-linux-gnu/gtk-3.0/modules/libcanberra-gtk3-module.so
7aee99021000-7aee99022000 r--p 00005000 08:05 1062018                    /usr/lib/x86_64-linux-gnu/gtk-3.0/modules/libcanberra-gtk3-module.so
7aee99022000-7aee99023000 r--p 00005000 08:05 1062018                    /usr/lib/x86_64-linux-gnu/gtk-3.0/modules/libcanberra-gtk3-module.so
7aee99023000-7aee99024000 rw-p 00006000 08:05 1062018                    /usr/lib/x86_64-linux-gnu/gtk-3.0/modules/libcanberra-gtk3-module.so
7aee99024000-7aee99032000 r--s 00000000 08:05 6029782                    /var/cache/fontconfig/a4e60e8d1e10d2fdff3fe3037a1845fb-le64.cache-9
7aee99032000-7aee99090000 r--s 00000000 08:05 6029767                    /var/cache/fontconfig/2300eef321c393bfd76478a5c0e95b23-le64.cache-9
7aee99090000-7aee99098000 r--s 00000000 08:05 6029768                    /var/cache/fontconfig/3047814df9a2f067bd2d96a2b9c36e5a-le64.cache-9
7aee99098000-7aee990af000 r--s 00000000 08:05 6035893                    /var/cache/fontconfig/d52a8644073d54c13679302ca1180695-le64.cache-9
7aee990af000-7aee990bc000 r--s 00000000 08:05 6037213                    /var/cache/fontconfig/d589a48862398ed80a3d6066f4f56f4c-le64.cache-9
7aee990bc000-7aee990cc000 r--s 00000000 08:05 6029776                    /var/cache/fontconfig/6cc790b63b123a6a96ee260fcdad32a9-le64.cache-9
7aee990cc000-7aee9a8cf000 rw-p 00000000 00:00 0 
7aee9a8cf000-7aee9a8e2000 r--p 00000000 08:05 1062021                    /usr/lib/x86_64-linux-gnu/gvfs/libgvfscommon.so
7aee9a8e2000-7aee9a8fe000 r-xp 00013000 08:05 1062021                    /usr/lib/x86_64-linux-gnu/gvfs/libgvfscommon.so
7aee9a8fe000-7aee9a90a000 r--p 0002f000 08:05 1062021                    /usr/lib/x86_64-linux-gnu/gvfs/libgvfscommon.so
7aee9a90a000-7aee9a910000 r--p 0003a000 08:05 1062021                    /usr/lib/x86_64-linux-gnu/gvfs/libgvfscommon.so
7aee9a910000-7aee9a911000 rw-p 00040000 08:05 1062021                    /usr/lib/x86_64-linux-gnu/gvfs/libgvfscommon.so
7aee9a911000-7aee9a91c000 r--p 00000000 08:05 1061792                    /usr/lib/x86_64-linux-gnu/gio/modules/libgvfsdbus.so
7aee9a91c000-7aee9a93a000 r-xp 0000b000 08:05 1061792                    /usr/lib/x86_64-linux-gnu/gio/modules/libgvfsdbus.so
7aee9a93a000-7aee9a942000 r--p 00029000 08:05 1061792                    /usr/lib/x86_64-linux-gnu/gio/modules/libgvfsdbus.so
7aee9a942000-7aee9a944000 r--p 00031000 08:05 1061792                    /usr/lib/x86_64-linux-gnu/gio/modules/libgvfsdbus.so
7aee9a944000-7aee9a945000 rw-p 00033000 08:05 1061792                    /usr/lib/x86_64-linux-gnu/gio/modules/libgvfsdbus.so
7aee9a945000-7aee9a9fa000 r--p 00000000 08:05 1445922                    /usr/share/themes/Yaru-dark/gtk-3.0/gtk.gresource
7aee9a9fa000-7aee9aa1d000 r--p 00000000 08:05 1334503                    /usr/share/locale-langpack/pt_BR/LC_MESSAGES/glib20.mo
7aee9aa1d000-7aee9b21e000 rw-p 00000000 00:00 0 
7aee9b21e000-7aee9b237000 r--p 00000000 08:05 919150                     /usr/lib/x86_64-linux-gnu/libsystemd.so.0.42.0
7aee9b237000-7aee9b2ee000 r-xp 00019000 08:05 919150                     /usr/lib/x86_64-linux-gnu/libsystemd.so.0.42.0
7aee9b2ee000-7aee9b328000 r--p 000d0000 08:05 919150                     /usr/lib/x86_64-linux-gnu/libsystemd.so.0.42.0
7aee9b328000-7aee9b330000 r--p 0010a000 08:05 919150                     /usr/lib/x86_64-linux-gnu/libsystemd.so.0.42.0
7aee9b330000-7aee9b331000 rw-p 00112000 08:05 919150                     /usr/lib/x86_64-linux-gnu/libsystemd.so.0.42.0
7aee9b331000-7aee9b332000 rw-p 00000000 00:00 0 
7aee9b332000-7aee9b33e000 r--p 00000000 08:05 936104                     /usr/lib/x86_64-linux-gnu/libdbus-1.so.3.38.3
7aee9b33e000-7aee9b36f000 r-xp 0000c000 08:05 936104                     /usr/lib/x86_64-linux-gnu/libdbus-1.so.3.38.3
7aee9b36f000-7aee9b380000 r--p 0003d000 08:05 936104                     /usr/lib/x86_64-linux-gnu/libdbus-1.so.3.38.3
7aee9b380000-7aee9b381000 r--p 0004d000 08:05 936104                     /usr/lib/x86_64-linux-gnu/libdbus-1.so.3.38.3
7aee9b381000-7aee9b382000 rw-p 0004e000 08:05 936104                     /usr/lib/x86_64-linux-gnu/libdbus-1.so.3.38.3
7aee9b382000-7aee9b393000 r--p 00000000 08:05 920134                     /usr/lib/x86_64-linux-gnu/libatspi.so.0.0.1
7aee9b393000-7aee9b3af000 r-xp 00011000 08:05 920134                     /usr/lib/x86_64-linux-gnu/libatspi.so.0.0.1
7aee9b3af000-7aee9b3bd000 r--p 0002d000 08:05 920134                     /usr/lib/x86_64-linux-gnu/libatspi.so.0.0.1
7aee9b3bd000-7aee9b3c1000 r--p 0003a000 08:05 920134                     /usr/lib/x86_64-linux-gnu/libatspi.so.0.0.1
7aee9b3c1000-7aee9b3c2000 rw-p 0003e000 08:05 920134                     /usr/lib/x86_64-linux-gnu/libatspi.so.0.0.1
7aee9b3c2000-7aee9b3ce000 r--p 00000000 08:05 917788                     /usr/lib/x86_64-linux-gnu/libatk-bridge-2.0.so.0.0.0
7aee9b3ce000-7aee9b3e9000 r-xp 0000c000 08:05 917788                     /usr/lib/x86_64-linux-gnu/libatk-bridge-2.0.so.0.0.0
7aee9b3e9000-7aee9b3fd000 r--p 00027000 08:05 917788                     /usr/lib/x86_64-linux-gnu/libatk-bridge-2.0.so.0.0.0
7aee9b3fd000-7aee9b3fe000 r--p 0003b000 08:05 917788                     /usr/lib/x86_64-linux-gnu/libatk-bridge-2.0.so.0.0.0
7aee9b3fe000-7aee9b400000 rw-p 0003c000 08:05 917788                     /usr/lib/x86_64-linux-gnu/libatk-bridge-2.0.so.0.0.0
7aee9b400000-7aee9b48b000 r--p 00000000 08:05 936275                     /usr/lib/x86_64-linux-gnu/libgtk-3.so.0.2420.32
7aee9b48b000-7aee9b83f000 r-xp 0008b000 08:05 936275                     /usr/lib/x86_64-linux-gnu/libgtk-3.so.0.2420.32
7aee9b83f000-7aee9bb01000 r--p 0043f000 08:05 936275                     /usr/lib/x86_64-linux-gnu/libgtk-3.so.0.2420.32
7aee9bb01000-7aee9bb13000 r--p 00701000 08:05 936275                     /usr/lib/x86_64-linux-gnu/libgtk-3.so.0.2420.32
7aee9bb13000-7aee9bb15000 rw-p 00713000 08:05 936275                     /usr/lib/x86_64-linux-gnu/libgtk-3.so.0.2420.32
7aee9bb15000-7aee9bb1a000 rw-p 00000000 00:00 0 
7aee9bb1b000-7aee9bb1f000 r--s 00000000 08:05 6037215                    /var/cache/fontconfig/e49e89034d371f0f9de17aab02136486-le64.cache-9
7aee9bb1f000-7aee9bb30000 r--s 00000000 08:05 6029780                    /var/cache/fontconfig/9b89f8e3dae116d678bbf48e5f21f69b-le64.cache-9
7aee9bb30000-7aee9bb4c000 r--p 00000000 08:05 1334546                    /usr/share/locale-langpack/pt_BR/LC_MESSAGES/gtk30.mo
7aee9bb4c000-7aee9bb4d000 r--p 00000000 08:05 935881                     /usr/lib/x86_64-linux-gnu/libXRes.so.1.0.0
7aee9bb4d000-7aee9bb4f000 r-xp 00001000 08:05 935881                     /usr/lib/x86_64-linux-gnu/libXRes.so.1.0.0
7aee9bb4f000-7aee9bb50000 r--p 00003000 08:05 935881                     /usr/lib/x86_64-linux-gnu/libXRes.so.1.0.0
7aee9bb50000-7aee9bb51000 r--p 00003000 08:05 935881                     /usr/lib/x86_64-linux-gnu/libXRes.so.1.0.0
7aee9bb51000-7aee9bb52000 rw-p 00004000 08:05 935881                     /usr/lib/x86_64-linux-gnu/libXRes.so.1.0.0
7aee9bb52000-7aee9bb5d000 r--p 00000000 08:05 917913                     /usr/lib/x86_64-linux-gnu/libatk-1.0.so.0.26013.1
7aee9bb5d000-7aee9bb6d000 r-xp 0000b000 08:05 917913                     /usr/lib/x86_64-linux-gnu/libatk-1.0.so.0.26013.1
7aee9bb6d000-7aee9bb78000 r--p 0001b000 08:05 917913                     /usr/lib/x86_64-linux-gnu/libatk-1.0.so.0.26013.1
7aee9bb78000-7aee9bb7b000 r--p 00026000 08:05 917913                     /usr/lib/x86_64-linux-gnu/libatk-1.0.so.0.26013.1
7aee9bb7b000-7aee9bb7c000 rw-p 00029000 08:05 917913                     /usr/lib/x86_64-linux-gnu/libatk-1.0.so.0.26013.1
7aee9bb7c000-7aee9bb7d000 r--p 00000000 08:05 936052                     /usr/lib/x86_64-linux-gnu/libbrotlicommon.so.1.2.0
7aee9bb7d000-7aee9bb7e000 r-xp 00001000 08:05 936052                     /usr/lib/x86_64-linux-gnu/libbrotlicommon.so.1.2.0
7aee9bb7e000-7aee9bb9d000 r--p 00002000 08:05 936052                     /usr/lib/x86_64-linux-gnu/libbrotlicommon.so.1.2.0
7aee9bb9d000-7aee9bb9e000 r--p 00021000 08:05 936052                     /usr/lib/x86_64-linux-gnu/libbrotlicommon.so.1.2.0
7aee9bb9e000-7aee9bb9f000 rw-p 00022000 08:05 936052                     /usr/lib/x86_64-linux-gnu/libbrotlicommon.so.1.2.0
7aee9bb9f000-7aee9bba6000 r--p 00000000 08:05 936047                     /usr/lib/x86_64-linux-gnu/libblkid.so.1.1.0
7aee9bba6000-7aee9bbcb000 r-xp 00007000 08:05 936047                     /usr/lib/x86_64-linux-gnu/libblkid.so.1.1.0
7aee9bbcb000-7aee9bbd4000 r--p 0002c000 08:05 936047                     /usr/lib/x86_64-linux-gnu/libblkid.so.1.1.0
7aee9bbd4000-7aee9bbda000 r--p 00034000 08:05 936047                     /usr/lib/x86_64-linux-gnu/libblkid.so.1.1.0
7aee9bbda000-7aee9bbdb000 rw-p 0003a000 08:05 936047                     /usr/lib/x86_64-linux-gnu/libblkid.so.1.1.0
7aee9bbdb000-7aee9bbde000 r--p 00000000 08:05 920390                     /usr/lib/x86_64-linux-gnu/libgraphite2.so.3.2.1
7aee9bbde000-7aee9bbfb000 r-xp 00003000 08:05 920390                     /usr/lib/x86_64-linux-gnu/libgraphite2.so.3.2.1
7aee9bbfb000-7aee9bbfe000 r--p 00020000 08:05 920390                     /usr/lib/x86_64-linux-gnu/libgraphite2.so.3.2.1
7aee9bbfe000-7aee9bc00000 r--p 00022000 08:05 920390                     /usr/lib/x86_64-linux-gnu/libgraphite2.so.3.2.1
7aee9bc00000-7aee9bc01000 rw-p 00024000 08:05 920390                     /usr/lib/x86_64-linux-gnu/libgraphite2.so.3.2.1
7aee9bc01000-7aee9bc03000 r--p 00000000 08:05 936102                     /usr/lib/x86_64-linux-gnu/libdatrie.so.1.4.1
7aee9bc03000-7aee9bc07000 r-xp 00002000 08:05 936102                     /usr/lib/x86_64-linux-gnu/libdatrie.so.1.4.1
7aee9bc07000-7aee9bc08000 r--p 00006000 08:05 936102                     /usr/lib/x86_64-linux-gnu/libdatrie.so.1.4.1
7aee9bc08000-7aee9bc09000 r--p 00006000 08:05 936102                     /usr/lib/x86_64-linux-gnu/libdatrie.so.1.4.1
7aee9bc09000-7aee9bc0a000 rw-p 00007000 08:05 936102                     /usr/lib/x86_64-linux-gnu/libdatrie.so.1.4.1
7aee9bc0a000-7aee9bc0c000 r--p 00000000 08:05 935887                     /usr/lib/x86_64-linux-gnu/libXdmcp.so.6.0.0
7aee9bc0c000-7aee9bc0e000 r-xp 00002000 08:05 935887                     /usr/lib/x86_64-linux-gnu/libXdmcp.so.6.0.0
7aee9bc0e000-7aee9bc10000 r--p 00004000 08:05 935887                     /usr/lib/x86_64-linux-gnu/libXdmcp.so.6.0.0
7aee9bc10000-7aee9bc11000 r--p 00005000 08:05 935887                     /usr/lib/x86_64-linux-gnu/libXdmcp.so.6.0.0
7aee9bc11000-7aee9bc12000 rw-p 00006000 08:05 935887                     /usr/lib/x86_64-linux-gnu/libXdmcp.so.6.0.0
7aee9bc12000-7aee9bc13000 r--p 00000000 08:05 936053                     /usr/lib/x86_64-linux-gnu/libbrotlidec.so.1.2.0
7aee9bc13000-7aee9bc1c000 r-xp 00001000 08:05 936053                     /usr/lib/x86_64-linux-gnu/libbrotlidec.so.1.2.0
7aee9bc1c000-7aee9bc1f000 r--p 0000a000 08:05 936053                     /usr/lib/x86_64-linux-gnu/libbrotlidec.so.1.2.0
7aee9bc1f000-7aee9bc20000 r--p 0000c000 08:05 936053                     /usr/lib/x86_64-linux-gnu/libbrotlidec.so.1.2.0
7aee9bc20000-7aee9bc21000 rw-p 0000d000 08:05 936053                     /usr/lib/x86_64-linux-gnu/libbrotlidec.so.1.2.0
7aee9bc21000-7aee9bc23000 r--p 00000000 08:05 936057                     /usr/lib/x86_64-linux-gnu/libbz2.so.1.0.4
7aee9bc23000-7aee9bc32000 r-xp 00002000 08:05 936057                     /usr/lib/x86_64-linux-gnu/libbz2.so.1.0.4
7aee9bc32000-7aee9bc34000 r--p 00011000 08:05 936057                     /usr/lib/x86_64-linux-gnu/libbz2.so.1.0.4
7aee9bc34000-7aee9bc35000 r--p 00012000 08:05 936057                     /usr/lib/x86_64-linux-gnu/libbz2.so.1.0.4
7aee9bc35000-7aee9bc36000 rw-p 00013000 08:05 936057                     /usr/lib/x86_64-linux-gnu/libbz2.so.1.0.4
7aee9bc36000-7aee9bc3a000 r--p 00000000 08:05 936196                     /usr/lib/x86_64-linux-gnu/libgcc_s.so.1
7aee9bc3a000-7aee9bc5e000 r-xp 00004000 08:05 936196                     /usr/lib/x86_64-linux-gnu/libgcc_s.so.1
7aee9bc5e000-7aee9bc62000 r--p 00028000 08:05 936196                     /usr/lib/x86_64-linux-gnu/libgcc_s.so.1
7aee9bc62000-7aee9bc63000 r--p 0002c000 08:05 936196                     /usr/lib/x86_64-linux-gnu/libgcc_s.so.1
7aee9bc63000-7aee9bc64000 rw-p 0002d000 08:05 936196                     /usr/lib/x86_64-linux-gnu/libgcc_s.so.1
7aee9bc64000-7aee9bc67000 r--p 00000000 08:05 936573                     /usr/lib/x86_64-linux-gnu/libseccomp.so.2.6.0
7aee9bc67000-7aee9bc77000 r-xp 00003000 08:05 936573                     /usr/lib/x86_64-linux-gnu/libseccomp.so.2.6.0
7aee9bc77000-7aee9bc90000 r--p 00013000 08:05 936573                     /usr/lib/x86_64-linux-gnu/libseccomp.so.2.6.0
7aee9bc90000-7aee9bc91000 r--p 0002c000 08:05 936573                     /usr/lib/x86_64-linux-gnu/libseccomp.so.2.6.0
7aee9bc91000-7aee9bc92000 rw-p 0002d000 08:05 936573                     /usr/lib/x86_64-linux-gnu/libseccomp.so.2.6.0
7aee9bc92000-7aee9bc9c000 r--p 00000000 08:05 920118                     /usr/lib/x86_64-linux-gnu/liblcms2.so.2.0.17
7aee9bc9c000-7aee9bce0000 r-xp 0000a000 08:05 920118                     /usr/lib/x86_64-linux-gnu/liblcms2.so.2.0.17
7aee9bce0000-7aee9bcf3000 r--p 0004e000 08:05 920118                     /usr/lib/x86_64-linux-gnu/liblcms2.so.2.0.17
7aee9bcf3000-7aee9bcf5000 r--p 00061000 08:05 920118                     /usr/lib/x86_64-linux-gnu/liblcms2.so.2.0.17
7aee9bcf5000-7aee9bcf8000 rw-p 00063000 08:05 920118                     /usr/lib/x86_64-linux-gnu/liblcms2.so.2.0.17
7aee9bcf8000-7aee9bcf9000 rw-p 00000000 00:00 0 
7aee9bcf9000-7aee9bd01000 r--p 00000000 08:05 936488                     /usr/lib/x86_64-linux-gnu/libpangoft2-1.0.so.0.5700.0
7aee9bd01000-7aee9bd12000 r-xp 00008000 08:05 936488                     /usr/lib/x86_64-linux-gnu/libpangoft2-1.0.so.0.5700.0
7aee9bd12000-7aee9bd17000 r--p 00019000 08:05 936488                     /usr/lib/x86_64-linux-gnu/libpangoft2-1.0.so.0.5700.0
7aee9bd17000-7aee9bd18000 r--p 0001e000 08:05 936488                     /usr/lib/x86_64-linux-gnu/libpangoft2-1.0.so.0.5700.0
7aee9bd18000-7aee9bd19000 rw-p 0001f000 08:05 936488                     /usr/lib/x86_64-linux-gnu/libpangoft2-1.0.so.0.5700.0
7aee9bd19000-7aee9bd20000 r--p 00000000 08:05 936575                     /usr/lib/x86_64-linux-gnu/libselinux.so.1
7aee9bd20000-7aee9bd41000 r-xp 00007000 08:05 936575                     /usr/lib/x86_64-linux-gnu/libselinux.so.1
7aee9bd41000-7aee9bd48000 r--p 00028000 08:05 936575                     /usr/lib/x86_64-linux-gnu/libselinux.so.1
7aee9bd48000-7aee9bd49000 r--p 0002f000 08:05 936575                     /usr/lib/x86_64-linux-gnu/libselinux.so.1
7aee9bd49000-7aee9bd4a000 rw-p 00030000 08:05 936575                     /usr/lib/x86_64-linux-gnu/libselinux.so.1
7aee9bd4a000-7aee9bd4c000 rw-p 00000000 00:00 0 
7aee9bd4c000-7aee9bd56000 r--p 00000000 08:05 936401                     /usr/lib/x86_64-linux-gnu/libmount.so.1.1.0
7aee9bd56000-7aee9bd8e000 r-xp 0000a000 08:05 936401                     /usr/lib/x86_64-linux-gnu/libmount.so.1.1.0
7aee9bd8e000-7aee9bd9c000 r--p 00042000 08:05 936401                     /usr/lib/x86_64-linux-gnu/libmount.so.1.1.0
7aee9bd9c000-7aee9bd9e000 r--p 00050000 08:05 936401                     /usr/lib/x86_64-linux-gnu/libmount.so.1.1.0
7aee9bd9e000-7aee9bd9f000 rw-p 00052000 08:05 936401                     /usr/lib/x86_64-linux-gnu/libmount.so.1.1.0
7aee9bd9f000-7aee9bda3000 r--p 00000000 08:05 936160                     /usr/lib/x86_64-linux-gnu/libexpat.so.1.11.2
7aee9bda3000-7aee9bdc1000 r-xp 00004000 08:05 936160                     /usr/lib/x86_64-linux-gnu/libexpat.so.1.11.2
7aee9bdc1000-7aee9bdc9000 r--p 00022000 08:05 936160                     /usr/lib/x86_64-linux-gnu/libexpat.so.1.11.2
7aee9bdc9000-7aee9bdcb000 r--p 0002a000 08:05 936160                     /usr/lib/x86_64-linux-gnu/libexpat.so.1.11.2
7aee9bdcb000-7aee9bdcc000 rw-p 0002c000 08:05 936160                     /usr/lib/x86_64-linux-gnu/libexpat.so.1.11.2
7aee9bdcc000-7aee9bdd8000 r--p 00000000 08:05 936291                     /usr/lib/x86_64-linux-gnu/libharfbuzz.so.0.61232.0
7aee9bdd8000-7aee9bec4000 r-xp 0000c000 08:05 936291                     /usr/lib/x86_64-linux-gnu/libharfbuzz.so.0.61232.0
7aee9bec4000-7aee9bef5000 r--p 000f8000 08:05 936291                     /usr/lib/x86_64-linux-gnu/libharfbuzz.so.0.61232.0
7aee9bef5000-7aee9bef6000 r--p 00128000 08:05 936291                     /usr/lib/x86_64-linux-gnu/libharfbuzz.so.0.61232.0
7aee9bef6000-7aee9bef7000 rw-p 00129000 08:05 936291                     /usr/lib/x86_64-linux-gnu/libharfbuzz.so.0.61232.0
7aee9bef7000-7aee9bef9000 r--p 00000000 08:05 936628                     /usr/lib/x86_64-linux-gnu/libthai.so.0.3.2
7aee9bef9000-7aee9befe000 r-xp 00002000 08:05 936628                     /usr/lib/x86_64-linux-gnu/libthai.so.0.3.2
7aee9befe000-7aee9bf01000 r--p 00007000 08:05 936628                     /usr/lib/x86_64-linux-gnu/libthai.so.0.3.2
7aee9bf01000-7aee9bf02000 r--p 00009000 08:05 936628                     /usr/lib/x86_64-linux-gnu/libthai.so.0.3.2
7aee9bf02000-7aee9bf03000 rw-p 0000a000 08:05 936628                     /usr/lib/x86_64-linux-gnu/libthai.so.0.3.2
7aee9bf03000-7aee9bf0f000 r--p 00000000 08:05 936507                     /usr/lib/x86_64-linux-gnu/libpixman-1.so.0.46.4
7aee9bf0f000-7aee9bfa1000 r-xp 0000c000 08:05 936507                     /usr/lib/x86_64-linux-gnu/libpixman-1.so.0.46.4
7aee9bfa1000-7aee9bfb1000 r--p 0009e000 08:05 936507                     /usr/lib/x86_64-linux-gnu/libpixman-1.so.0.46.4
7aee9bfb1000-7aee9bfb9000 r--p 000ae000 08:05 936507                     /usr/lib/x86_64-linux-gnu/libpixman-1.so.0.46.4
7aee9bfb9000-7aee9bfba000 rw-p 000b6000 08:05 936507                     /usr/lib/x86_64-linux-gnu/libpixman-1.so.0.46.4
7aee9bfba000-7aee9bfbf000 r--p 00000000 08:05 936727                     /usr/lib/x86_64-linux-gnu/libxcb-render.so.0.0.0
7aee9bfbf000-7aee9bfc4000 r-xp 00005000 08:05 936727                     /usr/lib/x86_64-linux-gnu/libxcb-render.so.0.0.0
7aee9bfc4000-7aee9bfc7000 r--p 0000a000 08:05 936727                     /usr/lib/x86_64-linux-gnu/libxcb-render.so.0.0.0
7aee9bfc7000-7aee9bfc8000 r--p 0000c000 08:05 936727                     /usr/lib/x86_64-linux-gnu/libxcb-render.so.0.0.0
7aee9bfc8000-7aee9bfc9000 rw-p 0000d000 08:05 936727                     /usr/lib/x86_64-linux-gnu/libxcb-render.so.0.0.0
7aee9bfc9000-7aee9bfd5000 r--p 00000000 08:05 936734                     /usr/lib/x86_64-linux-gnu/libxcb.so.1.1.0
7aee9bfd5000-7aee9bfe9000 r-xp 0000c000 08:05 936734                     /usr/lib/x86_64-linux-gnu/libxcb.so.1.1.0
7aee9bfe9000-7aee9bff2000 r--p 00020000 08:05 936734                     /usr/lib/x86_64-linux-gnu/libxcb.so.1.1.0
7aee9bff2000-7aee9bff3000 r--p 00028000 08:05 936734                     /usr/lib/x86_64-linux-gnu/libxcb.so.1.1.0
7aee9bff3000-7aee9bff4000 rw-p 00029000 08:05 936734                     /usr/lib/x86_64-linux-gnu/libxcb.so.1.1.0
7aee9bff4000-7aee9bff6000 r--p 00000000 08:05 935898                     /usr/lib/x86_64-linux-gnu/libXrender.so.1.3.0
7aee9bff6000-7aee9bffd000 r-xp 00002000 08:05 935898                     /usr/lib/x86_64-linux-gnu/libXrender.so.1.3.0
7aee9bffd000-7aee9bffe000 r--p 00009000 08:05 935898                     /usr/lib/x86_64-linux-gnu/libXrender.so.1.3.0
7aee9bffe000-7aee9bfff000 r--p 00009000 08:05 935898                     /usr/lib/x86_64-linux-gnu/libXrender.so.1.3.0
7aee9bfff000-7aee9c000000 rw-p 0000a000 08:05 935898                     /usr/lib/x86_64-linux-gnu/libXrender.so.1.3.0
7aee9c000000-7aee9c021000 rw-p 00000000 00:00 0 
7aee9c021000-7aeea0000000 ---p 00000000 00:00 0 
7aeea0000000-7aeea1e6a000 rw-p 00000000 00:00 0 
7aeea1e6a000-7aeea4000000 ---p 00000000 00:00 0 
7aeea4000000-7aeea4ff5000 rw-p 00000000 00:00 0 
7aeea4ff5000-7aeea8000000 ---p 00000000 00:00 0 
7aeea8000000-7aeea8021000 rw-p 00000000 00:00 0 
7aeea8021000-7aeeac000000 ---p 00000000 00:00 0 
7aeeac000000-7aeeac021000 rw-p 00000000 00:00 0 
7aeeac021000-7aeeb0000000 ---p 00000000 00:00 0 
7aeeb0000000-7aeeb1593000 rw-p 00000000 00:00 0 
7aeeb1593000-7aeeb4000000 ---p 00000000 00:00 0 
7aeeb4000000-7aeeb4021000 rw-p 00000000 00:00 0 
7aeeb4021000-7aeeb8000000 ---p 00000000 00:00 0 
7aeeb8000000-7aeeb8021000 rw-p 00000000 00:00 0 
7aeeb8021000-7aeebc000000 ---p 00000000 00:00 0 
7aeebc000000-7aeebc021000 rw-p 00000000 00:00 0 
7aeebc021000-7aeec0000000 ---p 00000000 00:00 0 
7aeec0000000-7aeec0021000 rw-p 00000000 00:00 0 
7aeec0021000-7aeec4000000 ---p 00000000 00:00 0 
7aeec4000000-7aeec4500000 rw-p 00000000 00:00 0 
7aeec4500000-7aeec4540000 rw-p 00000000 00:00 0 
7aeec4540000-7aeec4580000 rw-p 00000000 00:00 0 
7aeec4580000-7aeec4700000 rw-p 00000000 00:00 0 
7aeec4700000-7aeec4720000 rw-p 00000000 00:00 0 
7aeec4720000-7aeec4740000 rw-p 00000000 00:00 0 
7aeec4740000-7aeec4780000 rw-p 00000000 00:00 0 
7aeec4780000-7aeec4900000 rw-p 00000000 00:00 0 
7aeec4900000-7aeec4920000 rw-p 00000000 00:00 0 
7aeec4920000-7aeec4940000 rw-p 00000000 00:00 0 
7aeec4940000-7aeec4980000 rw-p 00000000 00:00 0 
7aeec4980000-7aeec4b00000 rw-p 00000000 00:00 0 
7aeec4b00000-7aeec4b80000 rw-p 00000000 00:00 0 
7aeec4b80000-7aeec4c00000 rw-p 00000000 00:00 0 
7aeec4c00000-7aeec4d80000 rw-p 00000000 00:00 0 
7aeec4d80000-7aeec4e00000 rw-p 00000000 00:00 0 
7aeec4e00000-7aeec4f00000 rw-p 00000000 00:00 0 
7aeec4f00000-7aeec5000000 rw-p 00000000 00:00 0 
7aeec5000000-7aeec5100000 rw-p 00000000 00:00 0 
7aeec5100000-7aeec5200000 rw-p 00000000 00:00 0 
7aeec5200000-7aeec53e0000 rw-p 00000000 00:00 0 
7aeec53e0000-7aeec5500000 rw-p 00000000 00:00 0 
7aeec5500000-7aeec5600000 rw-p 00000000 00:00 0 
7aeec5600000-7aeec5900000 rw-p 00000000 00:00 0 
7aeec5900000-7aeec5b00000 rw-p 00000000 00:00 0 
7aeec5b00000-7aeec5c00000 rw-p 00000000 00:00 0 
7aeec5c00000-7aeec6300000 rw-p 00000000 00:00 0 
7aeec6300000-7aeec6400000 rw-p 00000000 00:00 0 
7aeec6400000-7aeec6be0000 rw-p 00000000 00:00 0 
7aeec6be0000-7aeec6c00000 rw-p 00000000 00:00 0 
7aeec6c00000-7aeec6f00000 rw-p 00000000 00:00 0 
7aeec6f00000-7aeec6f20000 rw-p 00000000 00:00 0 
7aeec6f20000-7aeec7000000 ---p 00000000 00:00 0 
7aeec7000000-7aeec70d0000 rw-p 00000000 00:00 0 
7aeec70d0000-7aeec8000000 ---p 00000000 00:00 0 
7aeec8000000-7aeec8021000 rw-p 00000000 00:00 0 
7aeec8021000-7aeecc000000 ---p 00000000 00:00 0 
7aeecc000000-7aeecc027000 rw-p 00000000 00:00 0 
7aeecc027000-7aeed0000000 ---p 00000000 00:00 0 
7aeed0000000-7aeed0021000 rw-p 00000000 00:00 0 
7aeed0021000-7aeed4000000 ---p 00000000 00:00 0 
7aeed4000000-7aeed4021000 rw-p 00000000 00:00 0 
7aeed4021000-7aeed8000000 ---p 00000000 00:00 0 
7aeed8000000-7aeed8021000 rw-p 00000000 00:00 0 
7aeed8021000-7aeedc000000 ---p 00000000 00:00 0 
7aeedc000000-7aeedc021000 rw-p 00000000 00:00 0 
7aeedc021000-7aeee0000000 ---p 00000000 00:00 0 
7aeee0000000-7aeee0021000 rw-p 00000000 00:00 0 
7aeee0021000-7aeee4000000 ---p 00000000 00:00 0 
7aeee4001000-7aeee4005000 r--s 00000000 08:05 6037209                    /var/cache/fontconfig/246184dc75a16901ca37d96895904249-le64.cache-9
7aeee4005000-7aeee4006000 r--p 00000000 08:05 935882                     /usr/lib/x86_64-linux-gnu/libXau.so.6.0.0
7aeee4006000-7aeee4008000 r-xp 00001000 08:05 935882                     /usr/lib/x86_64-linux-gnu/libXau.so.6.0.0
7aeee4008000-7aeee4009000 r--p 00003000 08:05 935882                     /usr/lib/x86_64-linux-gnu/libXau.so.6.0.0
7aeee4009000-7aeee400a000 r--p 00003000 08:05 935882                     /usr/lib/x86_64-linux-gnu/libXau.so.6.0.0
7aeee400a000-7aeee400b000 rw-p 00004000 08:05 935882                     /usr/lib/x86_64-linux-gnu/libXau.so.6.0.0
7aeee400b000-7aeee4018000 r--p 00000000 08:05 917962                     /usr/lib/x86_64-linux-gnu/libfreetype.so.6.20.5
7aeee4018000-7aeee40af000 r-xp 0000d000 08:05 917962                     /usr/lib/x86_64-linux-gnu/libfreetype.so.6.20.5
7aeee40af000-7aeee40d7000 r--p 000a4000 08:05 917962                     /usr/lib/x86_64-linux-gnu/libfreetype.so.6.20.5
7aeee40d7000-7aeee40df000 r--p 000cc000 08:05 917962                     /usr/lib/x86_64-linux-gnu/libfreetype.so.6.20.5
7aeee40df000-7aeee40e0000 rw-p 000d4000 08:05 917962                     /usr/lib/x86_64-linux-gnu/libfreetype.so.6.20.5
7aeee40e0000-7aeee40e5000 r--p 00000000 08:05 936516                     /usr/lib/x86_64-linux-gnu/libpng16.so.16.57.0
7aeee40e5000-7aeee410f000 r-xp 00005000 08:05 936516                     /usr/lib/x86_64-linux-gnu/libpng16.so.16.57.0
7aeee410f000-7aeee4118000 r--p 0002f000 08:05 936516                     /usr/lib/x86_64-linux-gnu/libpng16.so.16.57.0
7aeee4118000-7aeee4119000 r--p 00037000 08:05 936516                     /usr/lib/x86_64-linux-gnu/libpng16.so.16.57.0
7aeee4119000-7aeee411a000 rw-p 00038000 08:05 936516                     /usr/lib/x86_64-linux-gnu/libpng16.so.16.57.0
7aeee411a000-7aeee411d000 r--p 00000000 08:05 936747                     /usr/lib/x86_64-linux-gnu/libz.so.1.3.1
7aeee411d000-7aeee4130000 r-xp 00003000 08:05 936747                     /usr/lib/x86_64-linux-gnu/libz.so.1.3.1
7aeee4130000-7aeee4136000 r--p 00016000 08:05 936747                     /usr/lib/x86_64-linux-gnu/libz.so.1.3.1
7aeee4136000-7aeee4137000 r--p 0001c000 08:05 936747                     /usr/lib/x86_64-linux-gnu/libz.so.1.3.1
7aeee4137000-7aeee4138000 rw-p 0001d000 08:05 936747                     /usr/lib/x86_64-linux-gnu/libz.so.1.3.1
7aeee4138000-7aeee413b000 r--p 00000000 08:05 936499                     /usr/lib/x86_64-linux-gnu/libpcre2-8.so.0.14.0
7aeee413b000-7aeee41b7000 r-xp 00003000 08:05 936499                     /usr/lib/x86_64-linux-gnu/libpcre2-8.so.0.14.0
7aeee41b7000-7aeee41e2000 r--p 0007f000 08:05 936499                     /usr/lib/x86_64-linux-gnu/libpcre2-8.so.0.14.0
7aeee41e2000-7aeee41e3000 r--p 000a9000 08:05 936499                     /usr/lib/x86_64-linux-gnu/libpcre2-8.so.0.14.0
7aeee41e3000-7aeee41e4000 rw-p 000aa000 08:05 936499                     /usr/lib/x86_64-linux-gnu/libpcre2-8.so.0.14.0
7aeee41e4000-7aeee41e6000 r--p 00000000 08:05 936015                     /usr/lib/x86_64-linux-gnu/libatomic.so.1.2.0
7aeee41e6000-7aeee41ea000 r-xp 00002000 08:05 936015                     /usr/lib/x86_64-linux-gnu/libatomic.so.1.2.0
7aeee41ea000-7aeee41ec000 r--p 00006000 08:05 936015                     /usr/lib/x86_64-linux-gnu/libatomic.so.1.2.0
7aeee41ec000-7aeee41ed000 r--p 00007000 08:05 936015                     /usr/lib/x86_64-linux-gnu/libatomic.so.1.2.0
7aeee41ed000-7aeee41ee000 rw-p 00008000 08:05 936015                     /usr/lib/x86_64-linux-gnu/libatomic.so.1.2.0
7aeee41ee000-7aeee41ef000 rw-p 00000000 00:00 0 
7aeee41ef000-7aeee41f1000 r--p 00000000 08:05 936166                     /usr/lib/x86_64-linux-gnu/libffi.so.8.2.0
7aeee41f1000-7aeee41fc000 r-xp 00002000 08:05 936166                     /usr/lib/x86_64-linux-gnu/libffi.so.8.2.0
7aeee41fc000-7aeee41fe000 r--p 0000d000 08:05 936166                     /usr/lib/x86_64-linux-gnu/libffi.so.8.2.0
7aeee41fe000-7aeee41ff000 r--p 0000e000 08:05 936166                     /usr/lib/x86_64-linux-gnu/libffi.so.8.2.0
7aeee41ff000-7aeee4200000 rw-p 0000f000 08:05 936166                     /usr/lib/x86_64-linux-gnu/libffi.so.8.2.0
7aeee4200000-7aeee4227000 r--p 00000000 08:05 936219                     /usr/lib/x86_64-linux-gnu/libglycin-2.so.0
7aeee4227000-7aeee453d000 r-xp 00027000 08:05 936219                     /usr/lib/x86_64-linux-gnu/libglycin-2.so.0
7aeee453d000-7aeee45d8000 r--p 0033d000 08:05 936219                     /usr/lib/x86_64-linux-gnu/libglycin-2.so.0
7aeee45d8000-7aeee45f1000 r--p 003d7000 08:05 936219                     /usr/lib/x86_64-linux-gnu/libglycin-2.so.0
7aeee45f1000-7aeee45f4000 rw-p 003f0000 08:05 936219                     /usr/lib/x86_64-linux-gnu/libglycin-2.so.0
7aeee45f4000-7aeee45f5000 r--p 00000000 08:05 936730                     /usr/lib/x86_64-linux-gnu/libxcb-shm.so.0.0.0
7aeee45f5000-7aeee45f6000 r-xp 00001000 08:05 936730                     /usr/lib/x86_64-linux-gnu/libxcb-shm.so.0.0.0
7aeee45f6000-7aeee45f7000 r--p 00002000 08:05 936730                     /usr/lib/x86_64-linux-gnu/libxcb-shm.so.0.0.0
7aeee45f7000-7aeee45f8000 r--p 00002000 08:05 936730                     /usr/lib/x86_64-linux-gnu/libxcb-shm.so.0.0.0
7aeee45f8000-7aeee45f9000 rw-p 00003000 08:05 936730                     /usr/lib/x86_64-linux-gnu/libxcb-shm.so.0.0.0
7aeee45f9000-7aeee45fb000 r--p 00000000 08:05 936221                     /usr/lib/x86_64-linux-gnu/libgmodule-2.0.so.0.8800.0
7aeee45fb000-7aeee45fd000 r-xp 00002000 08:05 936221                     /usr/lib/x86_64-linux-gnu/libgmodule-2.0.so.0.8800.0
7aeee45fd000-7aeee45fe000 r--p 00004000 08:05 936221                     /usr/lib/x86_64-linux-gnu/libgmodule-2.0.so.0.8800.0
7aeee45fe000-7aeee45ff000 r--p 00004000 08:05 936221                     /usr/lib/x86_64-linux-gnu/libgmodule-2.0.so.0.8800.0
7aeee45ff000-7aeee4600000 rw-p 00005000 08:05 936221                     /usr/lib/x86_64-linux-gnu/libgmodule-2.0.so.0.8800.0
7aeee4600000-7aeee4601000 r--p 00000000 08:05 935893                     /usr/lib/x86_64-linux-gnu/libXinerama.so.1.0.0
7aeee4601000-7aeee4602000 r-xp 00001000 08:05 935893                     /usr/lib/x86_64-linux-gnu/libXinerama.so.1.0.0
7aeee4602000-7aeee4603000 r--p 00002000 08:05 935893                     /usr/lib/x86_64-linux-gnu/libXinerama.so.1.0.0
7aeee4603000-7aeee4604000 r--p 00002000 08:05 935893                     /usr/lib/x86_64-linux-gnu/libXinerama.so.1.0.0
7aeee4604000-7aeee4605000 rw-p 00003000 08:05 935893                     /usr/lib/x86_64-linux-gnu/libXinerama.so.1.0.0
7aeee4605000-7aeee4607000 r--p 00000000 08:05 935897                     /usr/lib/x86_64-linux-gnu/libXrandr.so.2.2.0
7aeee4607000-7aeee460e000 r-xp 00002000 08:05 935897                     /usr/lib/x86_64-linux-gnu/libXrandr.so.2.2.0
7aeee460e000-7aeee4610000 r--p 00009000 08:05 935897                     /usr/lib/x86_64-linux-gnu/libXrandr.so.2.2.0
7aeee4610000-7aeee4611000 r--p 0000a000 08:05 935897                     /usr/lib/x86_64-linux-gnu/libXrandr.so.2.2.0
7aeee4611000-7aeee4612000 rw-p 0000b000 08:05 935897                     /usr/lib/x86_64-linux-gnu/libXrandr.so.2.2.0
7aeee4612000-7aeee4613000 r--p 00000000 08:05 935884                     /usr/lib/x86_64-linux-gnu/libXcomposite.so.1.0.0
7aeee4613000-7aeee4614000 r-xp 00001000 08:05 935884                     /usr/lib/x86_64-linux-gnu/libXcomposite.so.1.0.0
7aeee4614000-7aeee4615000 r--p 00002000 08:05 935884                     /usr/lib/x86_64-linux-gnu/libXcomposite.so.1.0.0
7aeee4615000-7aeee4616000 r--p 00002000 08:05 935884                     /usr/lib/x86_64-linux-gnu/libXcomposite.so.1.0.0
7aeee4616000-7aeee4617000 rw-p 00003000 08:05 935884                     /usr/lib/x86_64-linux-gnu/libXcomposite.so.1.0.0
7aeee4617000-7aeee4619000 r--p 00000000 08:05 935889                     /usr/lib/x86_64-linux-gnu/libXfixes.so.3.1.0
7aeee4619000-7aeee461c000 r-xp 00002000 08:05 935889                     /usr/lib/x86_64-linux-gnu/libXfixes.so.3.1.0
7aeee461c000-7aeee461d000 r--p 00005000 08:05 935889                     /usr/lib/x86_64-linux-gnu/libXfixes.so.3.1.0
7aeee461d000-7aeee461e000 r--p 00005000 08:05 935889                     /usr/lib/x86_64-linux-gnu/libXfixes.so.3.1.0
7aeee461e000-7aeee461f000 rw-p 00006000 08:05 935889                     /usr/lib/x86_64-linux-gnu/libXfixes.so.3.1.0
7aeee461f000-7aeee4622000 r--p 00000000 08:05 935885                     /usr/lib/x86_64-linux-gnu/libXcursor.so.1.0.2
7aeee4622000-7aeee4628000 r-xp 00003000 08:05 935885                     /usr/lib/x86_64-linux-gnu/libXcursor.so.1.0.2
7aeee4628000-7aeee462a000 r--p 00009000 08:05 935885                     /usr/lib/x86_64-linux-gnu/libXcursor.so.1.0.2
7aeee462a000-7aeee462b000 r--p 0000a000 08:05 935885                     /usr/lib/x86_64-linux-gnu/libXcursor.so.1.0.2
7aeee462b000-7aeee462c000 rw-p 0000b000 08:05 935885                     /usr/lib/x86_64-linux-gnu/libXcursor.so.1.0.2
7aeee462c000-7aeee4630000 r--p 00000000 08:05 935888                     /usr/lib/x86_64-linux-gnu/libXext.so.6.4.0
7aeee4630000-7aeee463b000 r-xp 00004000 08:05 935888                     /usr/lib/x86_64-linux-gnu/libXext.so.6.4.0
7aeee463b000-7aeee463e000 r--p 0000f000 08:05 935888                     /usr/lib/x86_64-linux-gnu/libXext.so.6.4.0
7aeee463e000-7aeee463f000 r--p 00011000 08:05 935888                     /usr/lib/x86_64-linux-gnu/libXext.so.6.4.0
7aeee463f000-7aeee4640000 rw-p 00012000 08:05 935888                     /usr/lib/x86_64-linux-gnu/libXext.so.6.4.0
7aeee4640000-7aeee4643000 r--p 00000000 08:05 935892                     /usr/lib/x86_64-linux-gnu/libXi.so.6.1.0
7aeee4643000-7aeee4650000 r-xp 00003000 08:05 935892                     /usr/lib/x86_64-linux-gnu/libXi.so.6.1.0
7aeee4650000-7aeee4652000 r--p 00010000 08:05 935892                     /usr/lib/x86_64-linux-gnu/libXi.so.6.1.0
7aeee4652000-7aeee4653000 r--p 00012000 08:05 935892                     /usr/lib/x86_64-linux-gnu/libXi.so.6.1.0
7aeee4653000-7aeee4654000 rw-p 00013000 08:05 935892                     /usr/lib/x86_64-linux-gnu/libXi.so.6.1.0
7aeee4654000-7aeee466d000 r--p 00000000 08:05 935880                     /usr/lib/x86_64-linux-gnu/libX11.so.6.4.0
7aeee466d000-7aeee4702000 r-xp 00019000 08:05 935880                     /usr/lib/x86_64-linux-gnu/libX11.so.6.4.0
7aeee4702000-7aeee4791000 r--p 000ae000 08:05 935880                     /usr/lib/x86_64-linux-gnu/libX11.so.6.4.0
7aeee4791000-7aeee4792000 r--p 0013d000 08:05 935880                     /usr/lib/x86_64-linux-gnu/libX11.so.6.4.0
7aeee4792000-7aeee4796000 rw-p 0013e000 08:05 935880                     /usr/lib/x86_64-linux-gnu/libX11.so.6.4.0
7aeee4796000-7aeee479c000 r--p 00000000 08:05 936704                     /usr/lib/x86_64-linux-gnu/libwayland-client.so.0.24.0
7aeee479c000-7aeee47a3000 r-xp 00006000 08:05 936704                     /usr/lib/x86_64-linux-gnu/libwayland-client.so.0.24.0
7aeee47a3000-7aeee47a6000 r--p 0000d000 08:05 936704                     /usr/lib/x86_64-linux-gnu/libwayland-client.so.0.24.0
7aeee47a6000-7aeee47a8000 r--p 0000f000 08:05 936704                     /usr/lib/x86_64-linux-gnu/libwayland-client.so.0.24.0
7aeee47a8000-7aeee47a9000 rw-p 00011000 08:05 936704                     /usr/lib/x86_64-linux-gnu/libwayland-client.so.0.24.0
7aeee47a9000-7aeee47af000 r--p 00000000 08:05 936736                     /usr/lib/x86_64-linux-gnu/libxkbcommon.so.0.13.1
7aeee47af000-7aeee47dd000 r-xp 00006000 08:05 936736                     /usr/lib/x86_64-linux-gnu/libxkbcommon.so.0.13.1
7aeee47dd000-7aeee4805000 r--p 00034000 08:05 936736                     /usr/lib/x86_64-linux-gnu/libxkbcommon.so.0.13.1
7aeee4805000-7aeee4807000 r--p 0005b000 08:05 936736                     /usr/lib/x86_64-linux-gnu/libxkbcommon.so.0.13.1
7aeee4807000-7aeee4808000 rw-p 0005d000 08:05 936736                     /usr/lib/x86_64-linux-gnu/libxkbcommon.so.0.13.1
7aeee4808000-7aeee4845000 r--p 00000000 08:05 936214                     /usr/lib/x86_64-linux-gnu/libgio-2.0.so.0.8800.0
7aeee4845000-7aeee4963000 r-xp 0003d000 08:05 936214                     /usr/lib/x86_64-linux-gnu/libgio-2.0.so.0.8800.0
7aeee4963000-7aeee49d9000 r--p 0015b000 08:05 936214                     /usr/lib/x86_64-linux-gnu/libgio-2.0.so.0.8800.0
7aeee49d9000-7aeee49e2000 r--p 001d0000 08:05 936214                     /usr/lib/x86_64-linux-gnu/libgio-2.0.so.0.8800.0
7aeee49e2000-7aeee49e3000 rw-p 001d9000 08:05 936214                     /usr/lib/x86_64-linux-gnu/libgio-2.0.so.0.8800.0
7aeee49e3000-7aeee49e5000 rw-p 00000000 00:00 0 
7aeee49e5000-7aeee49ed000 r--p 00000000 08:05 936172                     /usr/lib/x86_64-linux-gnu/libfontconfig.so.1.16.1
7aeee49ed000-7aeee4a1e000 r-xp 00008000 08:05 936172                     /usr/lib/x86_64-linux-gnu/libfontconfig.so.1.16.1
7aeee4a1e000-7aeee4a35000 r--p 00039000 08:05 936172                     /usr/lib/x86_64-linux-gnu/libfontconfig.so.1.16.1
7aeee4a35000-7aeee4a37000 r--p 00050000 08:05 936172                     /usr/lib/x86_64-linux-gnu/libfontconfig.so.1.16.1
7aeee4a37000-7aeee4a38000 rw-p 00052000 08:05 936172                     /usr/lib/x86_64-linux-gnu/libfontconfig.so.1.16.1
7aeee4a38000-7aeee4a98000 r--p 00000000 08:05 936153                     /usr/lib/x86_64-linux-gnu/libepoxy.so.0.0.0
7aeee4a98000-7aeee4b05000 r-xp 00060000 08:05 936153                     /usr/lib/x86_64-linux-gnu/libepoxy.so.0.0.0
7aeee4b05000-7aeee4b4a000 r--p 000cd000 08:05 936153                     /usr/lib/x86_64-linux-gnu/libepoxy.so.0.0.0
7aeee4b4a000-7aeee4b52000 r--p 00112000 08:05 936153                     /usr/lib/x86_64-linux-gnu/libepoxy.so.0.0.0
7aeee4b52000-7aeee4b59000 rw-p 0011a000 08:05 936153                     /usr/lib/x86_64-linux-gnu/libepoxy.so.0.0.0
7aeee4b59000-7aeee4b5b000 r--p 00000000 08:05 936186                     /usr/lib/x86_64-linux-gnu/libfribidi.so.0.4.0
7aeee4b5b000-7aeee4b5f000 r-xp 00002000 08:05 936186                     /usr/lib/x86_64-linux-gnu/libfribidi.so.0.4.0
7aeee4b5f000-7aeee4b76000 r--p 00006000 08:05 936186                     /usr/lib/x86_64-linux-gnu/libfribidi.so.0.4.0
7aeee4b76000-7aeee4b77000 r--p 0001c000 08:05 936186                     /usr/lib/x86_64-linux-gnu/libfribidi.so.0.4.0
7aeee4b77000-7aeee4b78000 rw-p 0001d000 08:05 936186                     /usr/lib/x86_64-linux-gnu/libfribidi.so.0.4.0
7aeee4b78000-7aeee4b8b000 r--p 00000000 08:05 936486                     /usr/lib/x86_64-linux-gnu/libpango-1.0.so.0.5700.0
7aeee4b8b000-7aeee4bca000 r-xp 00013000 08:05 936486                     /usr/lib/x86_64-linux-gnu/libpango-1.0.so.0.5700.0
7aeee4bca000-7aeee4be4000 r--p 00052000 08:05 936486                     /usr/lib/x86_64-linux-gnu/libpango-1.0.so.0.5700.0
7aeee4be4000-7aeee4be8000 r--p 0006b000 08:05 936486                     /usr/lib/x86_64-linux-gnu/libpango-1.0.so.0.5700.0
7aeee4be8000-7aeee4be9000 rw-p 0006f000 08:05 936486                     /usr/lib/x86_64-linux-gnu/libpango-1.0.so.0.5700.0
7aeee4be9000-7aeee4bfd000 r--p 00000000 08:05 936067                     /usr/lib/x86_64-linux-gnu/libcairo.so.2.11804.4
7aeee4bfd000-7aeee4cf4000 r-xp 00014000 08:05 936067                     /usr/lib/x86_64-linux-gnu/libcairo.so.2.11804.4
7aeee4cf4000-7aeee4d31000 r--p 0010b000 08:05 936067                     /usr/lib/x86_64-linux-gnu/libcairo.so.2.11804.4
7aeee4d31000-7aeee4d35000 r--p 00148000 08:05 936067                     /usr/lib/x86_64-linux-gnu/libcairo.so.2.11804.4
7aeee4d35000-7aeee4d37000 rw-p 0014c000 08:05 936067                     /usr/lib/x86_64-linux-gnu/libcairo.so.2.11804.4
7aeee4d37000-7aeee4d38000 rw-p 00000000 00:00 0 
7aeee4d38000-7aeee4d57000 r--p 00000000 08:05 936218                     /usr/lib/x86_64-linux-gnu/libglib-2.0.so.0.8800.0
7aeee4d57000-7aeee4dfd000 r-xp 0001f000 08:05 936218                     /usr/lib/x86_64-linux-gnu/libglib-2.0.so.0.8800.0
7aeee4dfd000-7aeee4e8d000 r--p 000c5000 08:05 936218                     /usr/lib/x86_64-linux-gnu/libglib-2.0.so.0.8800.0
7aeee4e8d000-7aeee4e8e000 r--p 00155000 08:05 936218                     /usr/lib/x86_64-linux-gnu/libglib-2.0.so.0.8800.0
7aeee4e8e000-7aeee4e8f000 rw-p 00156000 08:05 936218                     /usr/lib/x86_64-linux-gnu/libglib-2.0.so.0.8800.0
7aeee4e8f000-7aeee4e90000 rw-p 00000000 00:00 0 
7aeee4e90000-7aeee4ea0000 r--p 00000000 08:05 936235                     /usr/lib/x86_64-linux-gnu/libgobject-2.0.so.0.8800.0
7aeee4ea0000-7aeee4ed7000 r-xp 00010000 08:05 936235                     /usr/lib/x86_64-linux-gnu/libgobject-2.0.so.0.8800.0
7aeee4ed7000-7aeee4ef0000 r--p 00047000 08:05 936235                     /usr/lib/x86_64-linux-gnu/libgobject-2.0.so.0.8800.0
7aeee4ef0000-7aeee4ef3000 r--p 0005f000 08:05 936235                     /usr/lib/x86_64-linux-gnu/libgobject-2.0.so.0.8800.0
7aeee4ef3000-7aeee4ef4000 rw-p 00062000 08:05 936235                     /usr/lib/x86_64-linux-gnu/libgobject-2.0.so.0.8800.0
7aeee4ef4000-7aeee4f22000 r--p 00000000 08:05 936206                     /usr/lib/x86_64-linux-gnu/libgdk-3.so.0.2420.32
7aeee4f22000-7aeee4faf000 r-xp 0002e000 08:05 936206                     /usr/lib/x86_64-linux-gnu/libgdk-3.so.0.2420.32
7aeee4faf000-7aeee4ff4000 r--p 000bb000 08:05 936206                     /usr/lib/x86_64-linux-gnu/libgdk-3.so.0.2420.32
7aeee4ff4000-7aeee4ffe000 r--p 000ff000 08:05 936206                     /usr/lib/x86_64-linux-gnu/libgdk-3.so.0.2420.32
7aeee4ffe000-7aeee5000000 rw-p 00109000 08:05 936206                     /usr/lib/x86_64-linux-gnu/libgdk-3.so.0.2420.32
7aeee5000000-7aeee5004000 ---p 00000000 00:00 0 
7aeee5004000-7aeee5100000 rw-p 00000000 00:00 0 
7aeee5100000-7aeee5104000 ---p 00000000 00:00 0 
7aeee5104000-7aeee5200000 rw-p 00000000 00:00 0 
7aeee5200000-7aeee5204000 ---p 00000000 00:00 0 
7aeee5204000-7aeee5300000 rw-p 00000000 00:00 0 
7aeee5300000-7aeee5304000 ---p 00000000 00:00 0 
7aeee5304000-7aeee5400000 rw-p 00000000 00:00 0 
7aeee5400000-7aeee5404000 ---p 00000000 00:00 0 
7aeee5404000-7aeee5500000 rw-p 00000000 00:00 0 
7aeee5500000-7aeee5504000 ---p 00000000 00:00 0 
7aeee5504000-7aeee5600000 rw-p 00000000 00:00 0 
7aeee5600000-7aeee5604000 ---p 00000000 00:00 0 
7aeee5604000-7aeee5700000 rw-p 00000000 00:00 0 
7aeee5700000-7aeee5704000 ---p 00000000 00:00 0 
7aeee5704000-7aeee5800000 rw-p 00000000 00:00 0 
7aeee5800000-7aeee5804000 ---p 00000000 00:00 0 
7aeee5804000-7aeee5900000 rw-p 00000000 00:00 0 
7aeee5900000-7aeee5904000 ---p 00000000 00:00 0 
7aeee5904000-7aeee5a00000 rw-p 00000000 00:00 0 
7aeee5a00000-7aeee5cee000 r--p 00000000 08:05 917753                     /usr/lib/locale/locale-archive
7aeee5cf0000-7aeee5cf1000 r--p 00000000 08:05 935886                     /usr/lib/x86_64-linux-gnu/libXdamage.so.1.1.0
7aeee5cf1000-7aeee5cf2000 r-xp 00001000 08:05 935886                     /usr/lib/x86_64-linux-gnu/libXdamage.so.1.1.0
7aeee5cf2000-7aeee5cf3000 r--p 00002000 08:05 935886                     /usr/lib/x86_64-linux-gnu/libXdamage.so.1.1.0
7aeee5cf3000-7aeee5cf4000 r--p 00002000 08:05 935886                     /usr/lib/x86_64-linux-gnu/libXdamage.so.1.1.0
7aeee5cf4000-7aeee5cf5000 rw-p 00003000 08:05 935886                     /usr/lib/x86_64-linux-gnu/libXdamage.so.1.1.0
7aeee5cf5000-7aeee5cf7000 r--p 00000000 08:05 936705                     /usr/lib/x86_64-linux-gnu/libwayland-cursor.so.0.24.0
7aeee5cf7000-7aeee5cf9000 r-xp 00002000 08:05 936705                     /usr/lib/x86_64-linux-gnu/libwayland-cursor.so.0.24.0
7aeee5cf9000-7aeee5cfa000 r--p 00004000 08:05 936705                     /usr/lib/x86_64-linux-gnu/libwayland-cursor.so.0.24.0
7aeee5cfa000-7aeee5cfb000 r--p 00004000 08:05 936705                     /usr/lib/x86_64-linux-gnu/libwayland-cursor.so.0.24.0
7aeee5cfb000-7aeee5cff000 rw-p 00005000 08:05 936705                     /usr/lib/x86_64-linux-gnu/libwayland-cursor.so.0.24.0
7aeee5cff000-7aeee5e00000 rw-p 00000000 00:00 0 
7aeee5e00000-7aeee7ff8000 rw-p 00000000 00:00 0 
7aeee7ff8000-7aeee7ffc000 ---p 00000000 00:00 0 
7aeee7ffc000-7aeee8000000 rw-p 00000000 00:00 0 
7aeee8000000-7aeee8e00000 ---p 00000000 00:00 0 
7aeee8e00000-7aeee8e02000 r--s 00000000 08:05 6037214                    /var/cache/fontconfig/4b14b093aebc79c320de5e86ae1d3314-le64.cache-9
7aeee8e02000-7aeee8e03000 r--p 00000000 08:05 936706                     /usr/lib/x86_64-linux-gnu/libwayland-egl.so.1.24.0
7aeee8e03000-7aeee8e04000 r-xp 00001000 08:05 936706                     /usr/lib/x86_64-linux-gnu/libwayland-egl.so.1.24.0
7aeee8e04000-7aeee8e05000 r--p 00002000 08:05 936706                     /usr/lib/x86_64-linux-gnu/libwayland-egl.so.1.24.0
7aeee8e05000-7aeee8e06000 r--p 00002000 08:05 936706                     /usr/lib/x86_64-linux-gnu/libwayland-egl.so.1.24.0
7aeee8e06000-7aeee8e07000 rw-p 00003000 08:05 936706                     /usr/lib/x86_64-linux-gnu/libwayland-egl.so.1.24.0
7aeee8e07000-7aeee8e0c000 r--p 00000000 08:05 936487                     /usr/lib/x86_64-linux-gnu/libpangocairo-1.0.so.0.5700.0
7aeee8e0c000-7aeee8e14000 r-xp 00005000 08:05 936487                     /usr/lib/x86_64-linux-gnu/libpangocairo-1.0.so.0.5700.0
7aeee8e14000-7aeee8e16000 r--p 0000d000 08:05 936487                     /usr/lib/x86_64-linux-gnu/libpangocairo-1.0.so.0.5700.0
7aeee8e16000-7aeee8e17000 r--p 0000f000 08:05 936487                     /usr/lib/x86_64-linux-gnu/libpangocairo-1.0.so.0.5700.0
7aeee8e17000-7aeee8e18000 rw-p 00010000 08:05 936487                     /usr/lib/x86_64-linux-gnu/libpangocairo-1.0.so.0.5700.0
7aeee8e18000-7aeee8e21000 r--p 00000000 08:05 936207                     /usr/lib/x86_64-linux-gnu/libgdk_pixbuf-2.0.so.0.4400.5
7aeee8e21000-7aeee8e3f000 r-xp 00009000 08:05 936207                     /usr/lib/x86_64-linux-gnu/libgdk_pixbuf-2.0.so.0.4400.5
7aeee8e3f000-7aeee8e4b000 r--p 00027000 08:05 936207                     /usr/lib/x86_64-linux-gnu/libgdk_pixbuf-2.0.so.0.4400.5
7aeee8e4b000-7aeee8e4d000 r--p 00032000 08:05 936207                     /usr/lib/x86_64-linux-gnu/libgdk_pixbuf-2.0.so.0.4400.5
7aeee8e4d000-7aeee8e4e000 rw-p 00034000 08:05 936207                     /usr/lib/x86_64-linux-gnu/libgdk_pixbuf-2.0.so.0.4400.5
7aeee8e4e000-7aeee8e4f000 r--s 00000000 08:05 5022603                    /home/gustaa/.local/share/gvfs-metadata/root
7aeee8e4f000-7aeee8e57000 r--s 00000000 08:05 6037212                    /var/cache/fontconfig/53d14c92082a93e67d5078324eb314ca-le64.cache-9
7aeee8e57000-7aeee8e65000 r--s 00000000 08:05 6029788                    /var/cache/fontconfig/e13b20fdb08344e0e664864cc2ede53d-le64.cache-9
7aeee8e65000-7aeee8e69000 r--p 00000000 07:23 2154                       /snap/dbeaver-ce/543/usr/share/dbeaver-ce/plugins/org.eclipse.equinox.launcher.gtk.linux.x86_64_1.2.1500.v20250801-0854/eclipse_11916.so
7aeee8e69000-7aeee8e73000 r-xp 00004000 07:23 2154                       /snap/dbeaver-ce/543/usr/share/dbeaver-ce/plugins/org.eclipse.equinox.launcher.gtk.linux.x86_64_1.2.1500.v20250801-0854/eclipse_11916.so
7aeee8e73000-7aeee8e76000 r--p 0000e000 07:23 2154                       /snap/dbeaver-ce/543/usr/share/dbeaver-ce/plugins/org.eclipse.equinox.launcher.gtk.linux.x86_64_1.2.1500.v20250801-0854/eclipse_11916.so
7aeee8e76000-7aeee8e77000 r--p 00010000 07:23 2154                       /snap/dbeaver-ce/543/usr/share/dbeaver-ce/plugins/org.eclipse.equinox.launcher.gtk.linux.x86_64_1.2.1500.v20250801-0854/eclipse_11916.so
7aeee8e77000-7aeee8e78000 rw-p 00011000 07:23 2154                       /snap/dbeaver-ce/543/usr/share/dbeaver-ce/plugins/org.eclipse.equinox.launcher.gtk.linux.x86_64_1.2.1500.v20250801-0854/eclipse_11916.so
7aeee8e78000-7aeee8e79000 rw-p 00000000 00:00 0 
7aeee8e79000-7aeee8e7b000 r--p 00000000 07:23 1856                       /snap/dbeaver-ce/543/usr/share/dbeaver-ce/jre/lib/libzip.so
7aeee8e7b000-7aeee8e8e000 r-xp 00002000 07:23 1856                       /snap/dbeaver-ce/543/usr/share/dbeaver-ce/jre/lib/libzip.so
7aeee8e8e000-7aeee8e95000 r--p 00015000 07:23 1856                       /snap/dbeaver-ce/543/usr/share/dbeaver-ce/jre/lib/libzip.so
7aeee8e95000-7aeee8e96000 r--p 0001c000 07:23 1856                       /snap/dbeaver-ce/543/usr/share/dbeaver-ce/jre/lib/libzip.so
7aeee8e96000-7aeee8e97000 rw-p 0001d000 07:23 1856                       /snap/dbeaver-ce/543/usr/share/dbeaver-ce/jre/lib/libzip.so
7aeee8e97000-7aeee97c7000 rwxp 00000000 00:00 0 
7aeee97c7000-7aeef03cf000 ---p 00000000 00:00 0 
7aeef03cf000-7aeef063f000 rwxp 00000000 00:00 0 
7aeef063f000-7aeef0961000 ---p 00000000 00:00 0 
7aeef0961000-7aeef0c61000 rwxp 00000000 00:00 0 
7aeef0c61000-7aeef7e99000 ---p 00000000 00:00 0 
7aeef7e99000-7aeefc000000 r--s 00000000 07:23 1857                       /snap/dbeaver-ce/543/usr/share/dbeaver-ce/jre/lib/modules
7aeefc000000-7aeefdbce000 rw-p 00000000 00:00 0 
7aeefdbce000-7aef00000000 ---p 00000000 00:00 0 
7aef00000000-7aef00001000 r--s 00000000 08:05 6037216                    /var/cache/fontconfig/da43223dd54fb3bb4243ae19d4b583b2-le64.cache-9
7aef00001000-7aef00002000 r--s 00000000 08:05 6029771                    /var/cache/fontconfig/3f7329c5293ffd510edef78f73874cfd-le64.cache-9
7aef00002000-7aef00003000 r--p 00000000 08:05 1333906                    /usr/share/locale-langpack/pt/LC_MESSAGES/at-spi2-core.mo
7aef00003000-7aef00007000 r--p 00000000 08:05 936065                     /usr/lib/x86_64-linux-gnu/libcairo-gobject.so.2.11804.4
7aef00007000-7aef00009000 r-xp 00004000 08:05 936065                     /usr/lib/x86_64-linux-gnu/libcairo-gobject.so.2.11804.4
7aef00009000-7aef0000c000 r--p 00006000 08:05 936065                     /usr/lib/x86_64-linux-gnu/libcairo-gobject.so.2.11804.4
7aef0000c000-7aef0000e000 r--p 00008000 08:05 936065                     /usr/lib/x86_64-linux-gnu/libcairo-gobject.so.2.11804.4
7aef0000e000-7aef0000f000 rw-p 0000a000 08:05 936065                     /usr/lib/x86_64-linux-gnu/libcairo-gobject.so.2.11804.4
7aef0000f000-7aef00017000 r--p 00000000 07:23 1849                       /snap/dbeaver-ce/543/usr/share/dbeaver-ce/jre/lib/libnio.so
7aef00017000-7aef00020000 r-xp 00008000 07:23 1849                       /snap/dbeaver-ce/543/usr/share/dbeaver-ce/jre/lib/libnio.so
7aef00020000-7aef00024000 r--p 00011000 07:23 1849                       /snap/dbeaver-ce/543/usr/share/dbeaver-ce/jre/lib/libnio.so
7aef00024000-7aef00025000 r--p 00015000 07:23 1849                       /snap/dbeaver-ce/543/usr/share/dbeaver-ce/jre/lib/libnio.so
7aef00025000-7aef00026000 rw-p 00016000 07:23 1849                       /snap/dbeaver-ce/543/usr/share/dbeaver-ce/jre/lib/libnio.so
7aef00026000-7aef0004b000 r--p 00000000 08:05 1334085                    /usr/share/locale-langpack/pt/LC_MESSAGES/libc.mo
7aef0004b000-7aef00070000 r--p 00000000 08:05 1334595                    /usr/share/locale-langpack/pt_BR/LC_MESSAGES/libc.mo
7aef00070000-7aef00171000 rw-p 00000000 00:00 0 
7aef00171000-7aef001f2000 rw-p 00000000 00:00 0 
7aef001f2000-7aef003f4000 rw-p 00000000 00:00 0 
7aef003f4000-7aef00dfe000 rw-p 00000000 00:00 0 
7aef00dfe000-7aef01000000 rw-p 00000000 00:00 0 
7aef01000000-7aef01040000 rw-p 00000000 00:00 0 
7aef01040000-7aef01200000 ---p 00000000 00:00 0 
7aef01200000-7aef01240000 rw-p 00000000 00:00 0 
7aef01240000-7aef01400000 ---p 00000000 00:00 0 
7aef01400000-7aef01401000 r--p 00000000 08:05 1334425                    /usr/share/locale-langpack/pt_BR/LC_MESSAGES/at-spi2-core.mo
7aef01401000-7aef01402000 rw-p 00000000 00:00 0 
7aef01402000-7aef01409000 r--s 00000000 08:05 1061534                    /usr/lib/x86_64-linux-gnu/gconv/gconv-modules.cache
7aef01409000-7aef0140a000 r--p 00000000 07:23 1852                       /snap/dbeaver-ce/543/usr/share/dbeaver-ce/jre/lib/libsimdsort.so
7aef0140a000-7aef01443000 r-xp 00001000 07:23 1852                       /snap/dbeaver-ce/543/usr/share/dbeaver-ce/jre/lib/libsimdsort.so
7aef01443000-7aef01449000 r--p 0003a000 07:23 1852                       /snap/dbeaver-ce/543/usr/share/dbeaver-ce/jre/lib/libsimdsort.so
7aef01449000-7aef0144a000 r--p 0003f000 07:23 1852                       /snap/dbeaver-ce/543/usr/share/dbeaver-ce/jre/lib/libsimdsort.so
7aef0144a000-7aef0144b000 rw-p 00040000 07:23 1852                       /snap/dbeaver-ce/543/usr/share/dbeaver-ce/jre/lib/libsimdsort.so
7aef0144b000-7aef014e7000 rw-p 00000000 00:00 0 
7aef014e7000-7aef015e8000 rw-p 00000000 00:00 0 
7aef015e8000-7aef01ff8000 rw-p 00000000 00:00 0 
7aef01ff8000-7aef020dd000 ---p 00000000 00:00 0 
7aef020dd000-7aef020f0000 rw-p 00000000 00:00 0 
7aef020f0000-7aef021c8000 ---p 00000000 00:00 0 
7aef021c8000-7aef021cc000 ---p 00000000 00:00 0 
7aef021cc000-7aef022c8000 rw-p 00000000 00:00 0 
7aef022c8000-7aef022da000 r--p 00000000 08:05 919039                     /usr/lib/x86_64-linux-gnu/libm.so.6
7aef022da000-7aef0237a000 r-xp 00012000 08:05 919039                     /usr/lib/x86_64-linux-gnu/libm.so.6
7aef0237a000-7aef023ec000 r--p 000b2000 08:05 919039                     /usr/lib/x86_64-linux-gnu/libm.so.6
7aef023ec000-7aef023ed000 r--p 00123000 08:05 919039                     /usr/lib/x86_64-linux-gnu/libm.so.6
7aef023ed000-7aef023ee000 rw-p 00124000 08:05 919039                     /usr/lib/x86_64-linux-gnu/libm.so.6
7aef023ee000-7aef026d1000 r--p 00000000 07:23 1866                       /snap/dbeaver-ce/543/usr/share/dbeaver-ce/jre/lib/server/libjvm.so
7aef026d1000-7aef0375d000 r-xp 002e3000 07:23 1866                       /snap/dbeaver-ce/543/usr/share/dbeaver-ce/jre/lib/server/libjvm.so
7aef0375d000-7aef03a6e000 r--p 0136f000 07:23 1866                       /snap/dbeaver-ce/543/usr/share/dbeaver-ce/jre/lib/server/libjvm.so
7aef03a6e000-7aef03b59000 r--p 01680000 07:23 1866                       /snap/dbeaver-ce/543/usr/share/dbeaver-ce/jre/lib/server/libjvm.so
7aef03b59000-7aef03b84000 rw-p 0176b000 07:23 1866                       /snap/dbeaver-ce/543/usr/share/dbeaver-ce/jre/lib/server/libjvm.so
7aef03b84000-7aef03c00000 rw-p 00000000 00:00 0 
7aef03c00000-7aef03c28000 r--p 00000000 08:05 919036                     /usr/lib/x86_64-linux-gnu/libc.so.6
7aef03c28000-7aef03dc0000 r-xp 00028000 08:05 919036                     /usr/lib/x86_64-linux-gnu/libc.so.6
7aef03dc0000-7aef03e0e000 r--p 001c0000 08:05 919036                     /usr/lib/x86_64-linux-gnu/libc.so.6
7aef03e0e000-7aef03e12000 r--p 0020d000 08:05 919036                     /usr/lib/x86_64-linux-gnu/libc.so.6
7aef03e12000-7aef03e14000 rw-p 00211000 08:05 919036                     /usr/lib/x86_64-linux-gnu/libc.so.6
7aef03e14000-7aef03e21000 rw-p 00000000 00:00 0 
7aef03e21000-7aef03e22000 rw-p 00000000 00:00 0 
7aef03e22000-7aef03e25000 r--p 00000000 07:23 1848                       /snap/dbeaver-ce/543/usr/share/dbeaver-ce/jre/lib/libnet.so
7aef03e25000-7aef03e2d000 r-xp 00003000 07:23 1848                       /snap/dbeaver-ce/543/usr/share/dbeaver-ce/jre/lib/libnet.so
7aef03e2d000-7aef03e2f000 r--p 0000b000 07:23 1848                       /snap/dbeaver-ce/543/usr/share/dbeaver-ce/jre/lib/libnet.so
7aef03e2f000-7aef03e30000 r--p 0000c000 07:23 1848                       /snap/dbeaver-ce/543/usr/share/dbeaver-ce/jre/lib/libnet.so
7aef03e30000-7aef03e31000 rw-p 0000d000 07:23 1848                       /snap/dbeaver-ce/543/usr/share/dbeaver-ce/jre/lib/libnet.so
7aef03e31000-7aef03e74000 rw-p 00000000 00:00 0 
7aef03e74000-7aef03e82000 r--p 00000000 07:23 1837                       /snap/dbeaver-ce/543/usr/share/dbeaver-ce/jre/lib/libjava.so
7aef03e82000-7aef03e90000 r-xp 0000e000 07:23 1837                       /snap/dbeaver-ce/543/usr/share/dbeaver-ce/jre/lib/libjava.so
7aef03e90000-7aef03e95000 r--p 0001c000 07:23 1837                       /snap/dbeaver-ce/543/usr/share/dbeaver-ce/jre/lib/libjava.so
7aef03e95000-7aef03e96000 r--p 00021000 07:23 1837                       /snap/dbeaver-ce/543/usr/share/dbeaver-ce/jre/lib/libjava.so
7aef03e96000-7aef03e97000 rw-p 00022000 07:23 1837                       /snap/dbeaver-ce/543/usr/share/dbeaver-ce/jre/lib/libjava.so
7aef03e97000-7aef03e98000 rw-p 00000000 00:00 0 
7aef03e98000-7aef03e9c000 r--p 00000000 07:23 1840                       /snap/dbeaver-ce/543/usr/share/dbeaver-ce/jre/lib/libjimage.so
7aef03e9c000-7aef03eb4000 r-xp 00004000 07:23 1840                       /snap/dbeaver-ce/543/usr/share/dbeaver-ce/jre/lib/libjimage.so
7aef03eb4000-7aef03eba000 r--p 0001c000 07:23 1840                       /snap/dbeaver-ce/543/usr/share/dbeaver-ce/jre/lib/libjimage.so
7aef03eba000-7aef03ebc000 r--p 00021000 07:23 1840                       /snap/dbeaver-ce/543/usr/share/dbeaver-ce/jre/lib/libjimage.so
7aef03ebc000-7aef03ebd000 rw-p 00023000 07:23 1840                       /snap/dbeaver-ce/543/usr/share/dbeaver-ce/jre/lib/libjimage.so
7aef03ebd000-7aef03ebe000 r--p 00000000 08:05 919052                     /usr/lib/x86_64-linux-gnu/librt.so.1
7aef03ebe000-7aef03ebf000 r-xp 00001000 08:05 919052                     /usr/lib/x86_64-linux-gnu/librt.so.1
7aef03ebf000-7aef03ec0000 r--p 00002000 08:05 919052                     /usr/lib/x86_64-linux-gnu/librt.so.1
7aef03ec0000-7aef03ec1000 r--p 00002000 08:05 919052                     /usr/lib/x86_64-linux-gnu/librt.so.1
7aef03ec1000-7aef03ec2000 rw-p 00003000 08:05 919052                     /usr/lib/x86_64-linux-gnu/librt.so.1
7aef03ec2000-7aef03ec4000 rw-p 00000000 00:00 0 
7aef03ec4000-7aef03ec5000 r--p 00000000 08:05 919050                     /usr/lib/x86_64-linux-gnu/libpthread.so.0
7aef03ec5000-7aef03ec6000 r-xp 00001000 08:05 919050                     /usr/lib/x86_64-linux-gnu/libpthread.so.0
7aef03ec6000-7aef03ec7000 r--p 00002000 08:05 919050                     /usr/lib/x86_64-linux-gnu/libpthread.so.0
7aef03ec7000-7aef03ec8000 r--p 00002000 08:05 919050                     /usr/lib/x86_64-linux-gnu/libpthread.so.0
7aef03ec8000-7aef03ec9000 rw-p 00003000 08:05 919050                     /usr/lib/x86_64-linux-gnu/libpthread.so.0
7aef03ec9000-7aef03eca000 r--p 00000000 08:05 919038                     /usr/lib/x86_64-linux-gnu/libdl.so.2
7aef03eca000-7aef03ecb000 r-xp 00001000 08:05 919038                     /usr/lib/x86_64-linux-gnu/libdl.so.2
7aef03ecb000-7aef03ecc000 r--p 00002000 08:05 919038                     /usr/lib/x86_64-linux-gnu/libdl.so.2
7aef03ecc000-7aef03ecd000 r--p 00002000 08:05 919038                     /usr/lib/x86_64-linux-gnu/libdl.so.2
7aef03ecd000-7aef03ece000 rw-p 00003000 08:05 919038                     /usr/lib/x86_64-linux-gnu/libdl.so.2
7aef03ece000-7aef03ed3000 rw-p 00000000 00:00 0 
7aef03ed3000-7aef03eda000 ---p 00000000 00:00 0 
7aef03eda000-7aef03ee2000 rw-s 00000000 00:2f 7130                       /tmp/hsperfdata_gustaa/97603
7aef03ee2000-7aef03ee3000 ---p 00000000 00:00 0 
7aef03ee3000-7aef03ee4000 r--p 00000000 00:00 0 
7aef03ee4000-7aef03ee5000 ---p 00000000 00:00 0 
7aef03ee5000-7aef03ee8000 r--p 00000000 07:23 1841                       /snap/dbeaver-ce/543/usr/share/dbeaver-ce/jre/lib/libjli.so
7aef03ee8000-7aef03ef9000 r-xp 00003000 07:23 1841                       /snap/dbeaver-ce/543/usr/share/dbeaver-ce/jre/lib/libjli.so
7aef03ef9000-7aef03f00000 r--p 00014000 07:23 1841                       /snap/dbeaver-ce/543/usr/share/dbeaver-ce/jre/lib/libjli.so
7aef03f00000-7aef03f01000 r--p 0001a000 07:23 1841                       /snap/dbeaver-ce/543/usr/share/dbeaver-ce/jre/lib/libjli.so
7aef03f01000-7aef03f02000 rw-p 0001b000 07:23 1841                       /snap/dbeaver-ce/543/usr/share/dbeaver-ce/jre/lib/libjli.so
7aef03f02000-7aef03f04000 rw-p 00000000 00:00 0 
7aef03f04000-7aef03f08000 r--p 00000000 00:00 0                          [vvar]
7aef03f08000-7aef03f0a000 r--p 00000000 00:00 0                          [vvar_vclock]
7aef03f0a000-7aef03f0c000 r-xp 00000000 00:00 0                          [vdso]
7aef03f0c000-7aef03f0d000 r--p 00000000 08:05 919033                     /usr/lib/x86_64-linux-gnu/ld-linux-x86-64.so.2
7aef03f0d000-7aef03f3c000 r-xp 00001000 08:05 919033                     /usr/lib/x86_64-linux-gnu/ld-linux-x86-64.so.2
7aef03f3c000-7aef03f47000 r--p 00030000 08:05 919033                     /usr/lib/x86_64-linux-gnu/ld-linux-x86-64.so.2
7aef03f47000-7aef03f49000 r--p 0003b000 08:05 919033                     /usr/lib/x86_64-linux-gnu/ld-linux-x86-64.so.2
7aef03f49000-7aef03f4a000 rw-p 0003d000 08:05 919033                     /usr/lib/x86_64-linux-gnu/ld-linux-x86-64.so.2
7aef03f4a000-7aef03f4b000 rw-p 00000000 00:00 0 
7ffca58d8000-7ffca58fa000 rw-p 00000000 00:00 0                          [stack]
ffffffffff600000-ffffffffff601000 --xp 00000000 00:00 0                  [vsyscall]
Total number of mappings: 1022

JVMTI agents: none


VM Arguments:
jvm_args: -XX:+IgnoreUnrecognizedVMOptions -Dosgi.requiredJavaVersion=21 -Dfile.encoding=UTF-8 --enable-native-access=ALL-UNNAMED --add-modules=ALL-DEFAULT --add-opens=java.base/java.io=ALL-UNNAMED --add-opens=java.base/java.lang=ALL-UNNAMED --add-opens=java.base/java.lang.reflect=ALL-UNNAMED --add-opens=java.base/java.net=ALL-UNNAMED --add-opens=java.base/java.nio=ALL-UNNAMED --add-opens=java.base/java.nio.charset=ALL-UNNAMED --add-opens=java.base/java.text=ALL-UNNAMED --add-opens=java.base/java.time=ALL-UNNAMED --add-opens=java.base/java.util=ALL-UNNAMED --add-opens=java.base/java.util.concurrent=ALL-UNNAMED --add-opens=java.base/java.util.concurrent.atomic=ALL-UNNAMED --add-opens=java.base/jdk.internal.vm=ALL-UNNAMED --add-opens=java.base/jdk.internal.misc=ALL-UNNAMED --add-opens=java.base/sun.nio.ch=ALL-UNNAMED --add-opens=java.base/sun.nio.fs=ALL-UNNAMED --add-opens=java.base/sun.security.ssl=ALL-UNNAMED --add-opens=java.base/sun.security.util=ALL-UNNAMED --add-opens=java.security.jgss/sun.security.jgss=ALL-UNNAMED --add-opens=java.security.jgss/sun.security.krb5=ALL-UNNAMED --add-opens=java.desktop/java.awt=ALL-UNNAMED --add-opens=java.desktop/java.awt.peer=ALL-UNNAMED --add-opens=java.sql/java.sql=ALL-UNNAMED -Xms64m -Xmx1024m -Ddbeaver.distribution.type=deb -Duser.home=/home/gustaa/snap/dbeaver-ce/543 
java_command: /snap/dbeaver-ce/543/usr/share/dbeaver-ce//plugins/org.jkiss.dbeaver.launcher_1.0.59.202608181400.jar -os linux -ws gtk -arch x86_64 -showsplash -launcher /snap/dbeaver-ce/543/usr/share/dbeaver-ce/dbeaver -name Dbeaver --launcher.library /snap/dbeaver-ce/543/usr/share/dbeaver-ce//plugins/org.eclipse.equinox.launcher.gtk.linux.x86_64_1.2.1500.v20250801-0854/eclipse_11916.so -startup /snap/dbeaver-ce/543/usr/share/dbeaver-ce//plugins/org.jkiss.dbeaver.launcher_1.0.59.202608181400.jar --launcher.overrideVmargs -exitdata 20009 -vm /snap/dbeaver-ce/543/usr/share/dbeaver-ce/jre/bin/java -vmargs -XX:+IgnoreUnrecognizedVMOptions -Dosgi.requiredJavaVersion=21 -Dfile.encoding=UTF-8 --enable-native-access=ALL-UNNAMED --add-modules=ALL-DEFAULT --add-opens=java.base/java.io=ALL-UNNAMED --add-opens=java.base/java.lang=ALL-UNNAMED --add-opens=java.base/java.lang.reflect=ALL-UNNAMED --add-opens=java.base/java.net=ALL-UNNAMED --add-opens=java.base/java.nio=ALL-UNNAMED --add-opens=java.base/java.nio.charset=ALL-UNNAMED --add-opens=java.base/java.text=ALL-UNNAMED --add-opens=java.base/java.time=ALL-UNNAMED --add-opens=java.base/java.util=ALL-UNNAMED --add-opens=java.base/java.util.concurrent=ALL-UNNAMED --add-opens=java.base/java.util.concurrent.atomic=ALL-UNNAMED --add-opens=java.base/jdk.internal.vm=ALL-UNNAMED --add-opens=java.base/jdk.internal.misc=ALL-UNNAMED --add-opens=java.base/sun.nio.ch=ALL-UNNAMED --add-opens=java.base/sun.nio.fs=ALL-UNNAMED --add-opens=java.base/sun.security.ssl=ALL-UNNAMED --add-opens=java.base/sun.security.util=ALL-UNNAMED --add-opens=java.security.jgss/sun.security.jgss=ALL-UNNAMED --add-opens=java.security.jgss/sun.security.krb5=ALL-UNNAMED --add-opens=java.desktop/java.awt=ALL-UNNAMED --add-opens=java.desktop/java.awt.peer=ALL-UNNAMED --add-opens=java.sql/java.sql=ALL-UNNAMED -Xms64m -Xmx1024m -Ddbeaver.distribution.type=deb -jar /snap/dbeaver-ce/543/usr/share/dbeaver-ce//plugins/org.jkiss.dbeaver.launcher_1.0.59.202608181400.jar
java_class_path (initial): /snap/dbeaver-ce/543/usr/share/dbeaver-ce//plugins/org.jkiss.dbeaver.launcher_1.0.59.202608181400.jar
Launcher Type: SUN_STANDARD

[Global flags]
     intx CICompilerCount                          = 4                                         {product} {ergonomic}
     uint ConcGCThreads                            = 3                                         {product} {ergonomic}
     uint G1ConcRefinementThreads                  = 10                                        {product} {ergonomic}
   size_t G1HeapRegionSize                         = 1048576                                   {product} {ergonomic}
     bool IgnoreUnrecognizedVMOptions              = true                                      {product} {command line}
   size_t InitialHeapSize                          = 67108864                                  {product} {command line}
   size_t MarkStackSize                            = 4194304                                   {product} {ergonomic}
   size_t MarkStackSizeMax                         = 536870912                                 {product} {ergonomic}
   size_t MaxHeapSize                              = 1073741824                                {product} {command line}
   size_t MaxNewSize                               = 643825664                                 {product} {ergonomic}
   size_t MinHeapDeltaBytes                        = 1048576                                   {product} {ergonomic}
   size_t MinHeapSize                              = 67108864                                  {product} {command line}
    uintx NonNMethodCodeHeapSize                   = 5840896                                {pd product} {ergonomic}
    uintx NonProfiledCodeHeapSize                  = 122912768                              {pd product} {ergonomic}
    uintx ProfiledCodeHeapSize                     = 122912768                              {pd product} {ergonomic}
    uintx ReservedCodeCacheSize                    = 251666432                              {pd product} {ergonomic}
     bool SegmentedCodeCache                       = true                                      {product} {ergonomic}
   size_t SoftMaxHeapSize                          = 1073741824                             {manageable} {ergonomic}
     bool UseCompressedOops                        = true                           {product lp64_product} {ergonomic}
     bool UseG1GC                                  = true                                      {product} {ergonomic}

Logging:
Log output configuration:
 #0: stdout all=warning uptime,level,tags foldmultilines=false
 #1: stderr all=off uptime,level,tags foldmultilines=false

Release file:
JAVA_VERSION="25.0.3"
MODULES="java.base java.compiler java.datatransfer java.xml java.prefs java.desktop java.logging java.management java.security.sasl java.naming java.rmi java.management.rmi java.net.http java.scripting java.security.jgss java.transaction.xa java.sql java.sql.rowset jdk.accessibility jdk.internal.jvmstat jdk.attach jdk.charsets jdk.crypto.cryptoki jdk.crypto.ec jdk.dynalink jdk.httpserver jdk.jcmd jdk.localedata jdk.management jdk.naming.dns jdk.naming.rmi jdk.net jdk.security.auth jdk.security.jgss jdk.unsupported jdk.xml.dom"

Environment Variables:
_JAVA_OPTIONS=-Duser.home=/home/gustaa/snap/dbeaver-ce/543
PATH=/usr/local/sbin:/usr/local/bin:/usr/sbin:/usr/bin:/sbin:/bin:/usr/games:/usr/local/games:/snap/bin:/snap/bin
USERNAME=gustaa
SHELL=/bin/bash
DISPLAY=:0
WAYLAND_DISPLAY=wayland-0
LANG=pt_BR.UTF-8
TERM=xterm-256color

Active Locale:
LC_ALL=pt_BR.UTF-8
LC_COLLATE=pt_BR.UTF-8
LC_CTYPE=pt_BR.UTF-8
LC_MESSAGES=pt_BR.UTF-8
LC_MONETARY=pt_BR.UTF-8
LC_NUMERIC=pt_BR.UTF-8
LC_TIME=pt_BR.UTF-8

Signal Handlers:
   SIGSEGV: crash_handler in libjvm.so, mask=11100100010111111101111111111110, flags=SA_RESTART|SA_SIGINFO, unblocked
    SIGBUS: crash_handler in libjvm.so, mask=11100100010111111101111111111110, flags=SA_RESTART|SA_SIGINFO, unblocked
    SIGFPE: crash_handler in libjvm.so, mask=11100100010111111101111111111110, flags=SA_RESTART|SA_SIGINFO, unblocked
   SIGPIPE: SIG_IGN, mask=00000000000010000000000000000000, flags=SA_RESTART, blocked
  *** Handler was modified!
  *** Expected: javaSignalHandler in libjvm.so, mask=11100100110111111111111111111110, flags=SA_RESTART|SA_SIGINFO
   SIGXFSZ: javaSignalHandler in libjvm.so, mask=11100100010111111101111111111110, flags=SA_RESTART|SA_SIGINFO, blocked
    SIGILL: crash_handler in libjvm.so, mask=11100100010111111101111111111110, flags=SA_RESTART|SA_SIGINFO, unblocked
   SIGUSR2: SR_handler in libjvm.so, mask=00000000000000000000000000000000, flags=SA_RESTART|SA_SIGINFO, blocked
    SIGHUP: UserHandler in libjvm.so, mask=11100100010111111101111111111110, flags=SA_RESTART|SA_SIGINFO, blocked
    SIGINT: UserHandler in libjvm.so, mask=11100100010111111101111111111110, flags=SA_RESTART|SA_SIGINFO, blocked
   SIGTERM: UserHandler in libjvm.so, mask=11100100010111111101111111111110, flags=SA_RESTART|SA_SIGINFO, blocked
   SIGQUIT: UserHandler in libjvm.so, mask=11100100010111111101111111111110, flags=SA_RESTART|SA_SIGINFO, blocked
   SIGTRAP: crash_handler in libjvm.so, mask=11100100010111111101111111111110, flags=SA_RESTART|SA_SIGINFO, unblocked


Compilation memory statistics disabled.

Periodic native trim disabled

---------------  S Y S T E M  ---------------

OS:
DISTRIB_ID=Ubuntu
DISTRIB_RELEASE=26.04
DISTRIB_CODENAME=resolute
DISTRIB_DESCRIPTION="Ubuntu 26.04 LTS"
uname: Linux 7.0.0-30-generic #30-Ubuntu SMP PREEMPT_DYNAMIC Fri Jul 31 18:22:54 UTC 2026 x86_64
OS uptime: 0 days 6:45 hours
libc: glibc 2.43 NPTL 2.43 
rlimit (soft/hard): STACK 8192k/infinity , CORE 0k/infinity , NPROC 51002/51002 , NOFILE 524288/524288 , AS infinity/infinity , CPU infinity/infinity , DATA infinity/infinity , FSIZE infinity/infinity , MEMLOCK 8192k/8192k
load average: 1,16 1,10 0,92

/proc/meminfo:
MemTotal:       15785408 kB
MemFree:         1035188 kB
MemAvailable:    4249200 kB
Buffers:          262020 kB
Cached:          2621384 kB
SwapCached:        92000 kB
Active:          7596516 kB
Inactive:        5388784 kB
Active(anon):    6551204 kB
Inactive(anon):  3541896 kB
Active(file):    1045312 kB
Inactive(file):  1846888 kB
Unevictable:          72 kB
Mlocked:              72 kB
SwapTotal:       4194300 kB
SwapFree:        2502212 kB
Zswap:                 0 kB
Zswapped:              0 kB
Dirty:              3028 kB
Writeback:             0 kB
AnonPages:      10076032 kB
Mapped:           944284 kB
Shmem:            257724 kB
KReclaimable:     659468 kB
Slab:            1035460 kB
SReclaimable:     659468 kB
SUnreclaim:       375992 kB
KernelStack:       29856 kB
PageTables:       106188 kB
SecPageTables:      2568 kB
NFS_Unstable:          0 kB
Bounce:                0 kB
WritebackTmp:          0 kB
CommitLimit:    12087004 kB
Committed_AS:   47570976 kB
VmallocTotal:   34359738367 kB
VmallocUsed:       94512 kB
VmallocChunk:          0 kB
Percpu:            12192 kB
HardwareCorrupted:     0 kB
AnonHugePages:    825344 kB
ShmemHugePages:        0 kB
ShmemPmdMapped:        0 kB
FileHugePages:     40960 kB
FilePmdMapped:      8192 kB
CmaTotal:              0 kB
CmaFree:           25376 kB
Unaccepted:            0 kB
Balloon:               0 kB
HugePages_Total:       0
HugePages_Free:        0
HugePages_Rsvd:        0
HugePages_Surp:        0
Hugepagesize:       2048 kB
Hugetlb:               0 kB
DirectMap4k:      979364 kB
DirectMap2M:    14692352 kB
DirectMap1G:     1048576 kB

/sys/kernel/mm/transparent_hugepage/enabled: always [madvise] never
/sys/kernel/mm/transparent_hugepage/hpage_pmd_size: 2097152
/sys/kernel/mm/transparent_hugepage/shmem_enabled: always within_size advise [never] deny force
/sys/kernel/mm/transparent_hugepage/defrag (defrag/compaction efforts parameter): always defer defer+madvise [madvise] never

Process Memory:
Virtual Size: 8802424K (peak: 8867964K)
Resident Set Size: 392576K (peak: 392576K) (anon: 331020K, file: 60820K, shmem: 736K)
Swapped out: 0K
C-Heap outstanding allocations: 86380K, retained: 112283K
glibc malloc tunables: (default)

/proc/sys/kernel/threads-max (system-wide limit on the number of threads): 102005
/proc/sys/vm/max_map_count (maximum number of memory map areas a process may have): 1048576
/proc/sys/vm/swappiness (control to define how aggressively the kernel swaps out anonymous memory): 60
/proc/sys/kernel/pid_max (system-wide limit on number of process identifiers): 4194304

container information not found.
Steal ticks since vm start: 0
Steal ticks percentage since vm start:  0,000

CPU: total 12 (initial active 12) (12 cores per cpu, 2 threads per core) family 23 model 8 stepping 2 microcode 0x800820e, cx8, cmov, fxsr, ht, mmx, 3dnowpref, sse, sse2, sse3, ssse3, sse4a, sse4.1, sse4.2, popcnt, lzcnt, tsc, tscinvbit, avx, avx2, aes, clmul, bmi1, bmi2, adx, sha, fma, vzeroupper, clflush, clflushopt, rdtscp, f16c
CPU Model and flags from /proc/cpuinfo:
model name	: AMD Ryzen 5 1600 Six-Core Processor
flags		: fpu vme de pse tsc msr pae mce cx8 apic sep mtrr pge mca cmov pat pse36 clflush mmx fxsr sse sse2 ht syscall nx mmxext fxsr_opt pdpe1gb rdtscp lm constant_tsc rep_good nopl nonstop_tsc cpuid extd_apicid aperfmperf rapl pni pclmulqdq monitor ssse3 fma cx16 sse4_1 sse4_2 movbe popcnt aes xsave avx f16c rdrand lahf_lm cmp_legacy svm extapic cr8_legacy abm sse4a misalignsse 3dnowprefetch osvw skinit wdt tce topoext perfctr_core perfctr_nb bpext perfctr_llc mwaitx cpb hw_pstate ssbd ibpb vmmcall fsgsbase bmi1 avx2 smep bmi2 rdseed adx smap clflushopt sha_ni xsaveopt xsavec xgetbv1 clzero xsaveerptr arat npt lbrv svm_lock nrip_save tsc_scale vmcb_clean flushbyasid decodeassists pausefilter pfthreshold avic v_vmsave_vmload vgif overflow_recov succor smca sev sev_es

Online cpus: 0-11
Offline cpus: 
BIOS frequency limitation: 3200000
Frequency switch latency (ns): 0
Available cpu frequencies: 3200000 2800000 1550000 
Current governor: schedutil
Core performance/turbo boost: 1

Memory: 4k page, physical 15785408k(4249200k free), swap 4194300k(2502212k free)
Page Sizes: 4k

vm_info: OpenJDK 64-Bit Server VM (25.0.3+9-LTS) for linux-amd64 JRE (25.0.3+9-LTS), built on 2026-04-21T00:00:00Z with gcc 14.2.0

END.
