#
# A fatal error has been detected by the Java Runtime Environment:
#
#  SIGSEGV (0xb) at pc=0x000071e91eb779d0, pid=96714, tid=96715
#
# JRE version: OpenJDK Runtime Environment Temurin-25.0.3+9 (25.0.3+9) (build 25.0.3+9-LTS)
# Java VM: OpenJDK 64-Bit Server VM Temurin-25.0.3+9 (25.0.3+9-LTS, mixed mode, tiered, compressed oops, compressed class ptrs, g1 gc, linux-amd64)
# Problematic frame:
# C  [libgtk-3.so.0+0x3779d0]  gtk_widget_realize+0x40
#
# Core dump will be written. Default location: Determined by the following: "/usr/share/apport/apport -p%p -s%s -c%c -d%d -P%P -u%u -g%g -F%F -- %E" (alternatively, falling back to /mnt/SSD_SEC/GIT/TCC/core.96714)
#
# If you would like to submit a bug report, please visit:
#   https://github.com/adoptium/adoptium-support/issues
# The crash happened outside the Java Virtual Machine in native code.
# See problematic frame for where to report the bug.
#

---------------  S U M M A R Y ------------

Command Line: -XX:+IgnoreUnrecognizedVMOptions -Dosgi.requiredJavaVersion=21 -Dfile.encoding=UTF-8 --enable-native-access=ALL-UNNAMED --add-modules=ALL-DEFAULT --add-opens=java.base/java.io=ALL-UNNAMED --add-opens=java.base/java.lang=ALL-UNNAMED --add-opens=java.base/java.lang.reflect=ALL-UNNAMED --add-opens=java.base/java.net=ALL-UNNAMED --add-opens=java.base/java.nio=ALL-UNNAMED --add-opens=java.base/java.nio.charset=ALL-UNNAMED --add-opens=java.base/java.text=ALL-UNNAMED --add-opens=java.base/java.time=ALL-UNNAMED --add-opens=java.base/java.util=ALL-UNNAMED --add-opens=java.base/java.util.concurrent=ALL-UNNAMED --add-opens=java.base/java.util.concurrent.atomic=ALL-UNNAMED --add-opens=java.base/jdk.internal.vm=ALL-UNNAMED --add-opens=java.base/jdk.internal.misc=ALL-UNNAMED --add-opens=java.base/sun.nio.ch=ALL-UNNAMED --add-opens=java.base/sun.nio.fs=ALL-UNNAMED --add-opens=java.base/sun.security.ssl=ALL-UNNAMED --add-opens=java.base/sun.security.util=ALL-UNNAMED --add-opens=java.security.jgss/sun.security.jgss=ALL-UNNAMED --add-opens=java.security.jgss/sun.security.krb5=ALL-UNNAMED --add-opens=java.desktop/java.awt=ALL-UNNAMED --add-opens=java.desktop/java.awt.peer=ALL-UNNAMED --add-opens=java.sql/java.sql=ALL-UNNAMED -Xms64m -Xmx1024m -Ddbeaver.distribution.type=deb -Duser.home=/home/gustaa/snap/dbeaver-ce/543 /snap/dbeaver-ce/543/usr/share/dbeaver-ce//plugins/org.jkiss.dbeaver.launcher_1.0.59.202608181400.jar -os linux -ws gtk -arch x86_64 -showsplash -launcher /snap/dbeaver-ce/543/usr/share/dbeaver-ce/dbeaver -name Dbeaver --launcher.library /snap/dbeaver-ce/543/usr/share/dbeaver-ce//plugins/org.eclipse.equinox.launcher.gtk.linux.x86_64_1.2.1500.v20250801-0854/eclipse_11916.so -startup /snap/dbeaver-ce/543/usr/share/dbeaver-ce//plugins/org.jkiss.dbeaver.launcher_1.0.59.202608181400.jar --launcher.overrideVmargs -exitdata 20005 -vm /snap/dbeaver-ce/543/usr/share/dbeaver-ce/jre/bin/java -vmargs -XX:+IgnoreUnrecognizedVMOptions -Dosgi.requiredJavaVersion=21 -Dfile.encoding=UTF-8 --enable-native-access=ALL-UNNAMED --add-modules=ALL-DEFAULT --add-opens=java.base/java.io=ALL-UNNAMED --add-opens=java.base/java.lang=ALL-UNNAMED --add-opens=java.base/java.lang.reflect=ALL-UNNAMED --add-opens=java.base/java.net=ALL-UNNAMED --add-opens=java.base/java.nio=ALL-UNNAMED --add-opens=java.base/java.nio.charset=ALL-UNNAMED --add-opens=java.base/java.text=ALL-UNNAMED --add-opens=java.base/java.time=ALL-UNNAMED --add-opens=java.base/java.util=ALL-UNNAMED --add-opens=java.base/java.util.concurrent=ALL-UNNAMED --add-opens=java.base/java.util.concurrent.atomic=ALL-UNNAMED --add-opens=java.base/jdk.internal.vm=ALL-UNNAMED --add-opens=java.base/jdk.internal.misc=ALL-UNNAMED --add-opens=java.base/sun.nio.ch=ALL-UNNAMED --add-opens=java.base/sun.nio.fs=ALL-UNNAMED --add-opens=java.base/sun.security.ssl=ALL-UNNAMED --add-opens=java.base/sun.security.util=ALL-UNNAMED --add-opens=java.security.jgss/sun.security.jgss=ALL-UNNAMED --add-opens=java.security.jgss/sun.security.krb5=ALL-UNNAMED --add-opens=java.desktop/java.awt=ALL-UNNAMED --add-opens=java.desktop/java.awt.peer=ALL-UNNAMED --add-opens=java.sql/java.sql=ALL-UNNAMED -Xms64m -Xmx1024m -Ddbeaver.distribution.type=deb -jar /snap/dbeaver-ce/543/usr/share/dbeaver-ce//plugins/org.jkiss.dbeaver.launcher_1.0.59.202608181400.jar

Host: AMD Ryzen 5 1600 Six-Core Processor, 12 cores, 15G, Ubuntu 26.04 LTS
Time: Sat Aug 29 20:41:24 2026 -03 elapsed time: 9.628961 seconds (0d 0h 0m 9s)

---------------  T H R E A D  ---------------

Current thread (0x000071e97802e560):  JavaThread "main"             [_thread_in_native, id=96715, stack(0x000071e97d5c8000,0x000071e97d6c8000) (1024K)]

Stack: [0x000071e97d5c8000,0x000071e97d6c8000],  sp=0x000071e97d6c4c40,  free space=1011k
Native frames: (J=compiled Java code, j=interpreted, Vv=VM code, C=native code)
C  [libgtk-3.so.0+0x3779d0]  gtk_widget_realize+0x40
C  [libswt-pi3-gtk-4973r12.so+0x49e30]  Java_org_eclipse_swt_internal_gtk_GTK_gtk_1widget_1realize+0xc
j  org.eclipse.swt.widgets.Shell.createHandle(I)V+620
j  org.eclipse.swt.widgets.Widget.createWidget(I)V+2
j  org.eclipse.swt.widgets.Control.createWidget(I)V+22
j  org.eclipse.swt.widgets.Scrollable.createWidget(I)V+2
j  org.eclipse.swt.widgets.Decorations.createWidget(I)V+2
j  org.eclipse.swt.widgets.Shell.<init>(Lorg/eclipse/swt/widgets/Display;Lorg/eclipse/swt/widgets/Shell;IJZ)V+167
j  org.eclipse.swt.widgets.Shell.internal_new(Lorg/eclipse/swt/widgets/Display;J)Lorg/eclipse/swt/widgets/Shell;+10
j  org.eclipse.ui.internal.WorkbenchPlugin.getSplashShell(Lorg/eclipse/swt/widgets/Display;)Lorg/eclipse/swt/widgets/Shell;+64
j  org.jkiss.dbeaver.ui.app.standalone.ApplicationWorkbenchWindowAdvisor.runWithSplashHidden(Ljava/lang/Runnable;)V+3
j  org.jkiss.dbeaver.ui.app.standalone.ApplicationWorkbenchWindowAdvisor.showProductConfigDialog()V+22
j  org.jkiss.dbeaver.ui.app.standalone.ApplicationWorkbenchWindowAdvisor.preWindowOpen()V+9
j  org.eclipse.ui.internal.WorkbenchWindow.fireWindowOpening()V+4
j  org.eclipse.ui.internal.WorkbenchWindow.setup()V+419
j  java.lang.invoke.LambdaForm$DMH+0x0000000031089800.invokeVirtual(Ljava/lang/Object;Ljava/lang/Object;)V+10 java.base@25.0.3
j  java.lang.invoke.LambdaForm$MH+0x0000000031379c00.invoke(Ljava/lang/Object;Ljava/lang/Object;)Ljava/lang/Object;+31 java.base@25.0.3
J 1068 c1 jdk.internal.reflect.DirectMethodHandleAccessor.invoke(Ljava/lang/Object;[Ljava/lang/Object;)Ljava/lang/Object; java.base@25.0.3 (92 bytes) @ 0x000071e964fd8aac [0x000071e964fd7880+0x000000000000122c]
J 1067 c1 java.lang.reflect.Method.invoke(Ljava/lang/Object;[Ljava/lang/Object;)Ljava/lang/Object; java.base@25.0.3 (108 bytes) @ 0x000071e964fd7624 [0x000071e964fd7080+0x00000000000005a4]
j  org.eclipse.e4.core.internal.di.MethodRequestor.execute()Ljava/lang/Object;+77
j  org.eclipse.e4.core.internal.di.InjectorImpl.processAnnotated(Lorg/eclipse/e4/core/internal/di/AnnotationLookup$AnnotationProxy;Ljava/lang/Object;Ljava/lang/Class;Lorg/eclipse/e4/core/di/suppliers/PrimaryObjectSupplier;Lorg/eclipse/e4/core/di/suppliers/PrimaryObjectSupplier;Ljava/util/List;)V+190
j  org.eclipse.e4.core.internal.di.InjectorImpl.internalInject(Ljava/lang/Object;Lorg/eclipse/e4/core/di/suppliers/PrimaryObjectSupplier;Lorg/eclipse/e4/core/di/suppliers/PrimaryObjectSupplier;)V+175
j  org.eclipse.e4.core.internal.di.InjectorImpl.inject(Ljava/lang/Object;Lorg/eclipse/e4/core/di/suppliers/PrimaryObjectSupplier;)V+4
j  org.eclipse.e4.core.contexts.ContextInjectionFactory.inject(Ljava/lang/Object;Lorg/eclipse/e4/core/contexts/IEclipseContext;)V+13
j  org.eclipse.ui.internal.Workbench.createWorkbenchWindow(Lorg/eclipse/core/runtime/IAdaptable;Lorg/eclipse/ui/IPerspectiveDescriptor;Lorg/eclipse/e4/ui/model/application/ui/basic/MWindow;Z)Lorg/eclipse/ui/IWorkbenchWindow;+180
j  org.eclipse.ui.internal.Workbench.getActiveWorkbenchWindow()Lorg/eclipse/ui/IWorkbenchWindow;+179
j  org.jkiss.dbeaver.ui.app.standalone.ApplicationWorkbenchAdvisor.resetPerspectiveIfNeeded()V+3
j  org.jkiss.dbeaver.ui.app.standalone.ApplicationWorkbenchAdvisor.postStartup()V+17
j  org.eclipse.ui.internal.Workbench.lambda$19()V+4
j  org.eclipse.ui.internal.Workbench$$Lambda+0x000000003162f5d8.run()V+4
j  org.eclipse.e4.ui.internal.workbench.swt.PartRenderingEngine$5.run()V+432
j  org.eclipse.core.databinding.observable.Realm.runWithDefault(Lorg/eclipse/core/databinding/observable/Realm;Ljava/lang/Runnable;)V+12
j  org.eclipse.e4.ui.internal.workbench.swt.PartRenderingEngine.run(Lorg/eclipse/e4/ui/model/application/MApplicationElement;Lorg/eclipse/e4/core/contexts/IEclipseContext;)Ljava/lang/Object;+57
j  org.eclipse.e4.ui.internal.workbench.E4Workbench.createAndRunUI(Lorg/eclipse/e4/ui/model/application/MApplicationElement;)V+20
j  org.eclipse.ui.internal.Workbench.lambda$3(Lorg/eclipse/swt/widgets/Display;Lorg/eclipse/ui/application/WorkbenchAdvisor;[I)V+352
j  org.eclipse.ui.internal.Workbench$$Lambda+0x000000003149e458.run()V+12
j  org.eclipse.core.databinding.observable.Realm.runWithDefault(Lorg/eclipse/core/databinding/observable/Realm;Ljava/lang/Runnable;)V+12
j  org.eclipse.ui.internal.Workbench.createAndRunWorkbench(Lorg/eclipse/swt/widgets/Display;Lorg/eclipse/ui/application/WorkbenchAdvisor;)I+16
j  org.eclipse.ui.PlatformUI.createAndRunWorkbench(Lorg/eclipse/swt/widgets/Display;Lorg/eclipse/ui/application/WorkbenchAdvisor;)I+2
j  org.jkiss.dbeaver.ui.app.standalone.DBeaverApplication.start(Lorg/eclipse/equinox/app/IApplicationContext;)Ljava/lang/Object;+772
j  org.eclipse.equinox.internal.app.EclipseAppHandle.run(Ljava/lang/Object;)Ljava/lang/Object;+138
j  org.eclipse.core.runtime.internal.adaptor.EclipseAppLauncher.runApplication(Ljava/lang/Object;)Ljava/lang/Object;+85
j  org.eclipse.core.runtime.internal.adaptor.EclipseAppLauncher.start(Ljava/lang/Object;)Ljava/lang/Object;+79
j  org.eclipse.core.runtime.adaptor.EclipseStarter.run(Ljava/lang/Object;)Ljava/lang/Object;+99
j  org.eclipse.core.runtime.adaptor.EclipseStarter.run([Ljava/lang/String;Ljava/lang/Runnable;)Ljava/lang/Object;+132
J 463 c1 java.lang.invoke.DirectMethodHandle$Holder.invokeStatic(Ljava/lang/Object;Ljava/lang/Object;Ljava/lang/Object;)Ljava/lang/Object; java.base@25.0.3 (15 bytes) @ 0x000071e964f18414 [0x000071e964f18180+0x0000000000000294]
j  java.lang.invoke.LambdaForm$MH+0x0000000031146800.invoke(Ljava/lang/Object;Ljava/lang/Object;Ljava/lang/Object;Ljava/lang/Object;)Ljava/lang/Object;+54 java.base@25.0.3
j  java.lang.invoke.LambdaForm$MH+0x0000000031146c00.invokeExact_MT(Ljava/lang/Object;Ljava/lang/Object;Ljava/lang/Object;Ljava/lang/Object;Ljava/lang/Object;)Ljava/lang/Object;+22 java.base@25.0.3
j  jdk.internal.reflect.DirectMethodHandleAccessor.invokeImpl(Ljava/lang/Object;[Ljava/lang/Object;)Ljava/lang/Object;+72 java.base@25.0.3
j  jdk.internal.reflect.DirectMethodHandleAccessor.invoke(Ljava/lang/Object;[Ljava/lang/Object;)Ljava/lang/Object;+23 java.base@25.0.3
j  java.lang.reflect.Method.invoke(Ljava/lang/Object;[Ljava/lang/Object;)Ljava/lang/Object;+102 java.base@25.0.3
j  org.jkiss.dbeaver.launcher.DBeaverLauncher.invokeFramework([Ljava/lang/String;[Ljava/net/URL;)V+205
j  org.jkiss.dbeaver.launcher.DBeaverLauncher.basicRun([Ljava/lang/String;)V+481
j  org.jkiss.dbeaver.launcher.DBeaverLauncher.run([Ljava/lang/String;)I+57
j  org.jkiss.dbeaver.launcher.DBeaverLauncher.main([Ljava/lang/String;)V+10
v  ~StubRoutines::call_stub 0x000071e96c3cffa6
V  [libjvm.so+0xa23840]  JavaCalls::call_helper(JavaValue*, methodHandle const&, JavaCallArguments*, JavaThread*)+0x2b0
V  [libjvm.so+0xaedd96]  jni_invoke_static(JNIEnv_*, JavaValue*, _jobject*, JNICallType, _jmethodID*, JNI_ArgumentPusher*, JavaThread*) [clone .constprop.1]+0x396
V  [libjvm.so+0xaf0c51]  jni_CallStaticVoidMethod+0x161
C  [libjli.so+0xa77a]  invokeStaticMainWithArgs+0x4a
C  [libjli.so+0xb800]  JavaMain+0xeb0
C  [libjli.so+0xed89]  ThreadJavaMain+0x9
C  [libc.so.6+0xa407a]
Java frames: (J=compiled Java code, j=interpreted, Vv=VM code)
J 6935  org.eclipse.swt.internal.gtk.GTK.gtk_widget_realize(J)V (0 bytes) @ 0x000071e96cabe449 [0x000071e96cabe400+0x0000000000000049]
j  org.eclipse.swt.widgets.Shell.createHandle(I)V+620
j  org.eclipse.swt.widgets.Widget.createWidget(I)V+2
j  org.eclipse.swt.widgets.Control.createWidget(I)V+22
j  org.eclipse.swt.widgets.Scrollable.createWidget(I)V+2
j  org.eclipse.swt.widgets.Decorations.createWidget(I)V+2
j  org.eclipse.swt.widgets.Shell.<init>(Lorg/eclipse/swt/widgets/Display;Lorg/eclipse/swt/widgets/Shell;IJZ)V+167
j  org.eclipse.swt.widgets.Shell.internal_new(Lorg/eclipse/swt/widgets/Display;J)Lorg/eclipse/swt/widgets/Shell;+10
j  org.eclipse.ui.internal.WorkbenchPlugin.getSplashShell(Lorg/eclipse/swt/widgets/Display;)Lorg/eclipse/swt/widgets/Shell;+64
j  org.jkiss.dbeaver.ui.app.standalone.ApplicationWorkbenchWindowAdvisor.runWithSplashHidden(Ljava/lang/Runnable;)V+3
j  org.jkiss.dbeaver.ui.app.standalone.ApplicationWorkbenchWindowAdvisor.showProductConfigDialog()V+22
j  org.jkiss.dbeaver.ui.app.standalone.ApplicationWorkbenchWindowAdvisor.preWindowOpen()V+9
j  org.eclipse.ui.internal.WorkbenchWindow.fireWindowOpening()V+4
j  org.eclipse.ui.internal.WorkbenchWindow.setup()V+419
j  java.lang.invoke.LambdaForm$DMH+0x0000000031089800.invokeVirtual(Ljava/lang/Object;Ljava/lang/Object;)V+10 java.base@25.0.3
j  java.lang.invoke.LambdaForm$MH+0x0000000031379c00.invoke(Ljava/lang/Object;Ljava/lang/Object;)Ljava/lang/Object;+31 java.base@25.0.3
J 1068 c1 jdk.internal.reflect.DirectMethodHandleAccessor.invoke(Ljava/lang/Object;[Ljava/lang/Object;)Ljava/lang/Object; java.base@25.0.3 (92 bytes) @ 0x000071e964fd8aac [0x000071e964fd7880+0x000000000000122c]
J 1067 c1 java.lang.reflect.Method.invoke(Ljava/lang/Object;[Ljava/lang/Object;)Ljava/lang/Object; java.base@25.0.3 (108 bytes) @ 0x000071e964fd7624 [0x000071e964fd7080+0x00000000000005a4]
j  org.eclipse.e4.core.internal.di.MethodRequestor.execute()Ljava/lang/Object;+77
j  org.eclipse.e4.core.internal.di.InjectorImpl.processAnnotated(Lorg/eclipse/e4/core/internal/di/AnnotationLookup$AnnotationProxy;Ljava/lang/Object;Ljava/lang/Class;Lorg/eclipse/e4/core/di/suppliers/PrimaryObjectSupplier;Lorg/eclipse/e4/core/di/suppliers/PrimaryObjectSupplier;Ljava/util/List;)V+190
j  org.eclipse.e4.core.internal.di.InjectorImpl.internalInject(Ljava/lang/Object;Lorg/eclipse/e4/core/di/suppliers/PrimaryObjectSupplier;Lorg/eclipse/e4/core/di/suppliers/PrimaryObjectSupplier;)V+175
j  org.eclipse.e4.core.internal.di.InjectorImpl.inject(Ljava/lang/Object;Lorg/eclipse/e4/core/di/suppliers/PrimaryObjectSupplier;)V+4
j  org.eclipse.e4.core.contexts.ContextInjectionFactory.inject(Ljava/lang/Object;Lorg/eclipse/e4/core/contexts/IEclipseContext;)V+13
j  org.eclipse.ui.internal.Workbench.createWorkbenchWindow(Lorg/eclipse/core/runtime/IAdaptable;Lorg/eclipse/ui/IPerspectiveDescriptor;Lorg/eclipse/e4/ui/model/application/ui/basic/MWindow;Z)Lorg/eclipse/ui/IWorkbenchWindow;+180
j  org.eclipse.ui.internal.Workbench.getActiveWorkbenchWindow()Lorg/eclipse/ui/IWorkbenchWindow;+179
j  org.jkiss.dbeaver.ui.app.standalone.ApplicationWorkbenchAdvisor.resetPerspectiveIfNeeded()V+3
j  org.jkiss.dbeaver.ui.app.standalone.ApplicationWorkbenchAdvisor.postStartup()V+17
j  org.eclipse.ui.internal.Workbench.lambda$19()V+4
j  org.eclipse.ui.internal.Workbench$$Lambda+0x000000003162f5d8.run()V+4
j  org.eclipse.e4.ui.internal.workbench.swt.PartRenderingEngine$5.run()V+432
j  org.eclipse.core.databinding.observable.Realm.runWithDefault(Lorg/eclipse/core/databinding/observable/Realm;Ljava/lang/Runnable;)V+12
j  org.eclipse.e4.ui.internal.workbench.swt.PartRenderingEngine.run(Lorg/eclipse/e4/ui/model/application/MApplicationElement;Lorg/eclipse/e4/core/contexts/IEclipseContext;)Ljava/lang/Object;+57
j  org.eclipse.e4.ui.internal.workbench.E4Workbench.createAndRunUI(Lorg/eclipse/e4/ui/model/application/MApplicationElement;)V+20
j  org.eclipse.ui.internal.Workbench.lambda$3(Lorg/eclipse/swt/widgets/Display;Lorg/eclipse/ui/application/WorkbenchAdvisor;[I)V+352
j  org.eclipse.ui.internal.Workbench$$Lambda+0x000000003149e458.run()V+12
j  org.eclipse.core.databinding.observable.Realm.runWithDefault(Lorg/eclipse/core/databinding/observable/Realm;Ljava/lang/Runnable;)V+12
j  org.eclipse.ui.internal.Workbench.createAndRunWorkbench(Lorg/eclipse/swt/widgets/Display;Lorg/eclipse/ui/application/WorkbenchAdvisor;)I+16
j  org.eclipse.ui.PlatformUI.createAndRunWorkbench(Lorg/eclipse/swt/widgets/Display;Lorg/eclipse/ui/application/WorkbenchAdvisor;)I+2
j  org.jkiss.dbeaver.ui.app.standalone.DBeaverApplication.start(Lorg/eclipse/equinox/app/IApplicationContext;)Ljava/lang/Object;+772
j  org.eclipse.equinox.internal.app.EclipseAppHandle.run(Ljava/lang/Object;)Ljava/lang/Object;+138
j  org.eclipse.core.runtime.internal.adaptor.EclipseAppLauncher.runApplication(Ljava/lang/Object;)Ljava/lang/Object;+85
j  org.eclipse.core.runtime.internal.adaptor.EclipseAppLauncher.start(Ljava/lang/Object;)Ljava/lang/Object;+79
j  org.eclipse.core.runtime.adaptor.EclipseStarter.run(Ljava/lang/Object;)Ljava/lang/Object;+99
j  org.eclipse.core.runtime.adaptor.EclipseStarter.run([Ljava/lang/String;Ljava/lang/Runnable;)Ljava/lang/Object;+132
J 463 c1 java.lang.invoke.DirectMethodHandle$Holder.invokeStatic(Ljava/lang/Object;Ljava/lang/Object;Ljava/lang/Object;)Ljava/lang/Object; java.base@25.0.3 (15 bytes) @ 0x000071e964f18414 [0x000071e964f18180+0x0000000000000294]
j  java.lang.invoke.LambdaForm$MH+0x0000000031146800.invoke(Ljava/lang/Object;Ljava/lang/Object;Ljava/lang/Object;Ljava/lang/Object;)Ljava/lang/Object;+54 java.base@25.0.3
j  java.lang.invoke.LambdaForm$MH+0x0000000031146c00.invokeExact_MT(Ljava/lang/Object;Ljava/lang/Object;Ljava/lang/Object;Ljava/lang/Object;Ljava/lang/Object;)Ljava/lang/Object;+22 java.base@25.0.3
j  jdk.internal.reflect.DirectMethodHandleAccessor.invokeImpl(Ljava/lang/Object;[Ljava/lang/Object;)Ljava/lang/Object;+72 java.base@25.0.3
j  jdk.internal.reflect.DirectMethodHandleAccessor.invoke(Ljava/lang/Object;[Ljava/lang/Object;)Ljava/lang/Object;+23 java.base@25.0.3
j  java.lang.reflect.Method.invoke(Ljava/lang/Object;[Ljava/lang/Object;)Ljava/lang/Object;+102 java.base@25.0.3
j  org.jkiss.dbeaver.launcher.DBeaverLauncher.invokeFramework([Ljava/lang/String;[Ljava/net/URL;)V+205
j  org.jkiss.dbeaver.launcher.DBeaverLauncher.basicRun([Ljava/lang/String;)V+481
j  org.jkiss.dbeaver.launcher.DBeaverLauncher.run([Ljava/lang/String;)I+57
j  org.jkiss.dbeaver.launcher.DBeaverLauncher.main([Ljava/lang/String;)V+10
v  ~StubRoutines::call_stub 0x000071e96c3cffa6

siginfo: si_signo: 11 (SIGSEGV), si_code: 128 (SI_KERNEL), si_addr: 0x0000000000000000

Registers:
RAX=0x000071e9783b31d0, RBX=0x000071e9784f0e00, RCX=0xfffffffffffffff5, RDX=0x0000000000000000
RSP=0x000071e97d6c4c40, RBP=0x000071e97d6c4ce0, RSI=0x000071e9783b31d0, RDI=0x000071e9784f0e00
R8 =0x0000000000000014, R9 =0x000071e9797f33d0, R10=0x000071e96cabe449, R11=0x000071e96cabe410
R12=0x000f000e00010400, R13=0x000071e97d6c4d50, R14=0x000071e97d6c4d30, R15=0x000071e97802e560
RIP=0x000071e91eb779d0, EFLAGS=0x0000000000010206, CSGSFS=0x002b000000000033, ERR=0x0000000000000000
  TRAPNO=0x000000000000000d

XMM[0]=0x0000000000000000 0x0000000000000000
XMM[1]=0x000071e97d6c4b50 0x000071e97d6c4b58
XMM[2]=0x0000000000000000 0x000071e97d6c4b50
XMM[3]=0x0000000000000000 0x0000000000000000
XMM[4]=0x0000000000000000 0x0000000000000000
XMM[5]=0x0000000000000000 0x0000000000000000
XMM[6]=0x0000000000000000 0x000071e978000038
XMM[7]=0x0000000000000014 0x000071e978363ce0
XMM[8]=0x2f676e616c2f6176 0x616a120001120010
XMM[9]=0x0000000000000000 0x262825ab33196936
XMM[10]=0x0000000000000000 0x000000000cf1438b
XMM[11]=0x0000000000000000 0xf73533c52a4e9cfb
XMM[12]=0x0000000000000000 0x0000000033196936
XMM[13]=0x0000000000000000 0x00000000733e1653
XMM[14]=0x0000000000000000 0xa8c24779fb3e2a5a
XMM[15]=0x0000000000000000 0x0000000000000000
  MXCSR=0x00001fa2


Register to memory mapping:

RAX=0x000071e9783b31d0 points into unknown readable memory: 0x0000000000000000 | 00 00 00 00 00 00 00 00
RBX=0x000071e9784f0e00 points into unknown readable memory: 0x000f000e00010400 | 00 04 01 00 0e 00 0f 00
RCX=0xfffffffffffffff5 is an unknown value
RDX=0x0 is null
RSP=0x000071e97d6c4c40 is pointing into the stack for thread: 0x000071e97802e560
RBP=0x000071e97d6c4ce0 is pointing into the stack for thread: 0x000071e97802e560
RSI=0x000071e9783b31d0 points into unknown readable memory: 0x0000000000000000 | 00 00 00 00 00 00 00 00
RDI=0x000071e9784f0e00 points into unknown readable memory: 0x000f000e00010400 | 00 04 01 00 0e 00 0f 00
R8 =0x0000000000000014 is an unknown value
R9 =0x000071e9797f33d0 points into unknown readable memory: 0x000071e9787f02a0 | a0 02 7f 78 e9 71 00 00
R10=0x000071e96cabe449 is at entry_point+73 in (nmethod*)0x000071e96cabe308
Compiled method (n/a) 9821 6935     n 0       org.eclipse.swt.internal.gtk.GTK::gtk_widget_realize (native)
 total in heap  [0x000071e96cabe308,0x000071e96cabe558] = 592
 main code      [0x000071e96cabe400,0x000071e96cabe550] = 336
 oops           [0x000071e96cabe550,0x000071e96cabe558] = 8
 mutable data [0x000071e97850a4d0,0x000071e97850a4f0] = 32
 relocation     [0x000071e97850a4d0,0x000071e97850a4f0] = 32
0x000071e96cabe42f:   48 8b d6 49 be c8 bc da c0 00 00 00 00 4c 89 74
0x000071e96cabe43f:   24 30 4c 8d 74 24 30 49 8b f6 c5 f8 77 
R11=0x000071e96cabe410 is at entry_point+16 in (nmethod*)0x000071e96cabe308
Compiled method (n/a) 9822 6935     n 0       org.eclipse.swt.internal.gtk.GTK::gtk_widget_realize (native)
 total in heap  [0x000071e96cabe308,0x000071e96cabe558] = 592
 main code      [0x000071e96cabe400,0x000071e96cabe550] = 336
 oops           [0x000071e96cabe550,0x000071e96cabe558] = 8
 mutable data [0x000071e97850a4d0,0x000071e97850a4f0] = 32
 relocation     [0x000071e97850a4d0,0x000071e97850a4f0] = 32
0x000071e96cabe410:   89 84 24 00 c0 fe ff 55 48 8b ec 48 83 ec 40 90
0x000071e96cabe420:   41 81 7f 20 07 00 00 00 74 05 
R12=0x000f000e00010400 is an unknown value
R13=0x000071e97d6c4d50 is pointing into the stack for thread: 0x000071e97802e560
R14=0x000071e97d6c4d30 is pointing into the stack for thread: 0x000071e97802e560
R15=0x000071e97802e560 is a thread

Top of Stack: (sp=0x000071e97d6c4c40)
0x000071e97d6c4c40:   0000000000000046 0000000000000001   F...............
0x000071e97d6c4c50:   0000000000000000 000071e97d6c4c80   .........Ll}.q..
0x000071e97d6c4c60:   000071e97d6c4d08 000071e96c3d7426   .Ml}.q..&t=l.q..
0x000071e97d6c4c70:   00000000c545d8b8 000071e96c3d93d7   ..E.......=l.q..
0x000071e97d6c4c80:   0000000000000001 0000000000000000   ................
0x000071e97d6c4c90:   0000000000000001 0000000000000001   ................
0x000071e97d6c4ca0:   000071e9782284d0 3eacb1e42c14ff00   .."x.q.....,...>
0x000071e97d6c4cb0:   000071e979298db0 000071e941823878   ..)y.q..x8.A.q..
0x000071e97d6c4cc0:   0000000000000000 000071e97d6c4d50   ........PMl}.q..
0x000071e97d6c4cd0:   000071e97d6c4d30 000071e97802e560   0Ml}.q..`..x.q..
0x000071e97d6c4ce0:   000071e97d6c4d40 000071e91c05ce30   @Ml}.q..0....q..
0x000071e97d6c4cf0:   fffffffffffffff7 000071e96cabe47b   ........{..l.q..
0x000071e97d6c4d00:   0000000000000003 000071e941825288   .........R.A.q..
0x000071e97d6c4d10:   0000000000000000 00000000c0dabcc8   ................
0x000071e97d6c4d20:   000071e941824598 0000000000000000   .E.A.q..........
0x000071e97d6c4d30:   00000000c0dabcc8 000071e97d6c4da8   .........Ml}.q..
0x000071e97d6c4d40:   000071e97d6c4da8 000071e96c3d7426   .Ml}.q..&t=l.q..
0x000071e97d6c4d50:   000071e9784f0e00 0000000000000000   ..Ox.q..........
0x000071e97d6c4d60:   fffffffffffffff7 000071e94168e834   ........4.hA.q..
0x000071e97d6c4d70:   0000000000000009 000071e94227c218   ..........'B.q..
0x000071e97d6c4d80:   0000000000000000 00000000c0db1150   ........P.......
0x000071e97d6c4d90:   000071e941694c20 fffffffffffffff5    LiA.q..........
0x000071e97d6c4da0:   000071e97d6c4de8 000071e97d6c4e40   .Ml}.q..@Nl}.q..
0x000071e97d6c4db0:   000071e96c3d7426 0000000000000000   &t=l.q..........
0x000071e97d6c4dc0:   0000000000000000 0000000000000000   ................
0x000071e97d6c4dd0:   0000000000000000 0000000000000000   ................
0x000071e97d6c4de0:   0000000000000000 0000000000000000   ................
0x000071e97d6c4df0:   00000000c6f4c9f8 fffffffffffffff7   ................
0x000071e97d6c4e00:   000071e94166b442 0000000000000003   B.fA.q..........
0x000071e97d6c4e10:   000071e942271d30 0000000000000000   0.'B.q..........
0x000071e97d6c4e20:   00000000c0db16d8 000071e94166b478   ........x.fA.q..
0x000071e97d6c4e30:   fffffffffffffff5 000071e97d6c4e50   ........PNl}.q..

Instructions: (pc=0x000071e91eb779d0)
  0x000071e91eb778d0:   24 18 00 74 65 8b 73 1c 85 f6 75 7f 48 8b 7b 48
  0x000071e91eb778e0:   80 63 06 f7 48 85 ff 0f 84 96 00 00 00 48 83 c4
  0x000071e91eb778f0:   08 31 f6 5b 41 5c 41 5e 5d e9 e2 69 f5 ff 66 90
  0x000071e91eb77900:   49 8b 44 24 20 8b 70 10 85 f6 74 bd 48 8b 78 08
  0x000071e91eb77910:   e8 4b 06 d2 ff 49 8b 44 24 20 c7 40 10 00 00 00
  0x000071e91eb77920:   00 49 8b 44 24 20 48 c7 40 08 00 00 00 00 4c 8b
  0x000071e91eb77930:   63 40 49 83 7c 24 18 00 75 9b 4c 89 e7 e8 5e e6
  0x000071e91eb77940:   dc ff 4c 89 e7 48 be 00 00 00 00 08 00 00 00 e8
  0x000071e91eb77950:   bc dc dc ff 8b 73 1c 85 f6 74 81 4c 89 f7 e8 fd
  0x000071e91eb77960:   05 d2 ff c7 43 1c 00 00 00 00 4c 89 f7 e8 ce 21
  0x000071e91eb77970:   d2 ff 48 8b 7b 48 80 63 06 f7 48 85 ff 0f 85 6a
  0x000071e91eb77980:   ff ff ff 48 83 c4 08 5b 41 5c 41 5e 5d c3 66 90
  0x000071e91eb77990:   f3 0f 1e fa 55 48 89 e5 41 57 41 56 41 55 41 54
  0x000071e91eb779a0:   53 48 83 ec 78 64 48 8b 04 25 28 00 00 00 48 89
  0x000071e91eb779b0:   45 c8 31 c0 48 85 ff 0f 84 8b 01 00 00 48 89 fb
  0x000071e91eb779c0:   e8 ab 82 ff ff 4c 8b 23 48 89 c6 4d 85 e4 74 0a
=>0x000071e91eb779d0:   49 39 04 24 0f 84 ae 01 00 00 48 89 df e8 6e 1f
  0x000071e91eb779e0:   d2 ff 85 c0 0f 84 5e 01 00 00 4c 8b 6b 18 41 f6
  0x000071e91eb779f0:   45 02 02 75 26 e8 06 93 e7 ff 4d 85 e4 74 09 49
  0x000071e91eb77a00:   8b 34 24 48 39 c6 74 13 48 89 c6 48 89 df e8 3d
  0x000071e91eb77a10:   1f d2 ff 85 c0 0f 84 6d 02 00 00 41 0f b6 45 02
  0x000071e91eb77a20:   a8 10 0f 85 28 02 00 00 49 8b bd d0 00 00 00 48
  0x000071e91eb77a30:   85 ff 0f 84 c8 02 00 00 48 8b 47 18 f6 40 02 10
  0x000071e91eb77a40:   0f 84 32 02 00 00 48 89 df e8 32 2f 07 00 8b 35
  0x000071e91eb77a50:   80 e8 39 00 31 d2 31 c0 48 89 df e8 d0 ee d1 ff
  0x000071e91eb77a60:   48 89 df e8 78 8c 00 00 ba 01 00 00 00 48 89 df
  0x000071e91eb77a70:   89 c6 e8 29 88 00 00 41 f6 45 04 40 0f 85 2e 02
  0x000071e91eb77a80:   00 00 48 89 df e8 26 76 00 00 41 f6 45 04 20 0f
  0x000071e91eb77a90:   85 4f 02 00 00 8b 35 01 13 3a 00 48 89 df e8 8d
  0x000071e91eb77aa0:   d8 d1 ff 48 85 c0 0f 84 04 01 00 00 48 89 c6 48
  0x000071e91eb77ab0:   8d 7d a0 e8 68 f7 d1 ff eb 26 66 0f 1f 44 00 00
  0x000071e91eb77ac0:   48 89 7d 80 48 8d 4d 80 48 c7 45 88 00 00 00 00


Stack slot to memory mapping:

stack at sp + 0 slots: 0x0000000000000046 is an unknown value
stack at sp + 1 slots: 0x0000000000000001 is an unknown value
stack at sp + 2 slots: 0x0 is null
stack at sp + 3 slots: 0x000071e97d6c4c80 is pointing into the stack for thread: 0x000071e97802e560
stack at sp + 4 slots: 0x000071e97d6c4d08 is pointing into the stack for thread: 0x000071e97802e560
stack at sp + 5 slots: 0x000071e96c3d7426 is at code_begin+1254 in an Interpreter codelet
return entry points  [0x000071e96c3d6f40, 0x000071e96c3d7b88]  3144 bytes
stack at sp + 6 slots: 0x00000000c545d8b8 is an oop: java.lang.Class 
{0x00000000c545d8b8} - klass: 'java/lang/Class' - flags: 

 - ---- fields (total size 15 words):
 - private volatile transient 'classRedefinedCount' 'I' @12  0 (0x00000000)
 - injected 'klass' 'J' @16  826908672 (0x000000003149a000)
 - injected 'array_klass' 'J' @24  0 (0x0000000000000000)
 - injected 'oop_size' 'I' @32  15 (0x0000000f)
 - injected 'static_oop_field_count' 'I' @36  0 (0x00000000)
 - private final transient 'modifiers' 'C' @40    1 (0x0001)
 - private final transient 'primitive' 'Z' @42  false (0x00)
 - private volatile transient 'cachedConstructor' 'Ljava/lang/reflect/Constructor;' @44  null (0x00000000)
 - private transient 'name' 'Ljava/lang/String;' @48  "org.eclipse.swt.internal.gtk3.GTK3"{0x00000000c545d930} (0xc545d930)
 - private transient 'module' 'Ljava/lang/Module;' @52  a 'java/lang/Module'{0x00000000c0dab578} (0xc0dab578)
 - private final 'classLoader' 'Ljava/lang/ClassLoader;' @56  a 'org/eclipse/osgi/internal/loader/EquinoxClassLoader'{0x00000000c0dab508} (0xc0dab508)
 - private transient 'classData' 'Ljava/lang/Object;' @60  null (0x00000000)
 - private transient 'signers' '[Ljava/lang/Object;' @64  null (0x00000000)
 - private transient 'packageName' 'Ljava/lang/String;' @68  "org.eclipse.swt.internal.gtk3"{0x00000000c545c768} (0xc545c768)
 - private final transient 'componentType' 'Ljava/lang/Class;' @72  null (0x00000000)
 - private final transient 'protectionDomain' 'Ljava/security/ProtectionDomain;' @76  a 'org/eclipse/osgi/internal/loader/ModuleClassLoader$GenerationProtectionDomain'{0x00000000c0dabb88} (0xc0dabb88)
 - private volatile transient 'reflectionData' 'Ljava/lang/ref/SoftReference;' @80  null (0x00000000)
 - private volatile transient 'genericInfo' 'Lsun/reflect/generics/repository/ClassRepository;' @84  null (0x00000000)
 - private volatile transient 'enumConstants' '[Ljava/lang/Object;' @88  null (0x00000000)
 - private volatile transient 'enumConstantDirectory' 'Ljava/util/Map;' @92  null (0x00000000)
 - private volatile transient 'annotationData' 'Ljava/lang/Class$AnnotationData;' @96  null (0x00000000)
 - private volatile transient 'annotationType' 'Lsun/reflect/annotation/AnnotationType;' @100  null (0x00000000)
 - transient 'classValueMap' 'Ljava/lang/ClassValue$ClassValueMap;' @104  null (0x00000000)
 - injected 'source_file' 'Ljava/lang/Object;' @108  null (0x00000000)
 - injected '<init_lock>' 'Ljava/lang/Object;' @112  null (0x00000000)
 - signature: Lorg/eclipse/swt/internal/gtk3/GTK3;
 - ---- static fields (0):
stack at sp + 7 slots: 0x000071e96c3d93d7 is at code_begin+23 in an Interpreter codelet
result handlers for native calls  [0x000071e96c3d93c0, 0x000071e96c3d93e0]  32 bytes

Lock stack of current Java thread (top to bottom):


Compiled method (c1) 9826 1068   !   3       jdk.internal.reflect.DirectMethodHandleAccessor::invoke (92 bytes)
 total in heap  [0x000071e964fd7788,0x000071e964fd95a8] = 7712
 main code      [0x000071e964fd7880,0x000071e964fd9458] = 7128
 stub code      [0x000071e964fd9458,0x000071e964fd9590] = 312
 oops           [0x000071e964fd9590,0x000071e964fd95a8] = 24
 mutable data [0x000071e9206ba430,0x000071e9206ba730] = 768
 relocation     [0x000071e9206ba430,0x000071e9206ba6d0] = 672
 metadata       [0x000071e9206ba6d0,0x000071e9206ba730] = 96
 immutable data [0x000071e9206b9520,0x000071e9206ba420] = 3840
 dependencies   [0x000071e9206b9520,0x000071e9206b9540] = 32
 nul chk table  [0x000071e9206b9540,0x000071e9206b95d8] = 152
 handler table  [0x000071e9206b95d8,0x000071e9206b9c68] = 1680
 scopes pcs     [0x000071e9206b9c68,0x000071e9206ba0e8] = 1152
 scopes data    [0x000071e9206ba0e8,0x000071e9206ba420] = 824

[Constant Pool (empty)]

[MachCode]
[Instructions begin]
  0x000071e964fd7880: 660f 1f84 | 0000 0000 | 0066 0f1f | 8400 0000 | 0000 448b | 5608 443b 

  0x000071e964fd7898: ;   {runtime_call Shared Runtime ic_miss_blob}
  0x000071e964fd7898: 5008 0f85 | 405b 4407 
[Verified Entry Point]
  0x000071e964fd78a0: 8984 2400 | c0fe ff55 | 4881 ec20 | 0100 0090 | 4181 7f20 | 0700 0000 

  0x000071e964fd78b8: ;   {runtime_call Stub::method_entry_barrier}
  0x000071e964fd78b8: 7405 e861 | d642 0748 | 89b4 24a8 | 0000 0048 | 8994 24b8 

  0x000071e964fd78cc: ;   {metadata(method data for {method} {0x000071e940466bc8} 'invoke' '(Ljava/lang/Object;[Ljava/lang/Object;)Ljava/lang/Object;' in 'jdk/internal/reflect/DirectMethodHandleAccessor')}
  0x000071e964fd78cc: 0000 0048 | bf88 84bc | 40e9 7100 | 008b 9f90 | 0000 0083 | c302 899f | 9000 0000 | 81e3 fe07 
  0x000071e964fd78ec: 0000 85db | 0f84 4b17 | 0000 488b 

  0x000071e964fd78f8: ;   {metadata(method data for {method} {0x000071e940466bc8} 'invoke' '(Ljava/lang/Object;[Ljava/lang/Object;)Ljava/lang/Object;' in 'jdk/internal/reflect/DirectMethodHandleAccessor')}
  0x000071e964fd78f8: fe48 bb88 | 84bc 40e9 | 7100 0048 | 8383 d800 

  0x000071e964fd7908: ;   {metadata(method data for {method} {0x000071e9404670d8} 'isStatic' '()Z' in 'jdk/internal/reflect/DirectMethodHandleAccessor')}
  0x000071e964fd7908: 0000 0148 | bf80 87bc | 40e9 7100 | 008b 9f90 | 0000 0083 | c302 899f | 9000 0000 | 81e3 feff 
  0x000071e964fd7928: 1f00 85db | 0f84 3017 | 0000 8b7e | 1081 e700 | 0200 0081 | ff00 0200 

  0x000071e964fd7940: ;   {metadata(method data for {method} {0x000071e9404670d8} 'isStatic' '()Z' in 'jdk/internal/reflect/DirectMethodHandleAccessor')}
  0x000071e964fd7940: 0048 bf80 | 87bc 40e9 | 7100 00bb | d800 0000 | 7505 bbe8 | 0000 0048 | 8b04 1f48 | 8d40 0148 
  0x000071e964fd7960: 8904 1f0f | 851a 0000 

  0x000071e964fd7968: ;   {metadata(method data for {method} {0x000071e9404670d8} 'isStatic' '()Z' in 'jdk/internal/reflect/DirectMethodHandleAccessor')}
  0x000071e964fd7968: 0048 bf80 | 87bc 40e9 | 7100 00ff | 87f8 0000 | 00bf 0100 | 0000 e905 | 0000 00bf | 0000 0000 
  0x000071e964fd7988: 83e7 0185 

  0x000071e964fd798c: ;   {metadata(method data for {method} {0x000071e940466bc8} 'invoke' '(Ljava/lang/Object;[Ljava/lang/Object;)Ljava/lang/Object;' in 'jdk/internal/reflect/DirectMethodHandleAccessor')}
  0x000071e964fd798c: ff48 bf88 | 84bc 40e9 | 7100 00bb | 0801 0000 | 7505 bb18 | 0100 0048 | 8b04 1f48 | 8d40 0148 
  0x000071e964fd79ac: 8904 1f48 | 898c 24b0 | 0000 000f | 8537 0000 | 0048 8bfe 

  0x000071e964fd79c0: ;   {metadata(method data for {method} {0x000071e940466bc8} 'invoke' '(Ljava/lang/Object;[Ljava/lang/Object;)Ljava/lang/Object;' in 'jdk/internal/reflect/DirectMethodHandleAccessor')}
  0x000071e964fd79c0: 48bb 8884 | bc40 e971 | 0000 4883 | 8328 0100 | 0001 488b | fa48 8bd7 | 488b de48 

  0x000071e964fd79dc: ;   {optimized virtual_call}
  0x000071e964fd79dc: 8bf3 90e8 

  0x000071e964fd79e0: ; ImmutableOopMap {[168]=Oop [176]=Oop [184]=Oop }
                      ;*invokevirtual checkReceiver {reexecute=0 rethrow=0 return_oop=0}
                      ; - jdk.internal.reflect.DirectMethodHandleAccessor::invoke@9
  0x000071e964fd79e0: 3cbe ffff 

  0x000071e964fd79e4: ;   {post_call_nop}
  0x000071e964fd79e4: 0f1f 8400 | 5c02 0000 | 488b b424 | a800 0000 

  0x000071e964fd79f4: ;   {metadata(method data for {method} {0x000071e940466bc8} 'invoke' '(Ljava/lang/Object;[Ljava/lang/Object;)Ljava/lang/Object;' in 'jdk/internal/reflect/DirectMethodHandleAccessor')}
  0x000071e964fd79f4: 8b56 0c48 | bf88 84bc | 40e9 7100 | 0048 8387 | 5801 0000 | 0148 8bf2 | 488b 9424 | b000 0000 
  0x000071e964fd7a14: ;   {static_call}
  0x000071e964fd7a14: 6666 90e8 

  0x000071e964fd7a18: ; ImmutableOopMap {[168]=Oop [176]=Oop [184]=Oop }
                      ;*invokestatic checkArgumentCount {reexecute=0 rethrow=0 return_oop=0}
                      ; - jdk.internal.reflect.DirectMethodHandleAccessor::invoke@17
  0x000071e964fd7a18: e466 6d00 

  0x000071e964fd7a1c: ;   {post_call_nop}
  0x000071e964fd7a1c: 0f1f 8400 | 9402 0001 | 488b b424 | a800 0000 

  0x000071e964fd7a2c: ;   {metadata(method data for {method} {0x000071e940466bc8} 'invoke' '(Ljava/lang/Object;[Ljava/lang/Object;)Ljava/lang/Object;' in 'jdk/internal/reflect/DirectMethodHandleAccessor')}
  0x000071e964fd7a2c: 488b d648 | b988 84bc | 40e9 7100 | 0048 8381 | 6801 0000 

  0x000071e964fd7a40: ;   {metadata(method data for {method} {0x000071e940466ea0} 'invokeImpl' '(Ljava/lang/Object;[Ljava/lang/Object;)Ljava/lang/Object;' in 'jdk/internal/reflect/DirectMethodHandleAccessor')}
  0x000071e964fd7a40: 0148 ba40 | 8bbc 40e9 | 7100 008b | 8a90 0000 | 0083 c102 | 898a 9000 | 0000 81e1 | feff 1f00 
  0x000071e964fd7a60: 85c9 0f84 | 1b16 0000 

  0x000071e964fd7a68: ;   {metadata(method data for {method} {0x000071e940466ea0} 'invokeImpl' '(Ljava/lang/Object;[Ljava/lang/Object;)Ljava/lang/Object;' in 'jdk/internal/reflect/DirectMethodHandleAccessor')}
  0x000071e964fd7a68: 8b56 0c48 | b940 8bbc | 40e9 7100 | 0041 b8e0 | 0000 0085 | d249 8bf8 | 41b8 f000 | 0000 4c0f 
  0x000071e964fd7a88: 45c7 83fa | 0149 8bf8 | 41b8 0001 | 0000 4c0f | 45c7 83fa | 0249 8bf8 | 41b8 1001 | 0000 4c0f 
  0x000071e964fd7aa8: 45c7 83fa | 0349 8bf8 | 41b8 2001 | 0000 4c0f | 45c7 4a8b | 3c01 41ba | 0100 0000 | 4903 fa4a 
  0x000071e964fd7ac8: 893c 0185 | d20f 847f | 0c00 0083 | fa01 0f84 | 7f0a 0000 | 83fa 020f | 8405 0400 | 0083 fa03 
  0x000071e964fd7ae8: 0f84 db01 | 0000 488b | 8c24 b000 | 0000 488b | 9424 b800 | 0000 8b7e | 180f 1f80 | 0000 0000 
  0x000071e964fd7b08: ;   {other}
  0x000071e964fd7b08: e9a6 1500 | 0090 9090 | 9090 483b 

  0x000071e964fd7b14: ;   {metadata(method data for {method} {0x000071e940466ea0} 'invokeImpl' '(Ljava/lang/Object;[Ljava/lang/Object;)Ljava/lang/Object;' in 'jdk/internal/reflect/DirectMethodHandleAccessor')}
  0x000071e964fd7b14: 0748 bb40 | 8bbc 40e9 | 7100 0048 | 8d9b 3803 | 0000 4885 | d275 0ef6 | 4308 0175 | 42f0 4883 
  0x000071e964fd7b34: 4b08 01eb | 3a8b 4208 | 4c8b d048 | 3343 0848 | a9fc ffff | ff74 28a8 | 0275 2448 | f743 08fe 
  0x000071e964fd7b54: ffff ff74 | 1649 8bc2 | 4833 4308 | 48a9 fcff | ffff 740b | 4883 4b08 | 02eb 0448 | 8943 0848 
  0x000071e964fd7b74: 85c9 750e | f643 1801 | 7542 f048 | 834b 1801 | eb3a 8b41 | 084c 8bd0 | 4833 4318 | 48a9 fcff 
  0x000071e964fd7b94: ffff 7428 | a802 7524 | 48f7 4318 | feff ffff | 7416 498b | c248 3343 | 1848 a9fc | ffff ff74 
  0x000071e964fd7bb4: 0b48 834b | 1802 eb04 | 4889 4318 

  0x000071e964fd7bc0: ;   {metadata(method data for {method} {0x000071e940466ea0} 'invokeImpl' '(Ljava/lang/Object;[Ljava/lang/Object;)Ljava/lang/Object;' in 'jdk/internal/reflect/DirectMethodHandleAccessor')}
  0x000071e964fd7bc0: 488b df48 | b840 8bbc | 40e9 7100 | 008b 5b08 | 483b 9810 | 0300 0075 | 0d48 8380 | 1803 0000 
  0x000071e964fd7be0: 01e9 6000 | 0000 483b | 9820 0300 | 0075 0d48 | 8380 2803 | 0000 01e9 | 4a00 0000 | 4883 b810 
  0x000071e964fd7c00: 0300 0000 | 7517 4889 | 9810 0300 | 0048 c780 | 1803 0000 | 0100 0000 | e929 0000 | 0048 83b8 
  0x000071e964fd7c20: 2003 0000 | 0075 1748 | 8998 2003 | 0000 48c7 | 8028 0300 | 0001 0000 | 00e9 0800 | 0000 4883 
  0x000071e964fd7c40: 8008 0300 | 0001 488b | f766 0f1f 

  0x000071e964fd7c4c: ;   {optimized virtual_call}
  0x000071e964fd7c4c: 4400 00e8 

  0x000071e964fd7c50: ; ImmutableOopMap {[168]=Oop }
                      ;*invokevirtual invokeExact {reexecute=0 rethrow=0 return_oop=0}
                      ; - jdk.internal.reflect.DirectMethodHandleAccessor::invokeImpl@104
                      ; - jdk.internal.reflect.DirectMethodHandleAccessor::invoke@23
  0x000071e964fd7c50: 8c5a 4407 

  0x000071e964fd7c54: ;   {post_call_nop}
  0x000071e964fd7c54: 0f1f 8400 | cc04 0002 

  0x000071e964fd7c5c: ;   {metadata(method data for {method} {0x000071e940466ea0} 'invokeImpl' '(Ljava/lang/Object;[Ljava/lang/Object;)Ljava/lang/Object;' in 'jdk/internal/reflect/DirectMethodHandleAccessor')}
  0x000071e964fd7c5c: 48ba 408b | bc40 e971 | 0000 488d | 9258 0300 | 0048 85c0 | 750c f602 | 0175 3ff0 | 4883 0a01 
  0x000071e964fd7c7c: eb38 8b48 | 084c 8bd1 | 4833 0a48 | f7c1 fcff | ffff 7426 | f6c1 0275 | 2148 f702 | feff ffff 
  0x000071e964fd7c9c: 7415 498b | ca48 330a | 48f7 c1fc | ffff ff74 | 0948 830a | 02eb 0348 | 890a 4881 | c420 0100 
  0x000071e964fd7cbc: ;   {poll_return}
  0x000071e964fd7cbc: 005d 493b | 6728 0f87 | fa13 0000 | c348 8b8c | 24b0 0000 | 0048 8b94 | 24b8 0000 | 008b 5e18 
  0x000071e964fd7cdc: ; implicit exception: dispatches to 0x000071e964fd90d8
  0x000071e964fd7cdc: 8379 0c00 | 0f86 fc13 | 0000 448b | 4110 8379 | 0c01 0f86 | 0014 0000 | 448b 4914 | 8379 0c02 
  0x000071e964fd7cfc: 0f86 0414 | 0000 8b79 | 1866 6690 

  0x000071e964fd7d08: ;   {oop(a 'java/lang/invoke/MethodType'{0x00000000c0148f80} = (Ljava/lang/Object;Ljava/lang/Object;Ljava/lang/Object;Ljava/lang/Object;)Ljava/lang/Object;)}
  0x000071e964fd7d08: 48b8 808f | 14c0 0000 | 0000 483b 

  0x000071e964fd7d14: ;   {metadata(method data for {method} {0x000071e940466ea0} 'invokeImpl' '(Ljava/lang/Object;[Ljava/lang/Object;)Ljava/lang/Object;' in 'jdk/internal/reflect/DirectMethodHandleAccessor')}
  0x000071e964fd7d14: 0348 b940 | 8bbc 40e9 | 7100 0048 | 8d89 c002 | 0000 4885 | d275 0ef6 | 4108 0175 | 47f0 4883 
  0x000071e964fd7d34: 4908 01eb | 3f44 8b5a | 084d 8bd3 | 4c33 5908 | 49f7 c3fc | ffff ff74 | 2b41 f6c3 | 0275 2548 
  0x000071e964fd7d54: f741 08fe | ffff ff74 | 174d 8bda | 4c33 5908 | 49f7 c3fc | ffff ff74 | 0b48 8349 | 0802 eb04 
  0x000071e964fd7d74: 4c89 5908 | 4d85 c075 | 0ef6 4118 | 0175 47f0 | 4883 4918 | 01eb 3f45 | 8b58 084d | 8bd3 4c33 
  0x000071e964fd7d94: 5918 49f7 | c3fc ffff | ff74 2b41 | f6c3 0275 | 2548 f741 | 18fe ffff | ff74 174d | 8bda 4c33 
  0x000071e964fd7db4: 5918 49f7 | c3fc ffff | ff74 0b48 | 8349 1802 | eb04 4c89 | 5918 488b 

  0x000071e964fd7dcc: ;   {metadata(method data for {method} {0x000071e940466ea0} 'invokeImpl' '(Ljava/lang/Object;[Ljava/lang/Object;)Ljava/lang/Object;' in 'jdk/internal/reflect/DirectMethodHandleAccessor')}
  0x000071e964fd7dcc: cb49 bb40 | 8bbc 40e9 | 7100 008b | 4908 493b | 8b98 0200 | 0075 0d49 | 8383 a002 | 0000 01e9 
  0x000071e964fd7dec: 6000 0000 | 493b 8ba8 | 0200 0075 | 0d49 8383 | b002 0000 | 01e9 4a00 | 0000 4983 | bb98 0200 
  0x000071e964fd7e0c: 0000 7517 | 4989 8b98 | 0200 0049 | c783 a002 | 0000 0100 | 0000 e929 | 0000 0049 | 83bb a802 
  0x000071e964fd7e2c: 0000 0075 | 1749 898b | a802 0000 | 49c7 83b0 | 0200 0001 | 0000 00e9 | 0800 0000 | 4983 8390 
  0x000071e964fd7e4c: 0200 0001 | 498b c84d | 8bc1 4c8b | cf48 8bf8 

  0x000071e964fd7e5c: ;   {optimized virtual_call}
  0x000071e964fd7e5c: 488b f3e8 

  0x000071e964fd7e60: ; ImmutableOopMap {[168]=Oop }
                      ;*invokevirtual invokeExact {reexecute=0 rethrow=0 return_oop=0}
                      ; - jdk.internal.reflect.DirectMethodHandleAccessor::invokeImpl@92
                      ; - jdk.internal.reflect.DirectMethodHandleAccessor::invoke@23
  0x000071e964fd7e60: 0916 0000 

  0x000071e964fd7e64: ;   {post_call_nop}
  0x000071e964fd7e64: 0f1f 8400 | dc06 0003 

  0x000071e964fd7e6c: ;   {metadata(method data for {method} {0x000071e940466ea0} 'invokeImpl' '(Ljava/lang/Object;[Ljava/lang/Object;)Ljava/lang/Object;' in 'jdk/internal/reflect/DirectMethodHandleAccessor')}
  0x000071e964fd7e6c: 48be 408b | bc40 e971 | 0000 488d | b6e0 0200 | 0048 85c0 | 750c f606 | 0175 40f0 | 4883 0e01 
  0x000071e964fd7e8c: eb39 8b78 | 084c 8bd7 | 4833 3e48 | f7c7 fcff | ffff 7427 | 40f6 c702 | 7521 48f7 | 06fe ffff 
  0x000071e964fd7eac: ff74 1549 | 8bfa 4833 | 3e48 f7c7 | fcff ffff | 7409 4883 | 0e02 eb03 

  0x000071e964fd7ec4: ;   {metadata(method data for {method} {0x000071e940466ea0} 'invokeImpl' '(Ljava/lang/Object;[Ljava/lang/Object;)Ljava/lang/Object;' in 'jdk/internal/reflect/DirectMethodHandleAccessor')}
  0x000071e964fd7ec4: 4889 3e48 | be40 8bbc | 40e9 7100 | 00ff 86f0 | 0200 0048 | 81c4 2001 

  0x000071e964fd7edc: ;   {poll_return}
  0x000071e964fd7edc: 0000 5d49 | 3b67 280f | 874d 1200 | 00c3 488b | 8c24 b000 | 0000 488b | 9424 b800 | 0000 8b7e 
  0x000071e964fd7efc: 1848 89bc | 24c8 0000 | 0083 790c | 000f 8647 | 1200 008b | 5910 4889 | 9c24 c000 | 0000 8379 
  0x000071e964fd7f1c: 0c01 0f86 | 4412 0000 | 8b41 1448 | 8984 24d0 

  0x000071e964fd7f2c: ;   {metadata(method data for {method} {0x000071e940466ea0} 'invokeImpl' '(Ljava/lang/Object;[Ljava/lang/Object;)Ljava/lang/Object;' in 'jdk/internal/reflect/DirectMethodHandleAccessor')}
  0x000071e964fd7f2c: 0000 0048 | b940 8bbc | 40e9 7100 | 0048 8d89 | 4802 0000 | 4885 d275 | 0ef6 4108 | 0175 47f0 
  0x000071e964fd7f4c: 4883 4908 | 01eb 3f44 | 8b42 084d | 8bd0 4c33 | 4108 49f7 | c0fc ffff | ff74 2b41 | f6c0 0275 
  0x000071e964fd7f6c: 2548 f741 | 08fe ffff | ff74 174d | 8bc2 4c33 | 4108 49f7 | c0fc ffff | ff74 0b48 | 8349 0802 
  0x000071e964fd7f8c: eb04 4c89 

  0x000071e964fd7f90: ;   {metadata(method data for {method} {0x000071e940b19ab0} 'invokeExact_MT' '(Ljava/lang/Object;Ljava/lang/Object;Ljava/lang/Object;Ljava/lang/Object;Ljava/lang/Object;)Ljava/lang/Object;' in 'java/lang/invoke/LambdaForm$MH+0x0000000031146c00')}
  0x000071e964fd7f90: 4108 48b9 | 209d b140 | e971 0000 | 488d 8970 | 0200 0048 | 85ff 750c | f601 0175 | 41f0 4883 
  0x000071e964fd7fb0: 0901 eb3a | 448b 4708 | 4d8b d04c | 3301 49f7 | c0fc ffff | ff74 2741 | f6c0 0275 | 2148 f701 
  0x000071e964fd7fd0: feff ffff | 7415 4d8b | c24c 3301 | 49f7 c0fc | ffff ff74 | 0948 8309 | 02eb 034c | 8901 4885 
  0x000071e964fd7ff0: d275 0ef6 | 4110 0175 | 47f0 4883 | 4910 01eb | 3f44 8b42 | 084d 8bd0 | 4c33 4110 | 49f7 c0fc 
  0x000071e964fd8010: ffff ff74 | 2b41 f6c0 | 0275 2548 | f741 10fe | ffff ff74 | 174d 8bc2 | 4c33 4110 | 49f7 c0fc 
  0x000071e964fd8030: ffff ff74 | 0b48 8349 | 1002 eb04 | 4c89 4110 

  0x000071e964fd8040: ;   {metadata(method data for {method} {0x000071e940466ea0} 'invokeImpl' '(Ljava/lang/Object;[Ljava/lang/Object;)Ljava/lang/Object;' in 'jdk/internal/reflect/DirectMethodHandleAccessor')}
  0x000071e964fd8040: 48b9 408b | bc40 e971 | 0000 4883 | 8118 0200 

  0x000071e964fd8050: ;   {metadata(method data for {method} {0x000071e940b19ab0} 'invokeExact_MT' '(Ljava/lang/Object;Ljava/lang/Object;Ljava/lang/Object;Ljava/lang/Object;Ljava/lang/Object;)Ljava/lang/Object;' in 'java/lang/invoke/LambdaForm$MH+0x0000000031146c00')}
  0x000071e964fd8050: 0001 48b9 | 209d b140 | e971 0000 | 448b 8190 | 0000 0041 | 83c0 0244 | 8981 9000 | 0000 4181 
  0x000071e964fd8070: e0fe ff1f | 0045 85c0 | 0f84 fc10 

  0x000071e964fd807c: ;   {metadata(method data for {method} {0x000071e940b19ab0} 'invokeExact_MT' '(Ljava/lang/Object;Ljava/lang/Object;Ljava/lang/Object;Ljava/lang/Object;Ljava/lang/Object;)Ljava/lang/Object;' in 'java/lang/invoke/LambdaForm$MH+0x0000000031146c00')}
  0x000071e964fd807c: 0000 48b9 | 209d b140 | e971 0000 | 488d 8948 | 0100 0048 | 85ff 750e | f641 0801 | 7547 f048 
  0x000071e964fd809c: 8349 0801 | eb3f 448b | 4708 4d8b | d04c 3341 | 0849 f7c0 | fcff ffff | 742b 41f6 | c002 7525 
  0x000071e964fd80bc: 48f7 4108 | feff ffff | 7417 4d8b | c24c 3341 | 0849 f7c0 | fcff ffff | 740b 4883 | 4908 02eb 
  0x000071e964fd80dc: 044c 8941 

  0x000071e964fd80e0: ;   {metadata(method data for {method} {0x000071e940b19ab0} 'invokeExact_MT' '(Ljava/lang/Object;Ljava/lang/Object;Ljava/lang/Object;Ljava/lang/Object;Ljava/lang/Object;)Ljava/lang/Object;' in 'java/lang/invoke/LambdaForm$MH+0x0000000031146c00')}
  0x000071e964fd80e0: 0848 b920 | 9db1 40e9 | 7100 0048 | 8381 3801 

  0x000071e964fd80f0: ;   {metadata(method data for {method} {0x000071e94036a940} 'checkExactType' '(Ljava/lang/invoke/MethodHandle;Ljava/lang/invoke/MethodType;)V' in 'java/lang/invoke/Invokers')}
  0x000071e964fd80f0: 0000 0148 | b970 bdbb | 40e9 7100 | 0044 8b81 | 9000 0000 | 4183 c002 | 4489 8190 | 0000 0041 
  0x000071e964fd8110: 81e0 feff | 1f00 4585 | c00f 847c | 1000 0048 | 3b07 488b 

  0x000071e964fd8124: ;   {metadata(method data for {method} {0x000071e94036a940} 'checkExactType' '(Ljava/lang/invoke/MethodHandle;Ljava/lang/invoke/MethodType;)V' in 'java/lang/invoke/Invokers')}
  0x000071e964fd8124: cf49 b870 | bdbb 40e9 | 7100 008b | 4908 493b | 88e0 0000 | 0075 0d49 | 8380 e800 | 0000 01e9 
  0x000071e964fd8144: 6000 0000 | 493b 88f0 | 0000 0075 | 0d49 8380 | f800 0000 | 01e9 4a00 | 0000 4983 | b8e0 0000 
  0x000071e964fd8164: 0000 7517 | 4989 88e0 | 0000 0049 | c780 e800 | 0000 0100 | 0000 e929 | 0000 0049 | 83b8 f000 
  0x000071e964fd8184: 0000 0075 | 1749 8988 | f000 0000 | 49c7 80f8 | 0000 0001 | 0000 00e9 | 0800 0000 | 4983 80d8 
  0x000071e964fd81a4: 0000 0001 

  0x000071e964fd81a8: ;   {oop(a 'java/lang/invoke/MethodType'{0x00000000c01028f8} = (Ljava/lang/Object;Ljava/lang/Object;Ljava/lang/Object;)Ljava/lang/Object;)}
  0x000071e964fd81a8: 8b4f 1049 | b8f8 2810 | c000 0000 | 0049 3bc8 

  0x000071e964fd81b8: ;   {metadata(method data for {method} {0x000071e94036a940} 'checkExactType' '(Ljava/lang/invoke/MethodHandle;Ljava/lang/invoke/MethodType;)V' in 'java/lang/invoke/Invokers')}
  0x000071e964fd81b8: 49b8 70bd | bb40 e971 | 0000 41b9 | 1801 0000 | 7506 41b9 | 0801 0000 | 4f8b 1c08 | 4d8d 5b01 
  0x000071e964fd81d8: 4f89 1c08 | 0f85 7d09 

  0x000071e964fd81e0: ;   {metadata(method data for {method} {0x000071e940b19ab0} 'invokeExact_MT' '(Ljava/lang/Object;Ljava/lang/Object;Ljava/lang/Object;Ljava/lang/Object;Ljava/lang/Object;)Ljava/lang/Object;' in 'java/lang/invoke/LambdaForm$MH+0x0000000031146c00')}
  0x000071e964fd81e0: 0000 48b9 | 209d b140 | e971 0000 | 488d 8980 | 0100 0044 | 8b47 084d | 8bd0 4c33 | 4108 49f7 
  0x000071e964fd8200: c0fc ffff | ff74 2b41 | f6c0 0275 | 2548 f741 | 08fe ffff | ff74 174d | 8bc2 4c33 | 4108 49f7 
  0x000071e964fd8220: c0fc ffff | ff74 0b48 | 8349 0802 | eb04 4c89 

  0x000071e964fd8230: ;   {metadata(method data for {method} {0x000071e940b19ab0} 'invokeExact_MT' '(Ljava/lang/Object;Ljava/lang/Object;Ljava/lang/Object;Ljava/lang/Object;Ljava/lang/Object;)Ljava/lang/Object;' in 'java/lang/invoke/LambdaForm$MH+0x0000000031146c00')}
  0x000071e964fd8230: 4108 48b9 | 209d b140 | e971 0000 | 4883 8170 | 0100 0001 

  0x000071e964fd8244: ;   {metadata(method data for {method} {0x000071e94036af88} 'checkCustomized' '(Ljava/lang/invoke/MethodHandle;)V' in 'java/lang/invoke/Invokers')}
  0x000071e964fd8244: 48b9 b8b9 | bb40 e971 | 0000 448b | 8190 0000 | 0041 83c0 | 0244 8981 | 9000 0000 | 4181 e0fe 
  0x000071e964fd8264: ff1f 0045 | 85c0 0f84 | 510f 0000 

  0x000071e964fd8270: ;   {metadata(method data for {method} {0x000071e94036af88} 'checkCustomized' '(Ljava/lang/invoke/MethodHandle;)V' in 'java/lang/invoke/Invokers')}
  0x000071e964fd8270: 48b9 b8b9 | bb40 e971 | 0000 4883 | 81d8 0000 

  0x000071e964fd8280: ;   {metadata(method data for {method} {0x000071e94008fb80} 'isCompileConstant' '(Ljava/lang/Object;)Z' in 'java/lang/invoke/MethodHandleImpl')}
  0x000071e964fd8280: 0001 48b9 | 30bb bb40 | e971 0000 | 448b 8190 | 0000 0041 | 83c0 0244 | 8981 9000 | 0000 4181 
  0x000071e964fd82a0: e0fe ff1f | 0045 85c0 | 0f84 340f 

  0x000071e964fd82ac: ;   {metadata(method data for {method} {0x000071e94036af88} 'checkCustomized' '(Ljava/lang/invoke/MethodHandle;)V' in 'java/lang/invoke/Invokers')}
  0x000071e964fd82ac: 0000 48b9 | b8b9 bb40 | e971 0000 | ff81 e800 | 0000 8b4f | 148b 491c 

  0x000071e964fd82c4: ;   {metadata(method data for {method} {0x000071e94036af88} 'checkCustomized' '(Ljava/lang/invoke/MethodHandle;)V' in 'java/lang/invoke/Invokers')}
  0x000071e964fd82c4: 4885 c948 | b9b8 b9bb | 40e9 7100 | 0041 b808 | 0100 0075 | 0641 b818 | 0100 004e | 8b0c 014d 
  0x000071e964fd82e4: 8d49 014e | 890c 010f | 8523 0000 

  0x000071e964fd82f0: ;   {metadata(method data for {method} {0x000071e94036af88} 'checkCustomized' '(Ljava/lang/invoke/MethodHandle;)V' in 'java/lang/invoke/Invokers')}
  0x000071e964fd82f0: 0048 b9b8 | b9bb 40e9 | 7100 0048 | 8381 2801 | 0000 0148 

  0x000071e964fd8304: ;   {static_call}
  0x000071e964fd8304: 8bf7 90e8 

  0x000071e964fd8308: ; ImmutableOopMap {[168]=Oop [184]=Oop [192]=Oop [200]=Oop [208]=Oop }
                      ;*invokestatic maybeCustomize {reexecute=0 rethrow=0 return_oop=0}
                      ; - java.lang.invoke.Invokers::checkCustomized@19
                      ; - java.lang.invoke.LambdaForm$MH/0x0000000031146c00::invokeExact_MT@15
                      ; - jdk.internal.reflect.DirectMethodHandleAccessor::invokeImpl@72
                      ; - jdk.internal.reflect.DirectMethodHandleAccessor::invoke@23
  0x000071e964fd8308: f4a1 ffff 

  0x000071e964fd830c: ;   {post_call_nop}
  0x000071e964fd830c: 0f1f 8400 | 840b 0004 | 488b 9c24 | c000 0000 | 488b 9424 | b800 0000 

  0x000071e964fd8324: ;   {metadata(method data for {method} {0x000071e940b19ab0} 'invokeExact_MT' '(Ljava/lang/Object;Ljava/lang/Object;Ljava/lang/Object;Ljava/lang/Object;Ljava/lang/Object;)Ljava/lang/Object;' in 'java/lang/invoke/LambdaForm$MH+0x0000000031146c00')}
  0x000071e964fd8324: 48b9 209d | b140 e971 | 0000 488d | 89c8 0100 | 0048 85d2 | 750e f641 | 0801 7547 | f048 8349 
  0x000071e964fd8344: 0801 eb3f | 448b 4208 | 4d8b d04c | 3341 0849 | f7c0 fcff | ffff 742b | 41f6 c002 | 7525 48f7 
  0x000071e964fd8364: 4108 feff | ffff 7417 | 4d8b c24c | 3341 0849 | f7c0 fcff | ffff 740b | 4883 4908 | 02eb 044c 
  0x000071e964fd8384: 8941 0848 | 85db 750e | f641 1801 | 7547 f048 | 8349 1801 | eb3f 448b | 4308 4d8b | d04c 3341 
  0x000071e964fd83a4: 1849 f7c0 | fcff ffff | 742b 41f6 | c002 7525 | 48f7 4118 | feff ffff | 7417 4d8b | c24c 3341 
  0x000071e964fd83c4: 1849 f7c0 | fcff ffff | 740b 4883 | 4918 02eb | 044c 8941 | 1848 8bbc | 24c8 0000 

  0x000071e964fd83e0: ;   {metadata(method data for {method} {0x000071e940b19ab0} 'invokeExact_MT' '(Ljava/lang/Object;Ljava/lang/Object;Ljava/lang/Object;Ljava/lang/Object;Ljava/lang/Object;)Ljava/lang/Object;' in 'java/lang/invoke/LambdaForm$MH+0x0000000031146c00')}
  0x000071e964fd83e0: 0048 b920 | 9db1 40e9 | 7100 008b | 7f08 483b | b9a0 0100 | 0075 0d48 | 8381 a801 | 0000 01e9 
  0x000071e964fd8400: 6000 0000 | 483b b9b0 | 0100 0075 | 0d48 8381 | b801 0000 | 01e9 4a00 | 0000 4883 | b9a0 0100 
  0x000071e964fd8420: 0000 7517 | 4889 b9a0 | 0100 0048 | c781 a801 | 0000 0100 | 0000 e929 | 0000 0048 | 83b9 b001 
  0x000071e964fd8440: 0000 0075 | 1748 89b9 | b001 0000 | 48c7 81b8 | 0100 0001 | 0000 00e9 | 0800 0000 | 4883 8198 
  0x000071e964fd8460: 0100 0001 | 488b cb4c | 8b84 24d0 | 0000 0048 | 8bb4 24c8 

  0x000071e964fd8474: ;   {optimized virtual_call}
  0x000071e964fd8474: 0000 00e8 

  0x000071e964fd8478: ; ImmutableOopMap {[168]=Oop }
                      ;*invokevirtual invokeBasic {reexecute=0 rethrow=0 return_oop=0}
                      ; - java.lang.invoke.LambdaForm$MH/0x0000000031146c00::invokeExact_MT@22
                      ; - jdk.internal.reflect.DirectMethodHandleAccessor::invokeImpl@72
                      ; - jdk.internal.reflect.DirectMethodHandleAccessor::invoke@23
  0x000071e964fd8478: 04d3 9907 

  0x000071e964fd847c: ;   {post_call_nop}
  0x000071e964fd847c: 0f1f 8400 | f40c 0005 

  0x000071e964fd8484: ;   {metadata(method data for {method} {0x000071e940b19ab0} 'invokeExact_MT' '(Ljava/lang/Object;Ljava/lang/Object;Ljava/lang/Object;Ljava/lang/Object;Ljava/lang/Object;)Ljava/lang/Object;' in 'java/lang/invoke/LambdaForm$MH+0x0000000031146c00')}
  0x000071e964fd8484: 48ba 209d | b140 e971 | 0000 488d | 92e8 0100 | 0048 85c0 | 750c f602 | 0175 3ff0 | 4883 0a01 
  0x000071e964fd84a4: eb38 8b48 | 084c 8bd1 | 4833 0a48 | f7c1 fcff | ffff 7426 | f6c1 0275 | 2148 f702 | feff ffff 
  0x000071e964fd84c4: 7415 498b | ca48 330a | 48f7 c1fc | ffff ff74 | 0948 830a | 02eb 0348 

  0x000071e964fd84dc: ;   {metadata(method data for {method} {0x000071e940466ea0} 'invokeImpl' '(Ljava/lang/Object;[Ljava/lang/Object;)Ljava/lang/Object;' in 'jdk/internal/reflect/DirectMethodHandleAccessor')}
  0x000071e964fd84dc: 890a 48ba | 408b bc40 | e971 0000 | 488d 9268 | 0200 0048 | 85c0 750c | f602 0175 | 3ff0 4883 
  0x000071e964fd84fc: 0a01 eb38 | 8b48 084c | 8bd1 4833 | 0a48 f7c1 | fcff ffff | 7426 f6c1 | 0275 2148 | f702 feff 
  0x000071e964fd851c: ffff 7415 | 498b ca48 | 330a 48f7 | c1fc ffff | ff74 0948 | 830a 02eb | 0348 890a 

  0x000071e964fd8538: ;   {metadata(method data for {method} {0x000071e940466ea0} 'invokeImpl' '(Ljava/lang/Object;[Ljava/lang/Object;)Ljava/lang/Object;' in 'jdk/internal/reflect/DirectMethodHandleAccessor')}
  0x000071e964fd8538: 48ba 408b | bc40 e971 | 0000 ff82 | 7802 0000 | 4881 c420 | 0100 005d 

  0x000071e964fd8550: ;   {poll_return}
  0x000071e964fd8550: 493b 6728 | 0f87 ae0c | 0000 c348 | 8b8c 24b0 | 0000 0048 | 8b94 24b8 | 0000 008b | 7e18 8379 
  0x000071e964fd8570: 0c00 0f86 | b00c 0000 | 8b49 100f | 1f44 0000 

  0x000071e964fd8580: ;   {oop(a 'java/lang/invoke/MethodType'{0x00000000c0103318} = (Ljava/lang/Object;Ljava/lang/Object;)Ljava/lang/Object;)}
  0x000071e964fd8580: 49b8 1833 | 10c0 0000 | 0000 483b 

  0x000071e964fd858c: ;   {metadata(method data for {method} {0x000071e940466ea0} 'invokeImpl' '(Ljava/lang/Object;[Ljava/lang/Object;)Ljava/lang/Object;' in 'jdk/internal/reflect/DirectMethodHandleAccessor')}
  0x000071e964fd858c: 0748 bb40 | 8bbc 40e9 | 7100 0048 | 8d9b d001 | 0000 4885 | d275 0ef6 | 4308 0175 | 42f0 4883 
  0x000071e964fd85ac: 4b08 01eb | 3a8b 4208 | 4c8b d048 | 3343 0848 | a9fc ffff | ff74 28a8 | 0275 2448 | f743 08fe 
  0x000071e964fd85cc: ffff ff74 | 1649 8bc2 | 4833 4308 | 48a9 fcff | ffff 740b | 4883 4b08 | 02eb 0448 | 8943 0848 
  0x000071e964fd85ec: 85c9 750e | f643 1801 | 7542 f048 | 834b 1801 | eb3a 8b41 | 084c 8bd0 | 4833 4318 | 48a9 fcff 
  0x000071e964fd860c: ffff 7428 | a802 7524 | 48f7 4318 | feff ffff | 7416 498b | c248 3343 | 1848 a9fc | ffff ff74 
  0x000071e964fd862c: 0b48 834b | 1802 eb04 | 4889 4318 

  0x000071e964fd8638: ;   {metadata(method data for {method} {0x000071e940466ea0} 'invokeImpl' '(Ljava/lang/Object;[Ljava/lang/Object;)Ljava/lang/Object;' in 'jdk/internal/reflect/DirectMethodHandleAccessor')}
  0x000071e964fd8638: 488b df48 | b840 8bbc | 40e9 7100 | 008b 5b08 | 483b 98a8 | 0100 0075 | 0d48 8380 | b001 0000 
  0x000071e964fd8658: 01e9 6000 | 0000 483b | 98b8 0100 | 0075 0d48 | 8380 c001 | 0000 01e9 | 4a00 0000 | 4883 b8a8 
  0x000071e964fd8678: 0100 0000 | 7517 4889 | 98a8 0100 | 0048 c780 | b001 0000 | 0100 0000 | e929 0000 | 0048 83b8 
  0x000071e964fd8698: b801 0000 | 0075 1748 | 8998 b801 | 0000 48c7 | 80c0 0100 | 0001 0000 | 00e9 0800 | 0000 4883 
  0x000071e964fd86b8: 80a0 0100 | 0001 488b | f766 0f1f 

  0x000071e964fd86c4: ;   {optimized virtual_call}
  0x000071e964fd86c4: 4400 00e8 

  0x000071e964fd86c8: ; ImmutableOopMap {[168]=Oop }
                      ;*invokevirtual invokeExact {reexecute=0 rethrow=0 return_oop=0}
                      ; - jdk.internal.reflect.DirectMethodHandleAccessor::invokeImpl@55
                      ; - jdk.internal.reflect.DirectMethodHandleAccessor::invoke@23
  0x000071e964fd86c8: b10d 0000 

  0x000071e964fd86cc: ;   {post_call_nop}
  0x000071e964fd86cc: 0f1f 8400 | 440f 0006 

  0x000071e964fd86d4: ;   {metadata(method data for {method} {0x000071e940466ea0} 'invokeImpl' '(Ljava/lang/Object;[Ljava/lang/Object;)Ljava/lang/Object;' in 'jdk/internal/reflect/DirectMethodHandleAccessor')}
  0x000071e964fd86d4: 48be 408b | bc40 e971 | 0000 488d | b6f0 0100 | 0048 85c0 | 750c f606 | 0175 40f0 | 4883 0e01 
  0x000071e964fd86f4: eb39 8b78 | 084c 8bd7 | 4833 3e48 | f7c7 fcff | ffff 7427 | 40f6 c702 | 7521 48f7 | 06fe ffff 
  0x000071e964fd8714: ff74 1549 | 8bfa 4833 | 3e48 f7c7 | fcff ffff | 7409 4883 | 0e02 eb03 

  0x000071e964fd872c: ;   {metadata(method data for {method} {0x000071e940466ea0} 'invokeImpl' '(Ljava/lang/Object;[Ljava/lang/Object;)Ljava/lang/Object;' in 'jdk/internal/reflect/DirectMethodHandleAccessor')}
  0x000071e964fd872c: 4889 3e48 | be40 8bbc | 40e9 7100 | 00ff 8600 | 0200 0048 | 81c4 2001 

  0x000071e964fd8744: ;   {poll_return}
  0x000071e964fd8744: 0000 5d49 | 3b67 280f | 8707 0b00 | 00c3 488b | 9424 b800 | 0000 8b7e | 1848 89bc | 24d8 0000 
  0x000071e964fd8764: ;   {metadata(method data for {method} {0x000071e940466ea0} 'invokeImpl' '(Ljava/lang/Object;[Ljava/lang/Object;)Ljava/lang/Object;' in 'jdk/internal/reflect/DirectMethodHandleAccessor')}
  0x000071e964fd8764: 0048 bb40 | 8bbc 40e9 | 7100 0048 | 8d9b 6801 | 0000 4885 | d275 0cf6 | 4308 0175 | 06f0 4883 
  0x000071e964fd8784: ;   {metadata(method data for {method} {0x000071e9403c21c8} 'invokeExact_MT' '(Ljava/lang/Object;Ljava/lang/Object;Ljava/lang/Object;)Ljava/lang/Object;' in 'java/lang/invoke/Invokers$Holder')}
  0x000071e964fd8784: 4b08 0148 | bbf8 8ebc | 40e9 7100 | 0048 8d9b | 5002 0000 | 4885 ff75 | 0af6 0301 | 7505 f048 
  0x000071e964fd87a4: 830b 0148 | 85d2 750c | f643 1001 | 7506 f048 | 834b 1001 

  0x000071e964fd87b8: ;   {metadata(method data for {method} {0x000071e940466ea0} 'invokeImpl' '(Ljava/lang/Object;[Ljava/lang/Object;)Ljava/lang/Object;' in 'jdk/internal/reflect/DirectMethodHandleAccessor')}
  0x000071e964fd87b8: 48bb 408b | bc40 e971 | 0000 4883 | 8338 0100 

  0x000071e964fd87c8: ;   {metadata(method data for {method} {0x000071e9403c21c8} 'invokeExact_MT' '(Ljava/lang/Object;Ljava/lang/Object;Ljava/lang/Object;)Ljava/lang/Object;' in 'java/lang/invoke/Invokers$Holder')}
  0x000071e964fd87c8: 0001 48bb | f88e bc40 | e971 0000 | 8b83 9000 | 0000 83c0 | 0289 8390 | 0000 0025 | feff 1f00 
  0x000071e964fd87e8: 85c0 0f84 | 7e0a 0000 

  0x000071e964fd87f0: ;   {metadata(method data for {method} {0x000071e9403c21c8} 'invokeExact_MT' '(Ljava/lang/Object;Ljava/lang/Object;Ljava/lang/Object;)Ljava/lang/Object;' in 'java/lang/invoke/Invokers$Holder')}
  0x000071e964fd87f0: 48bb f88e | bc40 e971 | 0000 488d | 9b48 0100 | 0048 85ff | 750c f643 | 0801 7506 | f048 834b 
  0x000071e964fd8810: ;   {metadata(method data for {method} {0x000071e9403c21c8} 'invokeExact_MT' '(Ljava/lang/Object;Ljava/lang/Object;Ljava/lang/Object;)Ljava/lang/Object;' in 'java/lang/invoke/Invokers$Holder')}
  0x000071e964fd8810: 0801 48bb | f88e bc40 | e971 0000 | 4883 8338 | 0100 0001 

  0x000071e964fd8824: ;   {metadata(method data for {method} {0x000071e94036a940} 'checkExactType' '(Ljava/lang/invoke/MethodHandle;Ljava/lang/invoke/MethodType;)V' in 'java/lang/invoke/Invokers')}
  0x000071e964fd8824: 48bb 70bd | bb40 e971 | 0000 8b83 | 9000 0000 | 83c0 0289 | 8390 0000 | 0025 feff | 1f00 85c0 
  0x000071e964fd8844: 0f84 450a | 0000 483b | 0748 8bdf 

  0x000071e964fd8850: ;   {metadata(method data for {method} {0x000071e94036a940} 'checkExactType' '(Ljava/lang/invoke/MethodHandle;Ljava/lang/invoke/MethodType;)V' in 'java/lang/invoke/Invokers')}
  0x000071e964fd8850: 48b8 70bd | bb40 e971 | 0000 8b5b | 0848 3b98 | e000 0000 | 750d 4883 | 80e8 0000 | 0001 e960 
  0x000071e964fd8870: 0000 0048 | 3b98 f000 | 0000 750d | 4883 80f8 | 0000 0001 | e94a 0000 | 0048 83b8 | e000 0000 
  0x000071e964fd8890: 0075 1748 | 8998 e000 | 0000 48c7 | 80e8 0000 | 0001 0000 | 00e9 2900 | 0000 4883 | b8f0 0000 
  0x000071e964fd88b0: 0000 7517 | 4889 98f0 | 0000 0048 | c780 f800 | 0000 0100 | 0000 e908 | 0000 0048 | 8380 d800 
  0x000071e964fd88d0: 0000 018b 

  0x000071e964fd88d4: ;   {oop(a 'java/lang/invoke/MethodType'{0x00000000c0103200} = (Ljava/lang/Object;)Ljava/lang/Object;)}
  0x000071e964fd88d4: 5f10 48b8 | 0032 10c0 | 0000 0000 

  0x000071e964fd88e0: ;   {metadata(method data for {method} {0x000071e94036a940} 'checkExactType' '(Ljava/lang/invoke/MethodHandle;Ljava/lang/invoke/MethodType;)V' in 'java/lang/invoke/Invokers')}
  0x000071e964fd88e0: 483b d848 | b870 bdbb | 40e9 7100 | 00b9 1801 | 0000 7505 | b908 0100 | 004c 8b04 | 084d 8d40 
  0x000071e964fd8900: 014c 8904 | 080f 850c 

  0x000071e964fd8908: ;   {metadata(method data for {method} {0x000071e9403c21c8} 'invokeExact_MT' '(Ljava/lang/Object;Ljava/lang/Object;Ljava/lang/Object;)Ljava/lang/Object;' in 'java/lang/invoke/Invokers$Holder')}
  0x000071e964fd8908: 0200 0048 | bbf8 8ebc | 40e9 7100 | 0048 8383 | 7001 0000 

  0x000071e964fd891c: ;   {metadata(method data for {method} {0x000071e94036af88} 'checkCustomized' '(Ljava/lang/invoke/MethodHandle;)V' in 'java/lang/invoke/Invokers')}
  0x000071e964fd891c: 0148 bbb8 | b9bb 40e9 | 7100 008b | 8390 0000 | 0083 c002 | 8983 9000 | 0000 25fe | ff1f 0085 
  0x000071e964fd893c: c00f 8472 

  0x000071e964fd8940: ;   {metadata(method data for {method} {0x000071e94036af88} 'checkCustomized' '(Ljava/lang/invoke/MethodHandle;)V' in 'java/lang/invoke/Invokers')}
  0x000071e964fd8940: 0900 0048 | bbb8 b9bb | 40e9 7100 | 0048 8383 | d800 0000 

  0x000071e964fd8954: ;   {metadata(method data for {method} {0x000071e94008fb80} 'isCompileConstant' '(Ljava/lang/Object;)Z' in 'java/lang/invoke/MethodHandleImpl')}
  0x000071e964fd8954: 0148 bb30 | bbbb 40e9 | 7100 008b | 8390 0000 | 0083 c002 | 8983 9000 | 0000 25fe | ff1f 0085 
  0x000071e964fd8974: c00f 845b 

  0x000071e964fd8978: ;   {metadata(method data for {method} {0x000071e94036af88} 'checkCustomized' '(Ljava/lang/invoke/MethodHandle;)V' in 'java/lang/invoke/Invokers')}
  0x000071e964fd8978: 0900 0048 | bbb8 b9bb | 40e9 7100 | 00ff 83e8 | 0000 008b | 5f14 8b5b | 1c48 85db 

  0x000071e964fd8994: ;   {metadata(method data for {method} {0x000071e94036af88} 'checkCustomized' '(Ljava/lang/invoke/MethodHandle;)V' in 'java/lang/invoke/Invokers')}
  0x000071e964fd8994: 48bb b8b9 | bb40 e971 | 0000 b808 | 0100 0075 | 05b8 1801 | 0000 488b | 0c03 488d | 4901 4889 
  0x000071e964fd89b4: 0c03 0f85 | 2800 0000 

  0x000071e964fd89bc: ;   {metadata(method data for {method} {0x000071e94036af88} 'checkCustomized' '(Ljava/lang/invoke/MethodHandle;)V' in 'java/lang/invoke/Invokers')}
  0x000071e964fd89bc: 48bb b8b9 | bb40 e971 | 0000 4883 | 8328 0100 | 0001 488b | f766 0f1f 

  0x000071e964fd89d4: ;   {static_call}
  0x000071e964fd89d4: 4400 00e8 

  0x000071e964fd89d8: ; ImmutableOopMap {[168]=Oop [184]=Oop [216]=Oop }
                      ;*invokestatic maybeCustomize {reexecute=0 rethrow=0 return_oop=0}
                      ; - java.lang.invoke.Invokers::checkCustomized@19
                      ; - java.lang.invoke.Invokers$Holder::invokeExact_MT@14
                      ; - jdk.internal.reflect.DirectMethodHandleAccessor::invokeImpl@41
                      ; - jdk.internal.reflect.DirectMethodHandleAccessor::invoke@23
  0x000071e964fd89d8: 249b ffff 

  0x000071e964fd89dc: ;   {post_call_nop}
  0x000071e964fd89dc: 0f1f 8400 | 5412 0007 | 488b 9424 | b800 0000 

  0x000071e964fd89ec: ;   {metadata(method data for {method} {0x000071e9403c21c8} 'invokeExact_MT' '(Ljava/lang/Object;Ljava/lang/Object;Ljava/lang/Object;)Ljava/lang/Object;' in 'java/lang/invoke/Invokers$Holder')}
  0x000071e964fd89ec: 48be f88e | bc40 e971 | 0000 488d | b6c8 0100 | 0048 85d2 | 750c f646 | 0801 7506 | f048 834e 
  0x000071e964fd8a0c: 0801 488b | bc24 d800 

  0x000071e964fd8a14: ;   {metadata(method data for {method} {0x000071e9403c21c8} 'invokeExact_MT' '(Ljava/lang/Object;Ljava/lang/Object;Ljava/lang/Object;)Ljava/lang/Object;' in 'java/lang/invoke/Invokers$Holder')}
  0x000071e964fd8a14: 0000 48be | f88e bc40 | e971 0000 | 8b7f 0848 | 3bbe a001 | 0000 750d | 4883 86a8 | 0100 0001 
  0x000071e964fd8a34: e960 0000 | 0048 3bbe | b001 0000 | 750d 4883 | 86b8 0100 | 0001 e94a | 0000 0048 | 83be a001 
  0x000071e964fd8a54: 0000 0075 | 1748 89be | a001 0000 | 48c7 86a8 | 0100 0001 | 0000 00e9 | 2900 0000 | 4883 beb0 
  0x000071e964fd8a74: 0100 0000 | 7517 4889 | beb0 0100 | 0048 c786 | b801 0000 | 0100 0000 | e908 0000 | 0048 8386 
  0x000071e964fd8a94: 9801 0000 | 0148 8bb4 | 24d8 0000 | 0066 0f1f 

  0x000071e964fd8aa4: ;   {optimized virtual_call}
  0x000071e964fd8aa4: 4400 00e8 

  0x000071e964fd8aa8: ; ImmutableOopMap {[168]=Oop }
                      ;*invokevirtual invokeBasic {reexecute=0 rethrow=0 return_oop=0}
                      ; - java.lang.invoke.Invokers$Holder::invokeExact_MT@19
                      ; - jdk.internal.reflect.DirectMethodHandleAccessor::invokeImpl@41
                      ; - jdk.internal.reflect.DirectMethodHandleAccessor::invoke@23
  0x000071e964fd8aa8: d4b1 9807 

  0x000071e964fd8aac: ;   {post_call_nop}
  0x000071e964fd8aac: 0f1f 8400 | 2413 0008 

  0x000071e964fd8ab4: ;   {metadata(method data for {method} {0x000071e9403c21c8} 'invokeExact_MT' '(Ljava/lang/Object;Ljava/lang/Object;Ljava/lang/Object;)Ljava/lang/Object;' in 'java/lang/invoke/Invokers$Holder')}
  0x000071e964fd8ab4: 48be f88e | bc40 e971 | 0000 488d | b6d8 0100 | 0048 85c0 | 750a f606 | 0175 05f0 | 4883 0e01 
  0x000071e964fd8ad4: ;   {metadata(method data for {method} {0x000071e940466ea0} 'invokeImpl' '(Ljava/lang/Object;[Ljava/lang/Object;)Ljava/lang/Object;' in 'jdk/internal/reflect/DirectMethodHandleAccessor')}
  0x000071e964fd8ad4: 48be 408b | bc40 e971 | 0000 488d | b678 0100 | 0048 85c0 | 750a f606 | 0175 05f0 | 4883 0e01 
  0x000071e964fd8af4: ;   {metadata(method data for {method} {0x000071e940466ea0} 'invokeImpl' '(Ljava/lang/Object;[Ljava/lang/Object;)Ljava/lang/Object;' in 'jdk/internal/reflect/DirectMethodHandleAccessor')}
  0x000071e964fd8af4: 48be 408b | bc40 e971 | 0000 ff86 | 8801 0000 | 4881 c420 | 0100 005d 

  0x000071e964fd8b0c: ;   {poll_return}
  0x000071e964fd8b0c: 493b 6728 | 0f87 e607 

  0x000071e964fd8b14: ;   {metadata(method data for {method} {0x000071e94036a940} 'checkExactType' '(Ljava/lang/invoke/MethodHandle;Ljava/lang/invoke/MethodType;)V' in 'java/lang/invoke/Invokers')}
  0x000071e964fd8b14: 0000 c348 | be70 bdbb | 40e9 7100 | 0048 8386 | 2801 0000 

  0x000071e964fd8b28: ;   {oop(a 'java/lang/invoke/MethodType'{0x00000000c0103200} = (Ljava/lang/Object;)Ljava/lang/Object;)}
  0x000071e964fd8b28: 0148 b800 | 3210 c000 | 0000 0048 | 8bf3 488b | d066 0f1f 

  0x000071e964fd8b3c: ;   {static_call}
  0x000071e964fd8b3c: 4400 00e8 

  0x000071e964fd8b40: ; ImmutableOopMap {[168]=Oop [184]=Oop [216]=Oop }
                      ;*invokestatic newWrongMethodTypeException {reexecute=0 rethrow=0 return_oop=0}
                      ; - java.lang.invoke.Invokers::checkExactType@12
                      ; - java.lang.invoke.Invokers$Holder::invokeExact_MT@10
                      ; - jdk.internal.reflect.DirectMethodHandleAccessor::invokeImpl@41
                      ; - jdk.internal.reflect.DirectMethodHandleAccessor::invoke@23
  0x000071e964fd8b40: 9c51 4407 

  0x000071e964fd8b44: ;   {post_call_nop}
  0x000071e964fd8b44: 0f1f 8400 | bc13 0009 

  0x000071e964fd8b4c: ; implicit exception: dispatches to 0x000071e964fd9312
                      ; ImmutableOopMap {rax=Oop [168]=Oop [184]=Oop [216]=Oop }
                      ;*athrow {reexecute=1 rethrow=0 return_oop=0}
                      ; - (reexecute) java.lang.invoke.Invokers::checkExactType@15
                      ; - java.lang.invoke.Invokers$Holder::invokeExact_MT@10
                      ; - jdk.internal.reflect.DirectMethodHandleAccessor::invokeImpl@41
                      ; - jdk.internal.reflect.DirectMethodHandleAccessor::invoke@23
                      ;   {section_word}
  0x000071e964fd8b4c: 483b 0048 | ba4f 8bfd | 64e9 7100 

  0x000071e964fd8b58: ;   {runtime_call C1 Runtime handle_exception_nofpu_blob}
  0x000071e964fd8b58: 00e8 8208 

  0x000071e964fd8b5c: ;   {metadata(method data for {method} {0x000071e94036a940} 'checkExactType' '(Ljava/lang/invoke/MethodHandle;Ljava/lang/invoke/MethodType;)V' in 'java/lang/invoke/Invokers')}
  0x000071e964fd8b5c: 5107 9048 | be70 bdbb | 40e9 7100 | 0048 8386 | 2801 0000 

  0x000071e964fd8b70: ;   {oop(a 'java/lang/invoke/MethodType'{0x00000000c01028f8} = (Ljava/lang/Object;Ljava/lang/Object;Ljava/lang/Object;)Ljava/lang/Object;)}
  0x000071e964fd8b70: 0149 b8f8 | 2810 c000 | 0000 0048 | 8bf1 498b | d066 0f1f 

  0x000071e964fd8b84: ;   {static_call}
  0x000071e964fd8b84: 4400 00e8 

  0x000071e964fd8b88: ; ImmutableOopMap {[168]=Oop [184]=Oop [192]=Oop [200]=Oop [208]=Oop }
                      ;*invokestatic newWrongMethodTypeException {reexecute=0 rethrow=0 return_oop=0}
                      ; - java.lang.invoke.Invokers::checkExactType@12
                      ; - java.lang.invoke.LambdaForm$MH/0x0000000031146c00::invokeExact_MT@11
                      ; - jdk.internal.reflect.DirectMethodHandleAccessor::invokeImpl@72
                      ; - jdk.internal.reflect.DirectMethodHandleAccessor::invoke@23
  0x000071e964fd8b88: 5451 4407 

  0x000071e964fd8b8c: ;   {post_call_nop}
  0x000071e964fd8b8c: 0f1f 8400 | 0414 000b 

  0x000071e964fd8b94: ; implicit exception: dispatches to 0x000071e964fd9317
                      ; ImmutableOopMap {rax=Oop [168]=Oop [184]=Oop [192]=Oop [200]=Oop [208]=Oop }
                      ;*athrow {reexecute=1 rethrow=0 return_oop=0}
                      ; - (reexecute) java.lang.invoke.Invokers::checkExactType@15
                      ; - java.lang.invoke.LambdaForm$MH/0x0000000031146c00::invokeExact_MT@11
                      ; - jdk.internal.reflect.DirectMethodHandleAccessor::invokeImpl@72
                      ; - jdk.internal.reflect.DirectMethodHandleAccessor::invoke@23
                      ;   {section_word}
  0x000071e964fd8b94: 483b 0048 | ba97 8bfd | 64e9 7100 

  0x000071e964fd8ba0: ;   {runtime_call C1 Runtime handle_exception_nofpu_blob}
  0x000071e964fd8ba0: 00e8 3a08 | 5107 9049 | 8b87 e005 | 0000 4d33 | d24d 8997 | e005 0000 | 4d33 d24d | 8997 e805 
  0x000071e964fd8bc0: 0000 488b | b424 a800 

  0x000071e964fd8bc8: ;   {metadata(method data for {method} {0x000071e940466bc8} 'invoke' '(Ljava/lang/Object;[Ljava/lang/Object;)Ljava/lang/Object;' in 'jdk/internal/reflect/DirectMethodHandleAccessor')}
  0x000071e964fd8bc8: 0000 48ba | 8884 bc40 | e971 0000 | 4883 8208 | 0200 0001 

  0x000071e964fd8bdc: ;   {metadata(method data for {method} {0x000071e940467238} 'isIllegalArgument' '(Ljava/lang/RuntimeException;)Z' in 'jdk/internal/reflect/DirectMethodHandleAccessor')}
  0x000071e964fd8bdc: 48be 18e1 | bc40 e971 | 0000 8b96 | 9000 0000 | 83c2 0289 | 9690 0000 | 0081 e2fe | ff1f 0085 
  0x000071e964fd8bfc: d20f 8419 

  0x000071e964fd8c00: ;   {oop(a 'java/lang/Class'{0x00000000c0371508} = 'jdk/internal/reflect/DirectMethodHandleAccessor')}
  0x000071e964fd8c00: 0700 0048 | be08 1537 | c000 0000 | 0048 8bd0 | 4889 8424 | e000 0000 | 0f1f 8000 

  0x000071e964fd8c1c: ;   {static_call}
  0x000071e964fd8c1c: 0000 00e8 

  0x000071e964fd8c20: ; ImmutableOopMap {[224]=Oop }
                      ;*invokestatic isIllegalArgument {reexecute=0 rethrow=0 return_oop=0}
                      ; - jdk.internal.reflect.DirectMethodHandleAccessor::isIllegalArgument@3
                      ; - jdk.internal.reflect.DirectMethodHandleAccessor::invoke@58
  0x000071e964fd8c20: bc50 4407 

  0x000071e964fd8c24: ;   {post_call_nop}
  0x000071e964fd8c24: 0f1f 8400 | 9c14 000d | 83e0 0185 

  0x000071e964fd8c30: ;   {metadata(method data for {method} {0x000071e940466bc8} 'invoke' '(Ljava/lang/Object;[Ljava/lang/Object;)Ljava/lang/Object;' in 'jdk/internal/reflect/DirectMethodHandleAccessor')}
  0x000071e964fd8c30: c048 b888 | 84bc 40e9 | 7100 00be | 3802 0000 | 7405 be48 | 0200 0048 | 8b14 3048 | 8d52 0148 
  0x000071e964fd8c50: 8914 300f | 8488 0200 | 00e9 eb01 | 0000 488b | b424 a800 | 0000 498b | 87e0 0500 | 004d 33d2 
  0x000071e964fd8c70: 4d89 97e0 | 0500 004d | 33d2 4d89 | 97e8 0500 

  0x000071e964fd8c80: ;   {metadata(method data for {method} {0x000071e940466bc8} 'invoke' '(Ljava/lang/Object;[Ljava/lang/Object;)Ljava/lang/Object;' in 'jdk/internal/reflect/DirectMethodHandleAccessor')}
  0x000071e964fd8c80: 0048 ba88 | 84bc 40e9 | 7100 0048 | 8382 9801 

  0x000071e964fd8c90: ;   {metadata(method data for {method} {0x000071e940467238} 'isIllegalArgument' '(Ljava/lang/RuntimeException;)Z' in 'jdk/internal/reflect/DirectMethodHandleAccessor')}
  0x000071e964fd8c90: 0000 0148 | be18 e1bc | 40e9 7100 | 008b 9690 | 0000 0083 | c202 8996 | 9000 0000 | 81e2 feff 
  0x000071e964fd8cb0: 1f00 85d2 | 0f84 8306 

  0x000071e964fd8cb8: ;   {oop(a 'java/lang/Class'{0x00000000c0371508} = 'jdk/internal/reflect/DirectMethodHandleAccessor')}
  0x000071e964fd8cb8: 0000 48be | 0815 37c0 | 0000 0000 | 488b d048 | 8984 24e8 

  0x000071e964fd8ccc: ;   {static_call}
  0x000071e964fd8ccc: 0000 00e8 

  0x000071e964fd8cd0: ; ImmutableOopMap {[232]=Oop }
                      ;*invokestatic isIllegalArgument {reexecute=0 rethrow=0 return_oop=0}
                      ; - jdk.internal.reflect.DirectMethodHandleAccessor::isIllegalArgument@3
                      ; - jdk.internal.reflect.DirectMethodHandleAccessor::invoke@30
  0x000071e964fd8cd0: 0c50 4407 

  0x000071e964fd8cd4: ;   {post_call_nop}
  0x000071e964fd8cd4: 0f1f 8400 | 4c15 000e | 83e0 0185 

  0x000071e964fd8ce0: ;   {metadata(method data for {method} {0x000071e940466bc8} 'invoke' '(Ljava/lang/Object;[Ljava/lang/Object;)Ljava/lang/Object;' in 'jdk/internal/reflect/DirectMethodHandleAccessor')}
  0x000071e964fd8ce0: c048 ba88 | 84bc 40e9 | 7100 00be | c801 0000 | 7405 bed8 | 0100 0048 | 8b3c 3248 | 8d7f 0148 
  0x000071e964fd8d00: 893c 320f | 8498 0000 | 000f 1f80 | 0000 0000 

  0x000071e964fd8d10: ;   {other}
  0x000071e964fd8d10: e958 0600 | 0000 0000 | 0000 498b | 87c8 0100 | 0048 8d78 | 2849 3bbf | d801 0000 | 0f87 4506 
  0x000071e964fd8d30: 0000 4989 | bfc8 0100 | 0048 c700 | 0100 0000 | 488b ca89 | 4808 4833 | c989 480c | 4833 c948 
  0x000071e964fd8d50: 8948 1048 | 8948 1848 | 8948 2048 

  0x000071e964fd8d5c: ;   {metadata(method data for {method} {0x000071e940466bc8} 'invoke' '(Ljava/lang/Object;[Ljava/lang/Object;)Ljava/lang/Object;' in 'jdk/internal/reflect/DirectMethodHandleAccessor')}
  0x000071e964fd8d5c: 8bd0 48be | 8884 bc40 | e971 0000 | 4883 86e8 | 0100 0001 

  0x000071e964fd8d70: ;   {oop("argument type mismatch"{0x00000000c02ec120})}
  0x000071e964fd8d70: 48ba 20c1 | 2ec0 0000 | 0000 488b | f048 8984 | 24f0 0000 

  0x000071e964fd8d84: ;   {optimized virtual_call}
  0x000071e964fd8d84: 0066 90e8 

  0x000071e964fd8d88: ; ImmutableOopMap {[240]=Oop }
                      ;*invokespecial <init> {reexecute=0 rethrow=0 return_oop=0}
                      ; - jdk.internal.reflect.DirectMethodHandleAccessor::invoke@42
  0x000071e964fd8d88: 5449 4407 

  0x000071e964fd8d8c: ;   {post_call_nop}
  0x000071e964fd8d8c: 0f1f 8400 | 0416 000f | 488b 8424 | f000 0000 | e9a7 0600 | 0048 8b9c | 24e8 0000 | 000f 1f80 
  0x000071e964fd8dac: 0000 0000 

  0x000071e964fd8db0: ;   {other}
  0x000071e964fd8db0: e9de 0500 | 0000 0000 | 0000 80ba | 3001 0000 | 040f 85db | 0500 0049 | 8b87 c801 | 0000 488d 
  0x000071e964fd8dd0: 7828 493b | bfd8 0100 | 000f 87c3 | 0500 0049 | 89bf c801 | 0000 48c7 | 0001 0000 | 0048 8bca 
  0x000071e964fd8df0: 8948 0848 | 33c9 8948 | 0c48 33c9 | 4889 4810 | 4889 4818 | 4889 4820 

  0x000071e964fd8e08: ;   {metadata(method data for {method} {0x000071e940466bc8} 'invoke' '(Ljava/lang/Object;[Ljava/lang/Object;)Ljava/lang/Object;' in 'jdk/internal/reflect/DirectMethodHandleAccessor')}
  0x000071e964fd8e08: 488b d048 | be88 84bc | 40e9 7100 | 0048 8386 | f801 0000 | 0148 8bd3 | 488b f048 | 8984 24f8 
  0x000071e964fd8e28: 0000 000f 

  0x000071e964fd8e2c: ;   {optimized virtual_call}
  0x000071e964fd8e2c: 1f40 00e8 

  0x000071e964fd8e30: ; ImmutableOopMap {[248]=Oop }
                      ;*invokespecial <init> {reexecute=0 rethrow=0 return_oop=0}
                      ; - jdk.internal.reflect.DirectMethodHandleAccessor::invoke@51
  0x000071e964fd8e30: ac48 4407 

  0x000071e964fd8e34: ;   {post_call_nop}
  0x000071e964fd8e34: 0f1f 8400 | ac16 0010 | 488b 8424 | f800 0000 | e9ff 0500 | 000f 1f80 | 0000 0000 

  0x000071e964fd8e50: ;   {other}
  0x000071e964fd8e50: e969 0500 | 0000 0000 | 0000 498b | 87c8 0100 | 0048 8d78 | 2849 3bbf | d801 0000 | 0f87 5605 
  0x000071e964fd8e70: 0000 4989 | bfc8 0100 | 0048 c700 | 0100 0000 | 488b ca89 | 4808 4833 | c989 480c | 4833 c948 
  0x000071e964fd8e90: 8948 1048 | 8948 1848 | 8948 2048 

  0x000071e964fd8e9c: ;   {metadata(method data for {method} {0x000071e940466bc8} 'invoke' '(Ljava/lang/Object;[Ljava/lang/Object;)Ljava/lang/Object;' in 'jdk/internal/reflect/DirectMethodHandleAccessor')}
  0x000071e964fd8e9c: 8bd0 48be | 8884 bc40 | e971 0000 | 4883 8658 | 0200 0001 | 488b 9424 | e000 0000 | 488b f048 
  0x000071e964fd8ebc: 8984 2400 | 0100 000f 

  0x000071e964fd8ec4: ;   {optimized virtual_call}
  0x000071e964fd8ec4: 1f40 00e8 

  0x000071e964fd8ec8: ; ImmutableOopMap {[256]=Oop }
                      ;*invokespecial <init> {reexecute=0 rethrow=0 return_oop=0}
                      ; - jdk.internal.reflect.DirectMethodHandleAccessor::invoke@69
  0x000071e964fd8ec8: 1448 4407 

  0x000071e964fd8ecc: ;   {post_call_nop}
  0x000071e964fd8ecc: 0f1f 8400 | 4417 0011 | 488b 8424 | 0001 0000 | e967 0500 | 0048 8b9c | 24e0 0000 | 000f 1f80 
  0x000071e964fd8eec: 0000 0000 

  0x000071e964fd8ef0: ;   {other}
  0x000071e964fd8ef0: e9ef 0400 | 0000 0000 | 0000 80ba | 3001 0000 | 040f 85ec | 0400 0049 | 8b87 c801 | 0000 488d 
  0x000071e964fd8f10: 7828 493b | bfd8 0100 | 000f 87d4 | 0400 0049 | 89bf c801 | 0000 48c7 | 0001 0000 | 0048 8bca 
  0x000071e964fd8f30: 8948 0848 | 33c9 8948 | 0c48 33c9 | 4889 4810 | 4889 4818 | 4889 4820 

  0x000071e964fd8f48: ;   {metadata(method data for {method} {0x000071e940466bc8} 'invoke' '(Ljava/lang/Object;[Ljava/lang/Object;)Ljava/lang/Object;' in 'jdk/internal/reflect/DirectMethodHandleAccessor')}
  0x000071e964fd8f48: 488b d048 | be88 84bc | 40e9 7100 | 0048 8386 | 6802 0000 | 0148 8bd3 | 488b f048 | 8984 2408 
  0x000071e964fd8f68: 0100 000f 

  0x000071e964fd8f6c: ;   {optimized virtual_call}
  0x000071e964fd8f6c: 1f40 00e8 

  0x000071e964fd8f70: ; ImmutableOopMap {[264]=Oop }
                      ;*invokespecial <init> {reexecute=0 rethrow=0 return_oop=0}
                      ; - jdk.internal.reflect.DirectMethodHandleAccessor::invoke@78
  0x000071e964fd8f70: 6c47 4407 

  0x000071e964fd8f74: ;   {post_call_nop}
  0x000071e964fd8f74: 0f1f 8400 | ec17 0012 | 488b 8424 | 0801 0000 | e9bf 0400 | 0049 8b87 | e005 0000 | 4d33 d24d 
  0x000071e964fd8f94: 8997 e005 | 0000 4d33 | d24d 8997 | e805 0000 | 488b d890 

  0x000071e964fd8fa8: ;   {metadata('java/lang/reflect/InvocationTargetException')}
  0x000071e964fd8fa8: 48ba a85d | 0d31 0000 | 0000 80ba | 3001 0000 | 040f 855f | 0400 0049 | 8b87 c801 | 0000 488d 
  0x000071e964fd8fc8: 7828 493b | bfd8 0100 | 000f 8747 | 0400 0049 | 89bf c801 | 0000 48c7 | 0001 0000 | 0048 8bca 
  0x000071e964fd8fe8: 8948 0848 | 33c9 8948 | 0c48 33c9 | 4889 4810 | 4889 4818 | 4889 4820 

  0x000071e964fd9000: ;   {metadata(method data for {method} {0x000071e940466bc8} 'invoke' '(Ljava/lang/Object;[Ljava/lang/Object;)Ljava/lang/Object;' in 'jdk/internal/reflect/DirectMethodHandleAccessor')}
  0x000071e964fd9000: 488b d048 | be88 84bc | 40e9 7100 | 0048 8386 | 7802 0000 | 0148 8bd3 | 488b f048 | 8984 2410 
  0x000071e964fd9020: 0100 000f 

  0x000071e964fd9024: ;   {optimized virtual_call}
  0x000071e964fd9024: 1f40 00e8 

  0x000071e964fd9028: ; ImmutableOopMap {[272]=Oop }
                      ;*invokespecial <init> {reexecute=0 rethrow=0 return_oop=0}
                      ; - jdk.internal.reflect.DirectMethodHandleAccessor::invoke@88
  0x000071e964fd9028: a104 0000 

  0x000071e964fd902c: ;   {post_call_nop}
  0x000071e964fd902c: 0f1f 8400 | a418 0013 | 488b 8424 | 1001 0000 | e907 0400 

  0x000071e964fd9040: ;   {metadata({method} {0x000071e940466bc8} 'invoke' '(Ljava/lang/Object;[Ljava/lang/Object;)Ljava/lang/Object;' in 'jdk/internal/reflect/DirectMethodHandleAccessor')}
  0x000071e964fd9040: 0049 bac8 | 6b46 40e9 | 7100 004c | 8954 2408 | 48c7 0424 | ffff ffff 

  0x000071e964fd9058: ;   {runtime_call C1 Runtime counter_overflow_blob}
  0x000071e964fd9058: e883 3d51 

  0x000071e964fd905c: ; ImmutableOopMap {rsi=Oop rdx=Oop rcx=Oop [168]=Oop [184]=Oop }
                      ;*synchronization entry
                      ; - jdk.internal.reflect.DirectMethodHandleAccessor::invoke@-1
  0x000071e964fd905c: 07e9 94e8 

  0x000071e964fd9060: ;   {metadata({method} {0x000071e9404670d8} 'isStatic' '()Z' in 'jdk/internal/reflect/DirectMethodHandleAccessor')}
  0x000071e964fd9060: ffff 49ba | d870 4640 | e971 0000 | 4c89 5424 | 0848 c704 | 24ff ffff 

  0x000071e964fd9078: ;   {runtime_call C1 Runtime counter_overflow_blob}
  0x000071e964fd9078: ffe8 623d 

  0x000071e964fd907c: ; ImmutableOopMap {rsi=Oop rdx=Oop rcx=Oop [168]=Oop [184]=Oop }
                      ;*synchronization entry
                      ; - jdk.internal.reflect.DirectMethodHandleAccessor::isStatic@-1
                      ; - jdk.internal.reflect.DirectMethodHandleAccessor::invoke@1
  0x000071e964fd907c: 5107 e9af 

  0x000071e964fd9080: ;   {metadata({method} {0x000071e940466ea0} 'invokeImpl' '(Ljava/lang/Object;[Ljava/lang/Object;)Ljava/lang/Object;' in 'jdk/internal/reflect/DirectMethodHandleAccessor')}
  0x000071e964fd9080: e8ff ff49 | baa0 6e46 | 40e9 7100 | 004c 8954 | 2408 48c7 | 0424 ffff 

  0x000071e964fd9098: ;   {runtime_call C1 Runtime counter_overflow_blob}
  0x000071e964fd9098: ffff e841 

  0x000071e964fd909c: ; ImmutableOopMap {rsi=Oop [168]=Oop [176]=Oop [184]=Oop }
                      ;*synchronization entry
                      ; - jdk.internal.reflect.DirectMethodHandleAccessor::invokeImpl@-1
                      ; - jdk.internal.reflect.DirectMethodHandleAccessor::invoke@23
  0x000071e964fd909c: 3d51 07e9 | c4e9 ffff | 49b8 0000 | 0000 0000 | 0000 b800 

  0x000071e964fd90b0: ;   {runtime_call C1 Runtime load_appendix_patching_blob}
  0x000071e964fd90b0: 0f05 0ae8 

  0x000071e964fd90b4: ; ImmutableOopMap {rsi=Oop rdx=Oop rcx=Oop rdi=Oop [168]=Oop [184]=Oop }
                      ;*invokevirtual invokeExact {reexecute=1 rethrow=0 return_oop=0}
                      ; - (reexecute) jdk.internal.reflect.DirectMethodHandleAccessor::invokeImpl@104
                      ; - jdk.internal.reflect.DirectMethodHandleAccessor::invoke@23
  0x000071e964fd90b4: 2836 5107 | e94b eaff 

  0x000071e964fd90bc: ;   {runtime_call C1 Runtime throw_null_pointer_exception_blob}
  0x000071e964fd90bc: ffe8 1eeb 

  0x000071e964fd90c0: ; ImmutableOopMap {rsi=Oop rdx=Oop rcx=Oop rdi=Oop r8=Oop [168]=Oop [184]=Oop }
                      ;*invokevirtual invokeExact {reexecute=0 rethrow=0 return_oop=0}
                      ; - jdk.internal.reflect.DirectMethodHandleAccessor::invokeImpl@104
                      ; - jdk.internal.reflect.DirectMethodHandleAccessor::invoke@23
                      ;   {internal_word}
  0x000071e964fd90c0: 5007 49ba | be7c fd64 | e971 0000 | 4d89 9738 

  0x000071e964fd90d0: ;   {runtime_call SafepointBlob}
  0x000071e964fd90d0: 0500 00e9 | 8867 4407 

  0x000071e964fd90d8: ;   {runtime_call C1 Runtime throw_null_pointer_exception_blob}
  0x000071e964fd90d8: e803 eb50 

  0x000071e964fd90dc: ; ImmutableOopMap {rsi=Oop rdx=Oop rcx=Oop rbx=Oop [168]=Oop [184]=Oop }
                      ;*aaload {reexecute=0 rethrow=0 return_oop=0}
                      ; - jdk.internal.reflect.DirectMethodHandleAccessor::invokeImpl@85
                      ; - jdk.internal.reflect.DirectMethodHandleAccessor::invoke@23
                      ;   {runtime_call C1 Runtime throw_null_pointer_exception_blob}
  0x000071e964fd90dc: 07e8 feea 

  0x000071e964fd90e0: ; ImmutableOopMap {rsi=Oop rdx=Oop rcx=Oop rbx=Oop [168]=Oop [184]=Oop }
                      ;*aaload {reexecute=0 rethrow=0 return_oop=0}
                      ; - jdk.internal.reflect.DirectMethodHandleAccessor::invokeImpl@85
                      ; - jdk.internal.reflect.DirectMethodHandleAccessor::invoke@23
  0x000071e964fd90e0: 5007 48c7 | 0424 0000 | 0000 4889 

  0x000071e964fd90ec: ;   {runtime_call C1 Runtime throw_range_check_failed_blob}
  0x000071e964fd90ec: 4c24 08e8 

  0x000071e964fd90f0: ; ImmutableOopMap {rsi=Oop rdx=Oop rcx=Oop rbx=Oop [168]=Oop [184]=Oop }
                      ;*aaload {reexecute=0 rethrow=0 return_oop=0}
                      ; - jdk.internal.reflect.DirectMethodHandleAccessor::invokeImpl@85
                      ; - jdk.internal.reflect.DirectMethodHandleAccessor::invoke@23
  0x000071e964fd90f0: ece1 5007 | 48c7 0424 | 0100 0000 | 4889 4c24 

  0x000071e964fd9100: ;   {runtime_call C1 Runtime throw_range_check_failed_blob}
  0x000071e964fd9100: 08e8 dae1 

  0x000071e964fd9104: ; ImmutableOopMap {rsi=Oop rdx=Oop rcx=Oop rbx=Oop r8=Oop [168]=Oop [184]=Oop }
                      ;*aaload {reexecute=0 rethrow=0 return_oop=0}
                      ; - jdk.internal.reflect.DirectMethodHandleAccessor::invokeImpl@88
                      ; - jdk.internal.reflect.DirectMethodHandleAccessor::invoke@23
  0x000071e964fd9104: 5007 48c7 | 0424 0200 | 0000 4889 

  0x000071e964fd9110: ;   {runtime_call C1 Runtime throw_range_check_failed_blob}
  0x000071e964fd9110: 4c24 08e8 

  0x000071e964fd9114: ; ImmutableOopMap {rsi=Oop rdx=Oop rcx=Oop rbx=Oop r8=Oop r9=Oop [168]=Oop [184]=Oop }
                      ;*aaload {reexecute=0 rethrow=0 return_oop=0}
                      ; - jdk.internal.reflect.DirectMethodHandleAccessor::invokeImpl@91
                      ; - jdk.internal.reflect.DirectMethodHandleAccessor::invoke@23
  0x000071e964fd9114: c8e1 5007 | 48b8 808f | 14c0 0000 | 0000 b800 

  0x000071e964fd9124: ;   {runtime_call C1 Runtime load_appendix_patching_blob}
  0x000071e964fd9124: 0f05 0ae8 

  0x000071e964fd9128: ; ImmutableOopMap {rsi=Oop rdx=Oop rbx=Oop r8=Oop r9=Oop rdi=Oop [168]=Oop [184]=Oop }
                      ;*invokevirtual invokeExact {reexecute=1 rethrow=0 return_oop=0}
                      ; - (reexecute) jdk.internal.reflect.DirectMethodHandleAccessor::invokeImpl@92
                      ; - jdk.internal.reflect.DirectMethodHandleAccessor::invoke@23
  0x000071e964fd9128: b435 5107 | e9d7 ebff 

  0x000071e964fd9130: ;   {runtime_call C1 Runtime throw_null_pointer_exception_blob}
  0x000071e964fd9130: ffe8 aaea 

  0x000071e964fd9134: ; ImmutableOopMap {rsi=Oop rdx=Oop rbx=Oop r8=Oop r9=Oop rdi=Oop rax=Oop [168]=Oop [184]=Oop }
                      ;*invokevirtual invokeExact {reexecute=0 rethrow=0 return_oop=0}
                      ; - jdk.internal.reflect.DirectMethodHandleAccessor::invokeImpl@92
                      ; - jdk.internal.reflect.DirectMethodHandleAccessor::invoke@23
                      ;   {internal_word}
  0x000071e964fd9134: 5007 49ba | df7e fd64 | e971 0000 | 4d89 9738 

  0x000071e964fd9144: ;   {runtime_call SafepointBlob}
  0x000071e964fd9144: 0500 00e9 | 1467 4407 

  0x000071e964fd914c: ;   {runtime_call C1 Runtime throw_null_pointer_exception_blob}
  0x000071e964fd914c: e88f ea50 

  0x000071e964fd9150: ; ImmutableOopMap {rsi=Oop rcx=Oop rdx=Oop rdi=Oop [168]=Oop [184]=Oop [200]=Oop }
                      ;*aaload {reexecute=0 rethrow=0 return_oop=0}
                      ; - jdk.internal.reflect.DirectMethodHandleAccessor::invokeImpl@68
                      ; - jdk.internal.reflect.DirectMethodHandleAccessor::invoke@23
                      ;   {runtime_call C1 Runtime throw_null_pointer_exception_blob}
  0x000071e964fd9150: 07e8 8aea 

  0x000071e964fd9154: ; ImmutableOopMap {rsi=Oop rcx=Oop rdx=Oop rdi=Oop [168]=Oop [184]=Oop [200]=Oop }
                      ;*aaload {reexecute=0 rethrow=0 return_oop=0}
                      ; - jdk.internal.reflect.DirectMethodHandleAccessor::invokeImpl@68
                      ; - jdk.internal.reflect.DirectMethodHandleAccessor::invoke@23
  0x000071e964fd9154: 5007 48c7 | 0424 0000 | 0000 4889 

  0x000071e964fd9160: ;   {runtime_call C1 Runtime throw_range_check_failed_blob}
  0x000071e964fd9160: 4c24 08e8 

  0x000071e964fd9164: ; ImmutableOopMap {rsi=Oop rcx=Oop rdx=Oop rdi=Oop [168]=Oop [184]=Oop [200]=Oop }
                      ;*aaload {reexecute=0 rethrow=0 return_oop=0}
                      ; - jdk.internal.reflect.DirectMethodHandleAccessor::invokeImpl@68
                      ; - jdk.internal.reflect.DirectMethodHandleAccessor::invoke@23
  0x000071e964fd9164: 78e1 5007 | 48c7 0424 | 0100 0000 | 4889 4c24 

  0x000071e964fd9174: ;   {runtime_call C1 Runtime throw_range_check_failed_blob}
  0x000071e964fd9174: 08e8 66e1 

  0x000071e964fd9178: ; ImmutableOopMap {rsi=Oop rcx=Oop rdx=Oop rdi=Oop rbx=Oop [168]=Oop [184]=Oop [192]=Oop [200]=Oop }
                      ;*aaload {reexecute=0 rethrow=0 return_oop=0}
                      ; - jdk.internal.reflect.DirectMethodHandleAccessor::invokeImpl@71
                      ; - jdk.internal.reflect.DirectMethodHandleAccessor::invoke@23
                      ;   {metadata({method} {0x000071e940b19ab0} 'invokeExact_MT' '(Ljava/lang/Object;Ljava/lang/Object;Ljava/lang/Object;Ljava/lang/Object;Ljava/lang/Object;)Ljava/lang/Object;' in 'java/lang/invoke/LambdaForm$MH+0x0000000031146c00')}
  0x000071e964fd9178: 5007 49ba | b09a b140 | e971 0000 | 4c89 5424 | 0848 c704 | 24ff ffff 

  0x000071e964fd9190: ;   {runtime_call C1 Runtime counter_overflow_blob}
  0x000071e964fd9190: ffe8 4a3c 

  0x000071e964fd9194: ; ImmutableOopMap {rsi=Oop rdx=Oop rdi=Oop rbx=Oop rax=Oop [168]=Oop [184]=Oop [192]=Oop [200]=Oop [208]=Oop }
                      ;*synchronization entry
                      ; - java.lang.invoke.LambdaForm$MH/0x0000000031146c00::invokeExact_MT@-1
                      ; - jdk.internal.reflect.DirectMethodHandleAccessor::invokeImpl@72
                      ; - jdk.internal.reflect.DirectMethodHandleAccessor::invoke@23
  0x000071e964fd9194: 5107 e9e3 

  0x000071e964fd9198: ;   {metadata({method} {0x000071e94036a940} 'checkExactType' '(Ljava/lang/invoke/MethodHandle;Ljava/lang/invoke/MethodType;)V' in 'java/lang/invoke/Invokers')}
  0x000071e964fd9198: eeff ff49 | ba40 a936 | 40e9 7100 | 004c 8954 | 2408 48c7 | 0424 ffff 

  0x000071e964fd91b0: ;   {runtime_call C1 Runtime counter_overflow_blob}
  0x000071e964fd91b0: ffff e829 

  0x000071e964fd91b4: ; ImmutableOopMap {rsi=Oop rdx=Oop rdi=Oop rbx=Oop rax=Oop [168]=Oop [184]=Oop [192]=Oop [200]=Oop [208]=Oop }
                      ;*synchronization entry
                      ; - java.lang.invoke.Invokers::checkExactType@-1
                      ; - java.lang.invoke.LambdaForm$MH/0x0000000031146c00::invokeExact_MT@11
                      ; - jdk.internal.reflect.DirectMethodHandleAccessor::invokeImpl@72
                      ; - jdk.internal.reflect.DirectMethodHandleAccessor::invoke@23
  0x000071e964fd91b4: 3c51 07e9 | 63ef ffff 

  0x000071e964fd91bc: ;   {runtime_call C1 Runtime throw_null_pointer_exception_blob}
  0x000071e964fd91bc: e81f ea50 

  0x000071e964fd91c0: ; ImmutableOopMap {rsi=Oop rdx=Oop rdi=Oop rbx=Oop rax=Oop [168]=Oop [184]=Oop [192]=Oop [200]=Oop [208]=Oop }
                      ;*invokevirtual type {reexecute=0 rethrow=0 return_oop=0}
                      ; - java.lang.invoke.Invokers::checkExactType@1
                      ; - java.lang.invoke.LambdaForm$MH/0x0000000031146c00::invokeExact_MT@11
                      ; - jdk.internal.reflect.DirectMethodHandleAccessor::invokeImpl@72
                      ; - jdk.internal.reflect.DirectMethodHandleAccessor::invoke@23
                      ;   {metadata({method} {0x000071e94036af88} 'checkCustomized' '(Ljava/lang/invoke/MethodHandle;)V' in 'java/lang/invoke/Invokers')}
  0x000071e964fd91c0: 0749 ba88 | af36 40e9 | 7100 004c | 8954 2408 | 48c7 0424 | ffff ffff 

  0x000071e964fd91d8: ;   {runtime_call C1 Runtime counter_overflow_blob}
  0x000071e964fd91d8: e803 3c51 

  0x000071e964fd91dc: ; ImmutableOopMap {rsi=Oop rdx=Oop rdi=Oop rbx=Oop rax=Oop [168]=Oop [184]=Oop [192]=Oop [200]=Oop [208]=Oop }
                      ;*synchronization entry
                      ; - java.lang.invoke.Invokers::checkCustomized@-1
                      ; - java.lang.invoke.LambdaForm$MH/0x0000000031146c00::invokeExact_MT@15
                      ; - jdk.internal.reflect.DirectMethodHandleAccessor::invokeImpl@72
                      ; - jdk.internal.reflect.DirectMethodHandleAccessor::invoke@23
  0x000071e964fd91dc: 07e9 8ef0 

  0x000071e964fd91e0: ;   {metadata({method} {0x000071e94008fb80} 'isCompileConstant' '(Ljava/lang/Object;)Z' in 'java/lang/invoke/MethodHandleImpl')}
  0x000071e964fd91e0: ffff 49ba | 80fb 0840 | e971 0000 | 4c89 5424 | 0848 c704 | 24ff ffff 

  0x000071e964fd91f8: ;   {runtime_call C1 Runtime counter_overflow_blob}
  0x000071e964fd91f8: ffe8 e23b 

  0x000071e964fd91fc: ; ImmutableOopMap {rsi=Oop rdx=Oop rdi=Oop rbx=Oop rax=Oop [168]=Oop [184]=Oop [192]=Oop [200]=Oop [208]=Oop }
                      ;*synchronization entry
                      ; - java.lang.invoke.MethodHandleImpl::isCompileConstant@-1
                      ; - java.lang.invoke.Invokers::checkCustomized@1
                      ; - java.lang.invoke.LambdaForm$MH/0x0000000031146c00::invokeExact_MT@15
                      ; - jdk.internal.reflect.DirectMethodHandleAccessor::invokeImpl@72
                      ; - jdk.internal.reflect.DirectMethodHandleAccessor::invoke@23
  0x000071e964fd91fc: 5107 e9ab 

  0x000071e964fd9200: ;   {runtime_call C1 Runtime throw_null_pointer_exception_blob}
  0x000071e964fd9200: f0ff ffe8 

  0x000071e964fd9204: ; ImmutableOopMap {rsi=Oop rdx=Oop rdi=Oop rbx=Oop rax=Oop [168]=Oop [184]=Oop [192]=Oop [200]=Oop [208]=Oop }
                      ;*getfield customized {reexecute=1 rethrow=0 return_oop=0}
                      ; - (reexecute) java.lang.invoke.Invokers::checkCustomized@12
                      ; - java.lang.invoke.LambdaForm$MH/0x0000000031146c00::invokeExact_MT@15
                      ; - jdk.internal.reflect.DirectMethodHandleAccessor::invokeImpl@72
                      ; - jdk.internal.reflect.DirectMethodHandleAccessor::invoke@23
  0x000071e964fd9204: d8e9 5007 

  0x000071e964fd9208: ;   {internal_word}
  0x000071e964fd9208: 49ba 5085 | fd64 e971 | 0000 4d89 | 9738 0500 

  0x000071e964fd9218: ;   {runtime_call SafepointBlob}
  0x000071e964fd9218: 00e9 4266 

  0x000071e964fd921c: ;   {runtime_call C1 Runtime throw_null_pointer_exception_blob}
  0x000071e964fd921c: 4407 e8bd 

  0x000071e964fd9220: ; ImmutableOopMap {rsi=Oop rcx=Oop rdx=Oop rdi=Oop [168]=Oop [184]=Oop }
                      ;*aaload {reexecute=0 rethrow=0 return_oop=0}
                      ; - jdk.internal.reflect.DirectMethodHandleAccessor::invokeImpl@54
                      ; - jdk.internal.reflect.DirectMethodHandleAccessor::invoke@23
                      ;   {runtime_call C1 Runtime throw_null_pointer_exception_blob}
  0x000071e964fd9220: e950 07e8 

  0x000071e964fd9224: ; ImmutableOopMap {rsi=Oop rcx=Oop rdx=Oop rdi=Oop [168]=Oop [184]=Oop }
                      ;*aaload {reexecute=0 rethrow=0 return_oop=0}
                      ; - jdk.internal.reflect.DirectMethodHandleAccessor::invokeImpl@54
                      ; - jdk.internal.reflect.DirectMethodHandleAccessor::invoke@23
  0x000071e964fd9224: b8e9 5007 | 48c7 0424 | 0000 0000 | 4889 4c24 

  0x000071e964fd9234: ;   {runtime_call C1 Runtime throw_range_check_failed_blob}
  0x000071e964fd9234: 08e8 a6e0 

  0x000071e964fd9238: ; ImmutableOopMap {rsi=Oop rcx=Oop rdx=Oop rdi=Oop [168]=Oop [184]=Oop }
                      ;*aaload {reexecute=0 rethrow=0 return_oop=0}
                      ; - jdk.internal.reflect.DirectMethodHandleAccessor::invokeImpl@54
                      ; - jdk.internal.reflect.DirectMethodHandleAccessor::invoke@23
  0x000071e964fd9238: 5007 49b8 | d0c4 f5c3 | 0000 0000 | b800 0f05 

  0x000071e964fd9248: ;   {runtime_call C1 Runtime load_appendix_patching_blob}
  0x000071e964fd9248: 0ae8 9234 

  0x000071e964fd924c: ; ImmutableOopMap {rsi=Oop rdx=Oop rdi=Oop rcx=Oop [168]=Oop [184]=Oop }
                      ;*invokevirtual invokeExact {reexecute=1 rethrow=0 return_oop=0}
                      ; - (reexecute) jdk.internal.reflect.DirectMethodHandleAccessor::invokeImpl@55
                      ; - jdk.internal.reflect.DirectMethodHandleAccessor::invoke@23
  0x000071e964fd924c: 5107 e92d 

  0x000071e964fd9250: ;   {runtime_call C1 Runtime throw_null_pointer_exception_blob}
  0x000071e964fd9250: f3ff ffe8 

  0x000071e964fd9254: ; ImmutableOopMap {rsi=Oop rdx=Oop rdi=Oop rcx=Oop r8=Oop [168]=Oop [184]=Oop }
                      ;*invokevirtual invokeExact {reexecute=0 rethrow=0 return_oop=0}
                      ; - jdk.internal.reflect.DirectMethodHandleAccessor::invokeImpl@55
                      ; - jdk.internal.reflect.DirectMethodHandleAccessor::invoke@23
  0x000071e964fd9254: 88e9 5007 

  0x000071e964fd9258: ;   {internal_word}
  0x000071e964fd9258: 49ba 4787 | fd64 e971 | 0000 4d89 | 9738 0500 

  0x000071e964fd9268: ;   {runtime_call SafepointBlob}
  0x000071e964fd9268: 00e9 f265 

  0x000071e964fd926c: ;   {metadata({method} {0x000071e9403c21c8} 'invokeExact_MT' '(Ljava/lang/Object;Ljava/lang/Object;Ljava/lang/Object;)Ljava/lang/Object;' in 'java/lang/invoke/Invokers$Holder')}
  0x000071e964fd926c: 4407 49ba | c821 3c40 | e971 0000 | 4c89 5424 | 0848 c704 | 24ff ffff 

  0x000071e964fd9284: ;   {runtime_call C1 Runtime counter_overflow_blob}
  0x000071e964fd9284: ffe8 563b 

  0x000071e964fd9288: ; ImmutableOopMap {rsi=Oop rdx=Oop rdi=Oop [168]=Oop [184]=Oop [216]=Oop }
                      ;*synchronization entry
                      ; - java.lang.invoke.Invokers$Holder::invokeExact_MT@-1
                      ; - jdk.internal.reflect.DirectMethodHandleAccessor::invokeImpl@41
                      ; - jdk.internal.reflect.DirectMethodHandleAccessor::invoke@23
  0x000071e964fd9288: 5107 e961 

  0x000071e964fd928c: ;   {metadata({method} {0x000071e94036a940} 'checkExactType' '(Ljava/lang/invoke/MethodHandle;Ljava/lang/invoke/MethodType;)V' in 'java/lang/invoke/Invokers')}
  0x000071e964fd928c: f5ff ff49 | ba40 a936 | 40e9 7100 | 004c 8954 | 2408 48c7 | 0424 ffff 

  0x000071e964fd92a4: ;   {runtime_call C1 Runtime counter_overflow_blob}
  0x000071e964fd92a4: ffff e835 

  0x000071e964fd92a8: ; ImmutableOopMap {rsi=Oop rdx=Oop rdi=Oop [168]=Oop [184]=Oop [216]=Oop }
                      ;*synchronization entry
                      ; - java.lang.invoke.Invokers::checkExactType@-1
                      ; - java.lang.invoke.Invokers$Holder::invokeExact_MT@10
                      ; - jdk.internal.reflect.DirectMethodHandleAccessor::invokeImpl@41
                      ; - jdk.internal.reflect.DirectMethodHandleAccessor::invoke@23
  0x000071e964fd92a8: 3b51 07e9 | 9af5 ffff 

  0x000071e964fd92b0: ;   {runtime_call C1 Runtime throw_null_pointer_exception_blob}
  0x000071e964fd92b0: e82b e950 

  0x000071e964fd92b4: ; ImmutableOopMap {rsi=Oop rdx=Oop rdi=Oop [168]=Oop [184]=Oop [216]=Oop }
                      ;*invokevirtual type {reexecute=0 rethrow=0 return_oop=0}
                      ; - java.lang.invoke.Invokers::checkExactType@1
                      ; - java.lang.invoke.Invokers$Holder::invokeExact_MT@10
                      ; - jdk.internal.reflect.DirectMethodHandleAccessor::invokeImpl@41
                      ; - jdk.internal.reflect.DirectMethodHandleAccessor::invoke@23
                      ;   {metadata({method} {0x000071e94036af88} 'checkCustomized' '(Ljava/lang/invoke/MethodHandle;)V' in 'java/lang/invoke/Invokers')}
  0x000071e964fd92b4: 0749 ba88 | af36 40e9 | 7100 004c | 8954 2408 | 48c7 0424 | ffff ffff 

  0x000071e964fd92cc: ;   {runtime_call C1 Runtime counter_overflow_blob}
  0x000071e964fd92cc: e80f 3b51 

  0x000071e964fd92d0: ; ImmutableOopMap {rsi=Oop rdx=Oop rdi=Oop [168]=Oop [184]=Oop [216]=Oop }
                      ;*synchronization entry
                      ; - java.lang.invoke.Invokers::checkCustomized@-1
                      ; - java.lang.invoke.Invokers$Holder::invokeExact_MT@14
                      ; - jdk.internal.reflect.DirectMethodHandleAccessor::invokeImpl@41
                      ; - jdk.internal.reflect.DirectMethodHandleAccessor::invoke@23
  0x000071e964fd92d0: 07e9 6df6 

  0x000071e964fd92d4: ;   {metadata({method} {0x000071e94008fb80} 'isCompileConstant' '(Ljava/lang/Object;)Z' in 'java/lang/invoke/MethodHandleImpl')}
  0x000071e964fd92d4: ffff 49ba | 80fb 0840 | e971 0000 | 4c89 5424 | 0848 c704 | 24ff ffff 

  0x000071e964fd92ec: ;   {runtime_call C1 Runtime counter_overflow_blob}
  0x000071e964fd92ec: ffe8 ee3a 

  0x000071e964fd92f0: ; ImmutableOopMap {rsi=Oop rdx=Oop rdi=Oop [168]=Oop [184]=Oop [216]=Oop }
                      ;*synchronization entry
                      ; - java.lang.invoke.MethodHandleImpl::isCompileConstant@-1
                      ; - java.lang.invoke.Invokers::checkCustomized@1
                      ; - java.lang.invoke.Invokers$Holder::invokeExact_MT@14
                      ; - jdk.internal.reflect.DirectMethodHandleAccessor::invokeImpl@41
                      ; - jdk.internal.reflect.DirectMethodHandleAccessor::invoke@23
  0x000071e964fd92f0: 5107 e984 

  0x000071e964fd92f4: ;   {runtime_call C1 Runtime throw_null_pointer_exception_blob}
  0x000071e964fd92f4: f6ff ffe8 

  0x000071e964fd92f8: ; ImmutableOopMap {rsi=Oop rdx=Oop rdi=Oop [168]=Oop [184]=Oop [216]=Oop }
                      ;*getfield customized {reexecute=1 rethrow=0 return_oop=0}
                      ; - (reexecute) java.lang.invoke.Invokers::checkCustomized@12
                      ; - java.lang.invoke.Invokers$Holder::invokeExact_MT@14
                      ; - jdk.internal.reflect.DirectMethodHandleAccessor::invokeImpl@41
                      ; - jdk.internal.reflect.DirectMethodHandleAccessor::invoke@23
  0x000071e964fd92f8: e4e8 5007 

  0x000071e964fd92fc: ;   {internal_word}
  0x000071e964fd92fc: 49ba 0c8b | fd64 e971 | 0000 4d89 | 9738 0500 

  0x000071e964fd930c: ;   {runtime_call SafepointBlob}
  0x000071e964fd930c: 00e9 4e65 

  0x000071e964fd9310: ;   {runtime_call C1 Runtime throw_null_pointer_exception_blob}
  0x000071e964fd9310: 4407 e8c9 

  0x000071e964fd9314: ; ImmutableOopMap {rax=Oop [168]=Oop [184]=Oop [216]=Oop }
                      ;*athrow {reexecute=1 rethrow=0 return_oop=0}
                      ; - (reexecute) java.lang.invoke.Invokers::checkExactType@15
                      ; - java.lang.invoke.Invokers$Holder::invokeExact_MT@10
                      ; - jdk.internal.reflect.DirectMethodHandleAccessor::invokeImpl@41
                      ; - jdk.internal.reflect.DirectMethodHandleAccessor::invoke@23
                      ;   {runtime_call C1 Runtime throw_null_pointer_exception_blob}
  0x000071e964fd9314: e850 07e8 

  0x000071e964fd9318: ; ImmutableOopMap {rax=Oop [168]=Oop [184]=Oop [192]=Oop [200]=Oop [208]=Oop }
                      ;*athrow {reexecute=1 rethrow=0 return_oop=0}
                      ; - (reexecute) java.lang.invoke.Invokers::checkExactType@15
                      ; - java.lang.invoke.LambdaForm$MH/0x0000000031146c00::invokeExact_MT@11
                      ; - jdk.internal.reflect.DirectMethodHandleAccessor::invokeImpl@72
                      ; - jdk.internal.reflect.DirectMethodHandleAccessor::invoke@23
  0x000071e964fd9318: c4e8 5007 

  0x000071e964fd931c: ;   {metadata({method} {0x000071e940467238} 'isIllegalArgument' '(Ljava/lang/RuntimeException;)Z' in 'jdk/internal/reflect/DirectMethodHandleAccessor')}
  0x000071e964fd931c: 49ba 3872 | 4640 e971 | 0000 4c89 | 5424 0848 | c704 24ff 

  0x000071e964fd9330: ;   {runtime_call C1 Runtime counter_overflow_blob}
  0x000071e964fd9330: ffff ffe8 

  0x000071e964fd9334: ; ImmutableOopMap {rax=Oop }
                      ;*synchronization entry
                      ; - jdk.internal.reflect.DirectMethodHandleAccessor::isIllegalArgument@-1
                      ; - jdk.internal.reflect.DirectMethodHandleAccessor::invoke@58
  0x000071e964fd9334: a83a 5107 | e9c6 f8ff 

  0x000071e964fd933c: ;   {metadata({method} {0x000071e940467238} 'isIllegalArgument' '(Ljava/lang/RuntimeException;)Z' in 'jdk/internal/reflect/DirectMethodHandleAccessor')}
  0x000071e964fd933c: ff49 ba38 | 7246 40e9 | 7100 004c | 8954 2408 | 48c7 0424 | ffff ffff 

  0x000071e964fd9354: ;   {runtime_call C1 Runtime counter_overflow_blob}
  0x000071e964fd9354: e887 3a51 

  0x000071e964fd9358: ; ImmutableOopMap {rax=Oop }
                      ;*synchronization entry
                      ; - jdk.internal.reflect.DirectMethodHandleAccessor::isIllegalArgument@-1
                      ; - jdk.internal.reflect.DirectMethodHandleAccessor::invoke@30
  0x000071e964fd9358: 07e9 5cf9 

  0x000071e964fd935c: ;   {metadata(nullptr)}
  0x000071e964fd935c: ffff 48ba | 0000 0000 | 0000 0000 | b800 0f05 

  0x000071e964fd936c: ;   {runtime_call C1 Runtime load_klass_patching_blob}
  0x000071e964fd936c: 0ae8 6e2b 

  0x000071e964fd9370: ; ImmutableOopMap {}
                      ;*new {reexecute=1 rethrow=0 return_oop=0}
                      ; - (reexecute) jdk.internal.reflect.DirectMethodHandleAccessor::invoke@36
  0x000071e964fd9370: 5107 e999 | f9ff ff48 

  0x000071e964fd9378: ;   {runtime_call C1 Runtime fast_new_instance_blob}
  0x000071e964fd9378: 8bd2 e861 

  0x000071e964fd937c: ; ImmutableOopMap {}
                      ;*new {reexecute=0 rethrow=0 return_oop=0}
                      ; - jdk.internal.reflect.DirectMethodHandleAccessor::invoke@36
  0x000071e964fd937c: f150 07e9 | d7f9 ffff 

  0x000071e964fd9384: ;   {metadata(nullptr)}
  0x000071e964fd9384: 48ba 0000 | 0000 0000 | 0000 b800 

  0x000071e964fd9390: ;   {runtime_call C1 Runtime load_klass_patching_blob}
  0x000071e964fd9390: 0f05 0ae8 

  0x000071e964fd9394: ; ImmutableOopMap {rbx=Oop }
                      ;*new {reexecute=1 rethrow=0 return_oop=0}
                      ; - (reexecute) jdk.internal.reflect.DirectMethodHandleAccessor::invoke@46
  0x000071e964fd9394: 482b 5107 | e913 faff 

  0x000071e964fd939c: ;   {runtime_call C1 Runtime throw_null_pointer_exception_blob}
  0x000071e964fd939c: ffe8 3ee8 

  0x000071e964fd93a0: ; ImmutableOopMap {rbx=Oop }
                      ;*new {reexecute=0 rethrow=0 return_oop=0}
                      ; - jdk.internal.reflect.DirectMethodHandleAccessor::invoke@46
  0x000071e964fd93a0: 5007 488b 

  0x000071e964fd93a4: ;   {runtime_call C1 Runtime fast_new_instance_init_check_blob}
  0x000071e964fd93a4: d2e8 36f4 

  0x000071e964fd93a8: ; ImmutableOopMap {rbx=Oop }
                      ;*new {reexecute=0 rethrow=0 return_oop=0}
                      ; - jdk.internal.reflect.DirectMethodHandleAccessor::invoke@46
  0x000071e964fd93a8: 5007 e959 

  0x000071e964fd93ac: ;   {metadata(nullptr)}
  0x000071e964fd93ac: faff ff48 | ba00 0000 | 0000 0000 | 00b8 000f 

  0x000071e964fd93bc: ;   {runtime_call C1 Runtime load_klass_patching_blob}
  0x000071e964fd93bc: 050a e81d 

  0x000071e964fd93c0: ; ImmutableOopMap {[224]=Oop }
                      ;*new {reexecute=1 rethrow=0 return_oop=0}
                      ; - (reexecute) jdk.internal.reflect.DirectMethodHandleAccessor::invoke@64
  0x000071e964fd93c0: 2b51 07e9 | 88fa ffff 

  0x000071e964fd93c8: ;   {runtime_call C1 Runtime fast_new_instance_blob}
  0x000071e964fd93c8: 488b d2e8 

  0x000071e964fd93cc: ; ImmutableOopMap {[224]=Oop }
                      ;*new {reexecute=0 rethrow=0 return_oop=0}
                      ; - jdk.internal.reflect.DirectMethodHandleAccessor::invoke@64
  0x000071e964fd93cc: 10f1 5007 | e9c6 faff 

  0x000071e964fd93d4: ;   {metadata(nullptr)}
  0x000071e964fd93d4: ff48 ba00 | 0000 0000 | 0000 00b8 | 000f 050a 

  0x000071e964fd93e4: ;   {runtime_call C1 Runtime load_klass_patching_blob}
  0x000071e964fd93e4: e8f7 2a51 

  0x000071e964fd93e8: ; ImmutableOopMap {rbx=Oop }
                      ;*new {reexecute=1 rethrow=0 return_oop=0}
                      ; - (reexecute) jdk.internal.reflect.DirectMethodHandleAccessor::invoke@73
  0x000071e964fd93e8: 07e9 02fb 

  0x000071e964fd93ec: ;   {runtime_call C1 Runtime throw_null_pointer_exception_blob}
  0x000071e964fd93ec: ffff e8ed 

  0x000071e964fd93f0: ; ImmutableOopMap {rbx=Oop }
                      ;*new {reexecute=0 rethrow=0 return_oop=0}
                      ; - jdk.internal.reflect.DirectMethodHandleAccessor::invoke@73
  0x000071e964fd93f0: e750 0748 

  0x000071e964fd93f4: ;   {runtime_call C1 Runtime fast_new_instance_init_check_blob}
  0x000071e964fd93f4: 8bd2 e8e5 

  0x000071e964fd93f8: ; ImmutableOopMap {rbx=Oop }
                      ;*new {reexecute=0 rethrow=0 return_oop=0}
                      ; - jdk.internal.reflect.DirectMethodHandleAccessor::invoke@73
  0x000071e964fd93f8: f350 07e9 | 48fb ffff 

  0x000071e964fd9400: ;   {metadata('java/lang/reflect/InvocationTargetException')}
  0x000071e964fd9400: 48ba a85d | 0d31 0000 | 0000 b800 

  0x000071e964fd940c: ;   {runtime_call C1 Runtime load_klass_patching_blob}
  0x000071e964fd940c: 0f05 0ae8 

  0x000071e964fd9410: ; ImmutableOopMap {rbx=Oop }
                      ;*new {reexecute=1 rethrow=0 return_oop=0}
                      ; - (reexecute) jdk.internal.reflect.DirectMethodHandleAccessor::invoke@83
  0x000071e964fd9410: cc2a 5107 | e98f fbff 

  0x000071e964fd9418: ;   {runtime_call C1 Runtime throw_null_pointer_exception_blob}
  0x000071e964fd9418: ffe8 c2e7 

  0x000071e964fd941c: ; ImmutableOopMap {rbx=Oop }
                      ;*new {reexecute=0 rethrow=0 return_oop=0}
                      ; - jdk.internal.reflect.DirectMethodHandleAccessor::invoke@83
  0x000071e964fd941c: 5007 488b 

  0x000071e964fd9420: ;   {runtime_call C1 Runtime fast_new_instance_init_check_blob}
  0x000071e964fd9420: d2e8 baf3 

  0x000071e964fd9424: ; ImmutableOopMap {rbx=Oop }
                      ;*new {reexecute=0 rethrow=0 return_oop=0}
                      ; - jdk.internal.reflect.DirectMethodHandleAccessor::invoke@83
  0x000071e964fd9424: 5007 e9d5 | fbff ff49 | 8b87 e005 | 0000 49c7 | 87e0 0500 | 0000 0000 | 0049 c787 | e805 0000 
  0x000071e964fd9444: 0000 0000 | 4881 c420 | 0100 005d 

  0x000071e964fd9450: ;   {runtime_call C1 Runtime unwind_exception_blob}
  0x000071e964fd9450: e98b d850 | 07f4 f4f4 
[Stub Code]
  0x000071e964fd9458: ;   {other}
  0x000071e964fd9458: 0f1f 4400 

  0x000071e964fd945c: ;   {static_stub}
  0x000071e964fd945c: 0048 bb00 | 0000 0000 

  0x000071e964fd9464: ;   {runtime_call nmethod}
  0x000071e964fd9464: 0000 00e9 | fbff ffff 

  0x000071e964fd946c: ;   {static_stub}
  0x000071e964fd946c: 9048 bbb0 | 8a73 42e9 

  0x000071e964fd9474: ;   {runtime_call I2C/C2I adapters}
  0x000071e964fd9474: 7100 00e9 | 4a28 4407 

  0x000071e964fd947c: ;   {static_stub}
  0x000071e964fd947c: 9048 bb58 | 233c 40e9 

  0x000071e964fd9484: ;   {runtime_call I2C/C2I adapters}
  0x000071e964fd9484: 7100 00e9 | 3298 4307 

  0x000071e964fd948c: ;   {static_stub}
  0x000071e964fd948c: 9048 bb00 | 0000 0000 

  0x000071e964fd9494: ;   {runtime_call nmethod}
  0x000071e964fd9494: 0000 00e9 | fbff ffff 

  0x000071e964fd949c: ;   {static_stub}
  0x000071e964fd949c: 9048 bb00 | 0000 0000 

  0x000071e964fd94a4: ;   {runtime_call nmethod}
  0x000071e964fd94a4: 0000 00e9 | fbff ffff 

  0x000071e964fd94ac: ;   {static_stub}
  0x000071e964fd94ac: 9048 bb00 | 0000 0000 

  0x000071e964fd94b4: ;   {runtime_call nmethod}
  0x000071e964fd94b4: 0000 00e9 | fbff ffff 

  0x000071e964fd94bc: ;   {static_stub}
  0x000071e964fd94bc: 9048 bb00 | 0000 0000 

  0x000071e964fd94c4: ;   {runtime_call nmethod}
  0x000071e964fd94c4: 0000 00e9 | fbff ffff 

  0x000071e964fd94cc: ;   {static_stub}
  0x000071e964fd94cc: 9048 bbc0 | 6952 40e9 

  0x000071e964fd94d4: ;   {runtime_call I2C/C2I adapters}
  0x000071e964fd94d4: 7100 00e9 | 5ab5 4407 

  0x000071e964fd94dc: ;   {static_stub}
  0x000071e964fd94dc: 48bb 0000 | 0000 0000 

  0x000071e964fd94e4: ;   {runtime_call nmethod}
  0x000071e964fd94e4: 0000 e9fb 

  0x000071e964fd94e8: ;   {static_stub}
  0x000071e964fd94e8: ffff ff48 | bb00 0000 | 0000 0000 

  0x000071e964fd94f4: ;   {runtime_call nmethod}
  0x000071e964fd94f4: 00e9 fbff 

  0x000071e964fd94f8: ;   {static_stub}
  0x000071e964fd94f8: ffff 48bb | 0000 0000 | 0000 0000 

  0x000071e964fd9504: ;   {runtime_call nmethod}
  0x000071e964fd9504: e9fb ffff 

  0x000071e964fd9508: ;   {static_stub}
  0x000071e964fd9508: ff48 bb00 | 0000 0000 

  0x000071e964fd9510: ;   {runtime_call nmethod}
  0x000071e964fd9510: 0000 00e9 | fbff ffff 

  0x000071e964fd9518: ;   {static_stub}
  0x000071e964fd9518: 48bb 0000 | 0000 0000 

  0x000071e964fd9520: ;   {runtime_call nmethod}
  0x000071e964fd9520: 0000 e9fb 

  0x000071e964fd9524: ;   {static_stub}
  0x000071e964fd9524: ffff ff48 | bb00 0000 | 0000 0000 

  0x000071e964fd9530: ;   {runtime_call nmethod}
  0x000071e964fd9530: 00e9 fbff 

  0x000071e964fd9534: ;   {static_stub}
  0x000071e964fd9534: ffff 48bb | 0000 0000 | 0000 0000 

  0x000071e964fd9540: ;   {runtime_call nmethod}
  0x000071e964fd9540: e9fb ffff 

  0x000071e964fd9544: ;   {static_stub}
  0x000071e964fd9544: ff48 bbe0 | 7346 40e9 

  0x000071e964fd954c: ;   {runtime_call I2C/C2I adapters}
  0x000071e964fd954c: 7100 00e9 | 6188 4207 
[Exception Handler]
  0x000071e964fd9554: ;   {runtime_call C1 Runtime handle_exception_from_callee_blob}
  0x000071e964fd9554: e887 0451 

  0x000071e964fd9558: ;   {external_word}
  0x000071e964fd9558: 0748 bf3c | 77b6 7ee9 | 7100 0048 

  0x000071e964fd9564: ;   {runtime_call MacroAssembler::debug64(char*, long, long*)}
  0x000071e964fd9564: 83e4 f0e8 | 5410 5619 

  0x000071e964fd956c: ;   {section_word}
  0x000071e964fd956c: f449 ba6d | 95fd 64e9 | 7100 0041 

  0x000071e964fd9578: ;   {runtime_call DeoptimizationBlob}
  0x000071e964fd9578: 52e9 e265 

  0x000071e964fd957c: ;   {section_word}
  0x000071e964fd957c: 4407 49ba | 7e95 fd64 | e971 0000 

  0x000071e964fd9588: ;   {runtime_call DeoptimizationBlob}
  0x000071e964fd9588: 4152 e9d1 | 6544 07f4 
[/MachCode]


Compiled method (c1) 9867 1067       3       java.lang.reflect.Method::invoke (108 bytes)
 total in heap  [0x000071e964fd6f88,0x000071e964fd7778] = 2032
 main code      [0x000071e964fd7080,0x000071e964fd76e8] = 1640
 stub code      [0x000071e964fd76e8,0x000071e964fd7778] = 144
 mutable data [0x000071e9206b8150,0x000071e9206b8228] = 216
 relocation     [0x000071e9206b8150,0x000071e9206b8210] = 192
 metadata       [0x000071e9206b8210,0x000071e9206b8228] = 24
 immutable data [0x000071e9206b7f90,0x000071e9206b8148] = 440
 dependencies   [0x000071e9206b7f90,0x000071e9206b7f98] = 8
 nul chk table  [0x000071e9206b7f98,0x000071e9206b7fb8] = 32
 scopes pcs     [0x000071e9206b7fb8,0x000071e9206b8088] = 208
 scopes data    [0x000071e9206b8088,0x000071e9206b8148] = 192

[Constant Pool (empty)]

[MachCode]
[Instructions begin]
  0x000071e964fd7080: 660f 1f84 | 0000 0000 | 0066 0f1f | 8400 0000 | 0000 448b | 5608 443b 

  0x000071e964fd7098: ;   {runtime_call Shared Runtime ic_miss_blob}
  0x000071e964fd7098: 5008 0f85 | 4063 4407 
[Verified Entry Point]
  0x000071e964fd70a0: 8984 2400 | c0fe ff55 | 4881 ec80 | 0000 0090 | 4181 7f20 | 0700 0000 

  0x000071e964fd70b8: ;   {runtime_call Stub::method_entry_barrier}
  0x000071e964fd70b8: 7405 e861 | de42 0748 | 8974 2448 | 4889 5424 

  0x000071e964fd70c8: ;   {metadata(method data for {method} {0x000071e940066808} 'invoke' '(Ljava/lang/Object;[Ljava/lang/Object;)Ljava/lang/Object;' in 'java/lang/reflect/Method')}
  0x000071e964fd70c8: 5048 bf30 | 81bc 40e9 | 7100 008b | 9f90 0000 | 0083 c302 | 899f 9000 | 0000 81e3 | fe07 0000 
  0x000071e964fd70e8: 85db 0f84 | 4f05 0000 | 4889 4c24 | 5848 8bfe 

  0x000071e964fd70f8: ;   {metadata(method data for {method} {0x000071e940066808} 'invoke' '(Ljava/lang/Object;[Ljava/lang/Object;)Ljava/lang/Object;' in 'java/lang/reflect/Method')}
  0x000071e964fd70f8: 48bb 3081 | bc40 e971 | 0000 4883 | 83d8 0000 | 0001 488b | fe48 8bf7 | 0f1f 8000 

  0x000071e964fd7114: ;   {optimized virtual_call}
  0x000071e964fd7114: 0000 00e8 

  0x000071e964fd7118: ; ImmutableOopMap {[72]=Oop [80]=Oop [88]=Oop }
                      ;*invokevirtual isCallerSensitive {reexecute=0 rethrow=0 return_oop=0}
                      ; - java.lang.reflect.Method::invoke@1
  0x000071e964fd7118: 84f6 ffff 

  0x000071e964fd711c: ;   {post_call_nop}
  0x000071e964fd711c: 0f1f 8400 | 9401 0000 | 488b 7424 | 480f be7e 

  0x000071e964fd712c: ;   {metadata(method data for {method} {0x000071e940066808} 'invoke' '(Ljava/lang/Object;[Ljava/lang/Object;)Ljava/lang/Object;' in 'java/lang/reflect/Method')}
  0x000071e964fd712c: 0c85 ff48 | bf30 81bc | 40e9 7100 | 00bb 0801 | 0000 7405 | bb18 0100 | 0048 8b14 | 1f48 8d52 
  0x000071e964fd714c: 0148 8914 | 1f0f 843d | 0000 0085 

  0x000071e964fd7158: ;   {metadata(method data for {method} {0x000071e940066808} 'invoke' '(Ljava/lang/Object;[Ljava/lang/Object;)Ljava/lang/Object;' in 'java/lang/reflect/Method')}
  0x000071e964fd7158: c048 bf30 | 81bc 40e9 | 7100 00bb | 3801 0000 | 7505 bb28 | 0100 0048 | 8b14 1f48 | 8d52 0148 
  0x000071e964fd7178: 8914 1f0f | 8513 0000 

  0x000071e964fd7180: ;   {oop(nullptr)}
  0x000071e964fd7180: 0048 bf00 | 0000 0000 | 0000 0089 | 4424 60e9 | 3000 0000 | 8944 2460 

  0x000071e964fd7198: ;   {metadata(method data for {method} {0x000071e940066808} 'invoke' '(Ljava/lang/Object;[Ljava/lang/Object;)Ljava/lang/Object;' in 'java/lang/reflect/Method')}
  0x000071e964fd7198: 48bf 3081 | bc40 e971 | 0000 4883 | 8748 0100 | 0001 0f1f 

  0x000071e964fd71ac: ;   {static_call}
  0x000071e964fd71ac: 4400 00e8 

  0x000071e964fd71b0: ; ImmutableOopMap {[72]=Oop [80]=Oop [88]=Oop }
                      ;*invokestatic getCallerClass {reexecute=0 rethrow=0 return_oop=0}
                      ; - java.lang.reflect.Method::invoke@19
  0x000071e964fd71b0: 5c8c 9c07 

  0x000071e964fd71b4: ;   {post_call_nop}
  0x000071e964fd71b4: 0f1f 8400 | 2c02 0001 | 488b f848 | 8b74 2448 | 0fbe 560c 

  0x000071e964fd71c8: ;   {metadata(method data for {method} {0x000071e940066808} 'invoke' '(Ljava/lang/Object;[Ljava/lang/Object;)Ljava/lang/Object;' in 'java/lang/reflect/Method')}
  0x000071e964fd71c8: 85d2 48ba | 3081 bc40 | e971 0000 | b968 0100 | 0074 05b9 | 5801 0000 | 4c8b 040a | 4d8d 4001 
  0x000071e964fd71e8: 4c89 040a | 0f84 0a00 | 0000 4889 | 7c24 68e9 | 2502 0000 | 8b4e 1c44 

  0x000071e964fd7200: ;   {metadata(method data for {method} {0x000071e940066808} 'invoke' '(Ljava/lang/Object;[Ljava/lang/Object;)Ljava/lang/Object;' in 'java/lang/reflect/Method')}
  0x000071e964fd7200: 8b4e 5048 | ba30 81bc | 40e9 7100 | 0048 8382 | 7801 0000 

  0x000071e964fd7214: ;   {metadata(method data for {method} {0x000071e9402703b0} 'isStatic' '(I)Z' in 'java/lang/reflect/Modifier')}
  0x000071e964fd7214: 0148 ba78 | 0f8b 40e9 | 7100 0044 | 8b82 9000 | 0000 4183 | c002 4489 | 8290 0000 | 0041 81e0 
  0x000071e964fd7234: feff 1f00 | 4585 c00f | 841f 0400 | 0049 8bd1 | 83e2 0885 

  0x000071e964fd7248: ;   {metadata(method data for {method} {0x000071e9402703b0} 'isStatic' '(I)Z' in 'java/lang/reflect/Modifier')}
  0x000071e964fd7248: d248 ba78 | 0f8b 40e9 | 7100 0041 | b8d8 0000 | 0074 0641 | b8e8 0000 | 004a 8b1c | 0248 8d5b 
  0x000071e964fd7268: 014a 891c | 020f 841a 

  0x000071e964fd7270: ;   {metadata(method data for {method} {0x000071e9402703b0} 'isStatic' '(I)Z' in 'java/lang/reflect/Modifier')}
  0x000071e964fd7270: 0000 0048 | ba78 0f8b | 40e9 7100 | 00ff 82f8 | 0000 00ba | 0100 0000 | e905 0000 | 00ba 0000 
  0x000071e964fd7290: 0000 83e2 

  0x000071e964fd7294: ;   {metadata(method data for {method} {0x000071e940066808} 'invoke' '(Ljava/lang/Object;[Ljava/lang/Object;)Ljava/lang/Object;' in 'java/lang/reflect/Method')}
  0x000071e964fd7294: 0185 d248 | ba30 81bc | 40e9 7100 | 0041 b888 | 0100 0074 | 0641 b898 | 0100 004a | 8b1c 0248 
  0x000071e964fd72b4: 8d5b 014a | 891c 020f | 841f 0000 

  0x000071e964fd72c0: ;   {metadata(method data for {method} {0x000071e940066808} 'invoke' '(Ljava/lang/Object;[Ljava/lang/Object;)Ljava/lang/Object;' in 'java/lang/reflect/Method')}
  0x000071e964fd72c0: 0048 ba30 | 81bc 40e9 | 7100 00ff | 82a8 0100 

  0x000071e964fd72d0: ;   {oop(nullptr)}
  0x000071e964fd72d0: 0049 b800 | 0000 0000 | 0000 00e9 | 9a00 0000 | 488b 5424 | 5048 3b02 

  0x000071e964fd72e8: ;   {metadata(method data for {method} {0x000071e940066808} 'invoke' '(Ljava/lang/Object;[Ljava/lang/Object;)Ljava/lang/Object;' in 'java/lang/reflect/Method')}
  0x000071e964fd72e8: 4c8b c248 | bb30 81bc | 40e9 7100 | 0045 8b40 | 084c 3b83 | c801 0000 | 750d 4883 | 83d0 0100 
  0x000071e964fd7308: 0001 e960 | 0000 004c | 3b83 d801 | 0000 750d | 4883 83e0 | 0100 0001 | e94a 0000 | 0048 83bb 
  0x000071e964fd7328: c801 0000 | 0075 174c | 8983 c801 | 0000 48c7 | 83d0 0100 | 0001 0000 | 00e9 2900 | 0000 4883 
  0x000071e964fd7348: bbd8 0100 | 0000 7517 | 4c89 83d8 | 0100 0048 | c783 e001 | 0000 0100 | 0000 e908 | 0000 0048 
  0x000071e964fd7368: 8383 c001 | 0000 0144 | 8b42 084d | 8b40 704d | 8b00 488b 

  0x000071e964fd737c: ;   {metadata(method data for {method} {0x000071e940066808} 'invoke' '(Ljava/lang/Object;[Ljava/lang/Object;)Ljava/lang/Object;' in 'java/lang/reflect/Method')}
  0x000071e964fd737c: de48 b830 | 81bc 40e9 | 7100 008b | 5b08 483b | 98f8 0100 | 0075 0d48 | 8380 0002 | 0000 01e9 
  0x000071e964fd739c: 6000 0000 | 483b 9808 | 0200 0075 | 0d48 8380 | 1002 0000 | 01e9 4a00 | 0000 4883 | b8f8 0100 
  0x000071e964fd73bc: 0000 7517 | 4889 98f8 | 0100 0048 | c780 0002 | 0000 0100 | 0000 e929 | 0000 0048 | 83b8 0802 
  0x000071e964fd73dc: 0000 0075 | 1748 8998 | 0802 0000 | 48c7 8010 | 0200 0001 | 0000 00e9 | 0800 0000 | 4883 80f0 
  0x000071e964fd73fc: 0100 0001 | 488b d748 | 8bc6 488b | f048 897c 

  0x000071e964fd740c: ;   {optimized virtual_call}
  0x000071e964fd740c: 2468 90e8 

  0x000071e964fd7410: ; ImmutableOopMap {[72]=Oop [80]=Oop [88]=Oop [104]=Oop }
                      ;*invokevirtual checkAccess {reexecute=0 rethrow=0 return_oop=0}
                      ; - java.lang.reflect.Method::invoke@60
  0x000071e964fd7410: 0cac ffff 

  0x000071e964fd7414: ;   {post_call_nop}
  0x000071e964fd7414: 0f1f 8400 | 8c04 0002 | 488b 7424 | 488b 7e48 

  0x000071e964fd7424: ;   {metadata(method data for {method} {0x000071e940066808} 'invoke' '(Ljava/lang/Object;[Ljava/lang/Object;)Ljava/lang/Object;' in 'java/lang/reflect/Method')}
  0x000071e964fd7424: 4885 ff48 | bb30 81bc | 40e9 7100 | 00b8 2002 | 0000 7505 | b830 0200 | 0048 8b14 | 0348 8d52 
  0x000071e964fd7444: 0148 8914 | 030f 8528 | 0000 0048 

  0x000071e964fd7450: ;   {metadata(method data for {method} {0x000071e940066808} 'invoke' '(Ljava/lang/Object;[Ljava/lang/Object;)Ljava/lang/Object;' in 'java/lang/reflect/Method')}
  0x000071e964fd7450: 8bfe 48bb | 3081 bc40 | e971 0000 | 4883 8340 | 0200 0001 

  0x000071e964fd7464: ;   {optimized virtual_call}
  0x000071e964fd7464: 6666 90e8 

  0x000071e964fd7468: ; ImmutableOopMap {[80]=Oop [88]=Oop [104]=Oop }
                      ;*invokevirtual acquireMethodAccessor {reexecute=0 rethrow=0 return_oop=0}
                      ; - java.lang.reflect.Method::invoke@75
  0x000071e964fd7468: cd02 0000 

  0x000071e964fd746c: ;   {post_call_nop}
  0x000071e964fd746c: 0f1f 8400 | e404 0003 | 488b f88b | 4424 6085 

  0x000071e964fd747c: ;   {metadata(method data for {method} {0x000071e940066808} 'invoke' '(Ljava/lang/Object;[Ljava/lang/Object;)Ljava/lang/Object;' in 'java/lang/reflect/Method')}
  0x000071e964fd747c: c048 ba30 | 81bc 40e9 | 7100 00b9 | 7002 0000 | 7405 b980 | 0200 004c | 8b04 0a4d | 8d40 014c 
  0x000071e964fd749c: 8904 0a0f | 84da 0000 | 004c 8b44 | 2468 483b | 0748 8bd7 

  0x000071e964fd74b0: ;   {metadata(method data for {method} {0x000071e940066808} 'invoke' '(Ljava/lang/Object;[Ljava/lang/Object;)Ljava/lang/Object;' in 'java/lang/reflect/Method')}
  0x000071e964fd74b0: 48b9 3081 | bc40 e971 | 0000 8b52 | 0848 3b91 | 9802 0000 | 750d 4883 | 81a0 0200 | 0001 e960 
  0x000071e964fd74d0: 0000 0048 | 3b91 a802 | 0000 750d | 4883 81b0 | 0200 0001 | e94a 0000 | 0048 83b9 | 9802 0000 
  0x000071e964fd74f0: 0075 1748 | 8991 9802 | 0000 48c7 | 81a0 0200 | 0001 0000 | 00e9 2900 | 0000 4883 | b9a8 0200 
  0x000071e964fd7510: 0000 7517 | 4889 91a8 | 0200 0048 | c781 b002 | 0000 0100 | 0000 e908 | 0000 0048 | 8381 9002 
  0x000071e964fd7530: 0000 0148 | 8b54 2450 | 488b 4c24 | 5848 8bf7 | 0f1f 4400 | 0048 b8b0 | 836b 20e9 

  0x000071e964fd754c: ;   {virtual_call}
  0x000071e964fd754c: 7100 00e8 

  0x000071e964fd7550: ; ImmutableOopMap {}
                      ;*invokeinterface invoke {reexecute=0 rethrow=0 return_oop=0}
                      ; - java.lang.reflect.Method::invoke@90
  0x000071e964fd7550: 8c64 4407 

  0x000071e964fd7554: ;   {post_call_nop}
  0x000071e964fd7554: 0f1f 8400 | cc05 0004 

  0x000071e964fd755c: ;   {metadata(method data for {method} {0x000071e940066808} 'invoke' '(Ljava/lang/Object;[Ljava/lang/Object;)Ljava/lang/Object;' in 'java/lang/reflect/Method')}
  0x000071e964fd755c: 48ba 3081 | bc40 e971 | 0000 ff82 | c002 0000 | 4881 c480 | 0000 005d 

  0x000071e964fd7574: ;   {poll_return}
  0x000071e964fd7574: 493b 6728 | 0f87 0d01 | 0000 c348 | 8b4c 2458 | 488b 5424 | 5048 3b07 

  0x000071e964fd758c: ;   {metadata(method data for {method} {0x000071e940066808} 'invoke' '(Ljava/lang/Object;[Ljava/lang/Object;)Ljava/lang/Object;' in 'java/lang/reflect/Method')}
  0x000071e964fd758c: 488b f748 | bb30 81bc | 40e9 7100 | 008b 7608 | 483b b3e0 | 0200 0075 | 0d48 8383 | e802 0000 
  0x000071e964fd75ac: 01e9 6000 | 0000 483b | b3f0 0200 | 0075 0d48 | 8383 f802 | 0000 01e9 | 4a00 0000 | 4883 bbe0 
  0x000071e964fd75cc: 0200 0000 | 7517 4889 | b3e0 0200 | 0048 c783 | e802 0000 | 0100 0000 | e929 0000 | 0048 83bb 
  0x000071e964fd75ec: f002 0000 | 0075 1748 | 89b3 f002 | 0000 48c7 | 83f8 0200 | 0001 0000 | 00e9 0800 | 0000 4883 
  0x000071e964fd760c: 83d8 0200 | 0001 488b | f748 b8d8 | 836b 20e9 

  0x000071e964fd761c: ;   {virtual_call}
  0x000071e964fd761c: 7100 00e8 

  0x000071e964fd7620: ; ImmutableOopMap {}
                      ;*invokeinterface invoke {reexecute=0 rethrow=0 return_oop=0}
                      ; - java.lang.reflect.Method::invoke@102
  0x000071e964fd7620: 6e02 0000 

  0x000071e964fd7624: ;   {post_call_nop}
  0x000071e964fd7624: 0f1f 8400 | 9c06 0005 | 4881 c480 | 0000 005d 

  0x000071e964fd7634: ;   {poll_return}
  0x000071e964fd7634: 493b 6728 | 0f87 6800 

  0x000071e964fd763c: ;   {metadata({method} {0x000071e940066808} 'invoke' '(Ljava/lang/Object;[Ljava/lang/Object;)Ljava/lang/Object;' in 'java/lang/reflect/Method')}
  0x000071e964fd763c: 0000 c349 | ba08 6806 | 40e9 7100 | 004c 8954 | 2408 48c7 | 0424 ffff 

  0x000071e964fd7654: ;   {runtime_call C1 Runtime counter_overflow_blob}
  0x000071e964fd7654: ffff e885 

  0x000071e964fd7658: ; ImmutableOopMap {rsi=Oop rdx=Oop rcx=Oop [72]=Oop [80]=Oop }
                      ;*synchronization entry
                      ; - java.lang.reflect.Method::invoke@-1
  0x000071e964fd7658: 5751 07e9 | 90fa ffff 

  0x000071e964fd7660: ;   {metadata({method} {0x000071e9402703b0} 'isStatic' '(I)Z' in 'java/lang/reflect/Modifier')}
  0x000071e964fd7660: 49ba b003 | 2740 e971 | 0000 4c89 | 5424 0848 | c704 24ff 

  0x000071e964fd7674: ;   {runtime_call C1 Runtime counter_overflow_blob}
  0x000071e964fd7674: ffff ffe8 

  0x000071e964fd7678: ; ImmutableOopMap {rdi=Oop rsi=Oop rcx=Oop [72]=Oop [80]=Oop [88]=Oop }
                      ;*synchronization entry
                      ; - java.lang.reflect.Modifier::isStatic@-1
                      ; - java.lang.reflect.Method::invoke@42
  0x000071e964fd7678: 6457 5107 | e9c0 fbff 

  0x000071e964fd7680: ;   {runtime_call C1 Runtime throw_null_pointer_exception_blob}
  0x000071e964fd7680: ffe8 5a05 

  0x000071e964fd7684: ; ImmutableOopMap {rdi=Oop rsi=Oop rcx=Oop rdx=Oop [72]=Oop [80]=Oop [88]=Oop }
                      ;*invokevirtual getClass {reexecute=0 rethrow=0 return_oop=0}
                      ; - java.lang.reflect.Method::invoke@53
                      ;   {runtime_call C1 Runtime throw_null_pointer_exception_blob}
  0x000071e964fd7684: 5107 e855 

  0x000071e964fd7688: ; ImmutableOopMap {rdi=Oop r8=Oop [80]=Oop [88]=Oop }
                      ;*invokeinterface invoke {reexecute=0 rethrow=0 return_oop=0}
                      ; - java.lang.reflect.Method::invoke@90
                      ;   {internal_word}
  0x000071e964fd7688: 0551 0749 | ba74 75fd | 64e9 7100 | 004d 8997 | 3805 0000 

  0x000071e964fd769c: ;   {runtime_call SafepointBlob}
  0x000071e964fd769c: e9bf 8144 

  0x000071e964fd76a0: ;   {runtime_call C1 Runtime throw_null_pointer_exception_blob}
  0x000071e964fd76a0: 07e8 3a05 

  0x000071e964fd76a4: ; ImmutableOopMap {rdx=Oop rcx=Oop rdi=Oop [80]=Oop }
                      ;*invokeinterface invoke {reexecute=0 rethrow=0 return_oop=0}
                      ; - java.lang.reflect.Method::invoke@102
                      ;   {internal_word}
  0x000071e964fd76a4: 5107 49ba | 3476 fd64 | e971 0000 | 4d89 9738 

  0x000071e964fd76b4: ;   {runtime_call SafepointBlob}
  0x000071e964fd76b4: 0500 00e9 | a481 4407 | 498b 87e0 | 0500 0049 | c787 e005 | 0000 0000 | 0000 49c7 | 87e8 0500 
  0x000071e964fd76d4: 0000 0000 | 0048 81c4 | 8000 0000 

  0x000071e964fd76e0: ;   {runtime_call C1 Runtime unwind_exception_blob}
  0x000071e964fd76e0: 5de9 faf5 | 5007 f4f4 
[Stub Code]
  0x000071e964fd76e8: ;   {other}
  0x000071e964fd76e8: 0f1f 4400 

  0x000071e964fd76ec: ;   {static_stub}
  0x000071e964fd76ec: 0048 bb00 | 0000 0000 

  0x000071e964fd76f4: ;   {runtime_call nmethod}
  0x000071e964fd76f4: 0000 00e9 | fbff ffff 

  0x000071e964fd76fc: ;   {static_stub}
  0x000071e964fd76fc: 9048 bb00 | 0000 0000 

  0x000071e964fd7704: ;   {runtime_call nmethod}
  0x000071e964fd7704: 0000 00e9 | fbff ffff 

  0x000071e964fd770c: ;   {static_stub}
  0x000071e964fd770c: 48bb 0000 | 0000 0000 

  0x000071e964fd7714: ;   {runtime_call nmethod}
  0x000071e964fd7714: 0000 e9fb 

  0x000071e964fd7718: ;   {static_stub}
  0x000071e964fd7718: ffff ff48 | bb00 0000 | 0000 0000 

  0x000071e964fd7724: ;   {runtime_call nmethod}
  0x000071e964fd7724: 00e9 fbff 

  0x000071e964fd7728: ;   {static_stub}
  0x000071e964fd7728: ffff 48bb | 0000 0000 | 0000 0000 

  0x000071e964fd7734: ;   {runtime_call nmethod}
  0x000071e964fd7734: e9fb ffff 

  0x000071e964fd7738: ;   {static_stub}
  0x000071e964fd7738: ff48 bb20 | 6e06 40e9 

  0x000071e964fd7740: ;   {runtime_call I2C/C2I adapters}
  0x000071e964fd7740: 7100 00e9 | ea74 4407 
[Exception Handler]
  0x000071e964fd7748: ;   {runtime_call C1 Runtime handle_exception_from_callee_blob}
  0x000071e964fd7748: e893 2251 

  0x000071e964fd774c: ;   {external_word}
  0x000071e964fd774c: 0748 bf3c | 77b6 7ee9 | 7100 0048 

  0x000071e964fd7758: ;   {runtime_call MacroAssembler::debug64(char*, long, long*)}
  0x000071e964fd7758: 83e4 f0e8 | 602e 5619 

  0x000071e964fd7760: ;   {section_word}
  0x000071e964fd7760: f449 ba61 | 77fd 64e9 | 7100 0041 

  0x000071e964fd776c: ;   {runtime_call DeoptimizationBlob}
  0x000071e964fd776c: 52e9 ee83 | 4407 f4f4 | f4f4 f4f4 
[/MachCode]


Compiled method (c1) 9876  463       3       java.lang.invoke.DirectMethodHandle$Holder::invokeStatic (15 bytes)
 total in heap  [0x000071e964f18088,0x000071e964f18548] = 1216
 main code      [0x000071e964f18180,0x000071e964f184f8] = 888
 stub code      [0x000071e964f184f8,0x000071e964f18548] = 80
 mutable data [0x000071e9200cc2c0,0x000071e9200cc330] = 112
 relocation     [0x000071e9200cc2c0,0x000071e9200cc320] = 96
 metadata       [0x000071e9200cc320,0x000071e9200cc330] = 16
 immutable data [0x000071e9200cc1e0,0x000071e9200cc2b0] = 208
 dependencies   [0x000071e9200cc1e0,0x000071e9200cc1e8] = 8
 nul chk table  [0x000071e9200cc1e8,0x000071e9200cc1f8] = 16
 scopes pcs     [0x000071e9200cc1f8,0x000071e9200cc268] = 112
 scopes data    [0x000071e9200cc268,0x000071e9200cc2b0] = 72

[Constant Pool (empty)]

[MachCode]
[Verified Entry Point]
  # {method} {0x000071e9403579a0} 'invokeStatic' '(Ljava/lang/Object;Ljava/lang/Object;Ljava/lang/Object;)Ljava/lang/Object;' in 'java/lang/invoke/DirectMethodHandle$Holder'
  # parm0:    rsi:rsi   = 'java/lang/Object'
  # parm1:    rdx:rdx   = 'java/lang/Object'
  # parm2:    rcx:rcx   = 'java/lang/Object'
  #           [sp+0x50]  (sp of caller)
  0x000071e964f18180: e9db e04b | 07fe ff55 | 4883 ec40 | 4181 7f20 | 0700 0000 

  0x000071e964f18194: ;   {runtime_call Stub::method_entry_barrier}
  0x000071e964f18194: 7405 e885 

  0x000071e964f18198: ;   {metadata(method data for {method} {0x000071e9403579a0} 'invokeStatic' '(Ljava/lang/Object;Ljava/lang/Object;Ljava/lang/Object;)Ljava/lang/Object;' in 'java/lang/invoke/DirectMethodHandle$Holder')}
  0x000071e964f18198: cd4e 0748 | bf10 9e8c | 40e9 7100 | 0048 8dbf | e001 0000 | 4885 f675 | 0cf6 0701 | 7522 f048 
  0x000071e964f181b8: 830f 01eb | 1b8b 5e08 | 4c8b d348 | 331f 48f7 | c3fc ffff | ff74 09f6 | c302 7504 | 4883 0f02 
  0x000071e964f181d8: 4885 d275 | 0ef6 4710 | 0175 25f0 | 4883 4f10 | 01eb 1d8b | 5a08 4c8b | d348 335f | 1048 f7c3 
  0x000071e964f181f8: fcff ffff | 740a f6c3 | 0275 0548 | 834f 1002 

  0x000071e964f18208: ;   {metadata(method data for {method} {0x000071e9403579a0} 'invokeStatic' '(Ljava/lang/Object;Ljava/lang/Object;Ljava/lang/Object;)Ljava/lang/Object;' in 'java/lang/invoke/DirectMethodHandle$Holder')}
  0x000071e964f18208: 48bf 109e | 8c40 e971 | 0000 8b9f | 9000 0000 | 83c3 0289 | 9f90 0000 | 0081 e3fe | 0700 0085 
  0x000071e964f18228: db0f 843b 

  0x000071e964f1822c: ;   {metadata(method data for {method} {0x000071e9403579a0} 'invokeStatic' '(Ljava/lang/Object;Ljava/lang/Object;Ljava/lang/Object;)Ljava/lang/Object;' in 'java/lang/invoke/DirectMethodHandle$Holder')}
  0x000071e964f1822c: 0200 0048 | bf10 9e8c | 40e9 7100 | 0048 8dbf | e800 0000 | 4885 f675 | 0ef6 4708 | 0175 25f0 
  0x000071e964f1824c: 4883 4f08 | 01eb 1d8b | 5e08 4c8b | d348 335f | 0848 f7c3 | fcff ffff | 740a f6c3 | 0275 0548 
  0x000071e964f1826c: 834f 0802 

  0x000071e964f18270: ;   {metadata(method data for {method} {0x000071e9403579a0} 'invokeStatic' '(Ljava/lang/Object;Ljava/lang/Object;Ljava/lang/Object;)Ljava/lang/Object;' in 'java/lang/invoke/DirectMethodHandle$Holder')}
  0x000071e964f18270: 48bf 109e | 8c40 e971 | 0000 4883 | 87d8 0000 

  0x000071e964f18280: ;   {metadata(method data for {method} {0x000071e940079a70} 'internalMemberName' '(Ljava/lang/Object;)Ljava/lang/Object;' in 'java/lang/invoke/DirectMethodHandle')}
  0x000071e964f18280: 0001 48bf | 50ff 8a40 | e971 0000 | 8b9f 9000 | 0000 83c3 | 0289 9f90 | 0000 0081 | e3fe ff1f 
  0x000071e964f182a0: 0085 db0f | 84e2 0100 | 0048 85f6 

  0x000071e964f182ac: ;   {metadata(method data for {method} {0x000071e940079a70} 'internalMemberName' '(Ljava/lang/Object;)Ljava/lang/Object;' in 'java/lang/invoke/DirectMethodHandle')}
  0x000071e964f182ac: 48bb 50ff | 8a40 e971 | 0000 750c | 808b d100 | 0000 01e9 | 9500 0000 | 8b46 0848 | 3b83 e000 
  0x000071e964f182cc: 0000 750d | 4883 83e8 | 0000 0001 | e960 0000 | 0048 3b83 | f000 0000 | 750d 4883 | 83f8 0000 
  0x000071e964f182ec: 0001 e94a | 0000 0048 | 83bb e000 | 0000 0075 | 1748 8983 | e000 0000 | 48c7 83e8 | 0000 0001 
  0x000071e964f1830c: 0000 00e9 | 2900 0000 | 4883 bbf0 | 0000 0000 | 7517 4889 | 83f0 0000 | 0048 c783 | f800 0000 
  0x000071e964f1832c: 0100 0000 | e908 0000 | 0048 8383 | d800 0000 

  0x000071e964f1833c: ;   {metadata('java/lang/invoke/DirectMethodHandle')}
  0x000071e964f1833c: 0148 b850 | cb00 3100 | 0000 008b | 5e08 483b | 4340 0f85 | 5801 0000 | e900 0000 | 008b 7e20 
  0x000071e964f1835c: ;   {metadata(method data for {method} {0x000071e9403579a0} 'invokeStatic' '(Ljava/lang/Object;Ljava/lang/Object;Ljava/lang/Object;)Ljava/lang/Object;' in 'java/lang/invoke/DirectMethodHandle$Holder')}
  0x000071e964f1835c: 48be 109e | 8c40 e971 | 0000 488d | b6f8 0000 | 0048 85ff | 750a f606 | 0175 05f0 | 4883 0e01 
  0x000071e964f1837c: ;   {metadata(method data for {method} {0x000071e9403579a0} 'invokeStatic' '(Ljava/lang/Object;Ljava/lang/Object;Ljava/lang/Object;)Ljava/lang/Object;' in 'java/lang/invoke/DirectMethodHandle$Holder')}
  0x000071e964f1837c: 48be 109e | 8c40 e971 | 0000 488d | b648 0100 | 0048 85d2 | 750e f646 | 0801 7525 | f048 834e 
  0x000071e964f1839c: 0801 eb1d | 8b5a 084c | 8bd3 4833 | 5e08 48f7 | c3fc ffff | ff74 0af6 | c302 7505 | 4883 4e08 
  0x000071e964f183bc: 0248 85c9 | 750e f646 | 1801 7525 | f048 834e | 1801 eb1d | 8b59 084c | 8bd3 4833 | 5e18 48f7 
  0x000071e964f183dc: c3fc ffff | ff74 0af6 | c302 7505 | 4883 4e18 

  0x000071e964f183ec: ;   {metadata(method data for {method} {0x000071e9403579a0} 'invokeStatic' '(Ljava/lang/Object;Ljava/lang/Object;Ljava/lang/Object;)Ljava/lang/Object;' in 'java/lang/invoke/DirectMethodHandle$Holder')}
  0x000071e964f183ec: 0248 be10 | 9e8c 40e9 | 7100 0048 | 8386 3801 | 0000 0148 | 8bf2 488b | d148 8bcf | 0f1f 8000 
  0x000071e964f1840c: ;   {static_call}
  0x000071e964f1840c: 0000 00e8 

  0x000071e964f18410: ; ImmutableOopMap {}
                      ;*invokestatic linkToStatic {reexecute=0 rethrow=0 return_oop=0}
                      ; - java.lang.invoke.DirectMethodHandle$Holder::invokeStatic@11
  0x000071e964f18410: 6ca9 a407 

  0x000071e964f18414: ;   {post_call_nop}
  0x000071e964f18414: 0f1f 8400 | 8c03 0000 

  0x000071e964f1841c: ;   {metadata(method data for {method} {0x000071e9403579a0} 'invokeStatic' '(Ljava/lang/Object;Ljava/lang/Object;Ljava/lang/Object;)Ljava/lang/Object;' in 'java/lang/invoke/DirectMethodHandle$Holder')}
  0x000071e964f1841c: 48be 109e | 8c40 e971 | 0000 488d | b668 0100 | 0048 85c0 | 750c f606 | 0175 23f0 | 4883 0e01 
  0x000071e964f1843c: eb1c 8b78 | 084c 8bd7 | 4833 3e48 | f7c7 fcff | ffff 740a | 40f6 c702 | 7504 4883 | 0e02 4883 
  0x000071e964f1845c: ;   {poll_return}
  0x000071e964f1845c: c440 5d49 | 3b67 280f | 8751 0000 

  0x000071e964f18468: ;   {metadata({method} {0x000071e9403579a0} 'invokeStatic' '(Ljava/lang/Object;Ljava/lang/Object;Ljava/lang/Object;)Ljava/lang/Object;' in 'java/lang/invoke/DirectMethodHandle$Holder')}
  0x000071e964f18468: 00c3 49ba | a079 3540 | e971 0000 | 4c89 5424 | 0848 c704 | 24ff ffff 

  0x000071e964f18480: ;   {runtime_call C1 Runtime counter_overflow_blob}
  0x000071e964f18480: ffe8 5a49 

  0x000071e964f18484: ; ImmutableOopMap {rsi=Oop rdx=Oop rcx=Oop }
                      ;*synchronization entry
                      ; - java.lang.invoke.DirectMethodHandle$Holder::invokeStatic@-1
  0x000071e964f18484: 5d07 e9a4 

  0x000071e964f18488: ;   {metadata({method} {0x000071e940079a70} 'internalMemberName' '(Ljava/lang/Object;)Ljava/lang/Object;' in 'java/lang/invoke/DirectMethodHandle')}
  0x000071e964f18488: fdff ff49 | ba70 9a07 | 40e9 7100 | 004c 8954 | 2408 48c7 | 0424 ffff 

  0x000071e964f184a0: ;   {runtime_call C1 Runtime counter_overflow_blob}
  0x000071e964f184a0: ffff e839 

  0x000071e964f184a4: ; ImmutableOopMap {rsi=Oop rdx=Oop rcx=Oop }
                      ;*synchronization entry
                      ; - java.lang.invoke.DirectMethodHandle::internalMemberName@-1
                      ; - java.lang.invoke.DirectMethodHandle$Holder::invokeStatic@1
  0x000071e964f184a4: 495d 07e9 | fdfd ffff | 4889 3424 

  0x000071e964f184b0: ;   {runtime_call C1 Runtime throw_class_cast_exception_blob}
  0x000071e964f184b0: e82b 1b5d 

  0x000071e964f184b4: ; ImmutableOopMap {rdx=Oop rcx=Oop }
                      ;*checkcast {reexecute=0 rethrow=0 return_oop=0}
                      ; - java.lang.invoke.DirectMethodHandle::internalMemberName@1
                      ; - java.lang.invoke.DirectMethodHandle$Holder::invokeStatic@1
                      ;   {runtime_call C1 Runtime throw_null_pointer_exception_blob}
  0x000071e964f184b4: 07e8 26f7 

  0x000071e964f184b8: ; ImmutableOopMap {rdx=Oop rcx=Oop }
                      ;*getfield member {reexecute=1 rethrow=0 return_oop=0}
                      ; - (reexecute) java.lang.invoke.DirectMethodHandle::internalMemberName@4
                      ; - java.lang.invoke.DirectMethodHandle$Holder::invokeStatic@1
                      ;   {internal_word}
  0x000071e964f184b8: 5c07 49ba | 5f84 f164 | e971 0000 | 4d89 9738 

  0x000071e964f184c8: ;   {runtime_call SafepointBlob}
  0x000071e964f184c8: 0500 00e9 | 9073 5007 | 498b 87e0 | 0500 0049 | c787 e005 | 0000 0000 | 0000 49c7 | 87e8 0500 
  0x000071e964f184e8: 0000 0000 | 0048 83c4 

  0x000071e964f184f0: ;   {runtime_call C1 Runtime unwind_exception_blob}
  0x000071e964f184f0: 405d e9e9 | e75c 07f4 
[Stub Code]
  0x000071e964f184f8: ;   {static_stub}
  0x000071e964f184f8: 48bb 0000 | 0000 0000 

  0x000071e964f18500: ;   {runtime_call nmethod}
  0x000071e964f18500: 0000 e9fb 

  0x000071e964f18504: ;   {runtime_call C1 Runtime handle_exception_from_callee_blob}
  0x000071e964f18504: ffff ffe8 | d414 5d07 

  0x000071e964f1850c: ;   {external_word}
  0x000071e964f1850c: 48bf 3c77 | b67e e971 | 0000 4883 

  0x000071e964f18518: ;   {runtime_call MacroAssembler::debug64(char*, long, long*)}
  0x000071e964f18518: e4f0 e8a1 | 2062 19f4 
[Deopt Handler Code]
  0x000071e964f18520: ;   {section_word}
  0x000071e964f18520: 49ba 2085 | f164 e971 | 0000 4152 

  0x000071e964f1852c: ;   {runtime_call DeoptimizationBlob}
  0x000071e964f1852c: e92f 7650 

  0x000071e964f18530: ;   {section_word}
  0x000071e964f18530: 0749 ba31 | 85f1 64e9 | 7100 0041 

  0x000071e964f1853c: ;   {runtime_call DeoptimizationBlob}
  0x000071e964f1853c: 52e9 1e76 | 5007 f4f4 | f4f4 f4f4 
[/MachCode]


---------------  P R O C E S S  ---------------

Threads class SMR info:
_java_thread_list=0x000071e810014ac0, length=46, elements={
0x000071e97802e560, 0x000071e978149190, 0x000071e97814a940, 0x000071e97814c370,
0x000071e97814dbc0, 0x000071e97814f370, 0x000071e9781510a0, 0x000071e9781529c0,
0x000071e9781f68a0, 0x000071e9781f9040, 0x000071e9788c2f10, 0x000071e8e8006290,
0x000071e9788c42c0, 0x000071e9788c58a0, 0x000071e9788c6170, 0x000071e9788c76c0,
0x000071e9788d4100, 0x000071e97890c160, 0x000071e97890d4e0, 0x000071e97891a050,
0x000071e8d40054b0, 0x000071e8cc001130, 0x000071e8d40068c0, 0x000071e8d40079f0,
0x000071e8d4008ec0, 0x000071e8d400a390, 0x000071e978b635a0, 0x000071e8c80226b0,
0x000071e8c84df5e0, 0x000071e978a589d0, 0x000071e8d0054290, 0x000071e978b33da0,
0x000071e978bf2630, 0x000071e978bf3610, 0x000071e978d30cc0, 0x000071e85c01f2b0,
0x000071e84c002660, 0x000071e978f31a80, 0x000071e978f35820, 0x000071e85c020120,
0x000071e9791ac840, 0x000071e824004d50, 0x000071e92083af90, 0x000071e97869e020,
0x000071e8100119f0, 0x000071e8100138f0
}

Java Threads: ( => current thread )
=>0x000071e97802e560 JavaThread "main"                              [_thread_in_native, id=96715, stack(0x000071e97d5c8000,0x000071e97d6c8000) (1024K)]
  0x000071e978149190 JavaThread "Reference Handler"          daemon [_thread_blocked, id=96727, stack(0x000071e960d00000,0x000071e960e00000) (1024K)]
  0x000071e97814a940 JavaThread "Finalizer"                  daemon [_thread_blocked, id=96728, stack(0x000071e960c00000,0x000071e960d00000) (1024K)]
  0x000071e97814c370 JavaThread "Signal Dispatcher"          daemon [_thread_blocked, id=96729, stack(0x000071e960b00000,0x000071e960c00000) (1024K)]
  0x000071e97814dbc0 JavaThread "Service Thread"             daemon [_thread_blocked, id=96730, stack(0x000071e960a00000,0x000071e960b00000) (1024K)]
  0x000071e97814f370 JavaThread "Monitor Deflation Thread"   daemon [_thread_blocked, id=96731, stack(0x000071e960900000,0x000071e960a00000) (1024K)]
  0x000071e9781510a0 JavaThread "C2 CompilerThread0"         daemon [_thread_blocked, id=96732, stack(0x000071e960800000,0x000071e960900000) (1024K)]
  0x000071e9781529c0 JavaThread "C1 CompilerThread0"         daemon [_thread_blocked, id=96733, stack(0x000071e960700000,0x000071e960800000) (1024K)]
  0x000071e9781f68a0 JavaThread "Notification Thread"        daemon [_thread_blocked, id=96734, stack(0x000071e960600000,0x000071e960700000) (1024K)]
  0x000071e9781f9040 JavaThread "Common-Cleaner"             daemon [_thread_blocked, id=96735, stack(0x000071e960500000,0x000071e960600000) (1024K)]
  0x000071e9788c2f10 JavaThread "Equinox resolver thread - Equinox Container: aeb84455-c66b-432b-b947-41ce59c06152" daemon [_thread_blocked, id=96772, stack(0x000071e90a3fc000,0x000071e90a5fd000) (2052K)]
  0x000071e8e8006290 JavaThread "Equinox resolver thread - Equinox Container: aeb84455-c66b-432b-b947-41ce59c06152" daemon [_thread_blocked, id=96773, stack(0x000071e90a5fd000,0x000071e90a7fe000) (2052K)]
  0x000071e9788c42c0 JavaThread "Equinox resolver thread - Equinox Container: aeb84455-c66b-432b-b947-41ce59c06152" daemon [_thread_blocked, id=96774, stack(0x000071e909df9000,0x000071e909ffa000) (2052K)]
  0x000071e9788c58a0 JavaThread "Equinox resolver thread - Equinox Container: aeb84455-c66b-432b-b947-41ce59c06152" daemon [_thread_blocked, id=96775, stack(0x000071e909bf8000,0x000071e909df9000) (2052K)]
  0x000071e9788c6170 JavaThread "Equinox resolver thread - Equinox Container: aeb84455-c66b-432b-b947-41ce59c06152" daemon [_thread_blocked, id=96776, stack(0x000071e9093f4000,0x000071e9095f5000) (2052K)]
  0x000071e9788c76c0 JavaThread "Equinox resolver thread - Equinox Container: aeb84455-c66b-432b-b947-41ce59c06152" daemon [_thread_blocked, id=96777, stack(0x000071e9089ef000,0x000071e908bf0000) (2052K)]
  0x000071e9788d4100 JavaThread "Active Thread: Equinox Container: aeb84455-c66b-432b-b947-41ce59c06152"        [_thread_blocked, id=96778, stack(0x000071e908bf0000,0x000071e908df1000) (2052K)]
  0x000071e97890c160 JavaThread "Framework Event Dispatcher: Equinox Container: aeb84455-c66b-432b-b947-41ce59c06152" daemon [_thread_blocked, id=96779, stack(0x000071e9095f5000,0x000071e9097f6000) (2052K)]
  0x000071e97890d4e0 JavaThread "Start Level: Equinox Container: aeb84455-c66b-432b-b947-41ce59c06152" daemon [_thread_blocked, id=96780, stack(0x000071e9091f3000,0x000071e9093f4000) (2052K)]
  0x000071e97891a050 JavaThread "Refresh Thread: Equinox Container: aeb84455-c66b-432b-b947-41ce59c06152" daemon [_thread_blocked, id=96781, stack(0x000071e9099f7000,0x000071e909bf8000) (2052K)]
  0x000071e8d40054b0 JavaThread "Equinox resolver thread - Equinox Container: aeb84455-c66b-432b-b947-41ce59c06152" daemon [_thread_blocked, id=96782, stack(0x000071e9097f6000,0x000071e9099f7000) (2052K)]
  0x000071e8cc001130 JavaThread "Equinox resolver thread - Equinox Container: aeb84455-c66b-432b-b947-41ce59c06152" daemon [_thread_blocked, id=96783, stack(0x000071e909ffa000,0x000071e90a1fb000) (2052K)]
  0x000071e8d40068c0 JavaThread "Equinox resolver thread - Equinox Container: aeb84455-c66b-432b-b947-41ce59c06152" daemon [_thread_blocked, id=96784, stack(0x000071e908df1000,0x000071e908ff2000) (2052K)]
  0x000071e8d40079f0 JavaThread "Equinox resolver thread - Equinox Container: aeb84455-c66b-432b-b947-41ce59c06152" daemon [_thread_blocked, id=96785, stack(0x000071e9086df000,0x000071e9087df000) (1024K)]
  0x000071e8d4008ec0 JavaThread "Equinox resolver thread - Equinox Container: aeb84455-c66b-432b-b947-41ce59c06152" daemon [_thread_blocked, id=96786, stack(0x000071e9085df000,0x000071e9086df000) (1024K)]
  0x000071e8d400a390 JavaThread "Equinox resolver thread - Equinox Container: aeb84455-c66b-432b-b947-41ce59c06152" daemon [_thread_blocked, id=96787, stack(0x000071e9084df000,0x000071e9085df000) (1024K)]
  0x000071e978b635a0 JavaThread "Bundle File Closer"         daemon [_thread_blocked, id=96797, stack(0x000071e908ff2000,0x000071e9091f3000) (2052K)]
  0x000071e8c80226b0 JavaThread "SCR Component Actor"        daemon [_thread_blocked, id=96810, stack(0x000071e8db5f9000,0x000071e8db6f9000) (1024K)]
  0x000071e8c84df5e0 JavaThread "EMF Reference Cleaner"      daemon [_thread_blocked, id=96811, stack(0x000071e8db4f9000,0x000071e8db5f9000) (1024K)]
  0x000071e978a589d0 JavaThread "Gogo shell"                        [_thread_blocked, id=96812, stack(0x000071e8db3f9000,0x000071e8db4f9000) (1024K)]
  0x000071e8d0054290 JavaThread "Worker-JM"                         [_thread_blocked, id=96815, stack(0x000071e8db1f9000,0x000071e8db2f9000) (1024K)]
  0x000071e978b33da0 JavaThread "Worker-0"                          [_thread_blocked, id=96816, stack(0x000071e8db2f9000,0x000071e8db3f9000) (1024K)]
  0x000071e978bf2630 JavaThread "Java2D Disposer"            daemon [_thread_blocked, id=96817, stack(0x000071e8dad86000,0x000071e8dae86000) (1024K)]
  0x000071e978bf3610 JavaThread "AWT-XAWT"                   daemon [_thread_in_native, id=96818, stack(0x000071e8dac86000,0x000071e8dad86000) (1024K)]
  0x000071e978d30cc0 JavaThread "Database navigator events processor"        [_thread_blocked, id=96820, stack(0x000071e8db8fb000,0x000071e8db9fb000) (1024K)]
  0x000071e85c01f2b0 JavaThread "Worker-2"                          [_thread_blocked, id=96822, stack(0x000071e8da900000,0x000071e8daa00000) (1024K)]
  0x000071e84c002660 JavaThread "Worker-3"                          [_thread_blocked, id=96949, stack(0x000071e8d8af1000,0x000071e8d8cf2000) (2052K)]
  0x000071e978f31a80 JavaThread "idle-timeout-task"          daemon [_thread_blocked, id=96951, stack(0x000071e8d98f8000,0x000071e8d9af9000) (2052K)]
  0x000071e978f35820 JavaThread "HTTP-Dispatcher"                   [_thread_in_native, id=96952, stack(0x000071e8d90f4000,0x000071e8d92f5000) (2052K)]
  0x000071e85c020120 JavaThread "Worker-4"                          [_thread_blocked, id=96953, stack(0x000071e8d94f6000,0x000071e8d96f7000) (2052K)]
  0x000071e9791ac840 JavaThread "SWTResourceTracker"         daemon [_thread_blocked, id=96954, stack(0x000071e8da4fe000,0x000071e8da6ff000) (2052K)]
  0x000071e824004d50 JavaThread "Worker-5"                          [_thread_blocked, id=96969, stack(0x000071e8d8059000,0x000071e8d825a000) (2052K)]
  0x000071e92083af90 JavaThread "C2 CompilerThread1"         daemon [_thread_blocked, id=96986, stack(0x000071e8db9fb000,0x000071e8dbafb000) (1024K)]
  0x000071e97869e020 JavaThread "EventAdmin Async Event Dispatcher Thread" daemon [_thread_blocked, id=97003, stack(0x000071e8d9af9000,0x000071e8d9cfa000) (2052K)]
  0x000071e8100119f0 JavaThread "pool-2-thread-1"                   [_thread_blocked, id=97004, stack(0x000071e82bc54000,0x000071e82be55000) (2052K)]
  0x000071e8100138f0 JavaThread "pool-3-thread-1"                   [_thread_blocked, id=97005, stack(0x000071e8da0fc000,0x000071e8da2fd000) (2052K)]
Total: 46

Other Threads:
  0x000071e978113510 VMThread "VM Thread"                           [id=96722, stack(0x000071e9610f4000,0x000071e9611f4000) (1024K)]
  0x000071e9780d78f0 WatcherThread "VM Periodic Task Thread"        [id=96721, stack(0x000071e9611f5000,0x000071e9612f5000) (1024K)]
  0x000071e978071b30 WorkerThread "GC Thread#0"                     [id=96716, stack(0x000071e97c85c000,0x000071e97c95c000) (1024K)]
  0x000071e948008500 WorkerThread "GC Thread#1"                     [id=96788, stack(0x000071e9083df000,0x000071e9084df000) (1024K)]
  0x000071e9480092b0 WorkerThread "GC Thread#2"                     [id=96789, stack(0x000071e9082de000,0x000071e9083de000) (1024K)]
  0x000071e94800a460 WorkerThread "GC Thread#3"                     [id=96790, stack(0x000071e9081dd000,0x000071e9082dd000) (1024K)]
  0x000071e948010750 WorkerThread "GC Thread#4"                     [id=96791, stack(0x000071e9080dc000,0x000071e9081dc000) (1024K)]
  0x000071e948011370 WorkerThread "GC Thread#5"                     [id=96792, stack(0x000071e8dbf00000,0x000071e8dc000000) (1024K)]
  0x000071e948012120 WorkerThread "GC Thread#6"                     [id=96793, stack(0x000071e8dbdff000,0x000071e8dbeff000) (1024K)]
  0x000071e948012ed0 WorkerThread "GC Thread#7"                     [id=96794, stack(0x000071e8dbcfe000,0x000071e8dbdfe000) (1024K)]
  0x000071e9480140a0 WorkerThread "GC Thread#8"                     [id=96795, stack(0x000071e8dbbfd000,0x000071e8dbcfd000) (1024K)]
  0x000071e948015290 WorkerThread "GC Thread#9"                     [id=96796, stack(0x000071e8dbafc000,0x000071e8dbbfc000) (1024K)]
  0x000071e97807f3e0 ConcurrentGCThread "G1 Main Marker"            [id=96717, stack(0x000071e97c300000,0x000071e97c400000) (1024K)]
  0x000071e9780805b0 WorkerThread "G1 Conc#0"                       [id=96718, stack(0x000071e97c1ff000,0x000071e97c2ff000) (1024K)]
  0x000071e954000ce0 WorkerThread "G1 Conc#1"                       [id=96808, stack(0x000071e8db7fb000,0x000071e8db8fb000) (1024K)]
  0x000071e954001a70 WorkerThread "G1 Conc#2"                       [id=96809, stack(0x000071e8db6fa000,0x000071e8db7fa000) (1024K)]
  0x000071e9780ca5f0 ConcurrentGCThread "G1 Refine#0"               [id=96719, stack(0x000071e9613f7000,0x000071e9614f7000) (1024K)]
  0x000071e9780cb7e0 ConcurrentGCThread "G1 Service"                [id=96720, stack(0x000071e9612f6000,0x000071e9613f6000) (1024K)]
Total: 18

Threads with active compile tasks:
Total: 0

VM state: not at safepoint (normal execution)

VM Mutex/Monitor currently owned by a thread: None

Heap address: 0x00000000c0000000, size: 1024 MB, Compressed Oops mode: 32-bit

CDS archive(s) not mapped
Compressed class space mapped at: 0x0000000031000000-0x0000000071000000, reserved size: 1073741824
UseCompressedClassPointers 1, UseCompactObjectHeaders 0
Narrow klass pointer bits 32, Max shift 3
Narrow klass base: 0x0000000000000000, Narrow klass shift: 0
Encoding Range: [0x0000000000000000 - 0x0000000100000000), (4294967296 bytes)
Klass Range:    [0x0000000031000000 - 0x0000000071000000), (1073741824 bytes)
Klass ID Range:  [822083584 - 1895825401) (1073741817)
No protection zone.

GC Precious Log:
 CardTable entry size: 512
 Card Set container configuration: InlinePtr #cards 5 size 8 Array Of Cards #cards 10 size 36 Howl #buckets 4 coarsen threshold 1843 Howl Bitmap #cards 512 size 80 coarsen threshold 460 Card regions per heap region 1 cards per card region 2048
 CPUs: 12 total, 12 available
 Memory: 15415M
 Large Page Support: Disabled
 NUMA Support: Disabled
 Compressed Oops: Enabled (32-bit)
 Heap Region Size: 1M
 Heap Min Capacity: 64M
 Heap Initial Capacity: 64M
 Heap Max Capacity: 1G
 Pre-touch: Disabled
 Parallel Workers: 10
 Concurrent Workers: 3
 Concurrent Refinement Workers: 10
 Periodic GC: Disabled

Heap:
 garbage-first heap   total reserved 1048576K, committed 147456K, used 78321K [0x00000000c0000000, 0x0000000100000000)
  region size 1024K, 44 young (45056K), 11 survivors (11264K)

Heap Regions: E=young(eden), S=young(survivor), O=old, HS=humongous(starts), HC=humongous(continues), CS=collection set, F=free, TAMS=top-at-mark-start, PB=parsable bottom
|   0|0x00000000c0000000, 0x00000000c0100000, 0x00000000c0100000|100%| O|  |TAMS 0x00000000c0000000| PB 0x00000000c0000000| Untracked |  0
|   1|0x00000000c0100000, 0x00000000c0200000, 0x00000000c0200000|100%| O|  |TAMS 0x00000000c0100000| PB 0x00000000c0100000| Untracked |  0
|   2|0x00000000c0200000, 0x00000000c0300000, 0x00000000c0300000|100%| O|  |TAMS 0x00000000c0200000| PB 0x00000000c0200000| Untracked |  0
|   3|0x00000000c0300000, 0x00000000c0400000, 0x00000000c0400000|100%| O|  |TAMS 0x00000000c0300000| PB 0x00000000c0300000| Untracked |  0
|   4|0x00000000c0400000, 0x00000000c0500000, 0x00000000c0500000|100%| O|  |TAMS 0x00000000c0400000| PB 0x00000000c0400000| Untracked |  0
|   5|0x00000000c0500000, 0x00000000c0600000, 0x00000000c0600000|100%| O|  |TAMS 0x00000000c0500000| PB 0x00000000c0500000| Untracked |  0
|   6|0x00000000c0600000, 0x00000000c0700000, 0x00000000c0700000|100%| O|  |TAMS 0x00000000c0600000| PB 0x00000000c0600000| Untracked |  0
|   7|0x00000000c0700000, 0x00000000c0800000, 0x00000000c0800000|100%| O|  |TAMS 0x00000000c0700000| PB 0x00000000c0700000| Untracked |  0
|   8|0x00000000c0800000, 0x00000000c0900000, 0x00000000c0900000|100%| O|  |TAMS 0x00000000c0800000| PB 0x00000000c0800000| Untracked |  0
|   9|0x00000000c0900000, 0x00000000c0a00000, 0x00000000c0a00000|100%| O|  |TAMS 0x00000000c0900000| PB 0x00000000c0900000| Untracked |  0
|  10|0x00000000c0a00000, 0x00000000c0b00000, 0x00000000c0b00000|100%| O|Cm|TAMS 0x00000000c0a00000| PB 0x00000000c0a00000| Complete |  0
|  11|0x00000000c0b00000, 0x00000000c0c00000, 0x00000000c0c00000|100%|HS|  |TAMS 0x00000000c0b00000| PB 0x00000000c0b00000| Complete |  0
|  12|0x00000000c0c00000, 0x00000000c0d00000, 0x00000000c0d00000|100%| O|  |TAMS 0x00000000c0c00000| PB 0x00000000c0c00000| Untracked |  0
|  13|0x00000000c0d00000, 0x00000000c0e00000, 0x00000000c0e00000|100%| O|  |TAMS 0x00000000c0d00000| PB 0x00000000c0d00000| Untracked |  0
|  14|0x00000000c0e00000, 0x00000000c0f00000, 0x00000000c0f00000|100%| O|  |TAMS 0x00000000c0e00000| PB 0x00000000c0e00000| Untracked |  0
|  15|0x00000000c0f00000, 0x00000000c1000000, 0x00000000c1000000|100%| O|  |TAMS 0x00000000c0f00000| PB 0x00000000c0f00000| Untracked |  0
|  16|0x00000000c1000000, 0x00000000c1100000, 0x00000000c1100000|100%| O|  |TAMS 0x00000000c1000000| PB 0x00000000c1000000| Untracked |  0
|  17|0x00000000c1100000, 0x00000000c1200000, 0x00000000c1200000|100%| O|  |TAMS 0x00000000c1100000| PB 0x00000000c1100000| Untracked |  0
|  18|0x00000000c1200000, 0x00000000c1300000, 0x00000000c1300000|100%|HS|  |TAMS 0x00000000c1200000| PB 0x00000000c1200000| Complete |  0
|  19|0x00000000c1300000, 0x00000000c1400000, 0x00000000c1400000|100%| O|Cm|TAMS 0x00000000c1300000| PB 0x00000000c1300000| Complete |  0
|  20|0x00000000c1400000, 0x00000000c1500000, 0x00000000c1500000|100%|HS|  |TAMS 0x00000000c1400000| PB 0x00000000c1400000| Complete |  0
|  21|0x00000000c1500000, 0x00000000c1600000, 0x00000000c1600000|100%| O|  |TAMS 0x00000000c1500000| PB 0x00000000c1500000| Untracked |  0
|  22|0x00000000c1600000, 0x00000000c1700000, 0x00000000c1700000|100%|HS|  |TAMS 0x00000000c1600000| PB 0x00000000c1600000| Complete |  0
|  23|0x00000000c1700000, 0x00000000c1800000, 0x00000000c1800000|100%|HS|  |TAMS 0x00000000c1700000| PB 0x00000000c1700000| Complete |  0
|  24|0x00000000c1800000, 0x00000000c1800000, 0x00000000c1900000|  0%| F|  |TAMS 0x00000000c1800000| PB 0x00000000c1800000| Untracked |  0
|  25|0x00000000c1900000, 0x00000000c1900000, 0x00000000c1a00000|  0%| F|  |TAMS 0x00000000c1900000| PB 0x00000000c1900000| Untracked |  0
|  26|0x00000000c1a00000, 0x00000000c1a00000, 0x00000000c1b00000|  0%| F|  |TAMS 0x00000000c1a00000| PB 0x00000000c1a00000| Untracked |  0
|  27|0x00000000c1b00000, 0x00000000c1b00000, 0x00000000c1c00000|  0%| F|  |TAMS 0x00000000c1b00000| PB 0x00000000c1b00000| Untracked |  0
|  28|0x00000000c1c00000, 0x00000000c1c00000, 0x00000000c1d00000|  0%| F|  |TAMS 0x00000000c1c00000| PB 0x00000000c1c00000| Untracked |  0
|  29|0x00000000c1d00000, 0x00000000c1d00000, 0x00000000c1e00000|  0%| F|  |TAMS 0x00000000c1d00000| PB 0x00000000c1d00000| Untracked |  0
|  30|0x00000000c1e00000, 0x00000000c1e00000, 0x00000000c1f00000|  0%| F|  |TAMS 0x00000000c1e00000| PB 0x00000000c1e00000| Untracked |  0
|  31|0x00000000c1f00000, 0x00000000c1f00000, 0x00000000c2000000|  0%| F|  |TAMS 0x00000000c1f00000| PB 0x00000000c1f00000| Untracked |  0
|  32|0x00000000c2000000, 0x00000000c2000000, 0x00000000c2100000|  0%| F|  |TAMS 0x00000000c2000000| PB 0x00000000c2000000| Untracked |  0
|  33|0x00000000c2100000, 0x00000000c2100000, 0x00000000c2200000|  0%| F|  |TAMS 0x00000000c2100000| PB 0x00000000c2100000| Untracked |  0
|  34|0x00000000c2200000, 0x00000000c2200000, 0x00000000c2300000|  0%| F|  |TAMS 0x00000000c2200000| PB 0x00000000c2200000| Untracked |  0
|  35|0x00000000c2300000, 0x00000000c2300000, 0x00000000c2400000|  0%| F|  |TAMS 0x00000000c2300000| PB 0x00000000c2300000| Untracked |  0
|  36|0x00000000c2400000, 0x00000000c2400000, 0x00000000c2500000|  0%| F|  |TAMS 0x00000000c2400000| PB 0x00000000c2400000| Untracked |  0
|  37|0x00000000c2500000, 0x00000000c2500000, 0x00000000c2600000|  0%| F|  |TAMS 0x00000000c2500000| PB 0x00000000c2500000| Untracked |  0
|  38|0x00000000c2600000, 0x00000000c2600000, 0x00000000c2700000|  0%| F|  |TAMS 0x00000000c2600000| PB 0x00000000c2600000| Untracked |  0
|  39|0x00000000c2700000, 0x00000000c2700000, 0x00000000c2800000|  0%| F|  |TAMS 0x00000000c2700000| PB 0x00000000c2700000| Untracked |  0
|  40|0x00000000c2800000, 0x00000000c2900000, 0x00000000c2900000|100%| O|  |TAMS 0x00000000c2800000| PB 0x00000000c2800000| Untracked |  0
|  41|0x00000000c2900000, 0x00000000c2900000, 0x00000000c2a00000|  0%| F|  |TAMS 0x00000000c2900000| PB 0x00000000c2900000| Untracked |  0
|  42|0x00000000c2a00000, 0x00000000c2a00000, 0x00000000c2b00000|  0%| F|  |TAMS 0x00000000c2a00000| PB 0x00000000c2a00000| Untracked |  0
|  43|0x00000000c2b00000, 0x00000000c2b00000, 0x00000000c2c00000|  0%| F|  |TAMS 0x00000000c2b00000| PB 0x00000000c2b00000| Untracked |  0
|  44|0x00000000c2c00000, 0x00000000c2c00000, 0x00000000c2d00000|  0%| F|  |TAMS 0x00000000c2c00000| PB 0x00000000c2c00000| Untracked |  0
|  45|0x00000000c2d00000, 0x00000000c2d00000, 0x00000000c2e00000|  0%| F|  |TAMS 0x00000000c2d00000| PB 0x00000000c2d00000| Untracked |  0
|  46|0x00000000c2e00000, 0x00000000c2e00000, 0x00000000c2f00000|  0%| F|  |TAMS 0x00000000c2e00000| PB 0x00000000c2e00000| Untracked |  0
|  47|0x00000000c2f00000, 0x00000000c2f00000, 0x00000000c3000000|  0%| F|  |TAMS 0x00000000c2f00000| PB 0x00000000c2f00000| Untracked |  0
|  48|0x00000000c3000000, 0x00000000c3000000, 0x00000000c3100000|  0%| F|  |TAMS 0x00000000c3000000| PB 0x00000000c3000000| Untracked |  0
|  49|0x00000000c3100000, 0x00000000c3100000, 0x00000000c3200000|  0%| F|  |TAMS 0x00000000c3100000| PB 0x00000000c3100000| Untracked |  0
|  50|0x00000000c3200000, 0x00000000c3200000, 0x00000000c3300000|  0%| F|  |TAMS 0x00000000c3200000| PB 0x00000000c3200000| Untracked |  0
|  51|0x00000000c3300000, 0x00000000c3400000, 0x00000000c3400000|100%| O|  |TAMS 0x00000000c3300000| PB 0x00000000c3300000| Untracked |  0
|  52|0x00000000c3400000, 0x00000000c3500000, 0x00000000c3500000|100%| O|  |TAMS 0x00000000c3400000| PB 0x00000000c3400000| Untracked |  0
|  53|0x00000000c3500000, 0x00000000c3600000, 0x00000000c3600000|100%| O|  |TAMS 0x00000000c3500000| PB 0x00000000c3500000| Untracked |  0
|  54|0x00000000c3600000, 0x00000000c3700000, 0x00000000c3700000|100%| O|  |TAMS 0x00000000c3600000| PB 0x00000000c3600000| Untracked |  0
|  55|0x00000000c3700000, 0x00000000c3700000, 0x00000000c3800000|  0%| F|  |TAMS 0x00000000c3700000| PB 0x00000000c3700000| Untracked |  0
|  56|0x00000000c3800000, 0x00000000c3800000, 0x00000000c3900000|  0%| F|  |TAMS 0x00000000c3800000| PB 0x00000000c3800000| Untracked |  0
|  57|0x00000000c3900000, 0x00000000c3a00000, 0x00000000c3a00000|100%| O|  |TAMS 0x00000000c3900000| PB 0x00000000c3900000| Untracked |  0
|  58|0x00000000c3a00000, 0x00000000c3b00000, 0x00000000c3b00000|100%| O|Cm|TAMS 0x00000000c3a00000| PB 0x00000000c3a00000| Complete |  0
|  59|0x00000000c3b00000, 0x00000000c3c00000, 0x00000000c3c00000|100%| O|  |TAMS 0x00000000c3b00000| PB 0x00000000c3b00000| Untracked |  0
|  60|0x00000000c3c00000, 0x00000000c3d00000, 0x00000000c3d00000|100%| O|  |TAMS 0x00000000c3c00000| PB 0x00000000c3c00000| Untracked |  0
|  61|0x00000000c3d00000, 0x00000000c3e00000, 0x00000000c3e00000|100%| O|  |TAMS 0x00000000c3d00000| PB 0x00000000c3d00000| Untracked |  0
|  62|0x00000000c3e00000, 0x00000000c3e57a20, 0x00000000c3f00000| 34%| O|Cm|TAMS 0x00000000c3e00000| PB 0x00000000c3e00000| Complete |  0
|  63|0x00000000c3f00000, 0x00000000c3f00000, 0x00000000c4000000|  0%| F|  |TAMS 0x00000000c3f00000| PB 0x00000000c3f00000| Untracked |  0
|  64|0x00000000c4000000, 0x00000000c4000000, 0x00000000c4100000|  0%| F|  |TAMS 0x00000000c4000000| PB 0x00000000c4000000| Untracked |  0
|  65|0x00000000c4100000, 0x00000000c4100000, 0x00000000c4200000|  0%| F|  |TAMS 0x00000000c4100000| PB 0x00000000c4100000| Untracked |  0
|  66|0x00000000c4200000, 0x00000000c4200000, 0x00000000c4300000|  0%| F|  |TAMS 0x00000000c4200000| PB 0x00000000c4200000| Untracked |  0
|  67|0x00000000c4300000, 0x00000000c4300000, 0x00000000c4400000|  0%| F|  |TAMS 0x00000000c4300000| PB 0x00000000c4300000| Untracked |  0
|  68|0x00000000c4400000, 0x00000000c4400000, 0x00000000c4500000|  0%| F|  |TAMS 0x00000000c4400000| PB 0x00000000c4400000| Untracked |  0
|  69|0x00000000c4500000, 0x00000000c4500000, 0x00000000c4600000|  0%| F|  |TAMS 0x00000000c4500000| PB 0x00000000c4500000| Untracked |  0
|  70|0x00000000c4600000, 0x00000000c4600000, 0x00000000c4700000|  0%| F|  |TAMS 0x00000000c4600000| PB 0x00000000c4600000| Untracked |  0
|  71|0x00000000c4700000, 0x00000000c4700000, 0x00000000c4800000|  0%| F|  |TAMS 0x00000000c4700000| PB 0x00000000c4700000| Untracked |  0
|  72|0x00000000c4800000, 0x00000000c4800000, 0x00000000c4900000|  0%| F|  |TAMS 0x00000000c4800000| PB 0x00000000c4800000| Untracked |  0
|  73|0x00000000c4900000, 0x00000000c4900000, 0x00000000c4a00000|  0%| F|  |TAMS 0x00000000c4900000| PB 0x00000000c4900000| Untracked |  0
|  74|0x00000000c4a00000, 0x00000000c4a00000, 0x00000000c4b00000|  0%| F|  |TAMS 0x00000000c4a00000| PB 0x00000000c4a00000| Untracked |  0
|  75|0x00000000c4b00000, 0x00000000c4b00000, 0x00000000c4c00000|  0%| F|  |TAMS 0x00000000c4b00000| PB 0x00000000c4b00000| Untracked |  0
|  76|0x00000000c4c00000, 0x00000000c4c24c28, 0x00000000c4d00000| 14%| S|CS|TAMS 0x00000000c4c00000| PB 0x00000000c4c00000| Complete |  0
|  77|0x00000000c4d00000, 0x00000000c4e00000, 0x00000000c4e00000|100%| S|CS|TAMS 0x00000000c4d00000| PB 0x00000000c4d00000| Complete |  0
|  78|0x00000000c4e00000, 0x00000000c4f00000, 0x00000000c4f00000|100%| S|CS|TAMS 0x00000000c4e00000| PB 0x00000000c4e00000| Complete |  0
|  79|0x00000000c4f00000, 0x00000000c5000000, 0x00000000c5000000|100%| S|CS|TAMS 0x00000000c4f00000| PB 0x00000000c4f00000| Complete |  0
|  80|0x00000000c5000000, 0x00000000c5100000, 0x00000000c5100000|100%| S|CS|TAMS 0x00000000c5000000| PB 0x00000000c5000000| Complete |  0
|  81|0x00000000c5100000, 0x00000000c5200000, 0x00000000c5200000|100%| S|CS|TAMS 0x00000000c5100000| PB 0x00000000c5100000| Complete |  0
|  82|0x00000000c5200000, 0x00000000c5300000, 0x00000000c5300000|100%| S|CS|TAMS 0x00000000c5200000| PB 0x00000000c5200000| Complete |  0
|  83|0x00000000c5300000, 0x00000000c5400000, 0x00000000c5400000|100%| S|CS|TAMS 0x00000000c5300000| PB 0x00000000c5300000| Complete |  0
|  84|0x00000000c5400000, 0x00000000c5500000, 0x00000000c5500000|100%| S|CS|TAMS 0x00000000c5400000| PB 0x00000000c5400000| Complete |  0
|  85|0x00000000c5500000, 0x00000000c5500000, 0x00000000c5600000|  0%| F|  |TAMS 0x00000000c5500000| PB 0x00000000c5500000| Untracked |  0
|  86|0x00000000c5600000, 0x00000000c5600000, 0x00000000c5700000|  0%| F|  |TAMS 0x00000000c5600000| PB 0x00000000c5600000| Untracked |  0
|  87|0x00000000c5700000, 0x00000000c5700000, 0x00000000c5800000|  0%| F|  |TAMS 0x00000000c5700000| PB 0x00000000c5700000| Untracked |  0
|  88|0x00000000c5800000, 0x00000000c5900000, 0x00000000c5900000|100%| S|CS|TAMS 0x00000000c5800000| PB 0x00000000c5800000| Complete |  0
|  89|0x00000000c5900000, 0x00000000c5a00000, 0x00000000c5a00000|100%| S|CS|TAMS 0x00000000c5900000| PB 0x00000000c5900000| Complete |  0
|  90|0x00000000c5a00000, 0x00000000c5a00000, 0x00000000c5b00000|  0%| F|  |TAMS 0x00000000c5a00000| PB 0x00000000c5a00000| Untracked |  0
|  91|0x00000000c5b00000, 0x00000000c5b00000, 0x00000000c5c00000|  0%| F|  |TAMS 0x00000000c5b00000| PB 0x00000000c5b00000| Untracked |  0
|  92|0x00000000c5c00000, 0x00000000c5c00000, 0x00000000c5d00000|  0%| F|  |TAMS 0x00000000c5c00000| PB 0x00000000c5c00000| Untracked |  0
|  93|0x00000000c5d00000, 0x00000000c5d00000, 0x00000000c5e00000|  0%| F|  |TAMS 0x00000000c5d00000| PB 0x00000000c5d00000| Untracked |  0
|  94|0x00000000c5e00000, 0x00000000c5e00000, 0x00000000c5f00000|  0%| F|  |TAMS 0x00000000c5e00000| PB 0x00000000c5e00000| Untracked |  0
|  95|0x00000000c5f00000, 0x00000000c5f00000, 0x00000000c6000000|  0%| F|  |TAMS 0x00000000c5f00000| PB 0x00000000c5f00000| Untracked |  0
|  96|0x00000000c6000000, 0x00000000c6000000, 0x00000000c6100000|  0%| F|  |TAMS 0x00000000c6000000| PB 0x00000000c6000000| Untracked |  0
|  97|0x00000000c6100000, 0x00000000c6100000, 0x00000000c6200000|  0%| F|  |TAMS 0x00000000c6100000| PB 0x00000000c6100000| Untracked |  0
|  98|0x00000000c6200000, 0x00000000c6200000, 0x00000000c6300000|  0%| F|  |TAMS 0x00000000c6200000| PB 0x00000000c6200000| Untracked |  0
|  99|0x00000000c6300000, 0x00000000c6300000, 0x00000000c6400000|  0%| F|  |TAMS 0x00000000c6300000| PB 0x00000000c6300000| Untracked |  0
| 100|0x00000000c6400000, 0x00000000c6400000, 0x00000000c6500000|  0%| F|  |TAMS 0x00000000c6400000| PB 0x00000000c6400000| Untracked |  0
| 101|0x00000000c6500000, 0x00000000c6500000, 0x00000000c6600000|  0%| F|  |TAMS 0x00000000c6500000| PB 0x00000000c6500000| Untracked |  0
| 102|0x00000000c6600000, 0x00000000c6600000, 0x00000000c6700000|  0%| F|  |TAMS 0x00000000c6600000| PB 0x00000000c6600000| Untracked |  0
| 103|0x00000000c6700000, 0x00000000c6700000, 0x00000000c6800000|  0%| F|  |TAMS 0x00000000c6700000| PB 0x00000000c6700000| Untracked |  0
| 104|0x00000000c6800000, 0x00000000c6800000, 0x00000000c6900000|  0%| F|  |TAMS 0x00000000c6800000| PB 0x00000000c6800000| Untracked |  0
| 105|0x00000000c6900000, 0x00000000c6900000, 0x00000000c6a00000|  0%| F|  |TAMS 0x00000000c6900000| PB 0x00000000c6900000| Untracked |  0
| 106|0x00000000c6a00000, 0x00000000c6a00000, 0x00000000c6b00000|  0%| F|  |TAMS 0x00000000c6a00000| PB 0x00000000c6a00000| Untracked |  0
| 107|0x00000000c6b00000, 0x00000000c6b00000, 0x00000000c6c00000|  0%| F|  |TAMS 0x00000000c6b00000| PB 0x00000000c6b00000| Untracked |  0
| 108|0x00000000c6c00000, 0x00000000c6c00000, 0x00000000c6d00000|  0%| F|  |TAMS 0x00000000c6c00000| PB 0x00000000c6c00000| Untracked |  0
| 109|0x00000000c6d00000, 0x00000000c6d00000, 0x00000000c6e00000|  0%| F|  |TAMS 0x00000000c6d00000| PB 0x00000000c6d00000| Untracked |  0
| 110|0x00000000c6e00000, 0x00000000c6e00000, 0x00000000c6f00000|  0%| F|  |TAMS 0x00000000c6e00000| PB 0x00000000c6e00000| Untracked |  0
| 111|0x00000000c6f00000, 0x00000000c6f80000, 0x00000000c7000000| 50%| E|  |TAMS 0x00000000c6f00000| PB 0x00000000c6f00000| Complete |  0
| 112|0x00000000c7000000, 0x00000000c7100000, 0x00000000c7100000|100%| E|CS|TAMS 0x00000000c7000000| PB 0x00000000c7000000| Complete |  0
| 113|0x00000000c7100000, 0x00000000c7200000, 0x00000000c7200000|100%| E|CS|TAMS 0x00000000c7100000| PB 0x00000000c7100000| Complete |  0
| 114|0x00000000c7200000, 0x00000000c7300000, 0x00000000c7300000|100%| E|CS|TAMS 0x00000000c7200000| PB 0x00000000c7200000| Complete |  0
| 115|0x00000000c7300000, 0x00000000c7400000, 0x00000000c7400000|100%| E|CS|TAMS 0x00000000c7300000| PB 0x00000000c7300000| Complete |  0
| 116|0x00000000c7400000, 0x00000000c7500000, 0x00000000c7500000|100%| E|CS|TAMS 0x00000000c7400000| PB 0x00000000c7400000| Complete |  0
| 117|0x00000000c7500000, 0x00000000c7600000, 0x00000000c7600000|100%| E|CS|TAMS 0x00000000c7500000| PB 0x00000000c7500000| Complete |  0
| 118|0x00000000c7600000, 0x00000000c7700000, 0x00000000c7700000|100%| E|CS|TAMS 0x00000000c7600000| PB 0x00000000c7600000| Complete |  0
| 119|0x00000000c7700000, 0x00000000c7800000, 0x00000000c7800000|100%| E|CS|TAMS 0x00000000c7700000| PB 0x00000000c7700000| Complete |  0
| 120|0x00000000c7800000, 0x00000000c7900000, 0x00000000c7900000|100%| E|CS|TAMS 0x00000000c7800000| PB 0x00000000c7800000| Complete |  0
| 121|0x00000000c7900000, 0x00000000c7a00000, 0x00000000c7a00000|100%| E|CS|TAMS 0x00000000c7900000| PB 0x00000000c7900000| Complete |  0
| 122|0x00000000c7a00000, 0x00000000c7b00000, 0x00000000c7b00000|100%| E|CS|TAMS 0x00000000c7a00000| PB 0x00000000c7a00000| Complete |  0
| 123|0x00000000c7b00000, 0x00000000c7c00000, 0x00000000c7c00000|100%| E|CS|TAMS 0x00000000c7b00000| PB 0x00000000c7b00000| Complete |  0
| 124|0x00000000c7c00000, 0x00000000c7d00000, 0x00000000c7d00000|100%| E|CS|TAMS 0x00000000c7c00000| PB 0x00000000c7c00000| Complete |  0
| 125|0x00000000c7d00000, 0x00000000c7e00000, 0x00000000c7e00000|100%| E|CS|TAMS 0x00000000c7d00000| PB 0x00000000c7d00000| Complete |  0
| 126|0x00000000c7e00000, 0x00000000c7f00000, 0x00000000c7f00000|100%| E|CS|TAMS 0x00000000c7e00000| PB 0x00000000c7e00000| Complete |  0
| 127|0x00000000c7f00000, 0x00000000c8000000, 0x00000000c8000000|100%| E|CS|TAMS 0x00000000c7f00000| PB 0x00000000c7f00000| Complete |  0
| 128|0x00000000c8000000, 0x00000000c8100000, 0x00000000c8100000|100%| E|CS|TAMS 0x00000000c8000000| PB 0x00000000c8000000| Complete |  0
| 129|0x00000000c8100000, 0x00000000c8200000, 0x00000000c8200000|100%| E|CS|TAMS 0x00000000c8100000| PB 0x00000000c8100000| Complete |  0
| 130|0x00000000c8200000, 0x00000000c8300000, 0x00000000c8300000|100%| E|CS|TAMS 0x00000000c8200000| PB 0x00000000c8200000| Complete |  0
| 131|0x00000000c8300000, 0x00000000c8400000, 0x00000000c8400000|100%| E|CS|TAMS 0x00000000c8300000| PB 0x00000000c8300000| Complete |  0
| 132|0x00000000c8400000, 0x00000000c8500000, 0x00000000c8500000|100%| E|CS|TAMS 0x00000000c8400000| PB 0x00000000c8400000| Complete |  0
| 133|0x00000000c8500000, 0x00000000c8600000, 0x00000000c8600000|100%| E|CS|TAMS 0x00000000c8500000| PB 0x00000000c8500000| Complete |  0
| 134|0x00000000c8600000, 0x00000000c8700000, 0x00000000c8700000|100%| E|CS|TAMS 0x00000000c8600000| PB 0x00000000c8600000| Complete |  0
| 135|0x00000000c8700000, 0x00000000c8800000, 0x00000000c8800000|100%| E|CS|TAMS 0x00000000c8700000| PB 0x00000000c8700000| Complete |  0
| 136|0x00000000c8800000, 0x00000000c8900000, 0x00000000c8900000|100%| E|CS|TAMS 0x00000000c8800000| PB 0x00000000c8800000| Complete |  0
| 137|0x00000000c8900000, 0x00000000c8a00000, 0x00000000c8a00000|100%| E|CS|TAMS 0x00000000c8900000| PB 0x00000000c8900000| Complete |  0
| 138|0x00000000c8a00000, 0x00000000c8b00000, 0x00000000c8b00000|100%| E|CS|TAMS 0x00000000c8a00000| PB 0x00000000c8a00000| Complete |  0
| 139|0x00000000c8b00000, 0x00000000c8c00000, 0x00000000c8c00000|100%| E|CS|TAMS 0x00000000c8b00000| PB 0x00000000c8b00000| Complete |  0
| 140|0x00000000c8c00000, 0x00000000c8d00000, 0x00000000c8d00000|100%| E|CS|TAMS 0x00000000c8c00000| PB 0x00000000c8c00000| Complete |  0
| 141|0x00000000c8d00000, 0x00000000c8e00000, 0x00000000c8e00000|100%| E|CS|TAMS 0x00000000c8d00000| PB 0x00000000c8d00000| Complete |  0
| 142|0x00000000c8e00000, 0x00000000c8f00000, 0x00000000c8f00000|100%| E|CS|TAMS 0x00000000c8e00000| PB 0x00000000c8e00000| Complete |  0
| 144|0x00000000c9000000, 0x00000000c9100000, 0x00000000c9100000|100%| E|CS|TAMS 0x00000000c9000000| PB 0x00000000c9000000| Complete |  0

Card table byte_map: [0x000071e97c400000,0x000071e97c600000] _byte_map_base: 0x000071e97be00000

Marking Bits: (CMBitMap*) 0x000071e978072880
 Bits: [0x000071e963e00000, 0x000071e964e00000)

Polling page: 0x000071e97f24a000

Metaspace:
Metaspace        used 54761K, committed 56064K, reserved 1114112K
 class space     used 6448K, committed 6976K, reserved 1048576K

Usage:
  Non-class:     47,18 MB used.
      Class:      6,30 MB used.
       Both:     53,48 MB used.

Virtual space:
  Non-class space:       64,00 MB reserved,      47,94 MB ( 75%) committed,  1 nodes.
      Class space:        1,00 GB reserved,       6,81 MB ( <1%) committed,  1 nodes.
             Both:        1,06 GB reserved,      54,75 MB (  5%) committed. 

Chunk freelists:
   Non-Class:  15,20 MB
       Class:  9,16 MB
        Both:  24,36 MB

MaxMetaspaceSize: unlimited
CompressedClassSpaceSize: 1,00 GB
Initial GC threshold: 21,00 MB
Current GC threshold: 81,81 MB
CDS: off
 - commit_granule_bytes: 65536.
 - commit_granule_words: 8192.
 - virtual_space_node_default_size: 8388608.
 - enlarge_chunks_in_place: 1.
UseCompressedClassPointers 1, UseCompactObjectHeaders 0
Narrow klass pointer bits 32, Max shift 3
Narrow klass base: 0x0000000000000000, Narrow klass shift: 0
Encoding Range: [0x0000000000000000 - 0x0000000100000000), (4294967296 bytes)
Klass Range:    [0x0000000031000000 - 0x0000000071000000), (1073741824 bytes)
Klass ID Range:  [822083584 - 1895825401) (1073741817)
No protection zone.


Internal statistics:

num_allocs_failed_limit: 6.
num_arena_births: 632.
num_arena_deaths: 0.
num_vsnodes_births: 2.
num_vsnodes_deaths: 0.
num_space_committed: 876.
num_space_uncommitted: 0.
num_chunks_returned_to_freelist: 6.
num_chunks_taken_from_freelist: 2675.
num_chunk_merges: 3.
num_chunk_splits: 1672.
num_chunks_enlarged: 1042.
num_inconsistent_stats: 0.

CodeHeap 'non-profiled nmethods': size=120032Kb used=2877Kb max_used=2877Kb free=117154Kb
 bounds [0x000071e96c961000, 0x000071e96cc31000, 0x000071e973e99000]
CodeHeap 'profiled nmethods': size=120032Kb used=9285Kb max_used=9285Kb free=110746Kb
 bounds [0x000071e964e97000, 0x000071e9657b7000, 0x000071e96c3cf000]
CodeHeap 'non-nmethods': size=5704Kb used=1886Kb max_used=2055Kb free=3818Kb
 bounds [0x000071e96c3cf000, 0x000071e96c63f000, 0x000071e96c961000]
CodeCache: size=245768Kb, used=14048Kb, max_used=14217Kb, free=231718Kb
 total_blobs=7171, nmethods=6277, adapters=798, full_count=0
Compilation: enabled, stopped_count=0, restarted_count=0

Compilation events (20 events):
Event: 9,573 Thread 0x000071e9781529c0 7030       3       java.lang.invoke.InnerClassLambdaMetafactory$1::<init> (25 bytes)
Event: 9,574 Thread 0x000071e9781529c0 nmethod 7030 0x000071e96533cb88 code [0x000071e96533cc80, 0x000071e96533cff0]
Event: 9,574 Thread 0x000071e9781529c0 7031       3       java.lang.invoke.InnerClassLambdaMetafactory$1::accept (9 bytes)
Event: 9,574 Thread 0x000071e9781529c0 nmethod 7031 0x000071e96533c688 code [0x000071e96533c780, 0x000071e96533c990]
Event: 9,574 Thread 0x000071e9781529c0 7033       3       java.lang.classfile.ClassBuilder::withInterfaceSymbols (11 bytes)
Event: 9,574 Thread 0x000071e9781529c0 nmethod 7033 0x000071e96528aa08 code [0x000071e96528ab00, 0x000071e96528b208]
Event: 9,574 Thread 0x000071e9781529c0 7034       3       java.lang.invoke.InnerClassLambdaMetafactory::generateConstructor (24 bytes)
Event: 9,575 Thread 0x000071e9781529c0 nmethod 7034 0x000071e96528a508 code [0x000071e96528a600, 0x000071e96528a9d8]
Event: 9,575 Thread 0x000071e9781529c0 7035       3       java.lang.invoke.InnerClassLambdaMetafactory$3::<init> (15 bytes)
Event: 9,575 Thread 0x000071e9781529c0 nmethod 7035 0x000071e96528a088 code [0x000071e96528a180, 0x000071e96528a488]
Event: 9,575 Thread 0x000071e9781529c0 7036       3       java.lang.invoke.InnerClassLambdaMetafactory$3::accept (9 bytes)
Event: 9,575 Thread 0x000071e9781529c0 nmethod 7036 0x000071e965289d08 code [0x000071e965289e00, 0x000071e96528a010]
Event: 9,581 Thread 0x000071e92083af90 nmethod 7020 0x000071e96cc29188 code [0x000071e96cc29280, 0x000071e96cc2fe50]
Event: 9,585 Thread 0x000071e9781529c0 7039       3       org.eclipse.emf.ecore.impl.EClassImpl::getEStructuralFeature (23 bytes)
Event: 9,585 Thread 0x000071e9781529c0 nmethod 7039 0x000071e965289908 code [0x000071e965289a00, 0x000071e965289c98]
Event: 9,585 Thread 0x000071e9781529c0 7040       3       org.eclipse.e4.core.contexts.ContextFunction::<init> (5 bytes)
Event: 9,586 Thread 0x000071e9781529c0 nmethod 7040 0x000071e965289608 code [0x000071e965289700, 0x000071e965289858]
Event: 9,587 Thread 0x000071e92083af90 7041       4       java.util.ArrayList::remove (76 bytes)
Event: 9,592 Thread 0x000071e92083af90 nmethod 7041 0x000071e96cc2ff08 code [0x000071e96cc30000, 0x000071e96cc30460]
Event: 9,624 Thread 0x000071e92083af90 7042       4       jdk.internal.classfile.impl.AbstractPoolEntry$ClassEntryImpl::hashCode (37 bytes)

GC Heap Usage History (20 events):
Event: 5,012 {heap Before GC invocations=4 (full 0):
 garbage-first heap   total reserved 1048576K, committed 65536K, used 42896K [0x00000000c0000000, 0x0000000100000000)
  region size 1024K, 24 young (24576K), 5 survivors (5120K)
}
Event: 5,023 {heap After GC invocations=5 (full 0):
 garbage-first heap   total reserved 1048576K, committed 65536K, used 39936K [0x00000000c0000000, 0x0000000100000000)
  region size 1024K, 3 young (3072K), 3 survivors (3072K)
}
Event: 5,047 {heap Before GC invocations=5 (full 0):
 garbage-first heap   total reserved 1048576K, committed 65536K, used 49152K [0x00000000c0000000, 0x0000000100000000)
  region size 1024K, 13 young (13312K), 3 survivors (3072K)
}
Event: 5,051 {heap After GC invocations=6 (full 0):
 garbage-first heap   total reserved 1048576K, committed 65536K, used 46080K [0x00000000c0000000, 0x0000000100000000)
  region size 1024K, 2 young (2048K), 2 survivors (2048K)
}
Event: 5,068 {heap Before GC invocations=6 (full 0):
 garbage-first heap   total reserved 1048576K, committed 65536K, used 54272K [0x00000000c0000000, 0x0000000100000000)
  region size 1024K, 10 young (10240K), 2 survivors (2048K)
}
Event: 5,071 {heap After GC invocations=7 (full 0):
 garbage-first heap   total reserved 1048576K, committed 65536K, used 48970K [0x00000000c0000000, 0x0000000100000000)
  region size 1024K, 2 young (2048K), 2 survivors (2048K)
}
Event: 5,085 {heap Before GC invocations=7 (full 0):
 garbage-first heap   total reserved 1048576K, committed 65536K, used 56138K [0x00000000c0000000, 0x0000000100000000)
  region size 1024K, 9 young (9216K), 2 survivors (2048K)
}
Event: 5,088 {heap After GC invocations=8 (full 0):
 garbage-first heap   total reserved 1048576K, committed 148480K, used 50665K [0x00000000c0000000, 0x0000000100000000)
  region size 1024K, 2 young (2048K), 2 survivors (2048K)
}
Event: 5,354 {heap Before GC invocations=9 (full 0):
 garbage-first heap   total reserved 1048576K, committed 148480K, used 90601K [0x00000000c0000000, 0x0000000100000000)
  region size 1024K, 42 young (43008K), 2 survivors (2048K)
}
Event: 5,365 {heap After GC invocations=10 (full 0):
 garbage-first heap   total reserved 1048576K, committed 148480K, used 58140K [0x00000000c0000000, 0x0000000100000000)
  region size 1024K, 6 young (6144K), 6 survivors (6144K)
}
Event: 5,766 {heap Before GC invocations=10 (full 0):
 garbage-first heap   total reserved 1048576K, committed 148480K, used 97052K [0x00000000c0000000, 0x0000000100000000)
  region size 1024K, 44 young (45056K), 6 survivors (6144K)
}
Event: 5,776 {heap After GC invocations=11 (full 0):
 garbage-first heap   total reserved 1048576K, committed 148480K, used 64512K [0x00000000c0000000, 0x0000000100000000)
  region size 1024K, 6 young (6144K), 6 survivors (6144K)
}
Event: 6,369 {heap Before GC invocations=11 (full 0):
 garbage-first heap   total reserved 1048576K, committed 148480K, used 92160K [0x00000000c0000000, 0x0000000100000000)
  region size 1024K, 35 young (35840K), 6 survivors (6144K)
}
Event: 6,376 {heap After GC invocations=12 (full 0):
 garbage-first heap   total reserved 1048576K, committed 148480K, used 69982K [0x00000000c0000000, 0x0000000100000000)
  region size 1024K, 6 young (6144K), 6 survivors (6144K)
}
Event: 6,660 {heap Before GC invocations=13 (full 0):
 garbage-first heap   total reserved 1048576K, committed 147456K, used 84318K [0x00000000c0000000, 0x0000000100000000)
  region size 1024K, 45 young (46080K), 6 survivors (6144K)
}
Event: 6,664 {heap After GC invocations=14 (full 0):
 garbage-first heap   total reserved 1048576K, committed 147456K, used 46892K [0x00000000c0000000, 0x0000000100000000)
  region size 1024K, 3 young (3072K), 3 survivors (3072K)
}
Event: 6,716 {heap Before GC invocations=14 (full 0):
 garbage-first heap   total reserved 1048576K, committed 147456K, used 101164K [0x00000000c0000000, 0x0000000100000000)
  region size 1024K, 56 young (57344K), 3 survivors (3072K)
}
Event: 6,718 {heap After GC invocations=15 (full 0):
 garbage-first heap   total reserved 1048576K, committed 147456K, used 33325K [0x00000000c0000000, 0x0000000100000000)
  region size 1024K, 3 young (3072K), 3 survivors (3072K)
}
Event: 8,155 {heap Before GC invocations=15 (full 0):
 garbage-first heap   total reserved 1048576K, committed 147456K, used 92717K [0x00000000c0000000, 0x0000000100000000)
  region size 1024K, 57 young (58368K), 3 survivors (3072K)
}
Event: 8,163 {heap After GC invocations=16 (full 0):
 garbage-first heap   total reserved 1048576K, committed 147456K, used 42481K [0x00000000c0000000, 0x0000000100000000)
  region size 1024K, 11 young (11264K), 11 survivors (11264K)
}

Metaspace Usage History (20 events):
Event: 5,012 {metaspace Before GC invocations=4 (full 0):
 Metaspace       used 17590K, committed 17792K, reserved 1114112K
  class space    used 1733K, committed 1856K, reserved 1048576K
}
Event: 5,023 {metaspace After GC invocations=5 (full 0):
 Metaspace       used 17590K, committed 17792K, reserved 1114112K
  class space    used 1733K, committed 1856K, reserved 1048576K
}
Event: 5,047 {metaspace Before GC invocations=5 (full 0):
 Metaspace       used 17612K, committed 17856K, reserved 1114112K
  class space    used 1733K, committed 1856K, reserved 1048576K
}
Event: 5,051 {metaspace After GC invocations=6 (full 0):
 Metaspace       used 17612K, committed 17856K, reserved 1114112K
  class space    used 1733K, committed 1856K, reserved 1048576K
}
Event: 5,068 {metaspace Before GC invocations=6 (full 0):
 Metaspace       used 17615K, committed 17856K, reserved 1114112K
  class space    used 1733K, committed 1856K, reserved 1048576K
}
Event: 5,071 {metaspace After GC invocations=7 (full 0):
 Metaspace       used 17615K, committed 17856K, reserved 1114112K
  class space    used 1733K, committed 1856K, reserved 1048576K
}
Event: 5,085 {metaspace Before GC invocations=7 (full 0):
 Metaspace       used 17615K, committed 17856K, reserved 1114112K
  class space    used 1733K, committed 1856K, reserved 1048576K
}
Event: 5,088 {metaspace After GC invocations=8 (full 0):
 Metaspace       used 17615K, committed 17856K, reserved 1114112K
  class space    used 1733K, committed 1856K, reserved 1048576K
}
Event: 5,354 {metaspace Before GC invocations=9 (full 0):
 Metaspace       used 18277K, committed 18496K, reserved 1114112K
  class space    used 1816K, committed 1920K, reserved 1048576K
}
Event: 5,365 {metaspace After GC invocations=10 (full 0):
 Metaspace       used 18277K, committed 18496K, reserved 1114112K
  class space    used 1816K, committed 1920K, reserved 1048576K
}
Event: 5,766 {metaspace Before GC invocations=10 (full 0):
 Metaspace       used 20728K, committed 20992K, reserved 1114112K
  class space    used 2065K, committed 2176K, reserved 1048576K
}
Event: 5,776 {metaspace After GC invocations=11 (full 0):
 Metaspace       used 20728K, committed 20992K, reserved 1114112K
  class space    used 2065K, committed 2176K, reserved 1048576K
}
Event: 6,369 {metaspace Before GC invocations=11 (full 0):
 Metaspace       used 29074K, committed 29760K, reserved 1114112K
  class space    used 3014K, committed 3328K, reserved 1048576K
}
Event: 6,376 {metaspace After GC invocations=12 (full 0):
 Metaspace       used 29074K, committed 29760K, reserved 1114112K
  class space    used 3014K, committed 3328K, reserved 1048576K
}
Event: 6,660 {metaspace Before GC invocations=13 (full 0):
 Metaspace       used 33294K, committed 34048K, reserved 1114112K
  class space    used 3579K, committed 3904K, reserved 1048576K
}
Event: 6,664 {metaspace After GC invocations=14 (full 0):
 Metaspace       used 33294K, committed 34048K, reserved 1114112K
  class space    used 3579K, committed 3904K, reserved 1048576K
}
Event: 6,716 {metaspace Before GC invocations=14 (full 0):
 Metaspace       used 33348K, committed 34048K, reserved 1114112K
  class space    used 3582K, committed 3904K, reserved 1048576K
}
Event: 6,718 {metaspace After GC invocations=15 (full 0):
 Metaspace       used 33348K, committed 34048K, reserved 1114112K
  class space    used 3582K, committed 3904K, reserved 1048576K
}
Event: 8,155 {metaspace Before GC invocations=15 (full 0):
 Metaspace       used 48995K, committed 50048K, reserved 1114112K
  class space    used 5697K, committed 6144K, reserved 1048576K
}
Event: 8,163 {metaspace After GC invocations=16 (full 0):
 Metaspace       used 48995K, committed 50048K, reserved 1114112K
  class space    used 5697K, committed 6144K, reserved 1048576K
}

Dll operation events (18 events):
Event: 0,010 Loaded shared library /snap/dbeaver-ce/543/usr/share/dbeaver-ce/jre/lib/libjava.so
Event: 0,300 Loaded shared library /snap/dbeaver-ce/543/usr/share/dbeaver-ce/jre/lib/libsimdsort.so
Event: 0,538 Loaded shared library /snap/dbeaver-ce/543/usr/share/dbeaver-ce/jre/lib/libnio.so
Event: 0,560 Loaded shared library /snap/dbeaver-ce/543/usr/share/dbeaver-ce/jre/lib/libzip.so
Event: 0,661 Loaded shared library /snap/dbeaver-ce/543/usr/share/dbeaver-ce/jre/lib/libnet.so
Event: 0,723 Loaded shared library /snap/dbeaver-ce/543/usr/share/dbeaver-ce/jre/lib/libjimage.so
Event: 0,889 Loaded shared library /snap/dbeaver-ce/543/usr/share/dbeaver-ce/plugins/org.eclipse.equinox.launcher.gtk.linux.x86_64_1.2.1500.v20250801-0854/eclipse_11916.so
Event: 6,155 Loaded shared library /snap/dbeaver-ce/543/usr/share/dbeaver-ce/jre/lib/libverify.so
Event: 6,178 Loaded shared library /home/gustaa/snap/dbeaver-ce/543/.local/share/DBeaverData/install-data/org.jkiss.dbeaver.product/26.1.5-202608181400/org.eclipse.osgi/152/0/.cp/libswt-gtk-4973r12.so
Event: 6,178 Loaded shared library /home/gustaa/snap/dbeaver-ce/543/.local/share/DBeaverData/install-data/org.jkiss.dbeaver.product/26.1.5-202608181400/org.eclipse.osgi/152/0/.cp/libswt-pi3-gtk-4973r12.so
Event: 6,249 Loaded shared library /snap/dbeaver-ce/543/usr/share/dbeaver-ce/jre/lib/libawt.so
Event: 6,249 Loaded shared library /snap/dbeaver-ce/543/usr/share/dbeaver-ce/jre/lib/libawt_xawt.so
Event: 6,318 Loaded shared library /snap/dbeaver-ce/543/usr/share/dbeaver-ce/jre/lib/libfontmanager.so
Event: 7,047 Loaded shared library /snap/dbeaver-ce/543/usr/share/dbeaver-ce/jre/lib/libjaas.so
Event: 7,066 Loaded shared library /home/gustaa/snap/dbeaver-ce/543/.local/share/DBeaverData/install-data/org.jkiss.dbeaver.product/26.1.5-202608181400/org.eclipse.osgi/49/0/.cp/os/linux/x86_64/libunixfile_1_0_0.so
Event: 7,259 Loaded shared library /home/gustaa/snap/dbeaver-ce/543/.local/share/DBeaverData/install-data/org.jkiss.dbeaver.product/26.1.5-202608181400/org.eclipse.osgi/152/0/.cp/libswt-cairo-gtk-4973r12.so
Event: 7,368 Loaded shared library /snap/dbeaver-ce/543/usr/share/dbeaver-ce/jre/lib/libextnet.so
Event: 7,938 Loaded shared library /home/gustaa/snap/dbeaver-ce/543/.local/share/DBeaverData/install-data/org.jkiss.dbeaver.product/26.1.5-202608181400/org.eclipse.osgi/152/0/.cp/libswt-atk-gtk-4973r12.so

Deoptimization events (20 events):
Event: 9,234 Thread 0x000071e97802e560 Uncommon trap: trap_request=0xffffffde fr.pc=0x000071e96cbca584 relative=0x0000000000000084
Event: 9,234 Thread 0x000071e97802e560 Uncommon trap: reason=class_check action=maybe_recompile pc=0x000071e96cbca584 method=org.eclipse.emf.common.notify.impl.BasicNotifierImpl.eNotificationRequired()Z @ 8 c2
Event: 9,234 Thread 0x000071e97802e560 DEOPT PACKING pc=0x000071e96cbca584 sp=0x000071e97d6c5890
Event: 9,234 Thread 0x000071e97802e560 DEOPT UNPACKING pc=0x000071e96c4ee379 sp=0x000071e97d6c5840 mode 2
Event: 9,286 Thread 0x000071e97802e560 Uncommon trap: trap_request=0xffffff45 fr.pc=0x000071e96cbb4998 relative=0x0000000000006718
Event: 9,286 Thread 0x000071e97802e560 Uncommon trap: reason=unstable_if action=reinterpret pc=0x000071e96cbb4998 method=java.lang.invoke.MethodType.methodType(Ljava/lang/Class;[Ljava/lang/Class;Z)Ljava/lang/invoke/MethodType; @ 53 c2
Event: 9,286 Thread 0x000071e97802e560 DEOPT PACKING pc=0x000071e96cbb4998 sp=0x000071e97d6c1bf0
Event: 9,286 Thread 0x000071e97802e560 DEOPT UNPACKING pc=0x000071e96c4ee379 sp=0x000071e97d6c1c10 mode 2
Event: 9,348 Thread 0x000071e97802e560 Uncommon trap: trap_request=0xffffffde fr.pc=0x000071e96cbca584 relative=0x0000000000000084
Event: 9,348 Thread 0x000071e97802e560 Uncommon trap: reason=class_check action=maybe_recompile pc=0x000071e96cbca584 method=org.eclipse.emf.common.notify.impl.BasicNotifierImpl.eNotificationRequired()Z @ 8 c2
Event: 9,348 Thread 0x000071e97802e560 DEOPT PACKING pc=0x000071e96cbca584 sp=0x000071e97d6c5810
Event: 9,348 Thread 0x000071e97802e560 DEOPT UNPACKING pc=0x000071e96c4ee379 sp=0x000071e97d6c57c0 mode 2
Event: 9,380 Thread 0x000071e97802e560 Uncommon trap: trap_request=0xffffffde fr.pc=0x000071e96cbca584 relative=0x0000000000000084
Event: 9,380 Thread 0x000071e97802e560 Uncommon trap: reason=class_check action=maybe_recompile pc=0x000071e96cbca584 method=org.eclipse.emf.common.notify.impl.BasicNotifierImpl.eNotificationRequired()Z @ 8 c2
Event: 9,380 Thread 0x000071e97802e560 DEOPT PACKING pc=0x000071e96cbca584 sp=0x000071e97d6c53a0
Event: 9,380 Thread 0x000071e97802e560 DEOPT UNPACKING pc=0x000071e96c4ee379 sp=0x000071e97d6c5350 mode 2
Event: 9,469 Thread 0x000071e97802e560 DEOPT PACKING pc=0x000071e965380faf sp=0x000071e97d6c4f30
Event: 9,469 Thread 0x000071e97802e560 DEOPT UNPACKING pc=0x000071e96c41ffef sp=0x000071e97d6c4400 mode 0
Event: 9,471 Thread 0x000071e97802e560 DEOPT PACKING pc=0x000071e965380faf sp=0x000071e97d6c4fb0
Event: 9,471 Thread 0x000071e97802e560 DEOPT UNPACKING pc=0x000071e96c41ffef sp=0x000071e97d6c4480 mode 0

Classes loaded (20 events):
Event: 9,460 Loading class java/util/concurrent/CompletableFuture$AsyncSupply
Event: 9,460 Loading class java/util/concurrent/CompletableFuture$AsyncSupply done
Event: 9,460 Loading class java/util/concurrent/ForkJoinTask$Aux
Event: 9,460 Loading class java/util/concurrent/ForkJoinTask$Aux done
Event: 9,461 Loading class java/util/concurrent/CompletableFuture$UniAccept
Event: 9,474 Loading class java/util/concurrent/CompletableFuture$UniCompletion
Event: 9,474 Loading class java/util/concurrent/CompletableFuture$UniCompletion done
Event: 9,474 Loading class java/util/concurrent/CompletableFuture$UniAccept done
Event: 9,477 Loading class java/text/CollationElementIterator
Event: 9,477 Loading class java/text/CollationElementIterator done
Event: 9,477 Loading class sun/text/CollatorUtilities
Event: 9,477 Loading class sun/text/CollatorUtilities done
Event: 9,477 Loading class jdk/internal/icu/text/UCharacterIterator
Event: 9,477 Loading class jdk/internal/icu/text/UCharacterIterator done
Event: 9,477 Loading class jdk/internal/icu/impl/ReplaceableUCharacterIterator
Event: 9,481 Loading class jdk/internal/icu/impl/ReplaceableUCharacterIterator done
Event: 9,481 Loading class jdk/internal/icu/text/ReplaceableString
Event: 9,481 Loading class jdk/internal/icu/text/Replaceable
Event: 9,481 Loading class jdk/internal/icu/text/Replaceable done
Event: 9,481 Loading class jdk/internal/icu/text/ReplaceableString done

Classes unloaded (0 events):
No events

Classes redefined (0 events):
No events

Internal exceptions (20 events):
Event: 8,890 Thread 0x000071e97802e560 Exception <a 'java/io/FileNotFoundException'{0x00000000c814f600}> (0x00000000c814f600) 
thrown [src/hotspot/share/prims/jni.cpp, line 516]
Event: 9,083 Thread 0x000071e97802e560 Exception <a 'java/lang/NoSuchMethodError'{0x00000000c7c1fa50}: 'void java.lang.invoke.DirectMethodHandle$Holder.invokeStatic(java.lang.Object, int)'> (0x00000000c7c1fa50) 
thrown [src/hotspot/share/interpreter/linkResolver.cpp, line 803]
Event: 9,113 Thread 0x000071e97802e560 Exception <a 'java/io/FileNotFoundException'{0x00000000c7cb7690}> (0x00000000c7cb7690) 
thrown [src/hotspot/share/prims/jni.cpp, line 516]
Event: 9,113 Thread 0x000071e97802e560 Exception <a 'java/io/FileNotFoundException'{0x00000000c7cb89a0}> (0x00000000c7cb89a0) 
thrown [src/hotspot/share/prims/jni.cpp, line 516]
Event: 9,113 Thread 0x000071e97802e560 Exception <a 'java/io/FileNotFoundException'{0x00000000c7cb9c48}> (0x00000000c7cb9c48) 
thrown [src/hotspot/share/prims/jni.cpp, line 516]
Event: 9,113 Thread 0x000071e97802e560 Exception <a 'java/io/FileNotFoundException'{0x00000000c7cbaf58}> (0x00000000c7cbaf58) 
thrown [src/hotspot/share/prims/jni.cpp, line 516]
Event: 9,113 Thread 0x000071e97802e560 Exception <a 'java/io/FileNotFoundException'{0x00000000c7cbc2a8}> (0x00000000c7cbc2a8) 
thrown [src/hotspot/share/prims/jni.cpp, line 516]
Event: 9,113 Thread 0x000071e97802e560 Exception <a 'java/io/FileNotFoundException'{0x00000000c7cbd600}> (0x00000000c7cbd600) 
thrown [src/hotspot/share/prims/jni.cpp, line 516]
Event: 9,113 Thread 0x000071e97802e560 Exception <a 'java/io/FileNotFoundException'{0x00000000c7cbe8c8}> (0x00000000c7cbe8c8) 
thrown [src/hotspot/share/prims/jni.cpp, line 516]
Event: 9,113 Thread 0x000071e97802e560 Exception <a 'java/io/FileNotFoundException'{0x00000000c7cbfbd0}> (0x00000000c7cbfbd0) 
thrown [src/hotspot/share/prims/jni.cpp, line 516]
Event: 9,113 Thread 0x000071e97802e560 Exception <a 'java/io/FileNotFoundException'{0x00000000c7cc0e88}> (0x00000000c7cc0e88) 
thrown [src/hotspot/share/prims/jni.cpp, line 516]
Event: 9,113 Thread 0x000071e97802e560 Exception <a 'java/io/FileNotFoundException'{0x00000000c7cc2130}> (0x00000000c7cc2130) 
thrown [src/hotspot/share/prims/jni.cpp, line 516]
Event: 9,113 Thread 0x000071e97802e560 Exception <a 'java/io/FileNotFoundException'{0x00000000c7cc3510}> (0x00000000c7cc3510) 
thrown [src/hotspot/share/prims/jni.cpp, line 516]
Event: 9,114 Thread 0x000071e97802e560 Exception <a 'java/io/FileNotFoundException'{0x00000000c7cc4b48}> (0x00000000c7cc4b48) 
thrown [src/hotspot/share/prims/jni.cpp, line 516]
Event: 9,114 Thread 0x000071e97802e560 Exception <a 'java/io/FileNotFoundException'{0x00000000c7cc5ea0}> (0x00000000c7cc5ea0) 
thrown [src/hotspot/share/prims/jni.cpp, line 516]
Event: 9,200 Thread 0x000071e97802e560 Exception <a 'java/lang/NoSuchMethodError'{0x00000000c76a7838}: 'void java.lang.invoke.DirectMethodHandle$Holder.invokeVirtual(java.lang.Object, java.lang.Object, java.lang.Object, int)'> (0x00000000c76a7838) 
thrown [src/hotspot/share/interpreter/linkResolver.cpp, line 803]
Event: 9,201 Thread 0x000071e97802e560 Exception <a 'java/lang/NoSuchMethodError'{0x00000000c76b7f70}: 'java.lang.Object java.lang.invoke.DirectMethodHandle$Holder.invokeVirtual(java.lang.Object, java.lang.Object, java.lang.Object)'> (0x00000000c76b7f70) 
thrown [src/hotspot/share/interpreter/linkResolver.cpp, line 803]
Event: 9,204 Thread 0x000071e97802e560 Exception <a 'java/lang/NoSuchMethodError'{0x00000000c76d0a10}: 'java.lang.Object java.lang.invoke.DirectMethodHandle$Holder.newInvokeSpecial(java.lang.Object, java.lang.Object, int)'> (0x00000000c76d0a10) 
thrown [src/hotspot/share/interpreter/linkResolver.cpp, line 803]
Event: 9,205 Thread 0x000071e97802e560 Exception <a 'java/lang/NoSuchMethodError'{0x00000000c76d9418}: 'java.lang.Object java.lang.invoke.Invokers$Holder.invoke_MT(java.lang.Object, java.lang.Object, java.lang.Object, java.lang.Object, java.lang.Object)'> (0x00000000c76d9418) 
thrown [src/hotspot/share/interpreter/linkResolver.cpp, line 803]
Event: 9,442 Thread 0x000071e97802e560 Exception <a 'java/io/FileNotFoundException'{0x00000000c73814b8}> (0x00000000c73814b8) 
thrown [src/hotspot/share/prims/jni.cpp, line 516]

VM Operations (20 events):
Event: 8,036 Executing non-safepoint VM operation: HandshakeAllThreads (Deoptimize)
Event: 8,036 Executing non-safepoint VM operation: HandshakeAllThreads (Deoptimize) done
Event: 8,151 Executing non-safepoint VM operation: HandshakeAllThreads (Deoptimize)
Event: 8,151 Executing non-safepoint VM operation: HandshakeAllThreads (Deoptimize) done
Event: 8,155 Executing safepoint VM operation: CollectForMetadataAllocation (Metadata GC Threshold)
Event: 8,163 Executing safepoint VM operation: CollectForMetadataAllocation (Metadata GC Threshold) done
Event: 8,191 Executing safepoint VM operation: G1PauseRemark
Event: 8,196 Executing safepoint VM operation: G1PauseRemark done
Event: 8,202 Executing safepoint VM operation: G1PauseCleanup
Event: 8,203 Executing safepoint VM operation: G1PauseCleanup done
Event: 8,203 Executing non-safepoint VM operation: HandshakeAllThreads (Deoptimize)
Event: 8,203 Executing non-safepoint VM operation: HandshakeAllThreads (Deoptimize) done
Event: 9,186 Executing non-safepoint VM operation: HandshakeAllThreads (Deoptimize)
Event: 9,186 Executing non-safepoint VM operation: HandshakeAllThreads (Deoptimize) done
Event: 9,202 Executing non-safepoint VM operation: HandshakeAllThreads (Deoptimize)
Event: 9,202 Executing non-safepoint VM operation: HandshakeAllThreads (Deoptimize) done
Event: 9,211 Executing non-safepoint VM operation: HandshakeAllThreads (Deoptimize)
Event: 9,212 Executing non-safepoint VM operation: HandshakeAllThreads (Deoptimize) done
Event: 9,290 Executing non-safepoint VM operation: HandshakeAllThreads (Deoptimize)
Event: 9,290 Executing non-safepoint VM operation: HandshakeAllThreads (Deoptimize) done

Memory protections (20 events):
Event: 6,098 Protecting memory [0x000071e8db2f9000,0x000071e8db2fd000] with protection modes 0
Event: 6,098 Protecting memory [0x000071e8db1f9000,0x000071e8db1fd000] with protection modes 0
Event: 6,133 Protecting memory [0x000071e8db1f9000,0x000071e8db1fd000] with protection modes 0
Event: 6,187 Protecting memory [0x000071e8db2f9000,0x000071e8db2fd000] with protection modes 0
Event: 6,357 Protecting memory [0x000071e8dad86000,0x000071e8dad8a000] with protection modes 0
Event: 6,358 Protecting memory [0x000071e8dac86000,0x000071e8dac8a000] with protection modes 0
Event: 7,024 Protecting memory [0x000071e8db8fb000,0x000071e8db8ff000] with protection modes 0
Event: 7,135 Protecting memory [0x000071e8da900000,0x000071e8da904000] with protection modes 0
Event: 7,274 Protecting memory [0x000071e8d8af1000,0x000071e8d8af5000] with protection modes 0
Event: 7,372 Protecting memory [0x000071e8d98f8000,0x000071e8d98fc000] with protection modes 0
Event: 7,377 Protecting memory [0x000071e8d90f4000,0x000071e8d90f8000] with protection modes 0
Event: 7,426 Protecting memory [0x000071e8d94f6000,0x000071e8d94fa000] with protection modes 0
Event: 7,866 Protecting memory [0x000071e8da4fe000,0x000071e8da502000] with protection modes 0
Event: 8,261 Protecting memory [0x000071e8d8059000,0x000071e8d805d000] with protection modes 0
Event: 8,619 Protecting memory [0x000071e8d9efb000,0x000071e8d9eff000] with protection modes 0
Event: 8,935 Protecting memory [0x000071e8db9fb000,0x000071e8db9ff000] with protection modes 0
Event: 8,935 Protecting memory [0x000071e8d9efb000,0x000071e8d9eff000] with protection modes 0
Event: 9,442 Protecting memory [0x000071e8d9af9000,0x000071e8d9afd000] with protection modes 0
Event: 9,461 Protecting memory [0x000071e82bc54000,0x000071e82bc58000] with protection modes 0
Event: 9,475 Protecting memory [0x000071e8da0fc000,0x000071e8da100000] with protection modes 0

Nmethod flushes (20 events):
Event: 8,195 Thread 0x000071e978113510 flushing  nmethod 0x000071e965329908
Event: 8,195 Thread 0x000071e978113510 flushing  nmethod 0x000071e965329f88
Event: 8,195 Thread 0x000071e978113510 flushing  nmethod 0x000071e96532a608
Event: 8,195 Thread 0x000071e978113510 flushing  nmethod 0x000071e96532b088
Event: 8,195 Thread 0x000071e978113510 flushing  nmethod 0x000071e96532bd88
Event: 8,195 Thread 0x000071e978113510 flushing  nmethod 0x000071e965377f88
Event: 8,195 Thread 0x000071e978113510 flushing  nmethod 0x000071e965378c08
Event: 8,195 Thread 0x000071e978113510 flushing  nmethod 0x000071e96537a288
Event: 8,195 Thread 0x000071e978113510 flushing  nmethod 0x000071e96537a588
Event: 8,195 Thread 0x000071e978113510 flushing  nmethod 0x000071e96537e008
Event: 8,195 Thread 0x000071e978113510 flushing  nmethod 0x000071e965380588
Event: 8,195 Thread 0x000071e978113510 flushing  nmethod 0x000071e9653d9408
Event: 8,195 Thread 0x000071e978113510 flushing  nmethod 0x000071e9653d9e88
Event: 8,195 Thread 0x000071e978113510 flushing  nmethod 0x000071e9653dc408
Event: 8,195 Thread 0x000071e978113510 flushing  nmethod 0x000071e9653dff88
Event: 8,195 Thread 0x000071e978113510 flushing  nmethod 0x000071e965438e08
Event: 8,195 Thread 0x000071e978113510 flushing  nmethod 0x000071e965439b88
Event: 8,195 Thread 0x000071e978113510 flushing  nmethod 0x000071e96548b108
Event: 8,195 Thread 0x000071e978113510 flushing  nmethod 0x000071e965507608
Event: 8,195 Thread 0x000071e978113510 flushing  nmethod 0x000071e965471308

Events (20 events):
Event: 6,357 Thread 0x000071e97802e560 Thread added: 0x000071e978bf2630
Event: 6,358 Thread 0x000071e97802e560 Thread added: 0x000071e978bf3610
Event: 6,882 Thread 0x000071e9208903e0 Thread exited: 0x000071e9208903e0
Event: 7,024 Thread 0x000071e97802e560 Thread added: 0x000071e978d30cc0
Event: 7,135 Thread 0x000071e978b33da0 Thread added: 0x000071e85c01f2b0
Event: 7,274 Thread 0x000071e85c01f2b0 Thread added: 0x000071e84c002660
Event: 7,372 Thread 0x000071e97802e560 Thread added: 0x000071e978f31a80
Event: 7,377 Thread 0x000071e97802e560 Thread added: 0x000071e978f35820
Event: 7,426 Thread 0x000071e978b33da0 Thread added: 0x000071e85c020120
Event: 7,866 Thread 0x000071e97802e560 Thread added: 0x000071e9791ac840
Event: 8,261 Thread 0x000071e84c002660 Thread added: 0x000071e824004d50
Event: 8,619 Thread 0x000071e97802e560 Thread added: 0x000071e979400f80
Event: 8,625 Thread 0x000071e979400f80 Thread exited: 0x000071e979400f80
Event: 8,763 Thread 0x000071e92083b040 Thread exited: 0x000071e92083b040
Event: 8,935 Thread 0x000071e9781529c0 Thread added: 0x000071e92083af90
Event: 8,935 Thread 0x000071e9781529c0 Thread added: 0x000071e920a62bb0
Event: 9,279 Thread 0x000071e920a62bb0 Thread exited: 0x000071e920a62bb0
Event: 9,441 Thread 0x000071e97802e560 Thread added: 0x000071e97869e020
Event: 9,461 Thread 0x000071e97869e020 Thread added: 0x000071e8100119f0
Event: 9,475 Thread 0x000071e97869e020 Thread added: 0x000071e8100138f0


Dynamic libraries:
31000000-31080000 rw-p 00000000 00:00 0 
31080000-310a0000 rw-p 00000000 00:00 0 
310a0000-310c0000 rw-p 00000000 00:00 0 
310c0000-31140000 rw-p 00000000 00:00 0 
31140000-311c0000 rw-p 00000000 00:00 0 
311c0000-31200000 rw-p 00000000 00:00 0 
31200000-312c0000 rw-p 00000000 00:00 0 
312c0000-31300000 rw-p 00000000 00:00 0 
31300000-31440000 rw-p 00000000 00:00 0 
31440000-31470000 rw-p 00000000 00:00 0 
31470000-31480000 ---p 00000000 00:00 0 
31480000-316e0000 rw-p 00000000 00:00 0 
316e0000-71000000 ---p 00000000 00:00 0 
c0000000-c8f00000 rw-p 00000000 00:00 0 
c8f00000-c9000000 ---p 00000000 00:00 0 
c9000000-c9100000 rw-p 00000000 00:00 0 
c9100000-100000000 ---p 00000000 00:00 0 
631e7a335000-631e7a336000 r--p 00000000 07:23 1615                       /snap/dbeaver-ce/543/usr/share/dbeaver-ce/jre/bin/java
631e7a336000-631e7a337000 r-xp 00001000 07:23 1615                       /snap/dbeaver-ce/543/usr/share/dbeaver-ce/jre/bin/java
631e7a337000-631e7a338000 r--p 00002000 07:23 1615                       /snap/dbeaver-ce/543/usr/share/dbeaver-ce/jre/bin/java
631e7a338000-631e7a339000 r--p 00002000 07:23 1615                       /snap/dbeaver-ce/543/usr/share/dbeaver-ce/jre/bin/java
631e7a339000-631e7a33a000 rw-p 00003000 07:23 1615                       /snap/dbeaver-ce/543/usr/share/dbeaver-ce/jre/bin/java
631e9e5da000-631e9e625000 rw-p 00000000 00:00 0                          [heap]
71e7f4000000-71e7f4021000 rw-p 00000000 00:00 0 
71e7f4021000-71e7f8000000 ---p 00000000 00:00 0 
71e7f8000000-71e7f8021000 rw-p 00000000 00:00 0 
71e7f8021000-71e7fc000000 ---p 00000000 00:00 0 
71e7fc000000-71e7fc034000 rw-p 00000000 00:00 0 
71e7fc034000-71e800000000 ---p 00000000 00:00 0 
71e800000000-71e800021000 rw-p 00000000 00:00 0 
71e800021000-71e804000000 ---p 00000000 00:00 0 
71e804000000-71e804034000 rw-p 00000000 00:00 0 
71e804034000-71e808000000 ---p 00000000 00:00 0 
71e808000000-71e808021000 rw-p 00000000 00:00 0 
71e808021000-71e80c000000 ---p 00000000 00:00 0 
71e80c000000-71e80c034000 rw-p 00000000 00:00 0 
71e80c034000-71e810000000 ---p 00000000 00:00 0 
71e810000000-71e810034000 rw-p 00000000 00:00 0 
71e810034000-71e814000000 ---p 00000000 00:00 0 
71e814000000-71e814021000 rw-p 00000000 00:00 0 
71e814021000-71e818000000 ---p 00000000 00:00 0 
71e818000000-71e818036000 rw-p 00000000 00:00 0 
71e818036000-71e81c000000 ---p 00000000 00:00 0 
71e81c000000-71e81c036000 rw-p 00000000 00:00 0 
71e81c036000-71e820000000 ---p 00000000 00:00 0 
71e820000000-71e820036000 rw-p 00000000 00:00 0 
71e820036000-71e824000000 ---p 00000000 00:00 0 
71e824000000-71e824032000 rw-p 00000000 00:00 0 
71e824032000-71e828000000 ---p 00000000 00:00 0 
71e82b651000-71e82bc54000 rw-p 00000000 00:00 0 
71e82bc54000-71e82bc58000 ---p 00000000 00:00 0 
71e82bc58000-71e82be55000 rw-p 00000000 00:00 0 
71e82be55000-71e82be5b000 r--p 00000000 08:05 919043                     /usr/lib/x86_64-linux-gnu/libmvec.so.1
71e82be5b000-71e82be7e000 r-xp 00006000 08:05 919043                     /usr/lib/x86_64-linux-gnu/libmvec.so.1
71e82be7e000-71e82bf4e000 r--p 00029000 08:05 919043                     /usr/lib/x86_64-linux-gnu/libmvec.so.1
71e82bf4e000-71e82bf4f000 r--p 000f8000 08:05 919043                     /usr/lib/x86_64-linux-gnu/libmvec.so.1
71e82bf4f000-71e82bf50000 rw-p 000f9000 08:05 919043                     /usr/lib/x86_64-linux-gnu/libmvec.so.1
71e82bf50000-71e82c000000 rw-s 00000000 00:01 24612                      /memfd:gdk-wayland (deleted)
71e82c000000-71e82c021000 rw-p 00000000 00:00 0 
71e82c021000-71e830000000 ---p 00000000 00:00 0 
71e830000000-71e830036000 rw-p 00000000 00:00 0 
71e830036000-71e834000000 ---p 00000000 00:00 0 
71e834000000-71e834036000 rw-p 00000000 00:00 0 
71e834036000-71e838000000 ---p 00000000 00:00 0 
71e838000000-71e838036000 rw-p 00000000 00:00 0 
71e838036000-71e83c000000 ---p 00000000 00:00 0 
71e83c000000-71e83c021000 rw-p 00000000 00:00 0 
71e83c021000-71e840000000 ---p 00000000 00:00 0 
71e840000000-71e840036000 rw-p 00000000 00:00 0 
71e840036000-71e844000000 ---p 00000000 00:00 0 
71e844000000-71e844070000 rw-p 00000000 00:00 0 
71e844070000-71e848000000 ---p 00000000 00:00 0 
71e848000000-71e848021000 rw-p 00000000 00:00 0 
71e848021000-71e84c000000 ---p 00000000 00:00 0 
71e84c000000-71e84c021000 rw-p 00000000 00:00 0 
71e84c021000-71e850000000 ---p 00000000 00:00 0 
71e850000000-71e850032000 rw-p 00000000 00:00 0 
71e850032000-71e854000000 ---p 00000000 00:00 0 
71e854000000-71e854021000 rw-p 00000000 00:00 0 
71e854021000-71e858000000 ---p 00000000 00:00 0 
71e858000000-71e858021000 rw-p 00000000 00:00 0 
71e858021000-71e85c000000 ---p 00000000 00:00 0 
71e85c000000-71e85c024000 rw-p 00000000 00:00 0 
71e85c024000-71e860000000 ---p 00000000 00:00 0 
71e860000000-71e860021000 rw-p 00000000 00:00 0 
71e860021000-71e864000000 ---p 00000000 00:00 0 
71e864000000-71e864021000 rw-p 00000000 00:00 0 
71e864021000-71e868000000 ---p 00000000 00:00 0 
71e868000000-71e868021000 rw-p 00000000 00:00 0 
71e868021000-71e86c000000 ---p 00000000 00:00 0 
71e86c000000-71e86c021000 rw-p 00000000 00:00 0 
71e86c021000-71e870000000 ---p 00000000 00:00 0 
71e870000000-71e870021000 rw-p 00000000 00:00 0 
71e870021000-71e874000000 ---p 00000000 00:00 0 
71e874000000-71e87567a000 rw-p 00000000 00:00 0 
71e87567a000-71e878000000 ---p 00000000 00:00 0 
71e878000000-71e878021000 rw-p 00000000 00:00 0 
71e878021000-71e87c000000 ---p 00000000 00:00 0 
71e87c000000-71e87c021000 rw-p 00000000 00:00 0 
71e87c021000-71e880000000 ---p 00000000 00:00 0 
71e880000000-71e8823e3000 rw-p 00000000 00:00 0 
71e8823e3000-71e884000000 ---p 00000000 00:00 0 
71e884000000-71e884021000 rw-p 00000000 00:00 0 
71e884021000-71e888000000 ---p 00000000 00:00 0 
71e888000000-71e888021000 rw-p 00000000 00:00 0 
71e888021000-71e88c000000 ---p 00000000 00:00 0 
71e88c000000-71e88c021000 rw-p 00000000 00:00 0 
71e88c021000-71e890000000 ---p 00000000 00:00 0 
71e890000000-71e890021000 rw-p 00000000 00:00 0 
71e890021000-71e894000000 ---p 00000000 00:00 0 
71e894000000-71e894021000 rw-p 00000000 00:00 0 
71e894021000-71e898000000 ---p 00000000 00:00 0 
71e898000000-71e898021000 rw-p 00000000 00:00 0 
71e898021000-71e89c000000 ---p 00000000 00:00 0 
71e89c000000-71e89c021000 rw-p 00000000 00:00 0 
71e89c021000-71e8a0000000 ---p 00000000 00:00 0 
71e8a0000000-71e8a0021000 rw-p 00000000 00:00 0 
71e8a0021000-71e8a4000000 ---p 00000000 00:00 0 
71e8a4000000-71e8a4021000 rw-p 00000000 00:00 0 
71e8a4021000-71e8a8000000 ---p 00000000 00:00 0 
71e8a8000000-71e8a8021000 rw-p 00000000 00:00 0 
71e8a8021000-71e8ac000000 ---p 00000000 00:00 0 
71e8ac000000-71e8ac034000 rw-p 00000000 00:00 0 
71e8ac034000-71e8b0000000 ---p 00000000 00:00 0 
71e8b0000000-71e8b0021000 rw-p 00000000 00:00 0 
71e8b0021000-71e8b4000000 ---p 00000000 00:00 0 
71e8b4000000-71e8b4034000 rw-p 00000000 00:00 0 
71e8b4034000-71e8b8000000 ---p 00000000 00:00 0 
71e8b8000000-71e8b8034000 rw-p 00000000 00:00 0 
71e8b8034000-71e8bc000000 ---p 00000000 00:00 0 
71e8bc000000-71e8bc2e6000 rw-p 00000000 00:00 0 
71e8bc2e6000-71e8c0000000 ---p 00000000 00:00 0 
71e8c0000000-71e8c02c8000 rw-p 00000000 00:00 0 
71e8c02c8000-71e8c4000000 ---p 00000000 00:00 0 
71e8c4000000-71e8c4034000 rw-p 00000000 00:00 0 
71e8c4034000-71e8c8000000 ---p 00000000 00:00 0 
71e8c8000000-71e8c87a7000 rw-p 00000000 00:00 0 
71e8c87a7000-71e8cc000000 ---p 00000000 00:00 0 
71e8cc000000-71e8cc034000 rw-p 00000000 00:00 0 
71e8cc034000-71e8d0000000 ---p 00000000 00:00 0 
71e8d0000000-71e8d0074000 rw-p 00000000 00:00 0 
71e8d0074000-71e8d4000000 ---p 00000000 00:00 0 
71e8d4000000-71e8d4034000 rw-p 00000000 00:00 0 
71e8d4034000-71e8d8000000 ---p 00000000 00:00 0 
71e8d8059000-71e8d805d000 ---p 00000000 00:00 0 
71e8d805d000-71e8d885d000 rw-p 00000000 00:00 0 
71e8d88e1000-71e8d89e9000 r--p 00000000 08:05 1195712                    /usr/share/fonts/truetype/ubuntu/UbuntuSans[wdth,wght].ttf
71e8d89e9000-71e8d8af1000 r--p 00000000 08:05 1195712                    /usr/share/fonts/truetype/ubuntu/UbuntuSans[wdth,wght].ttf
71e8d8af1000-71e8d8af5000 ---p 00000000 00:00 0 
71e8d8af5000-71e8d90f4000 rw-p 00000000 00:00 0 
71e8d90f4000-71e8d90f8000 ---p 00000000 00:00 0 
71e8d90f8000-71e8d94f6000 rw-p 00000000 00:00 0 
71e8d94f6000-71e8d94fa000 ---p 00000000 00:00 0 
71e8d94fa000-71e8d98f8000 rw-p 00000000 00:00 0 
71e8d98f8000-71e8d98fc000 ---p 00000000 00:00 0 
71e8d98fc000-71e8d9af9000 rw-p 00000000 00:00 0 
71e8d9af9000-71e8d9afd000 ---p 00000000 00:00 0 
71e8d9afd000-71e8d9efb000 rw-p 00000000 00:00 0 
71e8d9efb000-71e8d9eff000 ---p 00000000 00:00 0 
71e8d9eff000-71e8da0fc000 rw-p 00000000 00:00 0 
71e8da0fc000-71e8da100000 ---p 00000000 00:00 0 
71e8da100000-71e8da4fe000 rw-p 00000000 00:00 0 
71e8da4fe000-71e8da502000 ---p 00000000 00:00 0 
71e8da502000-71e8da900000 rw-p 00000000 00:00 0 
71e8da900000-71e8da904000 ---p 00000000 00:00 0 
71e8da904000-71e8daa00000 rw-p 00000000 00:00 0 
71e8daa00000-71e8daa02000 r-xp 00000000 08:05 660844                     /home/gustaa/snap/dbeaver-ce/543/.local/share/DBeaverData/install-data/org.jkiss.dbeaver.product/26.1.5-202608181400/org.eclipse.osgi/49/0/.cp/os/linux/x86_64/libunixfile_1_0_0.so
71e8daa02000-71e8dac01000 ---p 00002000 08:05 660844                     /home/gustaa/snap/dbeaver-ce/543/.local/share/DBeaverData/install-data/org.jkiss.dbeaver.product/26.1.5-202608181400/org.eclipse.osgi/49/0/.cp/os/linux/x86_64/libunixfile_1_0_0.so
71e8dac01000-71e8dac02000 r--p 00001000 08:05 660844                     /home/gustaa/snap/dbeaver-ce/543/.local/share/DBeaverData/install-data/org.jkiss.dbeaver.product/26.1.5-202608181400/org.eclipse.osgi/49/0/.cp/os/linux/x86_64/libunixfile_1_0_0.so
71e8dac02000-71e8dac03000 rw-p 00002000 08:05 660844                     /home/gustaa/snap/dbeaver-ce/543/.local/share/DBeaverData/install-data/org.jkiss.dbeaver.product/26.1.5-202608181400/org.eclipse.osgi/49/0/.cp/os/linux/x86_64/libunixfile_1_0_0.so
71e8dac32000-71e8dac86000 r--p 00000000 08:05 1195365                    /usr/share/fonts/truetype/dejavu/DejaVuSansMono.ttf
71e8dac86000-71e8dac8a000 ---p 00000000 00:00 0 
71e8dac8a000-71e8dad86000 rw-p 00000000 00:00 0 
71e8dad86000-71e8dad8a000 ---p 00000000 00:00 0 
71e8dad8a000-71e8dae86000 rw-p 00000000 00:00 0 
71e8dae86000-71e8dae91000 r--p 00000000 07:23 1833                       /snap/dbeaver-ce/543/usr/share/dbeaver-ce/jre/lib/libfreetype.so
71e8dae91000-71e8daf09000 r-xp 0000b000 07:23 1833                       /snap/dbeaver-ce/543/usr/share/dbeaver-ce/jre/lib/libfreetype.so
71e8daf09000-71e8daf2d000 r--p 00083000 07:23 1833                       /snap/dbeaver-ce/543/usr/share/dbeaver-ce/jre/lib/libfreetype.so
71e8daf2d000-71e8daf33000 r--p 000a7000 07:23 1833                       /snap/dbeaver-ce/543/usr/share/dbeaver-ce/jre/lib/libfreetype.so
71e8daf33000-71e8daf34000 rw-p 000ad000 07:23 1833                       /snap/dbeaver-ce/543/usr/share/dbeaver-ce/jre/lib/libfreetype.so
71e8daf34000-71e8daf3b000 r--p 00000000 07:23 1832                       /snap/dbeaver-ce/543/usr/share/dbeaver-ce/jre/lib/libfontmanager.so
71e8daf3b000-71e8db0be000 r-xp 00007000 07:23 1832                       /snap/dbeaver-ce/543/usr/share/dbeaver-ce/jre/lib/libfontmanager.so
71e8db0be000-71e8db0fa000 r--p 0018a000 07:23 1832                       /snap/dbeaver-ce/543/usr/share/dbeaver-ce/jre/lib/libfontmanager.so
71e8db0fa000-71e8db0fc000 r--p 001c6000 07:23 1832                       /snap/dbeaver-ce/543/usr/share/dbeaver-ce/jre/lib/libfontmanager.so
71e8db0fc000-71e8db0fd000 rw-p 001c8000 07:23 1832                       /snap/dbeaver-ce/543/usr/share/dbeaver-ce/jre/lib/libfontmanager.so
71e8db0fd000-71e8db0fe000 rw-p 00000000 00:00 0 
71e8db0fe000-71e8db11d000 r--p 00000000 07:23 1828                       /snap/dbeaver-ce/543/usr/share/dbeaver-ce/jre/lib/libawt.so
71e8db11d000-71e8db1bb000 r-xp 0001f000 07:23 1828                       /snap/dbeaver-ce/543/usr/share/dbeaver-ce/jre/lib/libawt.so
71e8db1bb000-71e8db1c8000 r--p 000bd000 07:23 1828                       /snap/dbeaver-ce/543/usr/share/dbeaver-ce/jre/lib/libawt.so
71e8db1c8000-71e8db1c9000 r--p 000c9000 07:23 1828                       /snap/dbeaver-ce/543/usr/share/dbeaver-ce/jre/lib/libawt.so
71e8db1c9000-71e8db1d4000 rw-p 000ca000 07:23 1828                       /snap/dbeaver-ce/543/usr/share/dbeaver-ce/jre/lib/libawt.so
71e8db1d4000-71e8db1f9000 rw-p 00000000 00:00 0 
71e8db1f9000-71e8db1fd000 ---p 00000000 00:00 0 
71e8db1fd000-71e8db2f9000 rw-p 00000000 00:00 0 
71e8db2f9000-71e8db2fd000 ---p 00000000 00:00 0 
71e8db2fd000-71e8db3f9000 rw-p 00000000 00:00 0 
71e8db3f9000-71e8db3fd000 ---p 00000000 00:00 0 
71e8db3fd000-71e8db4f9000 rw-p 00000000 00:00 0 
71e8db4f9000-71e8db4fd000 ---p 00000000 00:00 0 
71e8db4fd000-71e8db5f9000 rw-p 00000000 00:00 0 
71e8db5f9000-71e8db5fd000 ---p 00000000 00:00 0 
71e8db5fd000-71e8db8fb000 rw-p 00000000 00:00 0 
71e8db8fb000-71e8db8ff000 ---p 00000000 00:00 0 
71e8db8ff000-71e8db9fb000 rw-p 00000000 00:00 0 
71e8db9fb000-71e8db9ff000 ---p 00000000 00:00 0 
71e8db9ff000-71e8dc000000 rw-p 00000000 00:00 0 
71e8dc000000-71e8dc034000 rw-p 00000000 00:00 0 
71e8dc034000-71e8e0000000 ---p 00000000 00:00 0 
71e8e0000000-71e8e0034000 rw-p 00000000 00:00 0 
71e8e0034000-71e8e4000000 ---p 00000000 00:00 0 
71e8e4000000-71e8e4034000 rw-p 00000000 00:00 0 
71e8e4034000-71e8e8000000 ---p 00000000 00:00 0 
71e8e8000000-71e8e8072000 rw-p 00000000 00:00 0 
71e8e8072000-71e8ec000000 ---p 00000000 00:00 0 
71e8ec000000-71e8ec021000 rw-p 00000000 00:00 0 
71e8ec021000-71e8f0000000 ---p 00000000 00:00 0 
71e8f0000000-71e8f0021000 rw-p 00000000 00:00 0 
71e8f0021000-71e8f4000000 ---p 00000000 00:00 0 
71e8f4000000-71e8f4021000 rw-p 00000000 00:00 0 
71e8f4021000-71e8f8000000 ---p 00000000 00:00 0 
71e8f8000000-71e8f8021000 rw-p 00000000 00:00 0 
71e8f8021000-71e8fc000000 ---p 00000000 00:00 0 
71e8fc000000-71e8fc021000 rw-p 00000000 00:00 0 
71e8fc021000-71e900000000 ---p 00000000 00:00 0 
71e900000000-71e900021000 rw-p 00000000 00:00 0 
71e900021000-71e904000000 ---p 00000000 00:00 0 
71e904000000-71e904021000 rw-p 00000000 00:00 0 
71e904021000-71e908000000 ---p 00000000 00:00 0 
71e908005000-71e908008000 r--p 00000000 08:05 936687                     /usr/lib/x86_64-linux-gnu/libvorbis.so.0.4.9
71e908008000-71e908021000 r-xp 00003000 08:05 936687                     /usr/lib/x86_64-linux-gnu/libvorbis.so.0.4.9
71e908021000-71e908032000 r--p 0001c000 08:05 936687                     /usr/lib/x86_64-linux-gnu/libvorbis.so.0.4.9
71e908032000-71e908033000 r--p 0002c000 08:05 936687                     /usr/lib/x86_64-linux-gnu/libvorbis.so.0.4.9
71e908033000-71e908034000 rw-p 0002d000 08:05 936687                     /usr/lib/x86_64-linux-gnu/libvorbis.so.0.4.9
71e908034000-71e908036000 r--p 00000000 08:05 1062014                    /usr/lib/x86_64-linux-gnu/gtk-3.0/3.0.0/immodules/im-wayland.so
71e908036000-71e908038000 r-xp 00002000 08:05 1062014                    /usr/lib/x86_64-linux-gnu/gtk-3.0/3.0.0/immodules/im-wayland.so
71e908038000-71e908039000 r--p 00004000 08:05 1062014                    /usr/lib/x86_64-linux-gnu/gtk-3.0/3.0.0/immodules/im-wayland.so
71e908039000-71e90803a000 r--p 00005000 08:05 1062014                    /usr/lib/x86_64-linux-gnu/gtk-3.0/3.0.0/immodules/im-wayland.so
71e90803a000-71e90803b000 rw-p 00006000 08:05 1062014                    /usr/lib/x86_64-linux-gnu/gtk-3.0/3.0.0/immodules/im-wayland.so
71e90803b000-71e90806d000 r--p 00000000 08:05 1215071                    /usr/share/icons/Yaru/icon-theme.cache
71e90806d000-71e90807e000 r--p 00000000 07:23 1830                       /snap/dbeaver-ce/543/usr/share/dbeaver-ce/jre/lib/libawt_xawt.so
71e90807e000-71e9080c1000 r-xp 00011000 07:23 1830                       /snap/dbeaver-ce/543/usr/share/dbeaver-ce/jre/lib/libawt_xawt.so
71e9080c1000-71e9080d5000 r--p 00054000 07:23 1830                       /snap/dbeaver-ce/543/usr/share/dbeaver-ce/jre/lib/libawt_xawt.so
71e9080d5000-71e9080d7000 r--p 00067000 07:23 1830                       /snap/dbeaver-ce/543/usr/share/dbeaver-ce/jre/lib/libawt_xawt.so
71e9080d7000-71e9080d9000 rw-p 00069000 07:23 1830                       /snap/dbeaver-ce/543/usr/share/dbeaver-ce/jre/lib/libawt_xawt.so
71e9080d9000-71e9080db000 rw-p 00000000 00:00 0 
71e9080db000-71e9084df000 rw-p 00000000 00:00 0 
71e9084df000-71e9084e3000 ---p 00000000 00:00 0 
71e9084e3000-71e9085df000 rw-p 00000000 00:00 0 
71e9085df000-71e9085e3000 ---p 00000000 00:00 0 
71e9085e3000-71e9086df000 rw-p 00000000 00:00 0 
71e9086df000-71e9086e3000 ---p 00000000 00:00 0 
71e9086e3000-71e9087df000 rw-p 00000000 00:00 0 
71e9087df000-71e9088e7000 r--p 00000000 08:05 1195712                    /usr/share/fonts/truetype/ubuntu/UbuntuSans[wdth,wght].ttf
71e9088e7000-71e9089ef000 r--p 00000000 08:05 1195712                    /usr/share/fonts/truetype/ubuntu/UbuntuSans[wdth,wght].ttf
71e9089ef000-71e9089f3000 ---p 00000000 00:00 0 
71e9089f3000-71e908bf0000 rw-p 00000000 00:00 0 
71e908bf0000-71e908bf4000 ---p 00000000 00:00 0 
71e908bf4000-71e908df1000 rw-p 00000000 00:00 0 
71e908df1000-71e908df5000 ---p 00000000 00:00 0 
71e908df5000-71e908ff2000 rw-p 00000000 00:00 0 
71e908ff2000-71e908ff6000 ---p 00000000 00:00 0 
71e908ff6000-71e9091f3000 rw-p 00000000 00:00 0 
71e9091f3000-71e9091f7000 ---p 00000000 00:00 0 
71e9091f7000-71e9093f4000 rw-p 00000000 00:00 0 
71e9093f4000-71e9093f8000 ---p 00000000 00:00 0 
71e9093f8000-71e9095f5000 rw-p 00000000 00:00 0 
71e9095f5000-71e9095f9000 ---p 00000000 00:00 0 
71e9095f9000-71e9097f6000 rw-p 00000000 00:00 0 
71e9097f6000-71e9097fa000 ---p 00000000 00:00 0 
71e9097fa000-71e9099f7000 rw-p 00000000 00:00 0 
71e9099f7000-71e9099fb000 ---p 00000000 00:00 0 
71e9099fb000-71e909bf8000 rw-p 00000000 00:00 0 
71e909bf8000-71e909bfc000 ---p 00000000 00:00 0 
71e909bfc000-71e909df9000 rw-p 00000000 00:00 0 
71e909df9000-71e909dfd000 ---p 00000000 00:00 0 
71e909dfd000-71e909ffa000 rw-p 00000000 00:00 0 
71e909ffa000-71e909ffe000 ---p 00000000 00:00 0 
71e909ffe000-71e90a3fc000 rw-p 00000000 00:00 0 
71e90a3fc000-71e90a400000 ---p 00000000 00:00 0 
71e90a400000-71e90a5fd000 rw-p 00000000 00:00 0 
71e90a5fd000-71e90a601000 ---p 00000000 00:00 0 
71e90a601000-71e90ac00000 rw-p 00000000 00:00 0 
71e90ac00000-71e90af4a000 r--s 00000000 08:05 6037217                    /var/cache/fontconfig/0bd3dc0958fa2205aaaa8ebb13e2872b-le64.cache-9
71e90af4f000-71e90af55000 r--p 00000000 08:05 660867                     /home/gustaa/snap/dbeaver-ce/543/.local/share/DBeaverData/install-data/org.jkiss.dbeaver.product/26.1.5-202608181400/org.eclipse.osgi/152/0/.cp/libswt-cairo-gtk-4973r12.so
71e90af55000-71e90af58000 r-xp 00006000 08:05 660867                     /home/gustaa/snap/dbeaver-ce/543/.local/share/DBeaverData/install-data/org.jkiss.dbeaver.product/26.1.5-202608181400/org.eclipse.osgi/152/0/.cp/libswt-cairo-gtk-4973r12.so
71e90af58000-71e90af5a000 r--p 00009000 08:05 660867                     /home/gustaa/snap/dbeaver-ce/543/.local/share/DBeaverData/install-data/org.jkiss.dbeaver.product/26.1.5-202608181400/org.eclipse.osgi/152/0/.cp/libswt-cairo-gtk-4973r12.so
71e90af5a000-71e90af5b000 r--p 0000a000 08:05 660867                     /home/gustaa/snap/dbeaver-ce/543/.local/share/DBeaverData/install-data/org.jkiss.dbeaver.product/26.1.5-202608181400/org.eclipse.osgi/152/0/.cp/libswt-cairo-gtk-4973r12.so
71e90af5b000-71e90af5c000 rw-p 0000b000 08:05 660867                     /home/gustaa/snap/dbeaver-ce/543/.local/share/DBeaverData/install-data/org.jkiss.dbeaver.product/26.1.5-202608181400/org.eclipse.osgi/152/0/.cp/libswt-cairo-gtk-4973r12.so
71e90af5c000-71e90af64000 r--s 00000000 08:05 5023500                    /home/gustaa/.local/share/gvfs-metadata/root-ae3b7e15.log
71e90af64000-71e90afa3000 r--p 00000000 08:05 660805                     /home/gustaa/snap/dbeaver-ce/543/.local/share/DBeaverData/install-data/org.jkiss.dbeaver.product/26.1.5-202608181400/org.eclipse.osgi/152/0/.cp/libswt-gtk-4973r12.so
71e90afa3000-71e90afcc000 r-xp 0003f000 08:05 660805                     /home/gustaa/snap/dbeaver-ce/543/.local/share/DBeaverData/install-data/org.jkiss.dbeaver.product/26.1.5-202608181400/org.eclipse.osgi/152/0/.cp/libswt-gtk-4973r12.so
71e90afcc000-71e90aff1000 r--p 00068000 08:05 660805                     /home/gustaa/snap/dbeaver-ce/543/.local/share/DBeaverData/install-data/org.jkiss.dbeaver.product/26.1.5-202608181400/org.eclipse.osgi/152/0/.cp/libswt-gtk-4973r12.so
71e90aff1000-71e90aff2000 r--p 0008c000 08:05 660805                     /home/gustaa/snap/dbeaver-ce/543/.local/share/DBeaverData/install-data/org.jkiss.dbeaver.product/26.1.5-202608181400/org.eclipse.osgi/152/0/.cp/libswt-gtk-4973r12.so
71e90aff2000-71e90affa000 rw-p 0008d000 08:05 660805                     /home/gustaa/snap/dbeaver-ce/543/.local/share/DBeaverData/install-data/org.jkiss.dbeaver.product/26.1.5-202608181400/org.eclipse.osgi/152/0/.cp/libswt-gtk-4973r12.so
71e90affa000-71e90affe000 rw-p 00000000 00:00 0 
71e90affe000-71e90c000000 rw-p 00000000 00:00 0 
71e90c000000-71e90c021000 rw-p 00000000 00:00 0 
71e90c021000-71e910000000 ---p 00000000 00:00 0 
71e910000000-71e910021000 rw-p 00000000 00:00 0 
71e910021000-71e914000000 ---p 00000000 00:00 0 
71e914000000-71e914080000 rw-p 00000000 00:00 0 
71e914080000-71e918000000 ---p 00000000 00:00 0 
71e918000000-71e918021000 rw-p 00000000 00:00 0 
71e918021000-71e91c000000 ---p 00000000 00:00 0 
71e91c003000-71e91c00d000 r--p 00000000 08:05 1210027                    /usr/share/icons/Adwaita/icon-theme.cache
71e91c00d000-71e91c013000 r--p 00000000 08:05 1192314                    /usr/share/icons/hicolor/icon-theme.cache
71e91c013000-71e91c04e000 r--p 00000000 08:05 660806                     /home/gustaa/snap/dbeaver-ce/543/.local/share/DBeaverData/install-data/org.jkiss.dbeaver.product/26.1.5-202608181400/org.eclipse.osgi/152/0/.cp/libswt-pi3-gtk-4973r12.so
71e91c04e000-71e91c06f000 r-xp 0003b000 08:05 660806                     /home/gustaa/snap/dbeaver-ce/543/.local/share/DBeaverData/install-data/org.jkiss.dbeaver.product/26.1.5-202608181400/org.eclipse.osgi/152/0/.cp/libswt-pi3-gtk-4973r12.so
71e91c06f000-71e91c082000 r--p 0005c000 08:05 660806                     /home/gustaa/snap/dbeaver-ce/543/.local/share/DBeaverData/install-data/org.jkiss.dbeaver.product/26.1.5-202608181400/org.eclipse.osgi/152/0/.cp/libswt-pi3-gtk-4973r12.so
71e91c082000-71e91c083000 r--p 0006e000 08:05 660806                     /home/gustaa/snap/dbeaver-ce/543/.local/share/DBeaverData/install-data/org.jkiss.dbeaver.product/26.1.5-202608181400/org.eclipse.osgi/152/0/.cp/libswt-pi3-gtk-4973r12.so
71e91c083000-71e91c086000 rw-p 0006f000 08:05 660806                     /home/gustaa/snap/dbeaver-ce/543/.local/share/DBeaverData/install-data/org.jkiss.dbeaver.product/26.1.5-202608181400/org.eclipse.osgi/152/0/.cp/libswt-pi3-gtk-4973r12.so
71e91c086000-71e91c087000 rw-p 00000000 00:00 0 
71e91c087000-71e91c08b000 r--p 00000000 07:23 1855                       /snap/dbeaver-ce/543/usr/share/dbeaver-ce/jre/lib/libverify.so
71e91c08b000-71e91c094000 r-xp 00004000 07:23 1855                       /snap/dbeaver-ce/543/usr/share/dbeaver-ce/jre/lib/libverify.so
71e91c094000-71e91c096000 r--p 0000d000 07:23 1855                       /snap/dbeaver-ce/543/usr/share/dbeaver-ce/jre/lib/libverify.so
71e91c096000-71e91c098000 r--p 0000e000 07:23 1855                       /snap/dbeaver-ce/543/usr/share/dbeaver-ce/jre/lib/libverify.so
71e91c098000-71e91c099000 rw-p 00010000 07:23 1855                       /snap/dbeaver-ce/543/usr/share/dbeaver-ce/jre/lib/libverify.so
71e91c09c000-71e91c09e000 r--p 00000000 08:05 936469                     /usr/lib/x86_64-linux-gnu/libogg.so.0.8.6
71e91c09e000-71e91c0a1000 r-xp 00002000 08:05 936469                     /usr/lib/x86_64-linux-gnu/libogg.so.0.8.6
71e91c0a1000-71e91c0a4000 r--p 00005000 08:05 936469                     /usr/lib/x86_64-linux-gnu/libogg.so.0.8.6
71e91c0a4000-71e91c0a5000 r--p 00008000 08:05 936469                     /usr/lib/x86_64-linux-gnu/libogg.so.0.8.6
71e91c0a5000-71e91c0a6000 rw-p 00009000 08:05 936469                     /usr/lib/x86_64-linux-gnu/libogg.so.0.8.6
71e91c0a6000-71e91c0a8000 r--p 00000000 08:05 936371                     /usr/lib/x86_64-linux-gnu/libltdl.so.7.3.3
71e91c0a8000-71e91c0ad000 r-xp 00002000 08:05 936371                     /usr/lib/x86_64-linux-gnu/libltdl.so.7.3.3
71e91c0ad000-71e91c0af000 r--p 00007000 08:05 936371                     /usr/lib/x86_64-linux-gnu/libltdl.so.7.3.3
71e91c0af000-71e91c0b0000 r--p 00009000 08:05 936371                     /usr/lib/x86_64-linux-gnu/libltdl.so.7.3.3
71e91c0b0000-71e91c0b1000 rw-p 0000a000 08:05 936371                     /usr/lib/x86_64-linux-gnu/libltdl.so.7.3.3
71e91c0b1000-71e91c0b5000 r--p 00000000 08:05 920417                     /usr/lib/x86_64-linux-gnu/libtdb.so.1.4.14
71e91c0b5000-71e91c0c3000 r-xp 00004000 08:05 920417                     /usr/lib/x86_64-linux-gnu/libtdb.so.1.4.14
71e91c0c3000-71e91c0c8000 r--p 00012000 08:05 920417                     /usr/lib/x86_64-linux-gnu/libtdb.so.1.4.14
71e91c0c8000-71e91c0c9000 r--p 00016000 08:05 920417                     /usr/lib/x86_64-linux-gnu/libtdb.so.1.4.14
71e91c0c9000-71e91c0ca000 rw-p 00017000 08:05 920417                     /usr/lib/x86_64-linux-gnu/libtdb.so.1.4.14
71e91c0ca000-71e91c0cc000 r--p 00000000 08:05 936689                     /usr/lib/x86_64-linux-gnu/libvorbisfile.so.3.3.8
71e91c0cc000-71e91c0d2000 r-xp 00002000 08:05 936689                     /usr/lib/x86_64-linux-gnu/libvorbisfile.so.3.3.8
71e91c0d2000-71e91c0d3000 r--p 00008000 08:05 936689                     /usr/lib/x86_64-linux-gnu/libvorbisfile.so.3.3.8
71e91c0d3000-71e91c0d4000 r--p 00008000 08:05 936689                     /usr/lib/x86_64-linux-gnu/libvorbisfile.so.3.3.8
71e91c0d4000-71e91c0d5000 rw-p 00009000 08:05 936689                     /usr/lib/x86_64-linux-gnu/libvorbisfile.so.3.3.8
71e91c0d5000-71e91c0d8000 r--p 00000000 08:05 936070                     /usr/lib/x86_64-linux-gnu/libcanberra.so.0.2.5
71e91c0d8000-71e91c0e2000 r-xp 00003000 08:05 936070                     /usr/lib/x86_64-linux-gnu/libcanberra.so.0.2.5
71e91c0e2000-71e91c0e5000 r--p 0000d000 08:05 936070                     /usr/lib/x86_64-linux-gnu/libcanberra.so.0.2.5
71e91c0e5000-71e91c0e6000 r--p 0000f000 08:05 936070                     /usr/lib/x86_64-linux-gnu/libcanberra.so.0.2.5
71e91c0e6000-71e91c0e7000 rw-p 00010000 08:05 936070                     /usr/lib/x86_64-linux-gnu/libcanberra.so.0.2.5
71e91c0e7000-71e91c0e9000 r--p 00000000 08:05 936069                     /usr/lib/x86_64-linux-gnu/libcanberra-gtk3.so.0.1.9
71e91c0e9000-71e91c0eb000 r-xp 00002000 08:05 936069                     /usr/lib/x86_64-linux-gnu/libcanberra-gtk3.so.0.1.9
71e91c0eb000-71e91c0ec000 r--p 00004000 08:05 936069                     /usr/lib/x86_64-linux-gnu/libcanberra-gtk3.so.0.1.9
71e91c0ec000-71e91c0ed000 r--p 00004000 08:05 936069                     /usr/lib/x86_64-linux-gnu/libcanberra-gtk3.so.0.1.9
71e91c0ed000-71e91c0ee000 rw-p 00005000 08:05 936069                     /usr/lib/x86_64-linux-gnu/libcanberra-gtk3.so.0.1.9
71e91c105000-71e91c107000 r--p 00000000 08:05 1062018                    /usr/lib/x86_64-linux-gnu/gtk-3.0/modules/libcanberra-gtk3-module.so
71e91c107000-71e91c10a000 r-xp 00002000 08:05 1062018                    /usr/lib/x86_64-linux-gnu/gtk-3.0/modules/libcanberra-gtk3-module.so
71e91c10a000-71e91c10b000 r--p 00005000 08:05 1062018                    /usr/lib/x86_64-linux-gnu/gtk-3.0/modules/libcanberra-gtk3-module.so
71e91c10b000-71e91c10c000 r--p 00005000 08:05 1062018                    /usr/lib/x86_64-linux-gnu/gtk-3.0/modules/libcanberra-gtk3-module.so
71e91c10c000-71e91c10d000 rw-p 00006000 08:05 1062018                    /usr/lib/x86_64-linux-gnu/gtk-3.0/modules/libcanberra-gtk3-module.so
71e91c10d000-71e91c110000 r--p 00000000 08:05 660886                     /home/gustaa/snap/dbeaver-ce/543/.local/share/DBeaverData/install-data/org.jkiss.dbeaver.product/26.1.5-202608181400/org.eclipse.osgi/152/0/.cp/libswt-atk-gtk-4973r12.so
71e91c110000-71e91c114000 r-xp 00003000 08:05 660886                     /home/gustaa/snap/dbeaver-ce/543/.local/share/DBeaverData/install-data/org.jkiss.dbeaver.product/26.1.5-202608181400/org.eclipse.osgi/152/0/.cp/libswt-atk-gtk-4973r12.so
71e91c114000-71e91c116000 r--p 00007000 08:05 660886                     /home/gustaa/snap/dbeaver-ce/543/.local/share/DBeaverData/install-data/org.jkiss.dbeaver.product/26.1.5-202608181400/org.eclipse.osgi/152/0/.cp/libswt-atk-gtk-4973r12.so
71e91c116000-71e91c117000 r--p 00008000 08:05 660886                     /home/gustaa/snap/dbeaver-ce/543/.local/share/DBeaverData/install-data/org.jkiss.dbeaver.product/26.1.5-202608181400/org.eclipse.osgi/152/0/.cp/libswt-atk-gtk-4973r12.so
71e91c117000-71e91c118000 rw-p 00009000 08:05 660886                     /home/gustaa/snap/dbeaver-ce/543/.local/share/DBeaverData/install-data/org.jkiss.dbeaver.product/26.1.5-202608181400/org.eclipse.osgi/152/0/.cp/libswt-atk-gtk-4973r12.so
71e91c118000-71e91c119000 r--p 00000000 07:23 1831                       /snap/dbeaver-ce/543/usr/share/dbeaver-ce/jre/lib/libextnet.so
71e91c119000-71e91c11a000 r-xp 00001000 07:23 1831                       /snap/dbeaver-ce/543/usr/share/dbeaver-ce/jre/lib/libextnet.so
71e91c11a000-71e91c11b000 r--p 00002000 07:23 1831                       /snap/dbeaver-ce/543/usr/share/dbeaver-ce/jre/lib/libextnet.so
71e91c11b000-71e91c11c000 r--p 00002000 07:23 1831                       /snap/dbeaver-ce/543/usr/share/dbeaver-ce/jre/lib/libextnet.so
71e91c11c000-71e91c11d000 rw-p 00003000 07:23 1831                       /snap/dbeaver-ce/543/usr/share/dbeaver-ce/jre/lib/libextnet.so
71e91c11d000-71e91c11f000 r--p 00000000 08:05 920458                     /usr/lib/x86_64-linux-gnu/libnss_sss.so.2
71e91c11f000-71e91c127000 r-xp 00002000 08:05 920458                     /usr/lib/x86_64-linux-gnu/libnss_sss.so.2
71e91c127000-71e91c129000 r--p 0000a000 08:05 920458                     /usr/lib/x86_64-linux-gnu/libnss_sss.so.2
71e91c129000-71e91c12a000 r--p 0000b000 08:05 920458                     /usr/lib/x86_64-linux-gnu/libnss_sss.so.2
71e91c12a000-71e91c12b000 rw-p 0000c000 08:05 920458                     /usr/lib/x86_64-linux-gnu/libnss_sss.so.2
71e91c12b000-71e91c135000 r--p 00000000 08:05 918825                     /usr/lib/x86_64-linux-gnu/libnss_systemd.so.2
71e91c135000-71e91c17d000 r-xp 0000a000 08:05 918825                     /usr/lib/x86_64-linux-gnu/libnss_systemd.so.2
71e91c17d000-71e91c190000 r--p 00052000 08:05 918825                     /usr/lib/x86_64-linux-gnu/libnss_systemd.so.2
71e91c190000-71e91c196000 r--p 00065000 08:05 918825                     /usr/lib/x86_64-linux-gnu/libnss_systemd.so.2
71e91c196000-71e91c197000 rw-p 0006b000 08:05 918825                     /usr/lib/x86_64-linux-gnu/libnss_systemd.so.2
71e91c19a000-71e91c19b000 r--s 00000000 08:05 5001102                    /home/gustaa/.local/share/gvfs-metadata/root
71e91c19b000-71e91c19c000 r--p 00000000 07:23 1836                       /snap/dbeaver-ce/543/usr/share/dbeaver-ce/jre/lib/libjaas.so
71e91c19c000-71e91c19d000 r-xp 00001000 07:23 1836                       /snap/dbeaver-ce/543/usr/share/dbeaver-ce/jre/lib/libjaas.so
71e91c19d000-71e91c19e000 r--p 00002000 07:23 1836                       /snap/dbeaver-ce/543/usr/share/dbeaver-ce/jre/lib/libjaas.so
71e91c19e000-71e91c19f000 r--p 00002000 07:23 1836                       /snap/dbeaver-ce/543/usr/share/dbeaver-ce/jre/lib/libjaas.so
71e91c19f000-71e91c1a0000 rw-p 00003000 07:23 1836                       /snap/dbeaver-ce/543/usr/share/dbeaver-ce/jre/lib/libjaas.so
71e91c1a0000-71e91c1a2000 r--p 00000000 08:05 935900                     /usr/lib/x86_64-linux-gnu/libXtst.so.6.1.0
71e91c1a2000-71e91c1a5000 r-xp 00002000 08:05 935900                     /usr/lib/x86_64-linux-gnu/libXtst.so.6.1.0
71e91c1a5000-71e91c1a6000 r--p 00005000 08:05 935900                     /usr/lib/x86_64-linux-gnu/libXtst.so.6.1.0
71e91c1a6000-71e91c1a7000 r--p 00005000 08:05 935900                     /usr/lib/x86_64-linux-gnu/libXtst.so.6.1.0
71e91c1a7000-71e91c1a8000 rw-p 00006000 08:05 935900                     /usr/lib/x86_64-linux-gnu/libXtst.so.6.1.0
71e91c1a8000-71e91c1ae000 r--p 00000000 08:05 1334487                    /usr/share/locale-langpack/pt_BR/LC_MESSAGES/gdk-pixbuf.mo
71e91c1ae000-71e91c1d8000 r--s 00000000 08:05 1048779                    /usr/share/mime/mime.cache
71e91c1d8000-71e91c1eb000 r--p 00000000 08:05 1062021                    /usr/lib/x86_64-linux-gnu/gvfs/libgvfscommon.so
71e91c1eb000-71e91c207000 r-xp 00013000 08:05 1062021                    /usr/lib/x86_64-linux-gnu/gvfs/libgvfscommon.so
71e91c207000-71e91c213000 r--p 0002f000 08:05 1062021                    /usr/lib/x86_64-linux-gnu/gvfs/libgvfscommon.so
71e91c213000-71e91c219000 r--p 0003a000 08:05 1062021                    /usr/lib/x86_64-linux-gnu/gvfs/libgvfscommon.so
71e91c219000-71e91c21a000 rw-p 00040000 08:05 1062021                    /usr/lib/x86_64-linux-gnu/gvfs/libgvfscommon.so
71e91c21a000-71e91c225000 r--p 00000000 08:05 1061792                    /usr/lib/x86_64-linux-gnu/gio/modules/libgvfsdbus.so
71e91c225000-71e91c243000 r-xp 0000b000 08:05 1061792                    /usr/lib/x86_64-linux-gnu/gio/modules/libgvfsdbus.so
71e91c243000-71e91c24b000 r--p 00029000 08:05 1061792                    /usr/lib/x86_64-linux-gnu/gio/modules/libgvfsdbus.so
71e91c24b000-71e91c24d000 r--p 00031000 08:05 1061792                    /usr/lib/x86_64-linux-gnu/gio/modules/libgvfsdbus.so
71e91c24d000-71e91c24e000 rw-p 00033000 08:05 1061792                    /usr/lib/x86_64-linux-gnu/gio/modules/libgvfsdbus.so
71e91c24e000-71e91c303000 r--p 00000000 08:05 1445922                    /usr/share/themes/Yaru-dark/gtk-3.0/gtk.gresource
71e91c303000-71e91c326000 r--p 00000000 08:05 1334503                    /usr/share/locale-langpack/pt_BR/LC_MESSAGES/glib20.mo
71e91c326000-71e91c334000 r--s 00000000 08:05 6029782                    /var/cache/fontconfig/a4e60e8d1e10d2fdff3fe3037a1845fb-le64.cache-9
71e91c334000-71e91c392000 r--s 00000000 08:05 6029767                    /var/cache/fontconfig/2300eef321c393bfd76478a5c0e95b23-le64.cache-9
71e91c392000-71e91c39a000 r--s 00000000 08:05 6029768                    /var/cache/fontconfig/3047814df9a2f067bd2d96a2b9c36e5a-le64.cache-9
71e91c39a000-71e91c39e000 r--s 00000000 08:05 6037215                    /var/cache/fontconfig/e49e89034d371f0f9de17aab02136486-le64.cache-9
71e91c39e000-71e91c3b5000 r--s 00000000 08:05 6035893                    /var/cache/fontconfig/d52a8644073d54c13679302ca1180695-le64.cache-9
71e91c3b5000-71e91c3c2000 r--s 00000000 08:05 6037213                    /var/cache/fontconfig/d589a48862398ed80a3d6066f4f56f4c-le64.cache-9
71e91c3c2000-71e91c3d2000 r--s 00000000 08:05 6029776                    /var/cache/fontconfig/6cc790b63b123a6a96ee260fcdad32a9-le64.cache-9
71e91c3d2000-71e91c3e3000 r--s 00000000 08:05 6029780                    /var/cache/fontconfig/9b89f8e3dae116d678bbf48e5f21f69b-le64.cache-9
71e91c3e3000-71e91c3eb000 r--s 00000000 08:05 6037212                    /var/cache/fontconfig/53d14c92082a93e67d5078324eb314ca-le64.cache-9
71e91c3eb000-71e91c3f9000 r--s 00000000 08:05 6029788                    /var/cache/fontconfig/e13b20fdb08344e0e664864cc2ede53d-le64.cache-9
71e91c3f9000-71e91c639000 rw-s 00000000 00:01 18334                      /memfd:wayland-cursor (deleted)
71e91c639000-71e91c665000 r--p 00000000 08:05 1192319                    /usr/share/glib-2.0/schemas/gschemas.compiled
71e91c665000-71e91de68000 rw-p 00000000 00:00 0 
71e91de68000-71e91de9b000 r--p 00000000 08:05 1334545                    /usr/share/locale-langpack/pt_BR/LC_MESSAGES/gtk30-properties.mo
71e91de9b000-71e91e69c000 rw-p 00000000 00:00 0 
71e91e69c000-71e91e6b5000 r--p 00000000 08:05 919150                     /usr/lib/x86_64-linux-gnu/libsystemd.so.0.42.0
71e91e6b5000-71e91e76c000 r-xp 00019000 08:05 919150                     /usr/lib/x86_64-linux-gnu/libsystemd.so.0.42.0
71e91e76c000-71e91e7a6000 r--p 000d0000 08:05 919150                     /usr/lib/x86_64-linux-gnu/libsystemd.so.0.42.0
71e91e7a6000-71e91e7ae000 r--p 0010a000 08:05 919150                     /usr/lib/x86_64-linux-gnu/libsystemd.so.0.42.0
71e91e7ae000-71e91e7af000 rw-p 00112000 08:05 919150                     /usr/lib/x86_64-linux-gnu/libsystemd.so.0.42.0
71e91e7af000-71e91e7b0000 rw-p 00000000 00:00 0 
71e91e7b0000-71e91e7bc000 r--p 00000000 08:05 936104                     /usr/lib/x86_64-linux-gnu/libdbus-1.so.3.38.3
71e91e7bc000-71e91e7ed000 r-xp 0000c000 08:05 936104                     /usr/lib/x86_64-linux-gnu/libdbus-1.so.3.38.3
71e91e7ed000-71e91e7fe000 r--p 0003d000 08:05 936104                     /usr/lib/x86_64-linux-gnu/libdbus-1.so.3.38.3
71e91e7fe000-71e91e7ff000 r--p 0004d000 08:05 936104                     /usr/lib/x86_64-linux-gnu/libdbus-1.so.3.38.3
71e91e7ff000-71e91e800000 rw-p 0004e000 08:05 936104                     /usr/lib/x86_64-linux-gnu/libdbus-1.so.3.38.3
71e91e800000-71e91e88b000 r--p 00000000 08:05 936275                     /usr/lib/x86_64-linux-gnu/libgtk-3.so.0.2420.32
71e91e88b000-71e91ec3f000 r-xp 0008b000 08:05 936275                     /usr/lib/x86_64-linux-gnu/libgtk-3.so.0.2420.32
71e91ec3f000-71e91ef01000 r--p 0043f000 08:05 936275                     /usr/lib/x86_64-linux-gnu/libgtk-3.so.0.2420.32
71e91ef01000-71e91ef13000 r--p 00701000 08:05 936275                     /usr/lib/x86_64-linux-gnu/libgtk-3.so.0.2420.32
71e91ef13000-71e91ef15000 rw-p 00713000 08:05 936275                     /usr/lib/x86_64-linux-gnu/libgtk-3.so.0.2420.32
71e91ef15000-71e91ef1a000 rw-p 00000000 00:00 0 
71e91ef1a000-71e91ef1e000 r--s 00000000 08:05 6037209                    /var/cache/fontconfig/246184dc75a16901ca37d96895904249-le64.cache-9
71e91ef1e000-71e91ef3a000 r--p 00000000 08:05 1334546                    /usr/share/locale-langpack/pt_BR/LC_MESSAGES/gtk30.mo
71e91ef3a000-71e91ef3b000 r--p 00000000 08:05 935881                     /usr/lib/x86_64-linux-gnu/libXRes.so.1.0.0
71e91ef3b000-71e91ef3d000 r-xp 00001000 08:05 935881                     /usr/lib/x86_64-linux-gnu/libXRes.so.1.0.0
71e91ef3d000-71e91ef3e000 r--p 00003000 08:05 935881                     /usr/lib/x86_64-linux-gnu/libXRes.so.1.0.0
71e91ef3e000-71e91ef3f000 r--p 00003000 08:05 935881                     /usr/lib/x86_64-linux-gnu/libXRes.so.1.0.0
71e91ef3f000-71e91ef40000 rw-p 00004000 08:05 935881                     /usr/lib/x86_64-linux-gnu/libXRes.so.1.0.0
71e91ef40000-71e91ef51000 r--p 00000000 08:05 920134                     /usr/lib/x86_64-linux-gnu/libatspi.so.0.0.1
71e91ef51000-71e91ef6d000 r-xp 00011000 08:05 920134                     /usr/lib/x86_64-linux-gnu/libatspi.so.0.0.1
71e91ef6d000-71e91ef7b000 r--p 0002d000 08:05 920134                     /usr/lib/x86_64-linux-gnu/libatspi.so.0.0.1
71e91ef7b000-71e91ef7f000 r--p 0003a000 08:05 920134                     /usr/lib/x86_64-linux-gnu/libatspi.so.0.0.1
71e91ef7f000-71e91ef80000 rw-p 0003e000 08:05 920134                     /usr/lib/x86_64-linux-gnu/libatspi.so.0.0.1
71e91ef80000-71e91ef8c000 r--p 00000000 08:05 917788                     /usr/lib/x86_64-linux-gnu/libatk-bridge-2.0.so.0.0.0
71e91ef8c000-71e91efa7000 r-xp 0000c000 08:05 917788                     /usr/lib/x86_64-linux-gnu/libatk-bridge-2.0.so.0.0.0
71e91efa7000-71e91efbb000 r--p 00027000 08:05 917788                     /usr/lib/x86_64-linux-gnu/libatk-bridge-2.0.so.0.0.0
71e91efbb000-71e91efbc000 r--p 0003b000 08:05 917788                     /usr/lib/x86_64-linux-gnu/libatk-bridge-2.0.so.0.0.0
71e91efbc000-71e91efbe000 rw-p 0003c000 08:05 917788                     /usr/lib/x86_64-linux-gnu/libatk-bridge-2.0.so.0.0.0
71e91efbe000-71e91efc9000 r--p 00000000 08:05 917913                     /usr/lib/x86_64-linux-gnu/libatk-1.0.so.0.26013.1
71e91efc9000-71e91efd9000 r-xp 0000b000 08:05 917913                     /usr/lib/x86_64-linux-gnu/libatk-1.0.so.0.26013.1
71e91efd9000-71e91efe4000 r--p 0001b000 08:05 917913                     /usr/lib/x86_64-linux-gnu/libatk-1.0.so.0.26013.1
71e91efe4000-71e91efe7000 r--p 00026000 08:05 917913                     /usr/lib/x86_64-linux-gnu/libatk-1.0.so.0.26013.1
71e91efe7000-71e91efe8000 rw-p 00029000 08:05 917913                     /usr/lib/x86_64-linux-gnu/libatk-1.0.so.0.26013.1
71e91efe8000-71e91efe9000 r--p 00000000 08:05 936052                     /usr/lib/x86_64-linux-gnu/libbrotlicommon.so.1.2.0
71e91efe9000-71e91efea000 r-xp 00001000 08:05 936052                     /usr/lib/x86_64-linux-gnu/libbrotlicommon.so.1.2.0
71e91efea000-71e91f009000 r--p 00002000 08:05 936052                     /usr/lib/x86_64-linux-gnu/libbrotlicommon.so.1.2.0
71e91f009000-71e91f00a000 r--p 00021000 08:05 936052                     /usr/lib/x86_64-linux-gnu/libbrotlicommon.so.1.2.0
71e91f00a000-71e91f00b000 rw-p 00022000 08:05 936052                     /usr/lib/x86_64-linux-gnu/libbrotlicommon.so.1.2.0
71e91f00b000-71e91f012000 r--p 00000000 08:05 936047                     /usr/lib/x86_64-linux-gnu/libblkid.so.1.1.0
71e91f012000-71e91f037000 r-xp 00007000 08:05 936047                     /usr/lib/x86_64-linux-gnu/libblkid.so.1.1.0
71e91f037000-71e91f040000 r--p 0002c000 08:05 936047                     /usr/lib/x86_64-linux-gnu/libblkid.so.1.1.0
71e91f040000-71e91f046000 r--p 00034000 08:05 936047                     /usr/lib/x86_64-linux-gnu/libblkid.so.1.1.0
71e91f046000-71e91f047000 rw-p 0003a000 08:05 936047                     /usr/lib/x86_64-linux-gnu/libblkid.so.1.1.0
71e91f047000-71e91f04a000 r--p 00000000 08:05 920390                     /usr/lib/x86_64-linux-gnu/libgraphite2.so.3.2.1
71e91f04a000-71e91f067000 r-xp 00003000 08:05 920390                     /usr/lib/x86_64-linux-gnu/libgraphite2.so.3.2.1
71e91f067000-71e91f06a000 r--p 00020000 08:05 920390                     /usr/lib/x86_64-linux-gnu/libgraphite2.so.3.2.1
71e91f06a000-71e91f06c000 r--p 00022000 08:05 920390                     /usr/lib/x86_64-linux-gnu/libgraphite2.so.3.2.1
71e91f06c000-71e91f06d000 rw-p 00024000 08:05 920390                     /usr/lib/x86_64-linux-gnu/libgraphite2.so.3.2.1
71e91f06d000-71e91f06f000 r--p 00000000 08:05 936102                     /usr/lib/x86_64-linux-gnu/libdatrie.so.1.4.1
71e91f06f000-71e91f073000 r-xp 00002000 08:05 936102                     /usr/lib/x86_64-linux-gnu/libdatrie.so.1.4.1
71e91f073000-71e91f074000 r--p 00006000 08:05 936102                     /usr/lib/x86_64-linux-gnu/libdatrie.so.1.4.1
71e91f074000-71e91f075000 r--p 00006000 08:05 936102                     /usr/lib/x86_64-linux-gnu/libdatrie.so.1.4.1
71e91f075000-71e91f076000 rw-p 00007000 08:05 936102                     /usr/lib/x86_64-linux-gnu/libdatrie.so.1.4.1
71e91f076000-71e91f078000 r--p 00000000 08:05 935887                     /usr/lib/x86_64-linux-gnu/libXdmcp.so.6.0.0
71e91f078000-71e91f07a000 r-xp 00002000 08:05 935887                     /usr/lib/x86_64-linux-gnu/libXdmcp.so.6.0.0
71e91f07a000-71e91f07c000 r--p 00004000 08:05 935887                     /usr/lib/x86_64-linux-gnu/libXdmcp.so.6.0.0
71e91f07c000-71e91f07d000 r--p 00005000 08:05 935887                     /usr/lib/x86_64-linux-gnu/libXdmcp.so.6.0.0
71e91f07d000-71e91f07e000 rw-p 00006000 08:05 935887                     /usr/lib/x86_64-linux-gnu/libXdmcp.so.6.0.0
71e91f07e000-71e91f07f000 r--p 00000000 08:05 936053                     /usr/lib/x86_64-linux-gnu/libbrotlidec.so.1.2.0
71e91f07f000-71e91f088000 r-xp 00001000 08:05 936053                     /usr/lib/x86_64-linux-gnu/libbrotlidec.so.1.2.0
71e91f088000-71e91f08b000 r--p 0000a000 08:05 936053                     /usr/lib/x86_64-linux-gnu/libbrotlidec.so.1.2.0
71e91f08b000-71e91f08c000 r--p 0000c000 08:05 936053                     /usr/lib/x86_64-linux-gnu/libbrotlidec.so.1.2.0
71e91f08c000-71e91f08d000 rw-p 0000d000 08:05 936053                     /usr/lib/x86_64-linux-gnu/libbrotlidec.so.1.2.0
71e91f08d000-71e91f08f000 r--p 00000000 08:05 936057                     /usr/lib/x86_64-linux-gnu/libbz2.so.1.0.4
71e91f08f000-71e91f09e000 r-xp 00002000 08:05 936057                     /usr/lib/x86_64-linux-gnu/libbz2.so.1.0.4
71e91f09e000-71e91f0a0000 r--p 00011000 08:05 936057                     /usr/lib/x86_64-linux-gnu/libbz2.so.1.0.4
71e91f0a0000-71e91f0a1000 r--p 00012000 08:05 936057                     /usr/lib/x86_64-linux-gnu/libbz2.so.1.0.4
71e91f0a1000-71e91f0a2000 rw-p 00013000 08:05 936057                     /usr/lib/x86_64-linux-gnu/libbz2.so.1.0.4
71e91f0a2000-71e91f0a6000 r--p 00000000 08:05 936196                     /usr/lib/x86_64-linux-gnu/libgcc_s.so.1
71e91f0a6000-71e91f0ca000 r-xp 00004000 08:05 936196                     /usr/lib/x86_64-linux-gnu/libgcc_s.so.1
71e91f0ca000-71e91f0ce000 r--p 00028000 08:05 936196                     /usr/lib/x86_64-linux-gnu/libgcc_s.so.1
71e91f0ce000-71e91f0cf000 r--p 0002c000 08:05 936196                     /usr/lib/x86_64-linux-gnu/libgcc_s.so.1
71e91f0cf000-71e91f0d0000 rw-p 0002d000 08:05 936196                     /usr/lib/x86_64-linux-gnu/libgcc_s.so.1
71e91f0d0000-71e91f0d3000 r--p 00000000 08:05 936573                     /usr/lib/x86_64-linux-gnu/libseccomp.so.2.6.0
71e91f0d3000-71e91f0e3000 r-xp 00003000 08:05 936573                     /usr/lib/x86_64-linux-gnu/libseccomp.so.2.6.0
71e91f0e3000-71e91f0fc000 r--p 00013000 08:05 936573                     /usr/lib/x86_64-linux-gnu/libseccomp.so.2.6.0
71e91f0fc000-71e91f0fd000 r--p 0002c000 08:05 936573                     /usr/lib/x86_64-linux-gnu/libseccomp.so.2.6.0
71e91f0fd000-71e91f0fe000 rw-p 0002d000 08:05 936573                     /usr/lib/x86_64-linux-gnu/libseccomp.so.2.6.0
71e91f0fe000-71e91f108000 r--p 00000000 08:05 920118                     /usr/lib/x86_64-linux-gnu/liblcms2.so.2.0.17
71e91f108000-71e91f14c000 r-xp 0000a000 08:05 920118                     /usr/lib/x86_64-linux-gnu/liblcms2.so.2.0.17
71e91f14c000-71e91f15f000 r--p 0004e000 08:05 920118                     /usr/lib/x86_64-linux-gnu/liblcms2.so.2.0.17
71e91f15f000-71e91f161000 r--p 00061000 08:05 920118                     /usr/lib/x86_64-linux-gnu/liblcms2.so.2.0.17
71e91f161000-71e91f164000 rw-p 00063000 08:05 920118                     /usr/lib/x86_64-linux-gnu/liblcms2.so.2.0.17
71e91f164000-71e91f165000 rw-p 00000000 00:00 0 
71e91f165000-71e91f16d000 r--p 00000000 08:05 936488                     /usr/lib/x86_64-linux-gnu/libpangoft2-1.0.so.0.5700.0
71e91f16d000-71e91f17e000 r-xp 00008000 08:05 936488                     /usr/lib/x86_64-linux-gnu/libpangoft2-1.0.so.0.5700.0
71e91f17e000-71e91f183000 r--p 00019000 08:05 936488                     /usr/lib/x86_64-linux-gnu/libpangoft2-1.0.so.0.5700.0
71e91f183000-71e91f184000 r--p 0001e000 08:05 936488                     /usr/lib/x86_64-linux-gnu/libpangoft2-1.0.so.0.5700.0
71e91f184000-71e91f185000 rw-p 0001f000 08:05 936488                     /usr/lib/x86_64-linux-gnu/libpangoft2-1.0.so.0.5700.0
71e91f185000-71e91f18c000 r--p 00000000 08:05 936575                     /usr/lib/x86_64-linux-gnu/libselinux.so.1
71e91f18c000-71e91f1ad000 r-xp 00007000 08:05 936575                     /usr/lib/x86_64-linux-gnu/libselinux.so.1
71e91f1ad000-71e91f1b4000 r--p 00028000 08:05 936575                     /usr/lib/x86_64-linux-gnu/libselinux.so.1
71e91f1b4000-71e91f1b5000 r--p 0002f000 08:05 936575                     /usr/lib/x86_64-linux-gnu/libselinux.so.1
71e91f1b5000-71e91f1b6000 rw-p 00030000 08:05 936575                     /usr/lib/x86_64-linux-gnu/libselinux.so.1
71e91f1b6000-71e91f1b8000 rw-p 00000000 00:00 0 
71e91f1b8000-71e91f1c2000 r--p 00000000 08:05 936401                     /usr/lib/x86_64-linux-gnu/libmount.so.1.1.0
71e91f1c2000-71e91f1fa000 r-xp 0000a000 08:05 936401                     /usr/lib/x86_64-linux-gnu/libmount.so.1.1.0
71e91f1fa000-71e91f208000 r--p 00042000 08:05 936401                     /usr/lib/x86_64-linux-gnu/libmount.so.1.1.0
71e91f208000-71e91f20a000 r--p 00050000 08:05 936401                     /usr/lib/x86_64-linux-gnu/libmount.so.1.1.0
71e91f20a000-71e91f20b000 rw-p 00052000 08:05 936401                     /usr/lib/x86_64-linux-gnu/libmount.so.1.1.0
71e91f20b000-71e91f20f000 r--p 00000000 08:05 936160                     /usr/lib/x86_64-linux-gnu/libexpat.so.1.11.2
71e91f20f000-71e91f22d000 r-xp 00004000 08:05 936160                     /usr/lib/x86_64-linux-gnu/libexpat.so.1.11.2
71e91f22d000-71e91f235000 r--p 00022000 08:05 936160                     /usr/lib/x86_64-linux-gnu/libexpat.so.1.11.2
71e91f235000-71e91f237000 r--p 0002a000 08:05 936160                     /usr/lib/x86_64-linux-gnu/libexpat.so.1.11.2
71e91f237000-71e91f238000 rw-p 0002c000 08:05 936160                     /usr/lib/x86_64-linux-gnu/libexpat.so.1.11.2
71e91f238000-71e91f244000 r--p 00000000 08:05 936291                     /usr/lib/x86_64-linux-gnu/libharfbuzz.so.0.61232.0
71e91f244000-71e91f330000 r-xp 0000c000 08:05 936291                     /usr/lib/x86_64-linux-gnu/libharfbuzz.so.0.61232.0
71e91f330000-71e91f361000 r--p 000f8000 08:05 936291                     /usr/lib/x86_64-linux-gnu/libharfbuzz.so.0.61232.0
71e91f361000-71e91f362000 r--p 00128000 08:05 936291                     /usr/lib/x86_64-linux-gnu/libharfbuzz.so.0.61232.0
71e91f362000-71e91f363000 rw-p 00129000 08:05 936291                     /usr/lib/x86_64-linux-gnu/libharfbuzz.so.0.61232.0
71e91f363000-71e91f36f000 r--p 00000000 08:05 936507                     /usr/lib/x86_64-linux-gnu/libpixman-1.so.0.46.4
71e91f36f000-71e91f401000 r-xp 0000c000 08:05 936507                     /usr/lib/x86_64-linux-gnu/libpixman-1.so.0.46.4
71e91f401000-71e91f411000 r--p 0009e000 08:05 936507                     /usr/lib/x86_64-linux-gnu/libpixman-1.so.0.46.4
71e91f411000-71e91f419000 r--p 000ae000 08:05 936507                     /usr/lib/x86_64-linux-gnu/libpixman-1.so.0.46.4
71e91f419000-71e91f41a000 rw-p 000b6000 08:05 936507                     /usr/lib/x86_64-linux-gnu/libpixman-1.so.0.46.4
71e91f41a000-71e91f426000 r--p 00000000 08:05 936734                     /usr/lib/x86_64-linux-gnu/libxcb.so.1.1.0
71e91f426000-71e91f43a000 r-xp 0000c000 08:05 936734                     /usr/lib/x86_64-linux-gnu/libxcb.so.1.1.0
71e91f43a000-71e91f443000 r--p 00020000 08:05 936734                     /usr/lib/x86_64-linux-gnu/libxcb.so.1.1.0
71e91f443000-71e91f444000 r--p 00028000 08:05 936734                     /usr/lib/x86_64-linux-gnu/libxcb.so.1.1.0
71e91f444000-71e91f445000 rw-p 00029000 08:05 936734                     /usr/lib/x86_64-linux-gnu/libxcb.so.1.1.0
71e91f445000-71e91f452000 r--p 00000000 08:05 917962                     /usr/lib/x86_64-linux-gnu/libfreetype.so.6.20.5
71e91f452000-71e91f4e9000 r-xp 0000d000 08:05 917962                     /usr/lib/x86_64-linux-gnu/libfreetype.so.6.20.5
71e91f4e9000-71e91f511000 r--p 000a4000 08:05 917962                     /usr/lib/x86_64-linux-gnu/libfreetype.so.6.20.5
71e91f511000-71e91f519000 r--p 000cc000 08:05 917962                     /usr/lib/x86_64-linux-gnu/libfreetype.so.6.20.5
71e91f519000-71e91f51a000 rw-p 000d4000 08:05 917962                     /usr/lib/x86_64-linux-gnu/libfreetype.so.6.20.5
71e91f51a000-71e91f51f000 r--p 00000000 08:05 936516                     /usr/lib/x86_64-linux-gnu/libpng16.so.16.57.0
71e91f51f000-71e91f549000 r-xp 00005000 08:05 936516                     /usr/lib/x86_64-linux-gnu/libpng16.so.16.57.0
71e91f549000-71e91f552000 r--p 0002f000 08:05 936516                     /usr/lib/x86_64-linux-gnu/libpng16.so.16.57.0
71e91f552000-71e91f553000 r--p 00037000 08:05 936516                     /usr/lib/x86_64-linux-gnu/libpng16.so.16.57.0
71e91f553000-71e91f554000 rw-p 00038000 08:05 936516                     /usr/lib/x86_64-linux-gnu/libpng16.so.16.57.0
71e91f554000-71e91f557000 r--p 00000000 08:05 936499                     /usr/lib/x86_64-linux-gnu/libpcre2-8.so.0.14.0
71e91f557000-71e91f5d3000 r-xp 00003000 08:05 936499                     /usr/lib/x86_64-linux-gnu/libpcre2-8.so.0.14.0
71e91f5d3000-71e91f5fe000 r--p 0007f000 08:05 936499                     /usr/lib/x86_64-linux-gnu/libpcre2-8.so.0.14.0
71e91f5fe000-71e91f5ff000 r--p 000a9000 08:05 936499                     /usr/lib/x86_64-linux-gnu/libpcre2-8.so.0.14.0
71e91f5ff000-71e91f600000 rw-p 000aa000 08:05 936499                     /usr/lib/x86_64-linux-gnu/libpcre2-8.so.0.14.0
71e91f600000-71e91f627000 r--p 00000000 08:05 936219                     /usr/lib/x86_64-linux-gnu/libglycin-2.so.0
71e91f627000-71e91f93d000 r-xp 00027000 08:05 936219                     /usr/lib/x86_64-linux-gnu/libglycin-2.so.0
71e91f93d000-71e91f9d8000 r--p 0033d000 08:05 936219                     /usr/lib/x86_64-linux-gnu/libglycin-2.so.0
71e91f9d8000-71e91f9f1000 r--p 003d7000 08:05 936219                     /usr/lib/x86_64-linux-gnu/libglycin-2.so.0
71e91f9f1000-71e91f9f4000 rw-p 003f0000 08:05 936219                     /usr/lib/x86_64-linux-gnu/libglycin-2.so.0
71e91f9f4000-71e91f9f5000 r--p 00000000 08:05 935882                     /usr/lib/x86_64-linux-gnu/libXau.so.6.0.0
71e91f9f5000-71e91f9f7000 r-xp 00001000 08:05 935882                     /usr/lib/x86_64-linux-gnu/libXau.so.6.0.0
71e91f9f7000-71e91f9f8000 r--p 00003000 08:05 935882                     /usr/lib/x86_64-linux-gnu/libXau.so.6.0.0
71e91f9f8000-71e91f9f9000 r--p 00003000 08:05 935882                     /usr/lib/x86_64-linux-gnu/libXau.so.6.0.0
71e91f9f9000-71e91f9fa000 rw-p 00004000 08:05 935882                     /usr/lib/x86_64-linux-gnu/libXau.so.6.0.0
71e91f9fa000-71e91f9fc000 r--p 00000000 08:05 936628                     /usr/lib/x86_64-linux-gnu/libthai.so.0.3.2
71e91f9fc000-71e91fa01000 r-xp 00002000 08:05 936628                     /usr/lib/x86_64-linux-gnu/libthai.so.0.3.2
71e91fa01000-71e91fa04000 r--p 00007000 08:05 936628                     /usr/lib/x86_64-linux-gnu/libthai.so.0.3.2
71e91fa04000-71e91fa05000 r--p 00009000 08:05 936628                     /usr/lib/x86_64-linux-gnu/libthai.so.0.3.2
71e91fa05000-71e91fa06000 rw-p 0000a000 08:05 936628                     /usr/lib/x86_64-linux-gnu/libthai.so.0.3.2
71e91fa06000-71e91fa07000 r--p 00000000 08:05 936730                     /usr/lib/x86_64-linux-gnu/libxcb-shm.so.0.0.0
71e91fa07000-71e91fa08000 r-xp 00001000 08:05 936730                     /usr/lib/x86_64-linux-gnu/libxcb-shm.so.0.0.0
71e91fa08000-71e91fa09000 r--p 00002000 08:05 936730                     /usr/lib/x86_64-linux-gnu/libxcb-shm.so.0.0.0
71e91fa09000-71e91fa0a000 r--p 00002000 08:05 936730                     /usr/lib/x86_64-linux-gnu/libxcb-shm.so.0.0.0
71e91fa0a000-71e91fa0b000 rw-p 00003000 08:05 936730                     /usr/lib/x86_64-linux-gnu/libxcb-shm.so.0.0.0
71e91fa0b000-71e91fa10000 r--p 00000000 08:05 936727                     /usr/lib/x86_64-linux-gnu/libxcb-render.so.0.0.0
71e91fa10000-71e91fa15000 r-xp 00005000 08:05 936727                     /usr/lib/x86_64-linux-gnu/libxcb-render.so.0.0.0
71e91fa15000-71e91fa18000 r--p 0000a000 08:05 936727                     /usr/lib/x86_64-linux-gnu/libxcb-render.so.0.0.0
71e91fa18000-71e91fa19000 r--p 0000c000 08:05 936727                     /usr/lib/x86_64-linux-gnu/libxcb-render.so.0.0.0
71e91fa19000-71e91fa1a000 rw-p 0000d000 08:05 936727                     /usr/lib/x86_64-linux-gnu/libxcb-render.so.0.0.0
71e91fa1a000-71e91fa1c000 r--p 00000000 08:05 935898                     /usr/lib/x86_64-linux-gnu/libXrender.so.1.3.0
71e91fa1c000-71e91fa23000 r-xp 00002000 08:05 935898                     /usr/lib/x86_64-linux-gnu/libXrender.so.1.3.0
71e91fa23000-71e91fa24000 r--p 00009000 08:05 935898                     /usr/lib/x86_64-linux-gnu/libXrender.so.1.3.0
71e91fa24000-71e91fa25000 r--p 00009000 08:05 935898                     /usr/lib/x86_64-linux-gnu/libXrender.so.1.3.0
71e91fa25000-71e91fa26000 rw-p 0000a000 08:05 935898                     /usr/lib/x86_64-linux-gnu/libXrender.so.1.3.0
71e91fa26000-71e91fa29000 r--p 00000000 08:05 936747                     /usr/lib/x86_64-linux-gnu/libz.so.1.3.1
71e91fa29000-71e91fa3c000 r-xp 00003000 08:05 936747                     /usr/lib/x86_64-linux-gnu/libz.so.1.3.1
71e91fa3c000-71e91fa42000 r--p 00016000 08:05 936747                     /usr/lib/x86_64-linux-gnu/libz.so.1.3.1
71e91fa42000-71e91fa43000 r--p 0001c000 08:05 936747                     /usr/lib/x86_64-linux-gnu/libz.so.1.3.1
71e91fa43000-71e91fa44000 rw-p 0001d000 08:05 936747                     /usr/lib/x86_64-linux-gnu/libz.so.1.3.1
71e91fa44000-71e91fa46000 r--p 00000000 08:05 936015                     /usr/lib/x86_64-linux-gnu/libatomic.so.1.2.0
71e91fa46000-71e91fa4a000 r-xp 00002000 08:05 936015                     /usr/lib/x86_64-linux-gnu/libatomic.so.1.2.0
71e91fa4a000-71e91fa4c000 r--p 00006000 08:05 936015                     /usr/lib/x86_64-linux-gnu/libatomic.so.1.2.0
71e91fa4c000-71e91fa4d000 r--p 00007000 08:05 936015                     /usr/lib/x86_64-linux-gnu/libatomic.so.1.2.0
71e91fa4d000-71e91fa4e000 rw-p 00008000 08:05 936015                     /usr/lib/x86_64-linux-gnu/libatomic.so.1.2.0
71e91fa4e000-71e91fa4f000 rw-p 00000000 00:00 0 
71e91fa4f000-71e91fa51000 r--p 00000000 08:05 936166                     /usr/lib/x86_64-linux-gnu/libffi.so.8.2.0
71e91fa51000-71e91fa5c000 r-xp 00002000 08:05 936166                     /usr/lib/x86_64-linux-gnu/libffi.so.8.2.0
71e91fa5c000-71e91fa5e000 r--p 0000d000 08:05 936166                     /usr/lib/x86_64-linux-gnu/libffi.so.8.2.0
71e91fa5e000-71e91fa5f000 r--p 0000e000 08:05 936166                     /usr/lib/x86_64-linux-gnu/libffi.so.8.2.0
71e91fa5f000-71e91fa60000 rw-p 0000f000 08:05 936166                     /usr/lib/x86_64-linux-gnu/libffi.so.8.2.0
71e91fa60000-71e91fa62000 r--p 00000000 08:05 936221                     /usr/lib/x86_64-linux-gnu/libgmodule-2.0.so.0.8800.0
71e91fa62000-71e91fa64000 r-xp 00002000 08:05 936221                     /usr/lib/x86_64-linux-gnu/libgmodule-2.0.so.0.8800.0
71e91fa64000-71e91fa65000 r--p 00004000 08:05 936221                     /usr/lib/x86_64-linux-gnu/libgmodule-2.0.so.0.8800.0
71e91fa65000-71e91fa66000 r--p 00004000 08:05 936221                     /usr/lib/x86_64-linux-gnu/libgmodule-2.0.so.0.8800.0
71e91fa66000-71e91fa67000 rw-p 00005000 08:05 936221                     /usr/lib/x86_64-linux-gnu/libgmodule-2.0.so.0.8800.0
71e91fa67000-71e91fa69000 r--p 00000000 08:05 935897                     /usr/lib/x86_64-linux-gnu/libXrandr.so.2.2.0
71e91fa69000-71e91fa70000 r-xp 00002000 08:05 935897                     /usr/lib/x86_64-linux-gnu/libXrandr.so.2.2.0
71e91fa70000-71e91fa72000 r--p 00009000 08:05 935897                     /usr/lib/x86_64-linux-gnu/libXrandr.so.2.2.0
71e91fa72000-71e91fa73000 r--p 0000a000 08:05 935897                     /usr/lib/x86_64-linux-gnu/libXrandr.so.2.2.0
71e91fa73000-71e91fa74000 rw-p 0000b000 08:05 935897                     /usr/lib/x86_64-linux-gnu/libXrandr.so.2.2.0
71e91fa74000-71e91fa76000 r--p 00000000 08:05 935889                     /usr/lib/x86_64-linux-gnu/libXfixes.so.3.1.0
71e91fa76000-71e91fa79000 r-xp 00002000 08:05 935889                     /usr/lib/x86_64-linux-gnu/libXfixes.so.3.1.0
71e91fa79000-71e91fa7a000 r--p 00005000 08:05 935889                     /usr/lib/x86_64-linux-gnu/libXfixes.so.3.1.0
71e91fa7a000-71e91fa7b000 r--p 00005000 08:05 935889                     /usr/lib/x86_64-linux-gnu/libXfixes.so.3.1.0
71e91fa7b000-71e91fa7c000 rw-p 00006000 08:05 935889                     /usr/lib/x86_64-linux-gnu/libXfixes.so.3.1.0
71e91fa7c000-71e91fa7f000 r--p 00000000 08:05 935885                     /usr/lib/x86_64-linux-gnu/libXcursor.so.1.0.2
71e91fa7f000-71e91fa85000 r-xp 00003000 08:05 935885                     /usr/lib/x86_64-linux-gnu/libXcursor.so.1.0.2
71e91fa85000-71e91fa87000 r--p 00009000 08:05 935885                     /usr/lib/x86_64-linux-gnu/libXcursor.so.1.0.2
71e91fa87000-71e91fa88000 r--p 0000a000 08:05 935885                     /usr/lib/x86_64-linux-gnu/libXcursor.so.1.0.2
71e91fa88000-71e91fa89000 rw-p 0000b000 08:05 935885                     /usr/lib/x86_64-linux-gnu/libXcursor.so.1.0.2
71e91fa89000-71e91fa8d000 r--p 00000000 08:05 935888                     /usr/lib/x86_64-linux-gnu/libXext.so.6.4.0
71e91fa8d000-71e91fa98000 r-xp 00004000 08:05 935888                     /usr/lib/x86_64-linux-gnu/libXext.so.6.4.0
71e91fa98000-71e91fa9b000 r--p 0000f000 08:05 935888                     /usr/lib/x86_64-linux-gnu/libXext.so.6.4.0
71e91fa9b000-71e91fa9c000 r--p 00011000 08:05 935888                     /usr/lib/x86_64-linux-gnu/libXext.so.6.4.0
71e91fa9c000-71e91fa9d000 rw-p 00012000 08:05 935888                     /usr/lib/x86_64-linux-gnu/libXext.so.6.4.0
71e91fa9d000-71e91fab6000 r--p 00000000 08:05 935880                     /usr/lib/x86_64-linux-gnu/libX11.so.6.4.0
71e91fab6000-71e91fb4b000 r-xp 00019000 08:05 935880                     /usr/lib/x86_64-linux-gnu/libX11.so.6.4.0
71e91fb4b000-71e91fbda000 r--p 000ae000 08:05 935880                     /usr/lib/x86_64-linux-gnu/libX11.so.6.4.0
71e91fbda000-71e91fbdb000 r--p 0013d000 08:05 935880                     /usr/lib/x86_64-linux-gnu/libX11.so.6.4.0
71e91fbdb000-71e91fbdf000 rw-p 0013e000 08:05 935880                     /usr/lib/x86_64-linux-gnu/libX11.so.6.4.0
71e91fbdf000-71e91fbe5000 r--p 00000000 08:05 936736                     /usr/lib/x86_64-linux-gnu/libxkbcommon.so.0.13.1
71e91fbe5000-71e91fc13000 r-xp 00006000 08:05 936736                     /usr/lib/x86_64-linux-gnu/libxkbcommon.so.0.13.1
71e91fc13000-71e91fc3b000 r--p 00034000 08:05 936736                     /usr/lib/x86_64-linux-gnu/libxkbcommon.so.0.13.1
71e91fc3b000-71e91fc3d000 r--p 0005b000 08:05 936736                     /usr/lib/x86_64-linux-gnu/libxkbcommon.so.0.13.1
71e91fc3d000-71e91fc3e000 rw-p 0005d000 08:05 936736                     /usr/lib/x86_64-linux-gnu/libxkbcommon.so.0.13.1
71e91fc3e000-71e91fc7b000 r--p 00000000 08:05 936214                     /usr/lib/x86_64-linux-gnu/libgio-2.0.so.0.8800.0
71e91fc7b000-71e91fd99000 r-xp 0003d000 08:05 936214                     /usr/lib/x86_64-linux-gnu/libgio-2.0.so.0.8800.0
71e91fd99000-71e91fe0f000 r--p 0015b000 08:05 936214                     /usr/lib/x86_64-linux-gnu/libgio-2.0.so.0.8800.0
71e91fe0f000-71e91fe18000 r--p 001d0000 08:05 936214                     /usr/lib/x86_64-linux-gnu/libgio-2.0.so.0.8800.0
71e91fe18000-71e91fe19000 rw-p 001d9000 08:05 936214                     /usr/lib/x86_64-linux-gnu/libgio-2.0.so.0.8800.0
71e91fe19000-71e91fe1b000 rw-p 00000000 00:00 0 
71e91fe1b000-71e91fe23000 r--p 00000000 08:05 936172                     /usr/lib/x86_64-linux-gnu/libfontconfig.so.1.16.1
71e91fe23000-71e91fe54000 r-xp 00008000 08:05 936172                     /usr/lib/x86_64-linux-gnu/libfontconfig.so.1.16.1
71e91fe54000-71e91fe6b000 r--p 00039000 08:05 936172                     /usr/lib/x86_64-linux-gnu/libfontconfig.so.1.16.1
71e91fe6b000-71e91fe6d000 r--p 00050000 08:05 936172                     /usr/lib/x86_64-linux-gnu/libfontconfig.so.1.16.1
71e91fe6d000-71e91fe6e000 rw-p 00052000 08:05 936172                     /usr/lib/x86_64-linux-gnu/libfontconfig.so.1.16.1
71e91fe6e000-71e91fece000 r--p 00000000 08:05 936153                     /usr/lib/x86_64-linux-gnu/libepoxy.so.0.0.0
71e91fece000-71e91ff3b000 r-xp 00060000 08:05 936153                     /usr/lib/x86_64-linux-gnu/libepoxy.so.0.0.0
71e91ff3b000-71e91ff80000 r--p 000cd000 08:05 936153                     /usr/lib/x86_64-linux-gnu/libepoxy.so.0.0.0
71e91ff80000-71e91ff88000 r--p 00112000 08:05 936153                     /usr/lib/x86_64-linux-gnu/libepoxy.so.0.0.0
71e91ff88000-71e91ff8f000 rw-p 0011a000 08:05 936153                     /usr/lib/x86_64-linux-gnu/libepoxy.so.0.0.0
71e91ff8f000-71e91ffa2000 r--p 00000000 08:05 936486                     /usr/lib/x86_64-linux-gnu/libpango-1.0.so.0.5700.0
71e91ffa2000-71e91ffe1000 r-xp 00013000 08:05 936486                     /usr/lib/x86_64-linux-gnu/libpango-1.0.so.0.5700.0
71e91ffe1000-71e91fffb000 r--p 00052000 08:05 936486                     /usr/lib/x86_64-linux-gnu/libpango-1.0.so.0.5700.0
71e91fffb000-71e91ffff000 r--p 0006b000 08:05 936486                     /usr/lib/x86_64-linux-gnu/libpango-1.0.so.0.5700.0
71e91ffff000-71e920000000 rw-p 0006f000 08:05 936486                     /usr/lib/x86_64-linux-gnu/libpango-1.0.so.0.5700.0
71e920000000-71e920fcd000 rw-p 00000000 00:00 0 
71e920fcd000-71e924000000 ---p 00000000 00:00 0 
71e924000000-71e924021000 rw-p 00000000 00:00 0 
71e924021000-71e928000000 ---p 00000000 00:00 0 
71e928000000-71e928021000 rw-p 00000000 00:00 0 
71e928021000-71e92c000000 ---p 00000000 00:00 0 
71e92c000000-71e92d87b000 rw-p 00000000 00:00 0 
71e92d87b000-71e930000000 ---p 00000000 00:00 0 
71e930000000-71e930021000 rw-p 00000000 00:00 0 
71e930021000-71e934000000 ---p 00000000 00:00 0 
71e934000000-71e934021000 rw-p 00000000 00:00 0 
71e934021000-71e938000000 ---p 00000000 00:00 0 
71e938000000-71e938021000 rw-p 00000000 00:00 0 
71e938021000-71e93c000000 ---p 00000000 00:00 0 
71e93c000000-71e93c021000 rw-p 00000000 00:00 0 
71e93c021000-71e940000000 ---p 00000000 00:00 0 
71e940000000-71e940500000 rw-p 00000000 00:00 0 
71e940500000-71e940520000 rw-p 00000000 00:00 0 
71e940520000-71e940540000 rw-p 00000000 00:00 0 
71e940540000-71e940580000 rw-p 00000000 00:00 0 
71e940580000-71e940700000 rw-p 00000000 00:00 0 
71e940700000-71e940720000 rw-p 00000000 00:00 0 
71e940720000-71e940740000 rw-p 00000000 00:00 0 
71e940740000-71e940780000 rw-p 00000000 00:00 0 
71e940780000-71e940900000 rw-p 00000000 00:00 0 
71e940900000-71e940920000 rw-p 00000000 00:00 0 
71e940920000-71e940940000 rw-p 00000000 00:00 0 
71e940940000-71e940980000 rw-p 00000000 00:00 0 
71e940980000-71e940b00000 rw-p 00000000 00:00 0 
71e940b00000-71e940b80000 rw-p 00000000 00:00 0 
71e940b80000-71e940c00000 rw-p 00000000 00:00 0 
71e940c00000-71e940d80000 rw-p 00000000 00:00 0 
71e940d80000-71e940e00000 rw-p 00000000 00:00 0 
71e940e00000-71e940f00000 rw-p 00000000 00:00 0 
71e940f00000-71e941000000 rw-p 00000000 00:00 0 
71e941000000-71e941100000 rw-p 00000000 00:00 0 
71e941100000-71e941200000 rw-p 00000000 00:00 0 
71e941200000-71e9413e0000 rw-p 00000000 00:00 0 
71e9413e0000-71e941500000 rw-p 00000000 00:00 0 
71e941500000-71e941600000 rw-p 00000000 00:00 0 
71e941600000-71e941900000 rw-p 00000000 00:00 0 
71e941900000-71e941b00000 rw-p 00000000 00:00 0 
71e941b00000-71e941c00000 rw-p 00000000 00:00 0 
71e941c00000-71e942300000 rw-p 00000000 00:00 0 
71e942300000-71e942400000 rw-p 00000000 00:00 0 
71e942400000-71e942be0000 rw-p 00000000 00:00 0 
71e942be0000-71e942c00000 rw-p 00000000 00:00 0 
71e942c00000-71e942f00000 rw-p 00000000 00:00 0 
71e942f00000-71e942f20000 rw-p 00000000 00:00 0 
71e942f20000-71e943000000 ---p 00000000 00:00 0 
71e943000000-71e9430d0000 rw-p 00000000 00:00 0 
71e9430d0000-71e944000000 ---p 00000000 00:00 0 
71e944000000-71e944021000 rw-p 00000000 00:00 0 
71e944021000-71e948000000 ---p 00000000 00:00 0 
71e948000000-71e94802a000 rw-p 00000000 00:00 0 
71e94802a000-71e94c000000 ---p 00000000 00:00 0 
71e94c000000-71e94c021000 rw-p 00000000 00:00 0 
71e94c021000-71e950000000 ---p 00000000 00:00 0 
71e950000000-71e950021000 rw-p 00000000 00:00 0 
71e950021000-71e954000000 ---p 00000000 00:00 0 
71e954000000-71e954021000 rw-p 00000000 00:00 0 
71e954021000-71e958000000 ---p 00000000 00:00 0 
71e958000000-71e958021000 rw-p 00000000 00:00 0 
71e958021000-71e95c000000 ---p 00000000 00:00 0 
71e95c000000-71e95c021000 rw-p 00000000 00:00 0 
71e95c021000-71e960000000 ---p 00000000 00:00 0 
71e960000000-71e960002000 r--p 00000000 08:05 1215036                    /usr/share/icons/Yaru-dark/icon-theme.cache
71e960002000-71e960003000 r--p 00000000 08:05 935893                     /usr/lib/x86_64-linux-gnu/libXinerama.so.1.0.0
71e960003000-71e960004000 r-xp 00001000 08:05 935893                     /usr/lib/x86_64-linux-gnu/libXinerama.so.1.0.0
71e960004000-71e960005000 r--p 00002000 08:05 935893                     /usr/lib/x86_64-linux-gnu/libXinerama.so.1.0.0
71e960005000-71e960006000 r--p 00002000 08:05 935893                     /usr/lib/x86_64-linux-gnu/libXinerama.so.1.0.0
71e960006000-71e960007000 rw-p 00003000 08:05 935893                     /usr/lib/x86_64-linux-gnu/libXinerama.so.1.0.0
71e960007000-71e96000a000 r--p 00000000 08:05 935892                     /usr/lib/x86_64-linux-gnu/libXi.so.6.1.0
71e96000a000-71e960017000 r-xp 00003000 08:05 935892                     /usr/lib/x86_64-linux-gnu/libXi.so.6.1.0
71e960017000-71e960019000 r--p 00010000 08:05 935892                     /usr/lib/x86_64-linux-gnu/libXi.so.6.1.0
71e960019000-71e96001a000 r--p 00012000 08:05 935892                     /usr/lib/x86_64-linux-gnu/libXi.so.6.1.0
71e96001a000-71e96001b000 rw-p 00013000 08:05 935892                     /usr/lib/x86_64-linux-gnu/libXi.so.6.1.0
71e96001b000-71e960021000 r--p 00000000 08:05 936704                     /usr/lib/x86_64-linux-gnu/libwayland-client.so.0.24.0
71e960021000-71e960028000 r-xp 00006000 08:05 936704                     /usr/lib/x86_64-linux-gnu/libwayland-client.so.0.24.0
71e960028000-71e96002b000 r--p 0000d000 08:05 936704                     /usr/lib/x86_64-linux-gnu/libwayland-client.so.0.24.0
71e96002b000-71e96002d000 r--p 0000f000 08:05 936704                     /usr/lib/x86_64-linux-gnu/libwayland-client.so.0.24.0
71e96002d000-71e96002e000 rw-p 00011000 08:05 936704                     /usr/lib/x86_64-linux-gnu/libwayland-client.so.0.24.0
71e96002e000-71e960033000 r--p 00000000 08:05 936487                     /usr/lib/x86_64-linux-gnu/libpangocairo-1.0.so.0.5700.0
71e960033000-71e96003b000 r-xp 00005000 08:05 936487                     /usr/lib/x86_64-linux-gnu/libpangocairo-1.0.so.0.5700.0
71e96003b000-71e96003d000 r--p 0000d000 08:05 936487                     /usr/lib/x86_64-linux-gnu/libpangocairo-1.0.so.0.5700.0
71e96003d000-71e96003e000 r--p 0000f000 08:05 936487                     /usr/lib/x86_64-linux-gnu/libpangocairo-1.0.so.0.5700.0
71e96003e000-71e96003f000 rw-p 00010000 08:05 936487                     /usr/lib/x86_64-linux-gnu/libpangocairo-1.0.so.0.5700.0
71e96003f000-71e960043000 r--p 00000000 08:05 936065                     /usr/lib/x86_64-linux-gnu/libcairo-gobject.so.2.11804.4
71e960043000-71e960045000 r-xp 00004000 08:05 936065                     /usr/lib/x86_64-linux-gnu/libcairo-gobject.so.2.11804.4
71e960045000-71e960048000 r--p 00006000 08:05 936065                     /usr/lib/x86_64-linux-gnu/libcairo-gobject.so.2.11804.4
71e960048000-71e96004a000 r--p 00008000 08:05 936065                     /usr/lib/x86_64-linux-gnu/libcairo-gobject.so.2.11804.4
71e96004a000-71e96004b000 rw-p 0000a000 08:05 936065                     /usr/lib/x86_64-linux-gnu/libcairo-gobject.so.2.11804.4
71e96004b000-71e96004d000 r--p 00000000 08:05 936186                     /usr/lib/x86_64-linux-gnu/libfribidi.so.0.4.0
71e96004d000-71e960051000 r-xp 00002000 08:05 936186                     /usr/lib/x86_64-linux-gnu/libfribidi.so.0.4.0
71e960051000-71e960068000 r--p 00006000 08:05 936186                     /usr/lib/x86_64-linux-gnu/libfribidi.so.0.4.0
71e960068000-71e960069000 r--p 0001c000 08:05 936186                     /usr/lib/x86_64-linux-gnu/libfribidi.so.0.4.0
71e960069000-71e96006a000 rw-p 0001d000 08:05 936186                     /usr/lib/x86_64-linux-gnu/libfribidi.so.0.4.0
71e96006a000-71e96007e000 r--p 00000000 08:05 936067                     /usr/lib/x86_64-linux-gnu/libcairo.so.2.11804.4
71e96007e000-71e960175000 r-xp 00014000 08:05 936067                     /usr/lib/x86_64-linux-gnu/libcairo.so.2.11804.4
71e960175000-71e9601b2000 r--p 0010b000 08:05 936067                     /usr/lib/x86_64-linux-gnu/libcairo.so.2.11804.4
71e9601b2000-71e9601b6000 r--p 00148000 08:05 936067                     /usr/lib/x86_64-linux-gnu/libcairo.so.2.11804.4
71e9601b6000-71e9601b8000 rw-p 0014c000 08:05 936067                     /usr/lib/x86_64-linux-gnu/libcairo.so.2.11804.4
71e9601b8000-71e9601b9000 rw-p 00000000 00:00 0 
71e9601b9000-71e9601d8000 r--p 00000000 08:05 936218                     /usr/lib/x86_64-linux-gnu/libglib-2.0.so.0.8800.0
71e9601d8000-71e96027e000 r-xp 0001f000 08:05 936218                     /usr/lib/x86_64-linux-gnu/libglib-2.0.so.0.8800.0
71e96027e000-71e96030e000 r--p 000c5000 08:05 936218                     /usr/lib/x86_64-linux-gnu/libglib-2.0.so.0.8800.0
71e96030e000-71e96030f000 r--p 00155000 08:05 936218                     /usr/lib/x86_64-linux-gnu/libglib-2.0.so.0.8800.0
71e96030f000-71e960310000 rw-p 00156000 08:05 936218                     /usr/lib/x86_64-linux-gnu/libglib-2.0.so.0.8800.0
71e960310000-71e960311000 rw-p 00000000 00:00 0 
71e960311000-71e960321000 r--p 00000000 08:05 936235                     /usr/lib/x86_64-linux-gnu/libgobject-2.0.so.0.8800.0
71e960321000-71e960358000 r-xp 00010000 08:05 936235                     /usr/lib/x86_64-linux-gnu/libgobject-2.0.so.0.8800.0
71e960358000-71e960371000 r--p 00047000 08:05 936235                     /usr/lib/x86_64-linux-gnu/libgobject-2.0.so.0.8800.0
71e960371000-71e960374000 r--p 0005f000 08:05 936235                     /usr/lib/x86_64-linux-gnu/libgobject-2.0.so.0.8800.0
71e960374000-71e960375000 rw-p 00062000 08:05 936235                     /usr/lib/x86_64-linux-gnu/libgobject-2.0.so.0.8800.0
71e960375000-71e96037e000 r--p 00000000 08:05 936207                     /usr/lib/x86_64-linux-gnu/libgdk_pixbuf-2.0.so.0.4400.5
71e96037e000-71e96039c000 r-xp 00009000 08:05 936207                     /usr/lib/x86_64-linux-gnu/libgdk_pixbuf-2.0.so.0.4400.5
71e96039c000-71e9603a8000 r--p 00027000 08:05 936207                     /usr/lib/x86_64-linux-gnu/libgdk_pixbuf-2.0.so.0.4400.5
71e9603a8000-71e9603aa000 r--p 00032000 08:05 936207                     /usr/lib/x86_64-linux-gnu/libgdk_pixbuf-2.0.so.0.4400.5
71e9603aa000-71e9603ab000 rw-p 00034000 08:05 936207                     /usr/lib/x86_64-linux-gnu/libgdk_pixbuf-2.0.so.0.4400.5
71e9603ab000-71e9603d9000 r--p 00000000 08:05 936206                     /usr/lib/x86_64-linux-gnu/libgdk-3.so.0.2420.32
71e9603d9000-71e960466000 r-xp 0002e000 08:05 936206                     /usr/lib/x86_64-linux-gnu/libgdk-3.so.0.2420.32
71e960466000-71e9604ab000 r--p 000bb000 08:05 936206                     /usr/lib/x86_64-linux-gnu/libgdk-3.so.0.2420.32
71e9604ab000-71e9604b5000 r--p 000ff000 08:05 936206                     /usr/lib/x86_64-linux-gnu/libgdk-3.so.0.2420.32
71e9604b5000-71e9604b7000 rw-p 00109000 08:05 936206                     /usr/lib/x86_64-linux-gnu/libgdk-3.so.0.2420.32
71e9604b7000-71e9604b8000 r--p 00000000 08:05 270311                     /var/lib/flatpak/exports/share/icons/hicolor/icon-theme.cache
71e9604b8000-71e9604bf000 r--p 00000000 08:05 5023584                    /home/gustaa/.config/dconf/user
71e9604bf000-71e9604c3000 r--p 00000000 08:05 1061787                    /usr/lib/x86_64-linux-gnu/gio/modules/libdconfsettings.so
71e9604c3000-71e9604ca000 r-xp 00004000 08:05 1061787                    /usr/lib/x86_64-linux-gnu/gio/modules/libdconfsettings.so
71e9604ca000-71e9604cc000 r--p 0000b000 08:05 1061787                    /usr/lib/x86_64-linux-gnu/gio/modules/libdconfsettings.so
71e9604cc000-71e9604cd000 r--p 0000d000 08:05 1061787                    /usr/lib/x86_64-linux-gnu/gio/modules/libdconfsettings.so
71e9604cd000-71e9604ce000 rw-p 0000e000 08:05 1061787                    /usr/lib/x86_64-linux-gnu/gio/modules/libdconfsettings.so
71e9604ce000-71e9604d2000 r--p 00000000 07:23 2154                       /snap/dbeaver-ce/543/usr/share/dbeaver-ce/plugins/org.eclipse.equinox.launcher.gtk.linux.x86_64_1.2.1500.v20250801-0854/eclipse_11916.so
71e9604d2000-71e9604dc000 r-xp 00004000 07:23 2154                       /snap/dbeaver-ce/543/usr/share/dbeaver-ce/plugins/org.eclipse.equinox.launcher.gtk.linux.x86_64_1.2.1500.v20250801-0854/eclipse_11916.so
71e9604dc000-71e9604df000 r--p 0000e000 07:23 2154                       /snap/dbeaver-ce/543/usr/share/dbeaver-ce/plugins/org.eclipse.equinox.launcher.gtk.linux.x86_64_1.2.1500.v20250801-0854/eclipse_11916.so
71e9604df000-71e9604e0000 r--p 00010000 07:23 2154                       /snap/dbeaver-ce/543/usr/share/dbeaver-ce/plugins/org.eclipse.equinox.launcher.gtk.linux.x86_64_1.2.1500.v20250801-0854/eclipse_11916.so
71e9604e0000-71e9604e1000 rw-p 00011000 07:23 2154                       /snap/dbeaver-ce/543/usr/share/dbeaver-ce/plugins/org.eclipse.equinox.launcher.gtk.linux.x86_64_1.2.1500.v20250801-0854/eclipse_11916.so
71e9604e1000-71e9604e2000 rw-p 00000000 00:00 0 
71e9604e2000-71e9604e4000 r--p 00000000 07:23 1856                       /snap/dbeaver-ce/543/usr/share/dbeaver-ce/jre/lib/libzip.so
71e9604e4000-71e9604f7000 r-xp 00002000 07:23 1856                       /snap/dbeaver-ce/543/usr/share/dbeaver-ce/jre/lib/libzip.so
71e9604f7000-71e9604fe000 r--p 00015000 07:23 1856                       /snap/dbeaver-ce/543/usr/share/dbeaver-ce/jre/lib/libzip.so
71e9604fe000-71e9604ff000 r--p 0001c000 07:23 1856                       /snap/dbeaver-ce/543/usr/share/dbeaver-ce/jre/lib/libzip.so
71e9604ff000-71e960500000 rw-p 0001d000 07:23 1856                       /snap/dbeaver-ce/543/usr/share/dbeaver-ce/jre/lib/libzip.so
71e960500000-71e960504000 ---p 00000000 00:00 0 
71e960504000-71e960600000 rw-p 00000000 00:00 0 
71e960600000-71e960604000 ---p 00000000 00:00 0 
71e960604000-71e960700000 rw-p 00000000 00:00 0 
71e960700000-71e960704000 ---p 00000000 00:00 0 
71e960704000-71e960800000 rw-p 00000000 00:00 0 
71e960800000-71e960804000 ---p 00000000 00:00 0 
71e960804000-71e960900000 rw-p 00000000 00:00 0 
71e960900000-71e960904000 ---p 00000000 00:00 0 
71e960904000-71e960a00000 rw-p 00000000 00:00 0 
71e960a00000-71e960a04000 ---p 00000000 00:00 0 
71e960a04000-71e960b00000 rw-p 00000000 00:00 0 
71e960b00000-71e960b04000 ---p 00000000 00:00 0 
71e960b04000-71e960c00000 rw-p 00000000 00:00 0 
71e960c00000-71e960c04000 ---p 00000000 00:00 0 
71e960c04000-71e960d00000 rw-p 00000000 00:00 0 
71e960d00000-71e960d04000 ---p 00000000 00:00 0 
71e960d04000-71e960e00000 rw-p 00000000 00:00 0 
71e960e00000-71e9610ee000 r--p 00000000 08:05 917753                     /usr/lib/locale/locale-archive
71e9610ee000-71e9610ef000 r--p 00000000 08:05 935884                     /usr/lib/x86_64-linux-gnu/libXcomposite.so.1.0.0
71e9610ef000-71e9610f0000 r-xp 00001000 08:05 935884                     /usr/lib/x86_64-linux-gnu/libXcomposite.so.1.0.0
71e9610f0000-71e9610f1000 r--p 00002000 08:05 935884                     /usr/lib/x86_64-linux-gnu/libXcomposite.so.1.0.0
71e9610f1000-71e9610f2000 r--p 00002000 08:05 935884                     /usr/lib/x86_64-linux-gnu/libXcomposite.so.1.0.0
71e9610f2000-71e9610f3000 rw-p 00003000 08:05 935884                     /usr/lib/x86_64-linux-gnu/libXcomposite.so.1.0.0
71e9610f3000-71e9614f7000 rw-p 00000000 00:00 0 
71e9614f7000-71e96403c000 rw-p 00000000 00:00 0 
71e96403c000-71e964040000 ---p 00000000 00:00 0 
71e964040000-71e964044000 rw-p 00000000 00:00 0 
71e964044000-71e964e00000 ---p 00000000 00:00 0 
71e964e00000-71e964e01000 r--p 00000000 08:05 1333906                    /usr/share/locale-langpack/pt/LC_MESSAGES/at-spi2-core.mo
71e964e01000-71e964e02000 r--p 00000000 08:05 935886                     /usr/lib/x86_64-linux-gnu/libXdamage.so.1.1.0
71e964e02000-71e964e03000 r-xp 00001000 08:05 935886                     /usr/lib/x86_64-linux-gnu/libXdamage.so.1.1.0
71e964e03000-71e964e04000 r--p 00002000 08:05 935886                     /usr/lib/x86_64-linux-gnu/libXdamage.so.1.1.0
71e964e04000-71e964e05000 r--p 00002000 08:05 935886                     /usr/lib/x86_64-linux-gnu/libXdamage.so.1.1.0
71e964e05000-71e964e06000 rw-p 00003000 08:05 935886                     /usr/lib/x86_64-linux-gnu/libXdamage.so.1.1.0
71e964e06000-71e964e07000 r--p 00000000 08:05 936706                     /usr/lib/x86_64-linux-gnu/libwayland-egl.so.1.24.0
71e964e07000-71e964e08000 r-xp 00001000 08:05 936706                     /usr/lib/x86_64-linux-gnu/libwayland-egl.so.1.24.0
71e964e08000-71e964e09000 r--p 00002000 08:05 936706                     /usr/lib/x86_64-linux-gnu/libwayland-egl.so.1.24.0
71e964e09000-71e964e0a000 r--p 00002000 08:05 936706                     /usr/lib/x86_64-linux-gnu/libwayland-egl.so.1.24.0
71e964e0a000-71e964e0b000 rw-p 00003000 08:05 936706                     /usr/lib/x86_64-linux-gnu/libwayland-egl.so.1.24.0
71e964e0b000-71e964e30000 r--p 00000000 08:05 1334085                    /usr/share/locale-langpack/pt/LC_MESSAGES/libc.mo
71e964e30000-71e964e55000 r--p 00000000 08:05 1334595                    /usr/share/locale-langpack/pt_BR/LC_MESSAGES/libc.mo
71e964e55000-71e964e56000 r--p 00000000 07:23 1852                       /snap/dbeaver-ce/543/usr/share/dbeaver-ce/jre/lib/libsimdsort.so
71e964e56000-71e964e8f000 r-xp 00001000 07:23 1852                       /snap/dbeaver-ce/543/usr/share/dbeaver-ce/jre/lib/libsimdsort.so
71e964e8f000-71e964e95000 r--p 0003a000 07:23 1852                       /snap/dbeaver-ce/543/usr/share/dbeaver-ce/jre/lib/libsimdsort.so
71e964e95000-71e964e96000 r--p 0003f000 07:23 1852                       /snap/dbeaver-ce/543/usr/share/dbeaver-ce/jre/lib/libsimdsort.so
71e964e96000-71e964e97000 rw-p 00040000 07:23 1852                       /snap/dbeaver-ce/543/usr/share/dbeaver-ce/jre/lib/libsimdsort.so
71e964e97000-71e9657b7000 rwxp 00000000 00:00 0 
71e9657b7000-71e96c3cf000 ---p 00000000 00:00 0 
71e96c3cf000-71e96c63f000 rwxp 00000000 00:00 0 
71e96c63f000-71e96c961000 ---p 00000000 00:00 0 
71e96c961000-71e96cc31000 rwxp 00000000 00:00 0 
71e96cc31000-71e973e99000 ---p 00000000 00:00 0 
71e973e99000-71e978000000 r--s 00000000 07:23 1857                       /snap/dbeaver-ce/543/usr/share/dbeaver-ce/jre/lib/modules
71e978000000-71e979b27000 rw-p 00000000 00:00 0 
71e979b27000-71e97c000000 ---p 00000000 00:00 0 
71e97c000000-71e97c001000 r--p 00000000 08:05 1334425                    /usr/share/locale-langpack/pt_BR/LC_MESSAGES/at-spi2-core.mo
71e97c001000-71e97c003000 r--p 00000000 08:05 936705                     /usr/lib/x86_64-linux-gnu/libwayland-cursor.so.0.24.0
71e97c003000-71e97c005000 r-xp 00002000 08:05 936705                     /usr/lib/x86_64-linux-gnu/libwayland-cursor.so.0.24.0
71e97c005000-71e97c006000 r--p 00004000 08:05 936705                     /usr/lib/x86_64-linux-gnu/libwayland-cursor.so.0.24.0
71e97c006000-71e97c007000 r--p 00004000 08:05 936705                     /usr/lib/x86_64-linux-gnu/libwayland-cursor.so.0.24.0
71e97c007000-71e97c00b000 rw-p 00005000 08:05 936705                     /usr/lib/x86_64-linux-gnu/libwayland-cursor.so.0.24.0
71e97c00b000-71e97c012000 r--s 00000000 08:05 1061534                    /usr/lib/x86_64-linux-gnu/gconv/gconv-modules.cache
71e97c012000-71e97c015000 r--p 00000000 07:23 1848                       /snap/dbeaver-ce/543/usr/share/dbeaver-ce/jre/lib/libnet.so
71e97c015000-71e97c01d000 r-xp 00003000 07:23 1848                       /snap/dbeaver-ce/543/usr/share/dbeaver-ce/jre/lib/libnet.so
71e97c01d000-71e97c01f000 r--p 0000b000 07:23 1848                       /snap/dbeaver-ce/543/usr/share/dbeaver-ce/jre/lib/libnet.so
71e97c01f000-71e97c020000 r--p 0000c000 07:23 1848                       /snap/dbeaver-ce/543/usr/share/dbeaver-ce/jre/lib/libnet.so
71e97c020000-71e97c021000 rw-p 0000d000 07:23 1848                       /snap/dbeaver-ce/543/usr/share/dbeaver-ce/jre/lib/libnet.so
71e97c021000-71e97c1fe000 rw-p 00000000 00:00 0 
71e97c1fe000-71e97c400000 rw-p 00000000 00:00 0 
71e97c400000-71e97c449000 rw-p 00000000 00:00 0 
71e97c449000-71e97c600000 ---p 00000000 00:00 0 
71e97c600000-71e97c649000 rw-p 00000000 00:00 0 
71e97c649000-71e97c800000 ---p 00000000 00:00 0 
71e97c800000-71e97c801000 r--s 00000000 08:05 6037216                    /var/cache/fontconfig/da43223dd54fb3bb4243ae19d4b583b2-le64.cache-9
71e97c801000-71e97c803000 r--s 00000000 08:05 6037214                    /var/cache/fontconfig/4b14b093aebc79c320de5e86ae1d3314-le64.cache-9
71e97c803000-71e97c80b000 r--p 00000000 07:23 1849                       /snap/dbeaver-ce/543/usr/share/dbeaver-ce/jre/lib/libnio.so
71e97c80b000-71e97c814000 r-xp 00008000 07:23 1849                       /snap/dbeaver-ce/543/usr/share/dbeaver-ce/jre/lib/libnio.so
71e97c814000-71e97c818000 r--p 00011000 07:23 1849                       /snap/dbeaver-ce/543/usr/share/dbeaver-ce/jre/lib/libnio.so
71e97c818000-71e97c819000 r--p 00015000 07:23 1849                       /snap/dbeaver-ce/543/usr/share/dbeaver-ce/jre/lib/libnio.so
71e97c819000-71e97c81a000 rw-p 00016000 07:23 1849                       /snap/dbeaver-ce/543/usr/share/dbeaver-ce/jre/lib/libnio.so
71e97c81a000-71e97c85b000 rw-p 00000000 00:00 0 
71e97c85b000-71e97c95c000 rw-p 00000000 00:00 0 
71e97c95c000-71e97d3af000 rw-p 00000000 00:00 0 
71e97d3af000-71e97d494000 ---p 00000000 00:00 0 
71e97d494000-71e97d4a7000 rw-p 00000000 00:00 0 
71e97d4a7000-71e97d57f000 ---p 00000000 00:00 0 
71e97d57f000-71e97d58d000 r--p 00000000 07:23 1837                       /snap/dbeaver-ce/543/usr/share/dbeaver-ce/jre/lib/libjava.so
71e97d58d000-71e97d59b000 r-xp 0000e000 07:23 1837                       /snap/dbeaver-ce/543/usr/share/dbeaver-ce/jre/lib/libjava.so
71e97d59b000-71e97d5a0000 r--p 0001c000 07:23 1837                       /snap/dbeaver-ce/543/usr/share/dbeaver-ce/jre/lib/libjava.so
71e97d5a0000-71e97d5a1000 r--p 00021000 07:23 1837                       /snap/dbeaver-ce/543/usr/share/dbeaver-ce/jre/lib/libjava.so
71e97d5a1000-71e97d5a2000 rw-p 00022000 07:23 1837                       /snap/dbeaver-ce/543/usr/share/dbeaver-ce/jre/lib/libjava.so
71e97d5a2000-71e97d5a3000 rw-p 00000000 00:00 0 
71e97d5a3000-71e97d5a7000 r--p 00000000 07:23 1840                       /snap/dbeaver-ce/543/usr/share/dbeaver-ce/jre/lib/libjimage.so
71e97d5a7000-71e97d5bf000 r-xp 00004000 07:23 1840                       /snap/dbeaver-ce/543/usr/share/dbeaver-ce/jre/lib/libjimage.so
71e97d5bf000-71e97d5c5000 r--p 0001c000 07:23 1840                       /snap/dbeaver-ce/543/usr/share/dbeaver-ce/jre/lib/libjimage.so
71e97d5c5000-71e97d5c7000 r--p 00021000 07:23 1840                       /snap/dbeaver-ce/543/usr/share/dbeaver-ce/jre/lib/libjimage.so
71e97d5c7000-71e97d5c8000 rw-p 00023000 07:23 1840                       /snap/dbeaver-ce/543/usr/share/dbeaver-ce/jre/lib/libjimage.so
71e97d5c8000-71e97d5cc000 ---p 00000000 00:00 0 
71e97d5cc000-71e97d6c8000 rw-p 00000000 00:00 0 
71e97d6c8000-71e97d6da000 r--p 00000000 08:05 919039                     /usr/lib/x86_64-linux-gnu/libm.so.6
71e97d6da000-71e97d77a000 r-xp 00012000 08:05 919039                     /usr/lib/x86_64-linux-gnu/libm.so.6
71e97d77a000-71e97d7ec000 r--p 000b2000 08:05 919039                     /usr/lib/x86_64-linux-gnu/libm.so.6
71e97d7ec000-71e97d7ed000 r--p 00123000 08:05 919039                     /usr/lib/x86_64-linux-gnu/libm.so.6
71e97d7ed000-71e97d7ee000 rw-p 00124000 08:05 919039                     /usr/lib/x86_64-linux-gnu/libm.so.6
71e97d7ee000-71e97dad1000 r--p 00000000 07:23 1866                       /snap/dbeaver-ce/543/usr/share/dbeaver-ce/jre/lib/server/libjvm.so
71e97dad1000-71e97eb5d000 r-xp 002e3000 07:23 1866                       /snap/dbeaver-ce/543/usr/share/dbeaver-ce/jre/lib/server/libjvm.so
71e97eb5d000-71e97ee6e000 r--p 0136f000 07:23 1866                       /snap/dbeaver-ce/543/usr/share/dbeaver-ce/jre/lib/server/libjvm.so
71e97ee6e000-71e97ef59000 r--p 01680000 07:23 1866                       /snap/dbeaver-ce/543/usr/share/dbeaver-ce/jre/lib/server/libjvm.so
71e97ef59000-71e97ef84000 rw-p 0176b000 07:23 1866                       /snap/dbeaver-ce/543/usr/share/dbeaver-ce/jre/lib/server/libjvm.so
71e97ef84000-71e97f000000 rw-p 00000000 00:00 0 
71e97f000000-71e97f028000 r--p 00000000 08:05 919036                     /usr/lib/x86_64-linux-gnu/libc.so.6
71e97f028000-71e97f1c0000 r-xp 00028000 08:05 919036                     /usr/lib/x86_64-linux-gnu/libc.so.6
71e97f1c0000-71e97f20e000 r--p 001c0000 08:05 919036                     /usr/lib/x86_64-linux-gnu/libc.so.6
71e97f20e000-71e97f212000 r--p 0020d000 08:05 919036                     /usr/lib/x86_64-linux-gnu/libc.so.6
71e97f212000-71e97f214000 rw-p 00211000 08:05 919036                     /usr/lib/x86_64-linux-gnu/libc.so.6
71e97f214000-71e97f221000 rw-p 00000000 00:00 0 
71e97f221000-71e97f222000 r--s 00000000 08:05 6029771                    /var/cache/fontconfig/3f7329c5293ffd510edef78f73874cfd-le64.cache-9
71e97f222000-71e97f223000 r--s 00000000 00:63 926                        /run/user/1000/dconf/user
71e97f223000-71e97f224000 rw-p 00000000 00:00 0 
71e97f224000-71e97f225000 rw-p 00000000 00:00 0 
71e97f225000-71e97f226000 r--p 00000000 08:05 919052                     /usr/lib/x86_64-linux-gnu/librt.so.1
71e97f226000-71e97f227000 r-xp 00001000 08:05 919052                     /usr/lib/x86_64-linux-gnu/librt.so.1
71e97f227000-71e97f228000 r--p 00002000 08:05 919052                     /usr/lib/x86_64-linux-gnu/librt.so.1
71e97f228000-71e97f229000 r--p 00002000 08:05 919052                     /usr/lib/x86_64-linux-gnu/librt.so.1
71e97f229000-71e97f22a000 rw-p 00003000 08:05 919052                     /usr/lib/x86_64-linux-gnu/librt.so.1
71e97f22a000-71e97f22c000 rw-p 00000000 00:00 0 
71e97f22c000-71e97f22d000 r--p 00000000 08:05 919050                     /usr/lib/x86_64-linux-gnu/libpthread.so.0
71e97f22d000-71e97f22e000 r-xp 00001000 08:05 919050                     /usr/lib/x86_64-linux-gnu/libpthread.so.0
71e97f22e000-71e97f22f000 r--p 00002000 08:05 919050                     /usr/lib/x86_64-linux-gnu/libpthread.so.0
71e97f22f000-71e97f230000 r--p 00002000 08:05 919050                     /usr/lib/x86_64-linux-gnu/libpthread.so.0
71e97f230000-71e97f231000 rw-p 00003000 08:05 919050                     /usr/lib/x86_64-linux-gnu/libpthread.so.0
71e97f231000-71e97f232000 r--p 00000000 08:05 919038                     /usr/lib/x86_64-linux-gnu/libdl.so.2
71e97f232000-71e97f233000 r-xp 00001000 08:05 919038                     /usr/lib/x86_64-linux-gnu/libdl.so.2
71e97f233000-71e97f234000 r--p 00002000 08:05 919038                     /usr/lib/x86_64-linux-gnu/libdl.so.2
71e97f234000-71e97f235000 r--p 00002000 08:05 919038                     /usr/lib/x86_64-linux-gnu/libdl.so.2
71e97f235000-71e97f236000 rw-p 00003000 08:05 919038                     /usr/lib/x86_64-linux-gnu/libdl.so.2
71e97f236000-71e97f23b000 rw-p 00000000 00:00 0 
71e97f23b000-71e97f242000 ---p 00000000 00:00 0 
71e97f242000-71e97f24a000 rw-s 00000000 00:2f 7101                       /tmp/hsperfdata_gustaa/96714
71e97f24a000-71e97f24b000 ---p 00000000 00:00 0 
71e97f24b000-71e97f24c000 r--p 00000000 00:00 0 
71e97f24c000-71e97f24d000 ---p 00000000 00:00 0 
71e97f24d000-71e97f250000 r--p 00000000 07:23 1841                       /snap/dbeaver-ce/543/usr/share/dbeaver-ce/jre/lib/libjli.so
71e97f250000-71e97f261000 r-xp 00003000 07:23 1841                       /snap/dbeaver-ce/543/usr/share/dbeaver-ce/jre/lib/libjli.so
71e97f261000-71e97f268000 r--p 00014000 07:23 1841                       /snap/dbeaver-ce/543/usr/share/dbeaver-ce/jre/lib/libjli.so
71e97f268000-71e97f269000 r--p 0001a000 07:23 1841                       /snap/dbeaver-ce/543/usr/share/dbeaver-ce/jre/lib/libjli.so
71e97f269000-71e97f26a000 rw-p 0001b000 07:23 1841                       /snap/dbeaver-ce/543/usr/share/dbeaver-ce/jre/lib/libjli.so
71e97f26a000-71e97f26c000 rw-p 00000000 00:00 0 
71e97f26c000-71e97f270000 r--p 00000000 00:00 0                          [vvar]
71e97f270000-71e97f272000 r--p 00000000 00:00 0                          [vvar_vclock]
71e97f272000-71e97f274000 r-xp 00000000 00:00 0                          [vdso]
71e97f274000-71e97f275000 r--p 00000000 08:05 919033                     /usr/lib/x86_64-linux-gnu/ld-linux-x86-64.so.2
71e97f275000-71e97f2a4000 r-xp 00001000 08:05 919033                     /usr/lib/x86_64-linux-gnu/ld-linux-x86-64.so.2
71e97f2a4000-71e97f2af000 r--p 00030000 08:05 919033                     /usr/lib/x86_64-linux-gnu/ld-linux-x86-64.so.2
71e97f2af000-71e97f2b1000 r--p 0003b000 08:05 919033                     /usr/lib/x86_64-linux-gnu/ld-linux-x86-64.so.2
71e97f2b1000-71e97f2b2000 rw-p 0003d000 08:05 919033                     /usr/lib/x86_64-linux-gnu/ld-linux-x86-64.so.2
71e97f2b2000-71e97f2b3000 rw-p 00000000 00:00 0 
7ffc038eb000-7ffc0390d000 rw-p 00000000 00:00 0                          [stack]
ffffffffff600000-ffffffffff601000 --xp 00000000 00:00 0                  [vsyscall]
Total number of mappings: 957

JVMTI agents: none


VM Arguments:
jvm_args: -XX:+IgnoreUnrecognizedVMOptions -Dosgi.requiredJavaVersion=21 -Dfile.encoding=UTF-8 --enable-native-access=ALL-UNNAMED --add-modules=ALL-DEFAULT --add-opens=java.base/java.io=ALL-UNNAMED --add-opens=java.base/java.lang=ALL-UNNAMED --add-opens=java.base/java.lang.reflect=ALL-UNNAMED --add-opens=java.base/java.net=ALL-UNNAMED --add-opens=java.base/java.nio=ALL-UNNAMED --add-opens=java.base/java.nio.charset=ALL-UNNAMED --add-opens=java.base/java.text=ALL-UNNAMED --add-opens=java.base/java.time=ALL-UNNAMED --add-opens=java.base/java.util=ALL-UNNAMED --add-opens=java.base/java.util.concurrent=ALL-UNNAMED --add-opens=java.base/java.util.concurrent.atomic=ALL-UNNAMED --add-opens=java.base/jdk.internal.vm=ALL-UNNAMED --add-opens=java.base/jdk.internal.misc=ALL-UNNAMED --add-opens=java.base/sun.nio.ch=ALL-UNNAMED --add-opens=java.base/sun.nio.fs=ALL-UNNAMED --add-opens=java.base/sun.security.ssl=ALL-UNNAMED --add-opens=java.base/sun.security.util=ALL-UNNAMED --add-opens=java.security.jgss/sun.security.jgss=ALL-UNNAMED --add-opens=java.security.jgss/sun.security.krb5=ALL-UNNAMED --add-opens=java.desktop/java.awt=ALL-UNNAMED --add-opens=java.desktop/java.awt.peer=ALL-UNNAMED --add-opens=java.sql/java.sql=ALL-UNNAMED -Xms64m -Xmx1024m -Ddbeaver.distribution.type=deb -Duser.home=/home/gustaa/snap/dbeaver-ce/543 
java_command: /snap/dbeaver-ce/543/usr/share/dbeaver-ce//plugins/org.jkiss.dbeaver.launcher_1.0.59.202608181400.jar -os linux -ws gtk -arch x86_64 -showsplash -launcher /snap/dbeaver-ce/543/usr/share/dbeaver-ce/dbeaver -name Dbeaver --launcher.library /snap/dbeaver-ce/543/usr/share/dbeaver-ce//plugins/org.eclipse.equinox.launcher.gtk.linux.x86_64_1.2.1500.v20250801-0854/eclipse_11916.so -startup /snap/dbeaver-ce/543/usr/share/dbeaver-ce//plugins/org.jkiss.dbeaver.launcher_1.0.59.202608181400.jar --launcher.overrideVmargs -exitdata 20005 -vm /snap/dbeaver-ce/543/usr/share/dbeaver-ce/jre/bin/java -vmargs -XX:+IgnoreUnrecognizedVMOptions -Dosgi.requiredJavaVersion=21 -Dfile.encoding=UTF-8 --enable-native-access=ALL-UNNAMED --add-modules=ALL-DEFAULT --add-opens=java.base/java.io=ALL-UNNAMED --add-opens=java.base/java.lang=ALL-UNNAMED --add-opens=java.base/java.lang.reflect=ALL-UNNAMED --add-opens=java.base/java.net=ALL-UNNAMED --add-opens=java.base/java.nio=ALL-UNNAMED --add-opens=java.base/java.nio.charset=ALL-UNNAMED --add-opens=java.base/java.text=ALL-UNNAMED --add-opens=java.base/java.time=ALL-UNNAMED --add-opens=java.base/java.util=ALL-UNNAMED --add-opens=java.base/java.util.concurrent=ALL-UNNAMED --add-opens=java.base/java.util.concurrent.atomic=ALL-UNNAMED --add-opens=java.base/jdk.internal.vm=ALL-UNNAMED --add-opens=java.base/jdk.internal.misc=ALL-UNNAMED --add-opens=java.base/sun.nio.ch=ALL-UNNAMED --add-opens=java.base/sun.nio.fs=ALL-UNNAMED --add-opens=java.base/sun.security.ssl=ALL-UNNAMED --add-opens=java.base/sun.security.util=ALL-UNNAMED --add-opens=java.security.jgss/sun.security.jgss=ALL-UNNAMED --add-opens=java.security.jgss/sun.security.krb5=ALL-UNNAMED --add-opens=java.desktop/java.awt=ALL-UNNAMED --add-opens=java.desktop/java.awt.peer=ALL-UNNAMED --add-opens=java.sql/java.sql=ALL-UNNAMED -Xms64m -Xmx1024m -Ddbeaver.distribution.type=deb -jar /snap/dbeaver-ce/543/usr/share/dbeaver-ce//plugins/org.jkiss.dbeaver.launcher_1.0.59.202608181400.jar
java_class_path (initial): /snap/dbeaver-ce/543/usr/share/dbeaver-ce//plugins/org.jkiss.dbeaver.launcher_1.0.59.202608181400.jar
Launcher Type: SUN_STANDARD

[Global flags]
     intx CICompilerCount                          = 4                                         {product} {ergonomic}
     uint ConcGCThreads                            = 3                                         {product} {ergonomic}
     uint G1ConcRefinementThreads                  = 10                                        {product} {ergonomic}
   size_t G1HeapRegionSize                         = 1048576                                   {product} {ergonomic}
     bool IgnoreUnrecognizedVMOptions              = true                                      {product} {command line}
   size_t InitialHeapSize                          = 67108864                                  {product} {command line}
   size_t MarkStackSize                            = 4194304                                   {product} {ergonomic}
   size_t MarkStackSizeMax                         = 536870912                                 {product} {ergonomic}
   size_t MaxHeapSize                              = 1073741824                                {product} {command line}
   size_t MaxNewSize                               = 643825664                                 {product} {ergonomic}
   size_t MinHeapDeltaBytes                        = 1048576                                   {product} {ergonomic}
   size_t MinHeapSize                              = 67108864                                  {product} {command line}
    uintx NonNMethodCodeHeapSize                   = 5840896                                {pd product} {ergonomic}
    uintx NonProfiledCodeHeapSize                  = 122912768                              {pd product} {ergonomic}
    uintx ProfiledCodeHeapSize                     = 122912768                              {pd product} {ergonomic}
    uintx ReservedCodeCacheSize                    = 251666432                              {pd product} {ergonomic}
     bool SegmentedCodeCache                       = true                                      {product} {ergonomic}
   size_t SoftMaxHeapSize                          = 1073741824                             {manageable} {ergonomic}
     bool UseCompressedOops                        = true                           {product lp64_product} {ergonomic}
     bool UseG1GC                                  = true                                      {product} {ergonomic}

Logging:
Log output configuration:
 #0: stdout all=warning uptime,level,tags foldmultilines=false
 #1: stderr all=off uptime,level,tags foldmultilines=false

Release file:
JAVA_VERSION="25.0.3"
MODULES="java.base java.compiler java.datatransfer java.xml java.prefs java.desktop java.logging java.management java.security.sasl java.naming java.rmi java.management.rmi java.net.http java.scripting java.security.jgss java.transaction.xa java.sql java.sql.rowset jdk.accessibility jdk.internal.jvmstat jdk.attach jdk.charsets jdk.crypto.cryptoki jdk.crypto.ec jdk.dynalink jdk.httpserver jdk.jcmd jdk.localedata jdk.management jdk.naming.dns jdk.naming.rmi jdk.net jdk.security.auth jdk.security.jgss jdk.unsupported jdk.xml.dom"

Environment Variables:
_JAVA_OPTIONS=-Duser.home=/home/gustaa/snap/dbeaver-ce/543
PATH=/usr/local/sbin:/usr/local/bin:/usr/sbin:/usr/bin:/sbin:/bin:/usr/games:/usr/local/games:/snap/bin:/snap/bin
USERNAME=gustaa
SHELL=/bin/bash
DISPLAY=:0
WAYLAND_DISPLAY=wayland-0
LANG=pt_BR.UTF-8
TERM=xterm-256color

Active Locale:
LC_ALL=pt_BR.UTF-8
LC_COLLATE=pt_BR.UTF-8
LC_CTYPE=pt_BR.UTF-8
LC_MESSAGES=pt_BR.UTF-8
LC_MONETARY=pt_BR.UTF-8
LC_NUMERIC=pt_BR.UTF-8
LC_TIME=pt_BR.UTF-8

Signal Handlers:
   SIGSEGV: crash_handler in libjvm.so, mask=11100100010111111101111111111110, flags=SA_RESTART|SA_SIGINFO, unblocked
    SIGBUS: crash_handler in libjvm.so, mask=11100100010111111101111111111110, flags=SA_RESTART|SA_SIGINFO, unblocked
    SIGFPE: crash_handler in libjvm.so, mask=11100100010111111101111111111110, flags=SA_RESTART|SA_SIGINFO, unblocked
   SIGPIPE: SIG_IGN, mask=00000000000010000000000000000000, flags=SA_RESTART, blocked
  *** Handler was modified!
  *** Expected: javaSignalHandler in libjvm.so, mask=11100100110111111111111111111110, flags=SA_RESTART|SA_SIGINFO
   SIGXFSZ: javaSignalHandler in libjvm.so, mask=11100100010111111101111111111110, flags=SA_RESTART|SA_SIGINFO, blocked
    SIGILL: crash_handler in libjvm.so, mask=11100100010111111101111111111110, flags=SA_RESTART|SA_SIGINFO, unblocked
   SIGUSR2: SR_handler in libjvm.so, mask=00000000000000000000000000000000, flags=SA_RESTART|SA_SIGINFO, blocked
    SIGHUP: UserHandler in libjvm.so, mask=11100100010111111101111111111110, flags=SA_RESTART|SA_SIGINFO, blocked
    SIGINT: UserHandler in libjvm.so, mask=11100100010111111101111111111110, flags=SA_RESTART|SA_SIGINFO, blocked
   SIGTERM: UserHandler in libjvm.so, mask=11100100010111111101111111111110, flags=SA_RESTART|SA_SIGINFO, blocked
   SIGQUIT: UserHandler in libjvm.so, mask=11100100010111111101111111111110, flags=SA_RESTART|SA_SIGINFO, blocked
   SIGTRAP: crash_handler in libjvm.so, mask=11100100010111111101111111111110, flags=SA_RESTART|SA_SIGINFO, unblocked


Compilation memory statistics disabled.

Periodic native trim disabled

---------------  S Y S T E M  ---------------

OS:
DISTRIB_ID=Ubuntu
DISTRIB_RELEASE=26.04
DISTRIB_CODENAME=resolute
DISTRIB_DESCRIPTION="Ubuntu 26.04 LTS"
uname: Linux 7.0.0-30-generic #30-Ubuntu SMP PREEMPT_DYNAMIC Fri Jul 31 18:22:54 UTC 2026 x86_64
OS uptime: 0 days 6:43 hours
libc: glibc 2.43 NPTL 2.43 
rlimit (soft/hard): STACK 8192k/infinity , CORE 0k/infinity , NPROC 51002/51002 , NOFILE 524288/524288 , AS infinity/infinity , CPU infinity/infinity , DATA infinity/infinity , FSIZE infinity/infinity , MEMLOCK 8192k/8192k
load average: 1,05 1,11 0,90

/proc/meminfo:
MemTotal:       15785408 kB
MemFree:          986748 kB
MemAvailable:    4180528 kB
Buffers:          261136 kB
Cached:          2616820 kB
SwapCached:        91320 kB
Active:          7553636 kB
Inactive:        5481728 kB
Active(anon):    6526812 kB
Inactive(anon):  3636600 kB
Active(file):    1026824 kB
Inactive(file):  1845128 kB
Unevictable:          72 kB
Mlocked:              72 kB
SwapTotal:       4194300 kB
SwapFree:        2576192 kB
Zswap:                 0 kB
Zswapped:              0 kB
Dirty:              4048 kB
Writeback:             0 kB
AnonPages:      10131984 kB
Mapped:           943668 kB
Shmem:            272716 kB
KReclaimable:     659484 kB
Slab:            1035656 kB
SReclaimable:     659484 kB
SUnreclaim:       376172 kB
KernelStack:       29888 kB
PageTables:       106624 kB
SecPageTables:      2568 kB
NFS_Unstable:          0 kB
Bounce:                0 kB
WritebackTmp:          0 kB
CommitLimit:    12087004 kB
Committed_AS:   47608824 kB
VmallocTotal:   34359738367 kB
VmallocUsed:       94584 kB
VmallocChunk:          0 kB
Percpu:            12192 kB
HardwareCorrupted:     0 kB
AnonHugePages:    841728 kB
ShmemHugePages:        0 kB
ShmemPmdMapped:        0 kB
FileHugePages:     40960 kB
FilePmdMapped:      8192 kB
CmaTotal:              0 kB
CmaFree:           13944 kB
Unaccepted:            0 kB
Balloon:               0 kB
HugePages_Total:       0
HugePages_Free:        0
HugePages_Rsvd:        0
HugePages_Surp:        0
Hugepagesize:       2048 kB
Hugetlb:               0 kB
DirectMap4k:      977316 kB
DirectMap2M:    14694400 kB
DirectMap1G:     1048576 kB

/sys/kernel/mm/transparent_hugepage/enabled: always [madvise] never
/sys/kernel/mm/transparent_hugepage/hpage_pmd_size: 2097152
/sys/kernel/mm/transparent_hugepage/shmem_enabled: always within_size advise [never] deny force
/sys/kernel/mm/transparent_hugepage/defrag (defrag/compaction efforts parameter): always defer defer+madvise [madvise] never

Process Memory:
Virtual Size: 8515192K (peak: 8515284K)
Resident Set Size: 391856K (peak: 391856K) (anon: 331328K, file: 59540K, shmem: 988K)
Swapped out: 0K
C-Heap outstanding allocations: 95110K, retained: 82897K
glibc malloc tunables: (default)

/proc/sys/kernel/threads-max (system-wide limit on the number of threads): 102005
/proc/sys/vm/max_map_count (maximum number of memory map areas a process may have): 1048576
/proc/sys/vm/swappiness (control to define how aggressively the kernel swaps out anonymous memory): 60
/proc/sys/kernel/pid_max (system-wide limit on number of process identifiers): 4194304

container information not found.
Steal ticks since vm start: 0
Steal ticks percentage since vm start:  0,000

CPU: total 12 (initial active 12) (12 cores per cpu, 2 threads per core) family 23 model 8 stepping 2 microcode 0x800820e, cx8, cmov, fxsr, ht, mmx, 3dnowpref, sse, sse2, sse3, ssse3, sse4a, sse4.1, sse4.2, popcnt, lzcnt, tsc, tscinvbit, avx, avx2, aes, clmul, bmi1, bmi2, adx, sha, fma, vzeroupper, clflush, clflushopt, rdtscp, f16c
CPU Model and flags from /proc/cpuinfo:
model name	: AMD Ryzen 5 1600 Six-Core Processor
flags		: fpu vme de pse tsc msr pae mce cx8 apic sep mtrr pge mca cmov pat pse36 clflush mmx fxsr sse sse2 ht syscall nx mmxext fxsr_opt pdpe1gb rdtscp lm constant_tsc rep_good nopl nonstop_tsc cpuid extd_apicid aperfmperf rapl pni pclmulqdq monitor ssse3 fma cx16 sse4_1 sse4_2 movbe popcnt aes xsave avx f16c rdrand lahf_lm cmp_legacy svm extapic cr8_legacy abm sse4a misalignsse 3dnowprefetch osvw skinit wdt tce topoext perfctr_core perfctr_nb bpext perfctr_llc mwaitx cpb hw_pstate ssbd ibpb vmmcall fsgsbase bmi1 avx2 smep bmi2 rdseed adx smap clflushopt sha_ni xsaveopt xsavec xgetbv1 clzero xsaveerptr arat npt lbrv svm_lock nrip_save tsc_scale vmcb_clean flushbyasid decodeassists pausefilter pfthreshold avic v_vmsave_vmload vgif overflow_recov succor smca sev sev_es

Online cpus: 0-11
Offline cpus: 
BIOS frequency limitation: 3200000
Frequency switch latency (ns): 0
Available cpu frequencies: 3200000 2800000 1550000 
Current governor: schedutil
Core performance/turbo boost: 1

Memory: 4k page, physical 15785408k(4180528k free), swap 4194300k(2576192k free)
Page Sizes: 4k

vm_info: OpenJDK 64-Bit Server VM (25.0.3+9-LTS) for linux-amd64 JRE (25.0.3+9-LTS), built on 2026-04-21T00:00:00Z with gcc 14.2.0

END.
